"date","lai","streamflow_m3_day","DOC_mgL","NO3_mgL"
2021-01-01,0.001137,194294.93793008,3.31144419259928,0.252421834158383
2021-01-02,0.001137,196196.6186065,3.33728543310536,0.0901779613005718
2021-01-03,0.001137,166893.8044525,3.6194857358646,0.0953002162793093
2021-01-04,0.001137,144961.01703626,3.87021254865828,0.0705112253554572
2021-01-05,0.001137,136366.67077892,3.91480797038366,0.0655437068966097
2021-01-06,0.001137,128631.19536722,3.97313377630509,0.0602205926632789
2021-01-07,0.001137,121688.54144218,4.02579249314753,0.0553697133694505
2021-01-08,0.001137,116968.23531044,4.03934640020879,0.121086344360159
2021-01-09,0.001137,110617.36714098,4.11255599602377,0.0534528688651956
2021-01-10,0.001137,105440.71998356,4.15623008500253,0.0508606756558202
2021-01-11,0.001137,101590.56029934,4.16620984541169,0.0906874787662713
2021-01-12,0.001137,96983.78939466,4.22137750561582,0.0472612797314803
2021-01-13,0.001137,92992.91386584,4.25763051377445,0.0433747956948544
2021-01-14,0.001137,89258.0770041,4.28994348715816,0.0395410161014099
2021-01-15,0.001137,95971.82704382,3.97407798859405,0.213963098051933
2021-01-16,0.001137,86680.91443782,4.23241477664811,0.0909514419769459
2021-01-17,0.001136,83179.7942183,4.25186046447553,0.0754931160747988
2021-01-18,0.001136,80030.28026716,4.27256930325047,0.0687276563525546
2021-01-19,0.001136,77189.01193652,4.29326248757448,0.0617564728503106
2021-01-20,0.001136,74477.55053484,4.3154009100991,0.0560042046233625
2021-01-21,0.001136,71952.5490862,4.33624879760987,0.0598806209747801
2021-01-22,0.001136,69635.18372096,4.36997114331452,0.0467341393546213
2021-01-23,0.001136,67421.72806898,4.38766748632338,0.0435095629260453
2021-01-24,0.001136,65407.52055266,4.4050548109071,0.0427471115916852
2021-01-25,0.001136,114095.70697784,3.07203679212993,0.28723764958453
2021-01-26,0.001136,109391.2141902,3.28585974130454,0.126959385566855
2021-01-27,0.001136,86327.15388778,3.60040161388892,0.110438509908405
2021-01-28,0.001136,113822.57156482,3.04840111965317,0.133694738669069
2021-01-29,0.001136,88841.10891344,3.46240522368655,0.0990585312096285
2021-01-30,0.001136,83769.83821424,3.50293936117592,0.0919234321583184
2021-01-31,0.001136,144898.86371858,2.88112876475558,0.117990890344075
2021-02-01,0.001136,105766.79572248,3.41146063559256,0.0797394254254358
2021-02-02,0.001135,99968.89040294,3.44654778972986,0.0756525722103802
2021-02-03,0.001135,93777.39324054,3.50987295344983,0.0674505594730645
2021-02-04,0.001135,88378.58005746,3.57647224785119,0.0622355959602875
2021-02-05,0.001135,89215.58723604,3.45917475074727,0.26510235725317
2021-02-06,0.001135,81329.12876502,3.65653173906746,0.103135836659887
2021-02-07,0.001135,122026.58031968,2.88927886724643,0.134096796100751
2021-02-08,0.001135,91612.84436582,3.47272427990128,0.0925592842215439
2021-02-09,0.001135,87189.78326738,3.51326160314706,0.0862150086661855
2021-02-10,0.001135,82530.16370836,3.57721644686492,0.0821965586300277
2021-02-11,0.001135,112453.18180154,2.92370606747472,0.200538601031306
2021-02-12,0.001135,153663.48989862,2.99360562735814,0.0918723129958458
2021-02-13,0.001135,208591.25521942,3.11568921686748,0.0683390469317856
2021-02-14,0.001135,160364.68093462,3.27523616770787,0.0908914478864737
2021-02-15,0.001135,171885.36673028,3.13624492203521,0.0917326973199653
2021-02-16,0.001135,215457.77591388,3.07064177987451,0.0738196409599872
2021-02-17,0.001135,159511.17287524,3.53758471841561,0.0540220881376115
2021-02-18,0.001134,290358.75738436,2.94486201691555,0.0789295635731855
2021-02-19,0.001134,184158.21767574,3.59451966420287,0.0597344356327855
2021-02-20,0.001134,173171.15203084,3.62777052247201,0.0457904786507849
2021-02-21,0.001134,161531.20153562,3.66984295977815,0.0428474667073765
2021-02-22,0.001134,178791.48953866,3.35632324171808,0.153818663690105
2021-02-23,0.001134,148143.80776368,3.67072847747688,0.054454502025955
2021-02-24,0.001134,139391.32806534,3.70490575294556,0.0529413176732258
2021-02-25,0.001134,131107.42754594,3.74951099034986,0.0489446656082965
2021-02-26,0.001134,135298.55959758,3.56662401488442,0.211734423376022
2021-02-27,0.001134,150072.9899081,3.33827609956187,0.114228294715109
2021-02-28,0.001134,137972.25231654,3.42840855069012,0.109961553321553
2021-03-01,0.001135,166555.71973922,3.13808135894912,0.111455139031342
2021-03-02,0.001135,126751.19501474,3.53772945247462,0.0741321207970252
2021-03-03,0.001135,119103.49512174,3.56015413608632,0.0696560262276105
2021-03-04,0.001135,111796.85926772,3.6046466814865,0.0643686907408303
2021-03-05,0.001135,105485.95989842,3.65083868915685,0.059094746694279
2021-03-06,0.001135,100011.79269302,3.69530316564152,0.0540798429301376
2021-03-07,0.001135,95174.1011287,3.73913692590354,0.0496047273786791
2021-03-08,0.001135,90757.5945468,3.77867337353414,0.0454531680858156
2021-03-09,0.001135,86680.54775158,3.81733277422637,0.041245595842867
2021-03-10,0.001136,82929.0725017,3.85239309885506,0.0381370335467718
2021-03-11,0.001137,79586.4982452,3.88172823294977,0.0719905087713236
2021-03-12,0.001139,76559.0449762,3.99152243023667,0.0431062869322094
2021-03-13,0.00114,73875.72674344,4.0099320737485,0.0372266632252685
2021-03-14,0.001141,71303.0560836,4.02283333976164,0.034712847610599
2021-03-15,0.001141,68935.4088677,4.03466835996848,0.0378998181473638
2021-03-16,0.001142,78364.24133572,3.58138452125961,1.00603974792855
2021-03-17,0.001142,68672.0823116,3.91931759020704,0.318377808332555
2021-03-18,0.001143,132677.71553296,2.83144800444409,0.246663479157281
2021-03-19,0.001144,144733.21320966,2.90469453995333,0.184314459469345
2021-03-20,0.001144,103207.7382893,3.21181692821154,0.184306419414794
2021-03-21,0.001144,96978.4266084,3.24513890858218,0.170150015597085
2021-03-22,0.001144,90713.77554112,3.30351512603683,0.156636538554821
2021-03-23,0.001145,87797.38236706,3.29369655704558,0.359179462870084
2021-03-24,0.001146,94251.8852351,3.09148249643169,0.288869058184745
2021-03-25,0.001147,98092.60274864,3.01763291976779,0.235504334401202
2021-03-26,0.001148,107454.69832098,2.92150331372441,0.208160843495038
2021-03-27,0.00115,97122.21345026,3.14925030097923,0.217563972538802
2021-03-28,0.001151,114678.3714132,2.90614483161067,0.192650503209509
2021-03-29,0.001153,97039.70904626,3.2893789053699,0.147842561370014
2021-03-30,0.001154,91527.45230768,3.33574378923668,0.136714915847713
2021-03-31,0.001155,140960.19514318,2.73661599353045,0.225991933876386
2021-04-01,0.001188,122307.14112906,3.11013024021718,0.158523327101081
2021-04-02,0.001218,107471.97841004,3.30828696670559,0.124961722475795
2021-04-03,0.001247,100910.17398102,3.35398687929781,0.115827011676725
2021-04-04,0.001275,94956.19783058,3.40837617737651,0.106677685200426
2021-04-05,0.001304,89755.67023178,3.46287229962603,0.0980491788125938
2021-04-06,0.001332,85098.38829754,3.51396348041816,0.0899497089561363
2021-04-07,0.001359,80930.44915058,3.56297160100382,0.0821222193841287
2021-04-08,0.001385,77204.36692282,3.60728557697274,0.0748054612736283
2021-04-09,0.00141,80404.80442554,3.41923608177663,0.522747496997195
2021-04-10,0.001434,84497.5728933,3.30027095419816,0.247900037157883
2021-04-11,0.001457,131124.75347078,2.77829143466174,0.146115478068521
2021-04-12,0.001479,92177.1286534,3.32366996016966,0.142215680521922
2021-04-13,0.0015,87156.46065532,3.3363239642092,0.131475566054902
2021-04-14,0.00152,84229.4335803,3.31077716739178,0.251410100482414
2021-04-15,0.001539,91611.65263554,3.06150069070137,0.208136016887036
2021-04-16,0.001555,78365.24972288,3.352642809014,0.150319121060118
2021-04-17,0.001571,74412.60123458,3.39767940221539,0.138592796500809
2021-04-18,0.001585,70829.25162574,3.45050065263127,0.126190477731263
2021-04-19,0.001599,88805.40284082,2.92959526062094,0.283875509750092
2021-04-20,0.001612,72789.37292166,3.34750797677903,0.153647845435305
2021-04-21,0.001625,69450.6030349,3.39030032239862,0.143874921215281
2021-04-22,0.001635,66175.6365539,3.44102704406219,0.139912935366458
2021-04-23,0.001643,63248.60947888,3.51548232620429,0.119574228782459
2021-04-24,0.00165,88443.75853662,2.78350873428867,0.303174941269572
2021-04-25,0.001656,80536.53645726,3.04712341646619,0.194642549202734
2021-04-26,0.001663,72937.3308195,3.24519646195661,0.153964588144727
2021-04-27,0.001669,69129.84424646,3.30127097938148,0.141890337334331
2021-04-28,0.001674,65581.23815886,3.36038837367127,0.129299469452826
2021-04-29,0.001678,62658.1987967,3.40742420529402,0.141915048481546
2021-04-30,0.00168,59930.55736468,3.50744088363648,0.111662967512195
2021-05-01,0.001683,57352.84476904,3.56678185648478,0.0998986627964593
2021-05-02,0.001686,54993.44799354,3.60895587822233,0.090849004786659
2021-05-03,0.001688,59441.35208474,3.30189006603009,0.44801450919278
2021-05-04,0.001691,56793.60241726,3.39126132807992,0.350263545070606
2021-05-05,0.19812,53829.81504668,3.48516611802051,0.34400369207923
2021-05-06,0.387756,48898.5268196,3.52168125831912,0.272773288839729
2021-05-07,0.570597,48697.03273072,3.59931628050571,0.252253337650505
2021-05-08,0.746646,43464.32841436,3.5876160807878,0.230948830597451
2021-05-09,0.915903,39705.4736039,3.58554928975879,0.219334953333603
2021-05-10,1.078372,47587.21098958,3.34614062074087,0.469076131923087
2021-05-11,1.234052,39088.70734822,3.37711465421512,0.38578844487388
2021-05-12,1.382944,40538.35556228,3.49492213028563,0.327896285274291
2021-05-13,1.525048,34555.91539246,3.46594473854202,0.330279464177942
2021-05-14,1.660367,31771.34592168,3.48983490008021,0.31161816387653
2021-05-15,1.788902,28791.19517764,3.50241507439448,0.297705281323531
2021-05-16,1.910654,30134.68772522,3.52726979583207,0.406115151137198
2021-05-17,2.025624,32622.33301316,3.40301409820126,0.408867507257047
2021-05-18,2.133812,32472.08332632,3.35947513141476,0.523682888132301
2021-05-19,2.235222,27095.31715342,3.32409128817419,0.534561245324704
2021-05-20,2.329857,24574.12007452,3.32939153271384,0.507335852604013
2021-05-21,2.418041,22424.2386494,3.32972221654437,0.480346667211741
2021-05-22,2.502037,20493.68143158,3.32803263619101,0.45402595775993
2021-05-23,2.581287,20852.20890274,3.38071760017409,0.468200811987699
2021-05-24,2.652804,20555.46806302,3.63243908584731,0.352317603169966
2021-05-25,2.718552,20320.88054098,3.66083894789789,0.347362414033442
2021-05-26,2.77838,17865.82449262,3.6738767352782,0.315563434664259
2021-05-27,2.828762,16565.14256356,3.65797643621231,0.298836199024909
2021-05-28,2.873173,17562.11661434,3.58864474504963,0.475006068072023
2021-05-29,2.912758,19298.78848276,3.36783503783471,0.776644610276409
2021-05-30,2.945237,25015.51863592,2.57803739345212,0.980277189407876
2021-05-31,2.971083,24228.60996488,2.2304368553678,0.944010170338027
2021-06-01,2.990889,21527.64495682,2.25690858881468,0.909150912664025
2021-06-02,3.005048,20641.86850832,2.38040253672748,0.868225178974295
2021-06-03,3.012377,19549.6477067,2.56966343504918,0.764334196921562
2021-06-04,3.018411,18648.5162719,2.69383441275147,0.683290115643165
2021-06-05,3.02259,16711.77122378,2.7317533413238,0.650025644471628
2021-06-06,3.025066,16218.66990254,2.83459048221952,0.593483550614256
2021-06-07,3.029057,16488.91766142,2.87152630101268,0.756103730760357
2021-06-08,3.032818,16366.71947194,2.85655874289011,1.25184486085478
2021-06-09,3.03594,16557.0296305,2.8431033289501,1.12395321475535
2021-06-10,3.040276,21095.96358078,2.37044569159002,0.912545545800009
2021-06-11,3.044895,33511.13462314,1.52370427006496,0.600454375725777
2021-06-12,3.048726,46830.92061958,1.48672178336144,0.419883900633349
2021-06-13,3.05223,43570.89660286,1.30550912225814,0.39975299472852
2021-06-14,3.055307,52001.79246872,1.52046144462347,0.362266465936375
2021-06-15,3.057191,44865.25319428,1.20348253928686,0.378003853596043
2021-06-16,3.059672,39551.55705466,1.24116783347259,0.369684910250007
2021-06-17,3.061857,34589.32967608,1.25093422524237,0.363088959445349
2021-06-18,3.06399,30748.97884878,1.29835090057256,0.351791977652266
2021-06-19,3.065684,27673.71886124,1.37306669228399,0.337883721623564
2021-06-20,3.066288,25411.08141732,1.48630757187127,0.317463753215222
2021-06-21,3.068895,23369.09741832,1.72797953883933,0.396199621845113
2021-06-22,3.068787,23998.4685135,1.71131165544573,0.445017428257652
2021-06-23,3.073311,24520.85889816,1.39633476144546,0.871073626283245
2021-06-24,3.075829,21723.91376678,1.42630778287207,0.843969102291165
2021-06-25,3.07816,19315.83939292,1.4593724935574,0.813926447626325
2021-06-26,3.080287,17893.05094594,1.56260806971794,0.824852128605206
2021-06-27,3.082221,17011.53722498,1.72171762214361,0.722097531665863
2021-06-28,3.084239,16491.66780822,1.74819829960617,1.13952512374965
2021-06-29,3.085587,14931.05117078,1.81733901047119,1.06830063453374
2021-06-30,3.085538,13981.42548074,1.92110361829704,0.983500145885855
2021-07-01,3.085369,13882.92438952,1.96114684169517,1.01689095495305
2021-07-02,3.08576,38658.1260309,1.96465517752444,0.496795726845347
2021-07-03,3.091411,56782.78517318,0.5569766981937,0.333378806310142
2021-07-04,3.094765,50407.94489078,0.615593893526807,0.324618936468346
2021-07-05,3.096913,44380.2648061,0.653760153680112,0.317068510552598
2021-07-06,3.098709,39300.56032338,0.702105500098551,0.307900086421956
2021-07-07,3.099047,34838.53881194,0.749927967445232,0.299971186978093
2021-07-08,3.099122,32151.32453788,0.812607100190179,0.436241706417885
2021-07-09,3.103238,30588.46194722,0.915562921349998,0.756725491459491
2021-07-10,3.105718,27550.32894148,0.999890195086729,0.697094828188585
2021-07-11,3.107344,24960.83655038,1.08525793698159,0.70330590501514
2021-07-12,3.10872,23216.41843514,1.14903270004916,0.689024763431541
2021-07-13,3.109093,21567.38457808,1.21776017137902,0.952105683730894
2021-07-14,3.109248,20338.20646582,1.28459678309921,0.937530283805742
2021-07-15,3.11022,19198.95815392,1.33456205355438,1.03613583406547
2021-07-16,3.11136,17267.11753426,1.39361908275974,0.971551589123931
2021-07-17,3.111193,18898.82546648,1.46004520804432,0.87069141144171
2021-07-18,3.111449,21357.59421302,1.1352930193429,0.961457982354671
2021-07-19,3.111485,19485.34010736,1.23261634581005,0.924462259357534
2021-07-20,3.114731,17275.45964622,1.26824427764467,0.864953210276493
2021-07-21,3.117154,15616.20441022,1.32668425795203,0.827710090138216
2021-07-22,3.117047,14072.08865358,1.36802915856435,0.794759796880242
2021-07-23,3.117772,12710.21595822,1.41363654394715,0.760911507073592
2021-07-24,3.118916,11789.23763068,1.5124063979845,0.793138573750224
2021-07-25,3.119586,10990.18247794,1.74748616399678,0.867487164943509
2021-07-26,3.119416,11445.83596692,1.66590579623089,0.76487501701947
2021-07-27,3.119285,13640.91147112,1.32726710662491,2.05978414268625
2021-07-28,3.119116,12384.18605508,1.39903621949324,1.9468070144271
2021-07-29,3.118945,11289.76513602,1.46969863058191,1.83509331774316
2021-07-30,3.118774,10313.46302202,1.53771626912701,1.72881973609945
2021-07-31,3.118603,9321.11838502,1.57848927266558,1.65225045363126
2021-08-01,3.118432,9770.62987948,1.54808928253099,1.69820703114005
2021-08-02,3.118276,11627.94152086,1.28504811046684,2.25868885674079
2021-08-03,3.118271,10404.17203064,1.32165577034909,2.16310994413802
2021-08-04,3.119191,9333.72322452,1.36028364614946,2.07234548258149
2021-08-05,3.120987,8418.24519058,1.41020684848716,1.97102269942993
2021-08-06,3.122509,7617.49411398,1.4561558688497,1.87134080666221
2021-08-07,3.123596,6900.8058579,1.49447045930059,1.78008036930026
2021-08-08,3.126,6281.74781322,1.5468919875373,1.68552853359018
2021-08-09,3.126756,5750.37361568,1.59418441525316,1.59418441525316
2021-08-10,3.126911,5388.63763992,1.69269504270015,1.48004491170767
2021-08-11,3.12674,5065.67873404,2.13539875857326,2.04491576032863
2021-08-12,3.126569,4829.12027346,2.20203688411781,1.50915458868419
2021-08-13,3.126397,4648.34395714,2.24823247512646,1.35091161882599
2021-08-14,3.126226,5073.05829462,2.14132762312634,1.12035706863994
2021-08-15,3.126055,9048.94552338,1.23087209567371,3.61157121076279
2021-08-16,3.125883,23382.29812296,0.639050285024268,1.37023358660111
2021-08-17,3.125713,40148.43058182,0.364188926144997,0.74321940727396
2021-08-18,3.125555,47564.0180849,0.644691892204432,0.586871991558294
2021-08-19,3.125516,50556.08613174,0.316414668222448,0.520406932835773
2021-08-20,3.127727,45264.62034542,0.371630892552092,0.508334354390054
2021-08-21,3.130154,40107.82008074,0.38169989017557,0.573692649305798
2021-08-22,3.132506,35224.24690064,0.411197051873289,0.560841548599328
2021-08-23,3.133319,31430.64856894,0.465202421385895,0.586242549834263
2021-08-24,3.133883,27754.61901294,0.516908523705953,0.536726102889568
2021-08-25,3.133711,24574.67010388,0.555818750862638,0.524110969773159
2021-08-26,3.13354,22436.43096688,0.600617778286237,0.578145684540834
2021-08-27,3.133368,20934.43829206,0.663416001243631,1.04657705806751
2021-08-28,3.133196,18810.0873964,0.726156245431064,0.996637263024514
2021-08-29,3.133025,16725.56779356,0.767329310335378,0.953680714273969
2021-08-30,3.132853,15221.28332974,0.837140112562221,0.951569336581517
2021-08-31,3.132681,13799.27409102,0.930050255929901,0.873582918962728
2021-09-01,3.132512,18044.90488508,1.00079758995748,0.652804519337746
2021-09-02,3.132378,31238.55081496,0.434315630080466,0.688155508472089
2021-09-03,3.133965,27514.21034684,0.458121070570636,0.669689710434166
2021-09-04,3.13736,24208.44222168,0.477131756526481,0.653216095244587
2021-09-05,3.141288,21374.1409296,0.50394578829988,0.636901698404529
2021-09-06,3.144226,18922.06420694,0.530493698267781,0.620120487472839
2021-09-07,3.145821,16753.75679826,0.552641874386144,0.604623040788801
2021-09-08,3.147668,15056.96205844,0.611875871390389,0.608831712826258
2021-09-09,3.14919,13988.43835508,0.760192145118059,0.579974179680588
2021-09-10,3.151945,13947.00280996,0.696722119612728,1.24555511006238
2021-09-11,3.154668,12397.75344596,0.713541011971222,1.20525580260424
2021-09-12,3.157643,11097.7590536,0.747563191805716,1.15645134643978
2021-09-13,3.157732,9969.7405078,0.781573260999494,1.11259252448163
2021-09-14,3.15756,8961.44501936,0.813249314620075,1.06898809280249
2021-09-15,3.157418,8149.96837024,0.86610276253037,1.05732025555656
2021-09-16,3.158329,7525.63921086,1.09631091377515,0.986679822397632
2021-09-17,3.160486,7665.1174894,1.08234168510435,0.87304909406207
2021-09-18,3.162654,10196.30676834,0.773197034879278,1.74418866007651
2021-09-19,3.163791,9092.2144997,0.806593905174804,1.65855871751569
2021-09-20,3.164971,8389.18530606,0.923361034164358,1.55714730613516
2021-09-21,3.167526,14488.50671488,0.594756023486536,0.806716946750354
2021-09-22,3.168025,59165.55819648,0.742166195646785,0.275794536169369
2021-09-23,3.1698,82827.36290588,0.435517413502479,0.188705766206284
2021-09-24,3.172646,76311.66927154,0.279297228110155,0.194006461676516
2021-09-25,3.175203,66863.1732539,0.300941556327142,0.19125898454504
2021-09-26,3.178789,58499.61014886,0.318110268301722,0.188829001627377
2021-09-27,3.181403,51226.34274268,0.332854333280244,0.186112100328738
2021-09-28,3.183633,45543.1185447,0.389486873688501,0.181156685436512
2021-09-29,3.18578,40330.2152853,0.453468350977685,0.211391261358018
2021-09-30,3.187966,35271.13690358,0.454834303863103,0.181933721545241
2021-10-01,3.190105,31128.81995764,0.474130441824784,0.179639484169639
2021-10-02,3.192463,27539.78671208,0.495975607320467,0.176420853610636
2021-10-03,2.989138,24729.82421918,0.554185023659438,0.170518468818288
2021-10-04,2.793521,23333.75803194,0.640379670499123,0.27893838408244
2021-10-05,2.60605,24538.68901658,0.582784326837405,0.745291494897835
2021-10-06,2.426101,25427.26144766,0.54980017918078,0.697615309321186
2021-10-07,2.251974,27334.48825346,0.504731226429806,0.607018950058438
2021-10-08,2.084967,27404.2961464,0.493410048839232,0.551950224125243
2021-10-09,1.925866,24806.27830022,0.535847257663078,0.556172498470988
2021-10-10,1.774155,22433.95583476,0.580252614201478,0.539389754046445
2021-10-11,1.630067,19857.25162628,0.602456916251564,0.523975938655575
2021-10-12,1.493042,17748.48489582,0.640464440019731,0.506173509047852
2021-10-13,1.363215,15902.17384164,0.683119174031095,0.487118735912468
2021-10-14,1.240545,14291.55036822,0.721618735146681,0.468250379250735
2021-10-15,1.124995,12893.8340929,0.767849842697428,0.447912408240166
2021-10-16,1.016064,12287.51839506,0.824390007348635,0.552080185916733
2021-10-17,0.914811,12623.81551292,0.80969013920861,0.987604115985389
2021-10-18,0.820204,11385.42440888,0.853475901383275,0.942044155300407
2021-10-19,0.733061,10295.03703846,0.899348640069098,0.894896419078657
2021-10-20,0.653244,9338.90266766,0.947253211090225,0.849092256573103
2021-10-21,0.580627,8582.93314812,1.02000491311267,0.811731658602754
2021-10-22,0.515251,7998.98531092,1.17469085574796,0.893911090227718
2021-10-23,0.45709,7352.9758276,1.21555915721232,0.716868220920085
2021-10-24,0.406137,6761.64842982,1.26763332180939,0.677878781716253
2021-10-25,0.362438,7899.52166832,1.09084157266862,0.626653669405375
2021-10-26,0.326002,12888.97550022,0.661453276860871,0.686346679753484
2021-10-27,0.296644,11530.4488168,0.711559866433455,0.659882334234377
2021-10-28,0.274718,10515.82799072,0.762779831229514,0.706116186623893
2021-10-29,0.260031,16880.1718795,0.925938497047044,0.388296789084244
2021-10-30,0.252735,36850.54621082,0.332102357180439,0.277373878843587
2021-10-31,0.000993,35920.30905572,0.294765425419243,0.278176894984394
2021-11-01,0.000993,31628.7508101,0.331862414770051,0.26664927649646
2021-11-02,0.000994,28130.70158784,0.36661191928672,0.280254444965848
2021-11-03,0.000994,25671.29114038,0.403520267966026,0.330315263600508
2021-11-04,0.000994,22718.68770012,0.44587555028306,0.320788291832609
2021-11-05,0.000994,20172.00592754,0.490805352505039,0.311297839320325
2021-11-06,0.000994,17945.8537645,0.538918332162697,0.301385607560181
2021-11-07,0.000994,16012.59223566,0.586809103842311,0.291973310204467
2021-11-08,0.000994,14326.79808304,0.639860766297254,0.281538737170792
2021-11-09,0.000994,12857.94467716,0.695132645567906,0.270923492631594
2021-11-10,0.000995,11576.42210414,0.748328139909646,0.261320937746226
2021-11-11,0.000996,10712.83017316,0.791538665594167,0.487758961501271
2021-11-12,0.000998,12362.3682238,0.871306217789478,0.82310629935857
2021-11-13,0.000999,17919.68153412,0.588304506412519,0.726428173135458
2021-11-14,0.000999,15999.2081879,0.64746243428686,0.701895116815402
2021-11-15,0.000999,14292.46708382,0.711951484675405,0.663846654629769
2021-11-16,0.000999,12796.34138884,0.77011798923984,0.637586056207867
2021-11-17,0.000999,11495.24693776,0.833359915786787,0.610067306772146
2021-11-18,0.000999,10472.23816394,0.888507613591103,0.682794028178384
2021-11-19,0.001,9575.41529246,1.00044517416841,0.564844643788863
2021-11-20,0.001,8692.2973192,1.07044927230542,0.537861210715039
2021-11-21,0.001,7927.34398678,1.1506149140508,0.508814635359148
2021-11-22,0.001,7641.00786912,1.18173529129475,0.617861599001824
2021-11-23,0.001,8056.46337904,1.12079559419234,0.853397660552547
2021-11-24,0.001,7350.54653126,1.19725379909832,0.810640593139486
2021-11-25,0.001,6723.4213893,1.26802331526741,0.763540921021236
2021-11-26,0.001,6379.69887508,1.30041814550314,0.869340307214806
2021-11-27,0.001,6313.83285922,1.35754161554712,1.0598988014432
2021-11-28,0.001,5810.87684528,1.42771502492585,0.993878967627942
2021-11-29,0.001,5367.1406591,1.50305307656177,0.922328024253811
2021-11-30,0.001,4972.2654144,1.58554572271386,0.857300884955752
2021-12-01,0.001,4643.48536446,1.64845469710879,0.977227634812994
2021-12-02,0.001,4375.30021568,1.83330539725109,0.76475025142474
2021-12-03,0.001,4093.27266134,1.89243362485023,0.705463422281446
2021-12-04,0.001,3843.51349612,1.95578028478069,0.655901924774012
2021-12-05,0.001001,3621.62248514,2.01232708541632,0.607494969182287
2021-12-06,0.001001,3555.16060414,2.03705374985496,0.928277658161753
2021-12-07,0.001002,3532.51772882,2.12796325370772,1.0120800840805
2021-12-08,0.001002,3346.2411189,2.19163071022533,0.986233819601397
2021-12-09,0.001002,3191.82037608,2.29766212878396,0.861623298293986
2021-12-10,0.001002,3298.75525082,2.18149481026553,0.903166641192736
2021-12-11,0.001001,4625.19688824,1.54596265905577,1.17929202838229
2021-12-12,0.001002,8012.69020914,0.898102543861154,0.840898560175731
2021-12-13,0.001002,8212.3967026,0.853937601160909,0.798124686052353
2021-12-14,0.001002,7365.03063774,0.933515057597879,0.765482347230261
2021-12-15,0.001002,6629.2288614,1.00947244693355,0.732904653253129
2021-12-16,0.001002,5992.15735518,1.0861999066786,0.703735150805853
2021-12-17,0.001002,6185.63018256,1.05963601873259,0.800284545616219
2021-12-18,0.001003,8934.40190916,0.810580642513416,0.923446301597562
2021-12-19,0.001004,10907.58640238,0.651339869143719,0.773203457564157
2021-12-20,0.001004,9915.37927272,0.711895120282539,0.748876684972541
2021-12-21,0.001004,8845.57216752,0.77208473241305,0.720266965137006
2021-12-22,0.001004,7926.65645008,0.855807928944812,0.693898320766064
2021-12-23,0.001004,7122.69686888,0.926664779016191,0.662822723879636
2021-12-24,0.001004,6424.70961104,0.998801438274071,0.634952342902802
2021-12-25,0.001004,5818.66892788,1.07919902950861,0.606557118774912
2021-12-26,0.001004,5298.24948176,1.17655201051976,0.57097376981106
2021-12-27,0.001005,4839.1124735,1.2597679374852,0.539900544636514
2021-12-28,0.001005,4440.66203796,1.3521603600256,0.516091740467786
2021-12-29,0.001006,4266.8527602,1.38575572027071,1.06348694811473
2021-12-30,0.001007,4929.68397478,1.32030385584513,1.67362460600087
2021-12-31,0.001008,6773.33655372,0.947392640112604,1.80681310650047
2022-01-01,0.001009,6975.83902976,0.96588519764508,1.53096089150547
2022-01-02,0.00101,14222.10916152,0.770262082479277,0.779930644184038
2022-01-03,0.001011,39059.28077746,0.82379185995069,0.27459728665023
2022-01-04,0.001011,46658.532251,0.377228744044403,0.214155901566875
2022-01-05,0.00101,41233.6385091,0.436863255131476,0.210094542544145
2022-01-06,0.00101,36398.55958424,0.488598528159898,0.205261752809442
2022-01-07,0.00101,33027.10878634,0.544026601790569,0.231766434946492
2022-01-08,0.00101,31271.36923344,0.564310925059509,0.300477245810907
2022-01-09,0.00101,29366.93841022,0.650851647965737,0.296551110583909
2022-01-10,0.00101,30178.09420888,0.61816900467196,0.308325080954319
2022-01-11,0.00101,27310.14945428,0.671336933937089,0.313850016615589
2022-01-12,0.00101,24365.3839324,0.735543097934459,0.302870687384777
2022-01-13,0.00101,21795.78426982,0.803332779552447,0.2902092240268
2022-01-14,0.00101,19604.37562802,0.881440418602367,0.280564589475555
2022-01-15,0.00101,17658.83011014,0.955191648302588,0.267349836345561
2022-01-16,0.00101,25778.54686558,1.48290129460484,0.243594097554991
2022-01-17,0.00101,40125.28351292,0.93441503105959,0.250167349391259
2022-01-18,0.00101,38498.1591587,0.695308453831638,0.246453510176625
2022-01-19,0.00101,34438.66746722,0.769282983007896,0.247554731556174
2022-01-20,0.00101,31416.02695512,0.831626310905685,0.255323867383324
2022-01-21,0.00101,29304.73925676,0.87746464333643,0.292488214445477
2022-01-22,0.00101,26406.63455892,0.952936398004562,0.279458579378387
2022-01-23,0.001009,23812.19190358,1.02981457562977,0.267559300958016
2022-01-24,0.001009,21547.07932754,1.10829133809693,0.255268638333266
2022-01-25,0.001009,19562.0233673,1.19029487915461,0.243682416204881
2022-01-26,0.001009,17847.7651953,1.2763717143701,0.285064910050464
2022-01-27,0.001009,16337.10955806,1.40842304314769,0.22725551094614
2022-01-28,0.001009,15324.68884942,1.46258737389296,0.305079574922459
2022-01-29,0.001009,15585.21942294,1.44107898583331,0.626428212209174
2022-01-30,0.001009,15829.43245878,1.37830786648946,0.674675909437065
2022-01-31,0.001009,14533.1507646,1.46655312706973,0.630775538524616
2022-02-01,0.001009,13357.55467916,1.55444681595761,0.590209387074414
2022-02-02,0.001009,12318.87006858,1.64458384959127,0.550675135157259
2022-02-03,0.001009,17257.72119936,1.6041985381608,0.443544960054394
2022-02-04,0.001009,34589.0546614,1.32250241840372,0.303459973761976
2022-02-05,0.001009,36626.6842613,0.842213281440648,0.270309166108737
2022-02-06,0.001009,32926.45341346,0.929899757362982,0.258924183936399
2022-02-07,0.001009,30802.37753248,1.01336872931597,0.282731363538963
2022-02-08,0.001009,29565.31566606,1.03406524067985,0.303863249135307
2022-02-09,0.001009,26643.51386996,1.11993834317939,0.290736682023527
2022-02-10,0.001008,24077.16854776,1.20885145785582,0.276036947069439
2022-02-11,0.001008,21840.24497642,1.29908560323533,0.262335541848815
2022-02-12,0.001008,19898.32048516,1.39361746237233,0.248777993282994
2022-02-13,0.001008,19020.65696972,1.46515203362138,0.351829271231451
2022-02-14,0.001008,18493.22464926,1.50941712705128,0.510574594700434
2022-02-15,0.001008,16972.21012574,1.60417842569062,0.478012763210841
2022-02-16,0.001008,15616.57109646,1.70234248195664,0.449066206447182
2022-02-17,0.001008,14467.00973406,1.79642426028192,0.468907919791399
2022-02-18,0.001008,16621.38306562,1.82004197127091,0.397100066459108
2022-02-19,0.001008,19203.86258238,1.40105162409809,0.498841208580069
2022-02-20,0.001008,17516.92253526,1.49934452739248,0.468381623740407
2022-02-21,0.001008,16015.20487512,1.59986720243615,0.440750535197078
2022-02-22,0.001008,14959.74436906,1.67291200053925,0.505550329833291
2022-02-23,0.001008,17263.3590003,1.75235971165717,0.485881556414035
2022-02-24,0.001009,31262.01873432,1.9309604658937,0.312296567376885
2022-02-25,0.001009,35447.00879144,1.09265169108862,0.271546574116698
2022-02-26,0.001009,32427.25593348,1.21136563453226,0.264323656543212
2022-02-27,0.001009,29298.55142646,1.30943497176971,0.251874588357136
2022-02-28,0.001009,26569.71826416,1.41114285319974,0.239790778233208
2022-03-01,0.001009,24153.30177834,1.51057115150687,0.227724294197016
2022-03-02,0.00101,22040.77651392,1.61376189525521,0.214197777334132
2022-03-03,0.001011,20185.71082576,1.71892314120147,0.202092681065959
2022-03-04,0.001012,18567.93697066,1.824254437826,0.1900779319521
2022-03-05,0.001012,17154.45318702,1.92914532449453,0.1790204109988
2022-03-06,0.001013,16002.73754296,2.02502205469565,0.312202834458027
2022-03-07,0.001014,17299.1109087,2.03754487765457,0.365645244624617
2022-03-08,0.001016,18461.36878216,1.84471611730706,0.667871649469179
2022-03-09,0.001016,27191.25144096,1.93684764139494,0.421420287509777
2022-03-10,0.001016,31666.97785062,1.33597923804313,0.347383550520424
2022-03-11,0.001016,28952.94964526,1.4517142735017,0.327704312557091
2022-03-12,0.001017,34815.7125935,1.72464865220683,0.28963565151565
2022-03-13,0.001017,35503.4784724,1.40979627669188,0.284024890908621
2022-03-14,0.001017,32339.2054001,1.52364484193071,0.269295367411009
2022-03-15,0.001017,29380.5058011,1.62871785271336,0.254292155165017
2022-03-16,0.001018,31746.3195858,1.69503761135415,0.300313307633444
2022-03-17,0.001019,33989.20180854,1.67218893577311,0.307466997867959
2022-03-18,0.00102,31813.14815304,1.6813914486765,0.296800889826357
2022-03-19,0.001022,29134.32182672,1.79665966042818,0.28633280052358
2022-03-20,0.001024,26687.28703986,1.93048535218476,0.262779589754688
2022-03-21,0.001025,24554.04400288,2.03846957976166,0.24640841074042
2022-03-22,0.001026,22650.8965815,2.14498912328628,0.230687509485506
2022-03-23,0.001027,36487.25181854,2.19460506530426,0.246217855065618
2022-03-24,0.001028,38997.86083226,1.63607450250759,0.280906469898932
2022-03-25,0.00103,35937.81832368,1.76518003816054,0.262736335159733
2022-03-26,0.00103,32973.38925218,1.87105303031356,0.265506039219829
2022-03-27,0.00103,30215.31286224,2.00695379910438,0.233613669737018
2022-03-28,0.00103,27790.55426446,2.11444037426584,0.219360818859093
2022-03-29,0.00103,25665.69917522,2.22163089852826,0.205375846728899
2022-03-30,0.00103,23838.22662662,2.32849240211583,0.209583544038502
2022-03-31,0.001031,27870.17101432,2.12978008170461,0.304254297386373
2022-04-01,0.001053,27753.97731202,2.03795484460181,0.36828519477002
2022-04-02,0.001074,25713.50589376,2.15154583309566,0.342250869887628
2022-04-03,0.001094,23748.6635125,2.25814234016888,0.318455971049457
2022-04-04,0.001113,22079.3244049,2.36451770274338,0.33215349643454
2022-04-05,0.001131,23471.63205818,2.31213421314206,0.412044188321769
2022-04-06,0.00115,25979.07840308,2.1454305505076,0.421675905897464
2022-04-07,0.001169,42391.72532658,2.22736173327668,0.253010993003273
2022-04-08,0.001187,43219.74869228,1.81456445150521,0.242861051662591
2022-04-09,0.001202,41221.40035584,1.93033020210646,0.24796292342727
2022-04-10,0.001216,37813.46427706,2.04490549433499,0.233945916067963
2022-04-11,0.00123,34730.64138582,2.15911175514934,0.220398327084315
2022-04-12,0.001246,31999.74561342,2.27461866476447,0.206262649701564
2022-04-13,0.00126,29663.72508572,2.39811858943653,0.193147437937865
2022-04-14,0.001273,27560.09196262,2.50798714074498,0.179617116180675
2022-04-15,0.001286,25770.34226096,2.63770116250943,0.165412143029924
2022-04-16,0.001298,24230.07670984,2.72970784748443,0.253486383619483
2022-04-17,0.00131,22721.66702582,2.96538966632306,0.149278119257079
2022-04-18,0.00132,46151.26767374,2.4759579812153,0.112227537856931
2022-04-19,0.001329,45991.07162264,1.951388695101,0.233209884909925
2022-04-20,0.001336,42714.63839668,2.07102433078014,0.215686989889538
2022-04-21,0.001344,39146.78128148,2.18484285757775,0.201389588158292
2022-04-22,0.001352,36171.67247324,2.31132422151204,0.188808831691499
2022-04-23,0.001359,33446.09365132,2.42567432375763,0.197342995831129
2022-04-24,0.001366,31027.79789852,2.60291254391122,0.165451875662915
2022-04-25,0.001371,28873.42456696,2.70981629763213,0.153984874557889
2022-04-26,0.001375,32897.21018582,2.46196631272127,0.365045372910568
2022-04-27,0.001379,30886.2111741,2.47979876677871,0.369521180686953
2022-04-28,0.001383,28783.12808036,2.5861437475516,0.347154764141779
2022-04-29,0.001386,26782.94631272,2.69371102333637,0.321739309013493
2022-04-30,0.001388,27020.14647422,2.63952949877778,0.427481641190231
2022-05-01,0.00139,28699.8444681,2.60323088102596,0.400865614194795
2022-05-02,0.001393,27058.83187254,2.62898010139868,0.386216148916816
2022-05-03,0.001394,25386.65094658,2.75339841584802,0.371934474534224
2022-05-04,0.001396,24301.62636242,2.82352142349238,0.403629649049678
2022-05-05,0.185229,22459.5322,2.92857142857143,0.389795918367347
2022-05-06,0.362704,29065.65982828,2.64458483014417,0.328010521568269
2022-05-07,0.533821,67492.45267752,2.78237318707708,0.14533264877581
2022-05-08,0.698581,57118.21141122,1.98531636265005,0.154877145509887
2022-05-09,0.856985,51053.08349428,2.00929049959329,0.149035845814337
2022-05-10,1.009035,45525.4717694,2.06900717859912,0.14397470877843
2022-05-11,1.154732,40709.91888682,2.12684748060335,0.139613069134365
2022-05-12,1.294075,38878.45862536,2.33432207985739,0.146189867627433
2022-05-13,1.427068,39005.92792954,2.43010224525936,0.247945635275496
2022-05-14,1.55371,40341.07836516,2.32240530290119,0.278370498635416
2022-05-15,1.674003,38198.02647126,2.37590401347786,0.292788171357877
2022-05-16,1.787947,35323.29802122,2.52514439128579,0.268604773379321
2022-05-17,1.895544,30118.18684442,2.48063808707801,0.267848038850141
2022-05-18,1.996794,27148.02830042,2.53761255062984,0.256631475512799
2022-05-19,2.091698,26484.96790694,2.73786263267471,0.23017429212752
2022-05-20,2.180257,25579.25289414,2.89573041036585,0.349422914617167
2022-05-21,2.262472,23993.38074192,3.04509956749652,0.238793880763529
2022-05-22,2.338346,22859.31187316,3.14804640661531,0.232594511571577
2022-05-23,2.407878,30478.31856788,2.61524996014714,0.212047294065984
2022-05-24,2.471072,140685.8221641,3.10033573938414,0.0589702363207785
2022-05-25,2.527928,90168.51310224,1.51890394915027,0.0813335448005498
2022-05-26,2.578862,89124.14485494,1.84527749363179,0.0781722907001203
2022-05-27,2.626522,98612.05964338,1.94057787852773,0.110624559302898
2022-05-28,2.670192,85934.7537752,2.02843976019287,0.102942117727379
2022-05-29,2.708872,70548.8283237,1.82046759119393,0.101353656040775
2022-05-30,2.741061,62804.91912848,1.87415706720692,0.0992544241199928
2022-05-31,2.764898,56819.59130452,1.96832290821323,0.095996076261219
2022-06-01,2.780174,54020.2168768,2.19250610915015,0.0890917730111322
2022-06-02,2.788344,50043.7337829,2.41160280453011,0.102582420853541
2022-06-03,2.790177,46867.26839312,2.56527113830362,0.0948651545617425
2022-06-04,2.796282,38762.90662398,2.42878308980467,0.0875024092724175
2022-06-05,2.80079,34500.95829224,2.44849264256524,0.0863548680231909
2022-06-06,2.805966,30805.5402013,2.46694986497244,0.0848107010273998
2022-06-07,2.812031,35646.89862802,2.60251585104454,0.153013530767935
2022-06-08,2.818212,66029.78710194,2.24841087539472,0.2158863174584
2022-06-09,2.82354,63767.79135894,1.62950152491728,0.218512776168882
2022-06-10,2.828065,53986.11505648,1.50957365157206,0.220747553098277
2022-06-11,2.834444,47953.98890114,1.56182345277682,0.214105540649944
2022-06-12,2.840203,44699.2818349,1.74424864515666,0.212263062638112
2022-06-13,2.844925,41126.79530592,1.93142709392108,0.192808359635514
2022-06-14,2.845325,37965.04320152,2.0500214902135,0.225767973303843
2022-06-15,2.845504,37182.4430938,2.08947128363802,0.21079621799534
2022-06-16,2.848654,35305.28455968,2.13954840987931,0.31937433788247
2022-06-17,2.849691,52016.0473963,2.04699361581199,0.215890415787317
2022-06-18,2.8497,47418.76449808,1.55528662124856,0.217488806576088
2022-06-19,2.853644,42072.57079044,1.57315954496033,0.211352459641485
2022-06-20,2.857931,37015.64669038,1.59490620638928,0.206792963095505
2022-06-21,2.863624,33737.28836166,1.72815051212762,0.195639680618221
2022-06-22,2.864059,31320.09266758,1.87030502948145,0.182932808047873
2022-06-23,2.863904,29311.7521311,2.09071220259736,0.265834760240502
2022-06-24,2.863833,26135.65342756,2.15011522232472,0.191160325638984
2022-06-25,2.863943,24702.0477365,2.30087674537273,0.191121213526929
2022-06-26,2.865686,25466.68021846,2.34878250274025,0.203381166903945
2022-06-27,2.870793,25463.6092212,2.2428628001584,0.42121179393023
2022-06-28,2.874508,21774.37896056,2.19975918425772,0.395746149895169
2022-06-29,2.878515,19667.76651176,2.24194345268614,0.375210910480736
2022-06-30,2.881527,18628.85272228,2.35959313626589,0.37399182138938
2022-07-01,2.883965,17145.37770258,2.55305952772409,0.323476652203785
2022-07-02,2.883903,17490.88781222,2.54717648631155,0.343292304225116
2022-07-03,2.883921,18933.11062992,2.3725137024771,0.556814440377278
2022-07-04,2.886279,17423.69255874,2.3070872563024,0.560330200219397
2022-07-05,2.888753,18177.87448286,2.44334786566378,0.491695390923051
2022-07-06,2.890527,18510.64224566,2.26075716793736,0.515046539902488
2022-07-07,2.890369,17248.50820758,2.39695358360505,0.483642519086607
2022-07-08,2.890211,16443.40273188,2.48643887318604,0.518472679834758
2022-07-09,2.890127,17663.09283768,2.33809775895536,0.410010483812371
2022-07-10,2.891061,24408.88208762,1.90787731747942,0.409367377175703
2022-07-11,2.895107,26332.4264311,1.36119548473007,0.346391178339237
2022-07-12,2.899048,27031.55958344,1.63629211120682,0.3086063878131
2022-07-13,2.899518,28720.42473332,1.35175249044836,0.331953386084131
2022-07-14,2.90156,25261.38175984,1.38987676184117,0.332046276001219
2022-07-15,2.902824,22522.37305438,1.44900696215283,0.319514175643251
2022-07-16,2.904965,20607.766688,1.56806049822064,0.315836298932384
2022-07-17,2.906904,19095.50679846,1.76425264097819,0.331247434632639
2022-07-18,2.907273,17813.66337498,1.87576709611184,0.293329833959876
2022-07-19,2.907294,16526.59467258,2.01352891743699,0.274572125105045
2022-07-20,2.907395,14944.34354698,2.09789566342883,0.257636309543892
2022-07-21,2.907264,13958.96594854,2.21643577425848,0.246270641584275
2022-07-22,2.907105,12858.26552762,2.3812154893077,0.238834487700024
2022-07-23,2.906946,11904.2396027,2.45653889840787,0.231022466934909
2022-07-24,2.906786,11240.49167252,2.56489720022509,0.220197851847623
2022-07-25,2.906627,11515.50635252,2.67877755399349,0.402015650747908
2022-07-26,2.906468,11612.7240419,2.55767598823785,1.15253300704545
2022-07-27,2.906319,12090.74539152,2.43380948048403,1.00840081278622
2022-07-28,2.906257,12435.84297914,2.34784179158389,0.961988551967654
2022-07-29,2.906138,11866.47091998,2.43731918065904,0.927031067128637
2022-07-30,2.906074,10681.24932074,2.5060828294705,0.828208880287341
2022-07-31,2.906277,19309.28487638,2.91261444533329,0.417783327121971
2022-08-01,2.907139,31577.8730943,1.08863680898779,0.357072873347994
2022-08-02,2.908761,29205.4131215,1.02169733589673,0.353121199042649
2022-08-03,2.908703,25926.22974874,1.0872774396119,0.342978574446682
2022-08-04,2.908611,23487.8579243,1.19624928039654,0.355166996789837
2022-08-05,2.908451,24323.03167168,1.45480311162033,0.305282518241573
2022-08-06,2.908432,38643.50441708,1.68310231696411,0.271621163202805
2022-08-07,2.909872,40935.06423818,1.01110649537948,0.247457957340935
2022-08-08,2.910544,36997.44988572,1.14473459254139,0.231672477061947
2022-08-09,2.910449,33183.63797504,1.25419908062235,0.227910625884017
2022-08-10,2.910289,35960.82788524,1.5167775996166,0.217957117255831
2022-08-11,2.91013,35536.52606978,1.30271984687238,0.278601472202409
2022-08-12,2.909975,32205.68577296,1.4246433410377,0.267565382732355
2022-08-13,2.909909,27843.31124724,1.41079712506873,0.261746491115435
2022-08-14,2.910442,28381.60664756,1.62144179120868,0.250322188881819
2022-08-15,2.913143,34450.99729204,1.53668485853186,0.291371414734613
2022-08-16,2.917246,41760.84165066,1.59039048531605,0.235979264556902
2022-08-17,2.922174,39434.53830832,1.43547232269883,0.230140501938759
2022-08-18,2.926139,34149.62703854,1.42005226543971,0.226832545235644
2022-08-19,2.929248,31586.53605672,1.59477829824531,0.219118765273013
2022-08-20,2.932568,27617.06583716,1.63313538758751,0.210780685186599
2022-08-21,2.935366,27283.19801564,1.77240028358405,0.245280039244806
2022-08-22,2.93861,26637.09686076,1.77753457846791,0.357915965461109
2022-08-23,2.940531,23328.25773834,1.78601953422025,0.345807962621303
2022-08-24,2.942287,20963.08565456,1.84540572687995,0.330161451136105
2022-08-25,2.9439,19716.0315881,1.99700101128689,0.334770833091167
2022-08-26,2.947397,18326.38241006,2.2234616471624,0.29512764270547
2022-08-27,2.948231,16427.13102998,2.28521363538705,0.276234615266566
2022-08-28,2.948097,14970.83662782,2.33911683031299,0.263303726972405
2022-08-29,2.948114,14239.38925058,2.47214809712194,0.244639655444359
2022-08-30,2.94801,14512.89134984,2.53294086435817,0.439000972750357
2022-08-31,2.948754,14057.87956178,2.36060528006104,0.818386637148232
2022-09-01,2.949787,12789.7868723,2.41546759367105,0.770512659702188
2022-09-02,2.95082,11665.71020358,2.45961864123751,0.726884103241117
2022-09-03,2.952075,10691.28735656,2.51230428892357,0.681666180783016
2022-09-04,2.953513,10150.5626599,2.61001106319568,0.717978821882549
2022-09-05,2.95548,16807.2929893,2.76531627964056,0.34361918267723
2022-09-06,2.95677,31410.61833308,0.99958265600056,0.360433454061516
2022-09-07,2.959366,29625.22303052,1.00567199002373,0.362041916408544
2022-09-08,2.96215,27023.35497882,1.09910799244872,0.361280867888237
2022-09-09,2.966291,24379.68469576,1.19197130244486,0.360975536387086
2022-09-10,2.969746,26463.19591144,1.38911020736194,0.308306255499283
2022-09-11,2.971491,33540.42368656,1.21625906044671,0.262383977085133
2022-09-12,2.974422,35597.16680672,1.03911287830404,0.2485115062115
2022-09-13,2.977692,31888.1813249,0.988924903515139,0.258730352663845
2022-09-14,2.980361,28184.37528622,1.02943735475257,0.252073917830408
2022-09-15,2.983106,24943.23561086,1.0676477019848,0.246238884795116
2022-09-16,2.985766,22159.67452724,1.11281641838588,0.237869680509993
2022-09-17,2.988117,19712.96059084,1.1532791726152,0.232515962220806
2022-09-18,2.99081,17575.22564742,1.1944533550317,0.224286001163158
2022-09-19,2.99318,15744.08623642,1.24312568961451,0.215436302181438
2022-09-20,2.994921,14159.26830714,1.30133726971672,0.210415230178076
2022-09-21,2.996238,12766.08977404,1.35359294551878,0.201064204108891
2022-09-22,2.997003,11744.13522316,1.45186595998782,0.320034969674735
2022-09-23,2.999015,10567.57658634,1.90845488889756,0.208195078788825
2022-09-24,3.001515,9544.47614096,1.93534135003266,0.201698105958738
2022-09-25,3.003769,8654.43696492,1.97019288823922,0.195960045335621
2022-09-26,3.00598,7849.23981766,1.99711527793188,0.18686458740883
2022-09-27,3.007999,7125.81370192,2.01332784438841,0.180106005248804
2022-09-28,3.009898,6482.60020118,2.03632866910366,0.176764641415248
2022-09-29,3.011677,5907.5445053,2.04833766536059,0.170694805446716
2022-09-30,3.013756,7791.99092844,2.63532512147202,0.158825397945858
2022-10-01,3.014422,44236.38629268,1.1221565299563,0.412389934369903
2022-10-02,3.014674,87570.08273404,0.370580125390077,0.207273629455467
2022-10-03,2.82099,82538.18496986,0.353188722173199,0.202694785523927
2022-10-04,2.637063,72082.53935828,0.363722843193487,0.205388948166951
2022-10-05,2.459927,63146.89988306,0.385431418249706,0.201063093889206
2022-10-06,2.29036,55371.13482074,0.408101434315122,0.197014485531438
2022-10-07,2.127141,48645.10079198,0.431549876518316,0.192218722292001
2022-10-08,1.97062,42939.1878829,0.466479149876442,0.187872609561221
2022-10-09,1.820245,37900.27724438,0.495845180203442,0.182616151733463
2022-10-10,1.676408,33516.31406628,0.525145440670873,0.177783612727119
2022-10-11,1.539603,29718.26966392,0.558328346422688,0.172742471821384
2022-10-12,1.410078,26442.34063154,0.598031177358713,0.168142099141435
2022-10-13,1.287717,24694.9431906,0.67190081110678,0.267275460771758
2022-10-14,1.172155,23903.03841954,0.726759515468089,0.531167244814408
2022-10-15,1.062872,21325.60083858,0.765161919868633,0.509391502833893
2022-10-16,0.96055,19733.6783634,0.852437693075976,0.506352635124149
2022-10-17,0.865211,19649.798886,0.835082808490786,0.545836249125262
2022-10-18,0.776571,19989.25867268,0.779626971424379,0.529687736467739
2022-10-19,0.693635,17939.80344154,0.832922407912252,0.508440365566068
2022-10-20,0.617442,16107.97649384,0.88211525547196,0.486586157050662
2022-10-21,0.548459,14507.34522046,0.935208384016783,0.464444704224551
2022-10-22,0.486409,13101.83686254,0.990053980681703,0.440801418960758
2022-10-23,0.431441,11868.53353008,1.04659066332993,0.420953440232335
2022-10-24,0.383418,10787.08413676,1.10477517825123,0.399418718290828
2022-10-25,0.342322,9845.525544,1.16852886405959,0.377094972067039
2022-10-26,0.308056,10128.28647082,1.17211011499351,0.556639166579928
2022-10-27,0.280651,12334.72924846,1.04047832274894,0.928998502454414
2022-10-28,0.259997,11154.41207768,1.10537648547806,0.879370140863591
2022-10-29,0.246132,10111.78559002,1.174022818652,0.834054820972852
2022-10-30,0.239245,9202.35787904,1.24521836149187,0.786978004462862
2022-10-31,0.00083,10479.80106764,1.20277469187099,0.726038541274854
2022-11-01,0.000831,16499.32238348,0.711178277948473,0.636171193946095
2022-11-02,0.000832,14848.91345302,0.777876212730623,0.62353569433169
2022-11-03,0.000833,13480.21122644,0.839856102387639,0.59503974865521
2022-11-04,0.000834,12162.57005878,0.915768171214731,0.550214621388274
2022-11-05,0.000835,11710.5834322,0.951113546518455,0.536224509765549
2022-11-06,0.000836,13957.08668156,0.837432923264872,0.509027855317863
2022-11-07,0.000837,16105.59303328,0.674491143390556,0.438276945494285
2022-11-08,0.000838,14350.08265928,0.734645900675874,0.424816977347353
2022-11-09,0.000838,12817.2883403,0.797468128095553,0.407674289699072
2022-11-10,0.000839,11490.52585242,0.861625360506444,0.394911623565454
2022-11-11,0.000839,20403.797467,1.44894979220487,0.258339885431877
2022-11-12,0.00084,43354.50588548,0.512757621058374,0.204045816214982
2022-11-13,0.000841,42654.96021112,0.416933518446084,0.202019333680062
2022-11-14,0.000841,37634.06303414,0.470122268327765,0.193651400684235
2022-11-15,0.000841,40541.2890522,0.878472339992538,0.175242229985641
2022-11-16,0.000841,48626.81231576,0.676788966266123,0.180037176262994
2022-11-17,0.000841,45867.72753866,0.565605772776375,0.181873234355654
2022-11-18,0.000841,40703.91439964,0.630603645339501,0.176794236282682
2022-11-19,0.000841,36172.40584572,0.694396926406597,0.1710649362498
2022-11-20,0.000841,32234.37897124,0.762166942999582,0.166368530468192
2022-11-21,0.000841,28819.56752546,0.833390324083867,0.160634394527616
2022-11-22,0.000841,25840.10431812,0.908197547157093,0.154322630083334
2022-11-23,0.000841,23239.74884716,0.986150502345066,0.14989487635645
2022-11-24,0.000841,20971.51943808,1.06658273884459,0.144250944187998
2022-11-25,0.000841,19002.32265772,1.15299078089798,0.173672251516014
2022-11-26,0.000841,17322.7163354,1.32828830735851,0.137591617495303
2022-11-27,0.000841,16857.29982528,1.32689463151484,0.280061776733664
2022-11-28,0.000841,17710.76204888,1.25260095860206,0.678060849491196
2022-11-29,0.000841,16141.02409122,1.3403417303471,0.638934087559527
2022-11-30,0.000841,18208.21776922,1.33669310684231,0.556326132979567
2022-12-01,0.000841,22982.88513604,0.979222923788137,0.462687817349995
2022-12-02,0.000841,20704.2510049,1.06042660586002,0.442766850045937
2022-12-03,0.000841,23809.99178614,1.24936713490662,0.38308791964009
2022-12-04,0.000841,29304.92259988,0.913433414770719,0.334717038974202
2022-12-05,0.000841,26331.32637238,0.995698651454991,0.32029467109741
2022-12-06,0.000841,29257.29922446,1.32538104705103,0.291395833039588
2022-12-07,0.000841,36480.74313778,1.14712759501496,0.267621224247739
2022-12-08,0.000841,36543.99651418,0.984596397004318,0.260886688632991
2022-12-09,0.000841,37255.18447666,1.18971895811623,0.248524539337621
2022-12-10,0.000841,35962.84465956,1.06168477775993,0.254906309186059
2022-12-11,0.000841,32816.99757082,1.14809440073523,0.250010824491004
2022-12-12,0.000841,29715.70286024,1.24323623956514,0.239083892224066
2022-12-13,0.000841,26905.51118844,1.33901648727934,0.226576581180856
2022-12-14,0.000841,24499.49942468,1.44432429196305,0.245086116900465
2022-12-15,0.000841,44410.33307778,2.36040627473808,0.148621995436066
2022-12-16,0.000841,48092.22961362,1.10938603488848,0.187756914839373
2022-12-17,0.000841,43966.00102646,1.25311846139572,0.178272260315031
2022-12-18,0.000841,39721.7453058,1.35816572622056,0.169626475577249
2022-12-19,0.000841,36015.2349561,1.46739718356464,0.161630045370954
2022-12-20,0.00084,32802.78847902,1.57616965621895,0.153704487751848
2022-12-21,0.00084,29971.74152732,1.68834704095771,0.145283486314296
2022-12-22,0.00084,82833.36739306,3.18563151257458,0.0946227181952847
2022-12-23,0.00084,72953.00665626,1.3765874579123,0.157072964161604
2022-12-24,0.00084,68307.4586817,1.55878316943631,0.148966794496281
2022-12-25,0.00084,62100.28568254,1.67989944222319,0.140975744053001
2022-12-26,0.00084,56558.73988054,1.79911065584067,0.13371768388005
2022-12-27,0.00084,51750.74990166,1.92020349905717,0.125769786377361
2022-12-28,0.00084,47478.992713,2.0437322006082,0.118743061254043
2022-12-29,0.00084,43720.2295741,2.16806713879089,0.111129166688508
2022-12-30,0.00084,40406.9902168,2.2925268841599,0.104360451926131
2022-12-31,0.00084,52545.58816264,2.12406270826282,0.26430841913907
2023-01-01,0.00084,50049.82994164,2.06971458086448,0.2454351803857
2023-01-02,0.00084,46481.23945396,2.19410264653154,0.228778343368682
2023-01-03,0.00084,42903.6651534,2.31937010565901,0.213668365330171
2023-01-04,0.00084,45636.21101388,2.27691368217218,0.261136990456447
2023-01-05,0.00084,42700.47514066,2.3550956046445,0.227566211570024
2023-01-06,0.00084,39753.371994,2.47895768476882,0.21330566124755
2023-01-07,0.00084,37020.73446196,2.60869995864709,0.198097766200064
2023-01-08,0.00084,37821.34803122,2.57044485299019,0.293280365121936
2023-01-09,0.00084,38581.21359206,2.55427234720996,0.276811840418568
2023-01-10,0.00084,36263.75655526,2.65683477698135,0.261638819617097
2023-01-11,0.00084,33982.78479934,2.77716707377769,0.241434145801946
2023-01-12,0.00084,33569.16272062,2.77725057654575,0.309948810656777
2023-01-13,0.00084,61705.68545252,2.78331998746132,0.168618531399445
2023-01-14,0.00084,53956.09262058,2.40239015733617,0.169900294012459
2023-01-15,0.00084,50921.35146256,2.54916504043379,0.156622428331737
2023-01-16,0.00084,47232.07536614,2.688112042839,0.146536071649346
2023-01-17,0.00084,51835.72943778,2.59262305011668,0.23521068599285
2023-01-18,0.00084,47645.78911642,2.71479544276082,0.192402228402609
2023-01-19,0.00084,50433.5670918,2.70832765311594,0.219938017467805
2023-01-20,0.00084,46626.63054812,2.81837181274293,0.193658614269396
2023-01-21,0.00084,43721.10045392,2.95010609478919,0.178222471966654
2023-01-22,0.00084,43424.45128576,2.95442646760792,0.241716206174424
2023-01-23,0.00084,43863.28304348,2.95412794184955,0.233028132660931
2023-01-24,0.00084,40966.14089702,3.06570339431547,0.213704141720531
2023-01-25,0.00084,55046.2508121,2.95184209101999,0.19234852553614
2023-01-26,0.00084,49735.0298046,2.91133290939755,0.172339111762375
2023-01-27,0.00084,46875.97719132,3.02632067852163,0.159382963036842
2023-01-28,0.00084,43950.18768236,3.15582430005569,0.147049314708477
2023-01-29,0.00084,55933.6315129,2.94188747894993,0.217978292312168
2023-01-30,0.00084,50575.6580098,2.99888527383294,0.186693975947291
2023-01-31,0.00084,50193.1584257,3.01078018199833,0.215512321186414
2023-02-01,0.00084,55611.68099418,2.99188728744619,0.1945138842527
2023-02-02,0.00084,51185.68640582,3.06164755860696,0.201483094672877
2023-02-03,0.00084,48062.57386396,3.18430032176787,0.175475070142345
2023-02-04,0.00084,45181.65758362,3.30922596372837,0.162316417595505
2023-02-05,0.00084,42645.1513542,3.43189415191479,0.149399714098389
2023-02-06,0.00084,40351.7581019,3.54970438061918,0.136308648215777
2023-02-07,0.00084,38268.56773668,3.66508325488139,0.125762660706714
2023-02-08,0.00084,36424.13594948,3.77391256200718,0.11451351888718
2023-02-09,0.00084,34820.7545293,3.88318842678215,0.105306804794092
2023-02-10,0.000841,33361.43496566,3.97198861848713,0.0961740585590103
2023-02-11,0.000841,31928.15012506,4.05985267960326,0.0875710797227011
2023-02-12,0.000841,86683.75625618,3.23554435032924,0.215209437912077
2023-02-13,0.000841,94869.88905684,2.97036687026338,0.153156522100438
2023-02-14,0.000841,80766.0820435,2.95560631641672,0.152660925329512
2023-02-15,0.000842,75745.41404542,3.08494988620541,0.150677230613014
2023-02-16,0.000843,83200.55782664,2.93413134066554,0.209895614118207
2023-02-17,0.000844,114215.79672144,2.88259958071279,0.126412204917796
2023-02-18,0.000844,90748.8857486,3.24819306318092,0.119704829104941
2023-02-19,0.000844,85227.64519714,3.35589780215584,0.111325455936901
2023-02-20,0.000844,79486.71375214,3.47718178740983,0.112446177204796
2023-02-21,0.000845,74479.65898072,3.61063040486817,0.0990815570451295
2023-02-22,0.000845,69769.20754168,3.73877578907812,0.0906608783856582
2023-02-23,0.000846,65754.77242194,3.84644071790003,0.0906192992618709
2023-02-24,0.000847,62090.5226614,3.96934956408761,0.0782501494873139
2023-02-25,0.000848,61117.56655934,3.9395441588177,0.234737734953349
2023-02-26,0.000848,57124.58258464,4.09295443749759,0.161278933922175
2023-02-27,0.000848,54865.61200312,4.14702039425098,0.191310973062747
2023-02-28,0.000848,57406.28928852,3.98104810313358,0.222766229597727
2023-03-01,0.000849,51757.02940352,4.20657749312778,0.176233457080511
2023-03-02,0.00085,59197.68907826,3.80715081566871,0.222219297152109
2023-03-03,0.000851,89249.18486278,3.2262520985789,0.133014850928356
2023-03-04,0.000851,155689.66055352,3.38742137920395,0.0756620280249797
2023-03-05,0.000852,109597.06267818,3.46537821177953,0.0815530716023422
2023-03-06,0.000852,103666.37110398,3.56149447470941,0.0756071452731607
2023-03-07,0.000853,96104.97998472,3.68288816267663,0.0705863051121655
2023-03-08,0.000853,89470.0674866,3.80282483849649,0.0660870812563718
2023-03-09,0.000853,83677.38744598,3.9225653500702,0.0613499957000226
2023-03-10,0.000853,95385.95410386,3.50210015487471,0.280148791203616
2023-03-11,0.000854,79925.82052454,3.92374334979409,0.124444944008377
2023-03-12,0.000854,84944.88427032,3.66492485609019,0.188318429737261
2023-03-13,0.000854,76243.87815292,3.91243550913964,0.164721470421675
2023-03-14,0.000854,71584.44193702,4.0358339538943,0.13126224980935
2023-03-15,0.000854,67673.45817274,4.13970698297857,0.121238146261971
2023-03-16,0.000854,64030.61372146,4.24350928482409,0.110955455321817
2023-03-17,0.000854,63784.88810488,4.17721810065565,0.268756161989543
2023-03-18,0.000854,60847.18129312,4.2930190794152,0.203389217659608
2023-03-19,0.000854,57161.98458112,4.43748075541414,0.159569691060248
2023-03-20,0.000854,54538.6195486,4.51982149310429,0.14623446258835
2023-03-21,0.000854,52082.23426262,4.60010261564281,0.132889897639576
2023-03-22,0.000854,49902.65125206,4.66875534454459,0.137775585615127
2023-03-23,0.000855,47988.77825816,4.79477961206221,0.111750839564
2023-03-24,0.000856,46062.57543944,4.85298741825448,0.101497788940323
2023-03-25,0.000857,52332.36011408,4.32586867717231,0.335454080452924
2023-03-26,0.000858,46251.64803194,4.66665939927042,0.222976930311286
2023-03-27,0.000859,45922.08877374,4.5923526000541,0.287458715239205
2023-03-28,0.00086,43532.02786142,4.74762013563726,0.243224717527658
2023-03-29,0.000861,41984.8869433,4.81558104117426,0.203060093778828
2023-03-30,0.000861,40328.97771924,4.90192735645979,0.179574431328692
2023-03-31,0.000862,52002.20499074,4.04131038938488,0.251204680692408
2023-04-01,0.000878,57383.14221962,3.75580404320053,0.206081974297264
2023-04-02,0.000893,48763.49461172,4.02491272462716,0.190812069850377
2023-04-03,0.000908,46272.31996872,4.12966903213792,0.174339589747247
2023-04-04,0.000923,43765.92784676,4.23944485056166,0.159188640633738
2023-04-05,0.000937,41486.14782112,4.34756668846895,0.14583959412399
2023-04-06,0.000951,42414.18485878,4.18868083570451,0.359863446411146
2023-04-07,0.000964,62386.25511396,3.50750358905635,0.197636880070415
2023-04-08,0.000977,52731.95644412,3.73417798538664,0.212090183527546
2023-04-09,0.000988,50204.80071382,3.85184590060065,0.178943303275119
2023-04-10,0.000999,47238.72155424,3.98599661559002,0.164951174452362
2023-04-11,0.001009,44576.4419445,4.11403305827614,0.151152926659983
2023-04-12,0.00102,42134.44909344,4.2328076862827,0.13815640610586
2023-04-13,0.00103,39935.75256262,4.34304051859393,0.126251177866103
2023-04-14,0.00104,45631.810779,3.84812415247853,0.375671739239616
2023-04-15,0.00105,42132.89067692,4.13831817182941,0.285026120141773
2023-04-16,0.001059,40443.200483,4.22281407604692,0.289000963336545
2023-04-17,0.001067,62186.91530674,3.50400557810564,0.193110951086175
2023-04-18,0.001075,52287.166035,3.81941705018628,0.183212798597414
2023-04-19,0.001083,49668.5679236,3.94787840755985,0.167955556375851
2023-04-20,0.001089,46699.784453,4.08499779162782,0.154095303528488
2023-04-21,0.001094,44031.86704232,4.21488085076261,0.141571695654165
2023-04-22,0.001099,75875.54182484,3.31465079274945,0.226534362544386
2023-04-23,0.001104,61598.38389154,3.7354164356835,0.15998297483505
2023-04-24,0.001109,58389.2834264,3.83945112569473,0.150720633026659
2023-04-25,0.001112,54665.08046562,3.97105889593495,0.139188297450423
2023-04-26,0.001115,51433.42879672,4.10293336565299,0.137239734646082
2023-04-27,0.001118,50126.05484378,4.16422442920224,0.330102112196313
2023-04-28,0.001122,184755.68706804,3.62407828882376,0.0754189348167047
2023-04-29,0.001124,108725.72450038,3.54753293640873,0.0961185394534987
2023-04-30,0.001126,117706.19136844,3.39057896462536,0.138239983052946
2023-05-01,0.001128,101580.24724884,3.68742943933204,0.100623686364543
2023-05-02,0.001129,94534.14196834,3.803723042416,0.0940627495511413
2023-05-03,0.001131,88007.40191102,3.93060838234658,0.092705484571047
2023-05-04,0.001131,82133.134182,4.05826217980914,0.0798035604665439
2023-05-05,0.189827,75309.46994184,4.12957052466543,0.0760790443011318
2023-05-06,0.371995,68887.32713448,4.1971740270248,0.0718603035698602
2023-05-07,0.547638,72616.43452372,4.08641434499335,0.232283052047815
2023-05-08,0.716756,61811.97862634,4.30609697950322,0.158688609198155
2023-05-09,0.87935,61106.38262902,4.47583521545442,0.144768928537406
2023-05-10,1.035421,58033.5977736,4.6133067955644,0.135848102865447
2023-05-11,1.184971,49846.96077936,4.58477699556419,0.132412332001854
2023-05-12,1.327999,58409.77202006,4.42586557453464,0.242480933072908
2023-05-13,1.464508,57542.87991292,4.26950790735168,0.226220195091022
2023-05-14,1.594499,58857.58759066,4.1538918010088,0.216494548309045
2023-05-15,1.717972,70477.73702892,3.71614722550653,0.179498885936262
2023-05-16,1.834929,62282.48290804,3.8754270255472,0.195758372350087
2023-05-17,1.945372,68993.48280096,3.65657918513558,0.176052595214558
2023-05-18,2.049301,51779.3055926,3.70019563235281,0.177928067488736
2023-05-19,2.146716,46797.09381394,3.74642620323946,0.172384578240561
2023-05-20,2.23762,47996.29532608,3.95650612718883,0.206276930599273
2023-05-21,2.322023,45930.93507928,4.15736930133044,0.179627094152539
2023-05-22,2.399971,37396.7253653,4.05449297388725,0.178946787843875
2023-05-23,2.471804,33307.57792416,4.08987823942577,0.174769359490939
2023-05-24,2.540663,29836.25096164,4.11559933511333,0.170523152742658
2023-05-25,2.603836,26688.38709858,4.11155821873696,0.164874515037071
2023-05-26,2.662534,23835.7514945,4.13249363011394,0.161530695639633
2023-05-27,2.714076,21561.8384487,4.13889863205893,0.157307908973991
2023-05-28,2.758791,24391.2811481,4.2262917062079,0.206710577004388
2023-05-29,2.795128,67235.49729484,3.10932470184978,0.166339668329609
2023-05-30,2.826713,70813.66746054,1.86479371730866,0.166349179225382
2023-05-31,2.853138,61354.72088506,1.81909595040106,0.165100700221205
2023-06-01,2.873268,53694.41615256,1.84130463732189,0.163045519577413
2023-06-02,2.885787,47583.45245562,1.89571816219372,0.157976513516143
2023-06-03,2.889479,45054.279951,2.07945470268071,0.192278345795819
2023-06-04,2.894003,41918.1958834,2.29188763627218,0.231813062447377
2023-06-05,2.90128,35931.08046402,2.24515855794486,0.220688880979808
2023-06-06,2.906361,31793.02624562,2.26634122852418,0.21481224112602
2023-06-07,2.912256,28343.97547218,2.30602169212832,0.208609255459013
2023-06-08,2.918916,25094.31034174,2.31788018988717,0.202746021337649
2023-06-09,2.924905,22294.47755622,2.33141926689816,0.197368826827358
2023-06-10,2.931276,19971.19937536,2.37312720329025,0.190492802585194
2023-06-11,2.935592,18639.5782948,2.52545123690552,0.17705208282103
2023-06-12,2.94012,17542.2697216,2.99174331103679,0.279577759197324
2023-06-13,2.944628,15633.75951396,2.99927876580998,0.178842624354261
2023-06-14,2.947419,14725.8902195,3.11882343786476,0.177418099758774
2023-06-15,2.949792,13908.1799043,3.30548552408259,0.187849127490237
2023-06-16,2.951589,12518.75990516,3.3281830097905,0.1537774327956
2023-06-17,2.953266,11378.64071344,3.33940253295092,0.149044503883214
2023-06-18,2.954969,10340.59780378,3.34661637138133,0.141843342892984
2023-06-19,2.956644,10493.82681632,3.31085330910616,0.183450974910895
2023-06-20,2.959012,19657.77431172,2.45526658179325,0.830080629742069
2023-06-21,2.96057,45553.29408786,1.20945386416485,0.35518902999184
2023-06-22,2.962195,80427.21812196,1.70629208027437,0.186928457692049
2023-06-23,2.963229,88161.13511714,0.735671434060184,0.162211651891715
2023-06-24,2.965403,82990.62995424,0.871530447230985,0.163480996438765
2023-06-25,2.967243,73657.59426642,0.927199875045815,0.161793266786518
2023-06-26,2.968857,65408.94146184,1.01820006334844,0.156969589944977
2023-06-27,2.970466,58211.34892844,1.11574978858234,0.151968743257863
2023-06-28,2.972374,50340.70380152,1.09261356807529,0.152055388223811
2023-06-29,2.974144,44451.12692198,1.13014041169695,0.147454451526154
2023-06-30,2.975766,40588.54574138,1.26479213931685,0.175038197851886
2023-07-01,2.977501,36816.71940518,1.42051290351095,0.159356399342157
2023-07-02,2.978751,33343.83402614,1.53409864144293,0.137464035971589
2023-07-03,2.97954,29725.97007496,1.59437005421475,0.127981348645865
2023-07-04,2.97979,27417.90937306,1.71521138392148,0.138754917022888
2023-07-05,2.981658,24290.57993944,1.77564591242914,0.120766565776265
2023-07-06,2.983936,22597.4978978,1.92085353238271,0.125758098213018
2023-07-07,2.984446,20815.12775672,2.09634372990637,0.116708211854031
2023-07-08,2.984737,18579.7626019,2.13639895893723,0.108546829322446
2023-07-09,2.986229,19548.96017,2.22508792497069,0.161781946072685
2023-07-10,2.989362,20306.53394184,1.82381249040693,0.808075336096138
2023-07-11,2.991077,18313.13586964,1.88717969254489,0.765884596709199
2023-07-12,2.992311,16554.32531948,1.94370455690735,0.725428196452601
2023-07-13,2.993706,16431.76044376,2.02236033161131,0.683418318958303
2023-07-14,2.994603,17824.11393282,1.91581226582731,0.740609305447336
2023-07-15,2.997431,16621.29139406,2.01860313765936,0.72250549462671
2023-07-16,3.001202,52931.89211648,2.72077976058524,0.208691254710707
2023-07-17,3.003261,66946.50270194,0.806532778573888,0.162949746435132
2023-07-18,3.006083,61178.75732564,0.996450239672505,0.15433740554326
2023-07-19,3.007238,54507.81790444,1.11503719313352,0.158930640650253
2023-07-20,3.010539,48777.47452462,1.22535776406037,0.15223002897069
2023-07-21,3.012368,43740.67233198,1.33816624069597,0.145657875847095
2023-07-22,3.015006,39322.83651246,1.45586875966742,0.14104092867875
2023-07-23,3.017868,43242.94159696,1.55284111626487,0.192912684750994
2023-07-24,3.020365,41601.0122858,1.29791430239861,0.267736142175604
2023-07-25,3.022075,37139.40329638,1.37114619676627,0.25793839345108
2023-07-26,3.023807,33199.22214024,1.44551765271128,0.248513063503372
2023-07-27,3.024492,30473.27663208,1.58986577140829,0.26171867949389
2023-07-28,3.02433,27897.12245296,1.82869122885422,0.233310111857411
2023-07-29,3.024165,25210.45820826,1.93448566135229,0.216356948967032
2023-07-30,3.023999,22470.991145,1.9622641509434,0.212136664966854
2023-07-31,3.023839,20929.62553516,2.11772538335866,0.201479560774558
2023-08-01,3.023793,18585.99626798,2.25652357265636,0.199757824464661
2023-08-02,3.024073,16719.7466495,2.2863408950723,0.189157699952025
2023-08-03,3.0264,23500.05024178,2.70137955650564,0.171640000702164
2023-08-04,3.028246,34726.05780782,1.19453181612394,0.389377774316642
2023-08-05,3.032322,30763.73796994,1.23962078331518,0.370992277698894
2023-08-06,3.033907,28066.34815272,1.34895904782435,0.364186280465897
2023-08-07,3.036396,25537.90902058,1.50046395925056,0.342809349541694
2023-08-08,3.037802,23231.49840676,1.63561820054376,0.321599236053839
2023-08-09,3.039986,20590.66994206,1.68511687854915,0.307194358308828
2023-08-10,3.04229,19873.38582084,1.80590343605995,0.299830710967807
2023-08-11,3.045599,19443.85872646,1.68078320254027,0.594049603141862
2023-08-12,3.047709,17593.05576584,1.76902154089853,0.562752066029576
2023-08-13,3.047634,15935.9548115,1.84367584669591,0.534982382972604
2023-08-14,3.047571,14979.95794804,1.93685782300852,0.550765257727543
2023-08-15,3.048305,14010.48536526,2.17557014659744,0.487458574200028
2023-08-16,3.04909,12602.59354678,2.22948816334547,0.4509894490291
2023-08-17,3.051707,11770.12411042,2.34823142735865,0.440050002141836
2023-08-18,3.05351,10679.0492033,2.46367791917935,0.399167328368779
2023-08-19,3.055008,9691.60899476,2.48767983655092,0.378354347764399
2023-08-20,3.057166,8935.63947522,2.5493847108731,0.359068269137056
2023-08-21,3.057163,8286.00896528,2.61649776519007,0.342965880426605
2023-08-22,3.057006,7694.9107464,2.67452942578032,0.327614963068859
2023-08-23,3.056839,7071.49830262,2.70289540378146,0.317606414353217
2023-08-24,3.056959,6608.96944664,2.76722057314062,0.305157155935307
2023-08-25,3.056797,6448.8650671,2.82881410142507,0.476207398983617
2023-08-26,3.05663,6242.74156444,3.39946254717397,0.337743579200869
2023-08-27,3.056462,6062.79029216,3.43988145639289,0.317527519051651
2023-08-28,3.056295,9220.3255048,2.44084310996222,0.193875521972559
2023-08-29,3.057236,22298.92362688,0.937315003617707,0.853038873906466
2023-08-30,3.060703,23533.37285384,1.12771410986545,0.730384786182288
2023-08-31,3.065055,26927.51236284,0.723431345514215,0.582149459213792
2023-09-01,3.068111,23668.9092553,0.7649331409704,0.567406102036272
2023-09-02,3.071496,20823.01151088,0.801239720358533,0.552503213763713
2023-09-03,3.074324,18397.5653764,0.849568986994868,0.535652000597937
2023-09-04,3.075302,16323.7255103,0.904151515576958,0.519465932862538
2023-09-05,3.07521,14513.57888654,0.960071752730994,0.502142791724434
2023-09-06,3.075085,12956.35409682,1.02239722077766,0.484665810541658
2023-09-07,3.074916,11932.1994285,1.14088159031979,0.52242389321041
2023-09-08,3.074828,11345.59311606,1.40186727104518,0.989791012697605
2023-09-09,3.076588,14632.33939252,1.61010418689739,0.660957166216631
2023-09-10,3.080446,34016.61160498,0.73975161054301,0.309914153779403
2023-09-11,3.084693,38062.12338356,0.513004544786742,0.264931924537754
2023-09-12,3.088068,33976.09277546,0.585491941391447,0.261717595921522
2023-09-13,3.091301,30203.44139522,0.648001590411398,0.26709199042718
2023-09-14,3.093788,26419.0560553,0.667956313922118,0.256772816780451
2023-09-15,3.096729,23245.06579764,0.696063004547086,0.25239678351849
2023-09-16,3.09969,20496.88993618,0.724538833268855,0.248221637323589
2023-09-17,3.102502,22573.47994908,1.41323814281015,0.203051457300309
2023-09-18,3.105799,35560.63569006,0.514289912570715,0.277123637099508
2023-09-19,3.108705,31124.46555854,0.531630544751952,0.272442245925516
2023-09-20,3.111719,27327.65872224,0.553498108042831,0.266685452057
2023-09-21,3.114595,24070.15567342,0.582702865336606,0.260883308990572
2023-09-22,3.117322,21233.33341344,0.608745207750492,0.25472317203744
2023-09-23,3.119905,22217.2901027,1.1491288695419,0.2228113427478
2023-09-24,3.122034,34988.2843052,0.465061440511437,0.296067283255168
2023-09-25,3.124699,32318.3501202,0.446751478534655,0.306343870995192
2023-09-26,3.127127,28710.70754796,0.507677423680757,0.300136338528246
2023-09-27,3.129225,25580.12377396,0.568016886407374,0.295655477152103
2023-09-28,3.131514,22581.86789682,0.590660260743014,0.282136688121233
2023-09-29,3.133735,19980.7332176,0.619379702697743,0.275279867865663
2023-09-30,3.135381,17709.1119608,0.649653173206336,0.266590744383477
2023-10-01,3.137166,15725.75192442,0.679124075677157,0.259407908735051
2023-10-02,3.138678,13995.13037896,0.707426669985458,0.252184507355927
2023-10-03,2.937961,12487.68324632,0.737766293256596,0.245922097752199
2023-10-04,2.746004,11171.18797316,0.775473695439887,0.237976054685256
2023-10-05,2.560622,10014.10954284,0.810150221074891,0.228855994653924
2023-10-06,2.383773,9013.19361498,0.854348787892657,0.223758015876648
2023-10-07,2.213575,8403.94442722,0.987188367539501,0.261795810176221
2023-10-08,2.049888,9655.49040012,0.977906899465474,1.40989489874391
2023-10-09,1.893002,9279.2244821,1.21514485415792,1.26454098644076
2023-10-10,1.743485,11071.72433056,0.790720010598132,1.07637278929589
2023-10-11,1.601548,9859.91797892,0.832116924049574,1.03665963163718
2023-10-12,1.466721,8806.01588938,0.874448915006689,0.999370188579073
2023-10-13,1.338684,7885.67926276,0.912567861336185,0.95906813452529
2023-10-14,1.217659,7313.51122102,1.04036751295759,0.915022029468723
2023-10-15,1.103989,7567.30393488,0.981247274313127,1.22958763386151
2023-10-16,0.996995,6866.01650088,1.04809207188443,1.1615797484579
2023-10-17,0.896477,6249.84611034,1.1660909550945,1.11475361744883
2023-10-18,0.803602,5620.93337296,1.21501728749429,1.06008219714267
2023-10-19,0.717943,5100.78894152,1.26702850364832,1.00643398871356
2023-10-20,0.639429,5917.94922736,1.75041824152674,0.828737840014871
2023-10-21,0.567794,10339.6352524,0.616189378491001,0.930933593403671
2023-10-22,0.50342,9168.3018945,0.659917510311211,0.904886889138858
2023-10-23,0.446139,8139.65531974,0.703896206281007,0.872831295788448
2023-10-24,0.395922,7253.55802078,0.751969971753733,0.846756102647061
2023-10-25,0.352973,6482.73770852,0.798959231867868,0.813100103228361
2023-10-26,0.317132,5817.0188398,0.850996769364116,0.780080371917107
2023-10-27,0.288457,5237.10455124,0.910220728526668,0.752682525512437
2023-10-28,0.266914,4731.58173362,0.968720030224065,0.716852822365808
2023-10-29,0.252473,4289.0831135,1.03660165642533,0.683943360940422
2023-10-30,0.245247,3897.1871945,1.09379594236989,0.646868568068215
2023-10-31,0.000749,3674.8836615,1.22232616152167,0.835671967570939
2023-11-01,0.000749,3613.37204474,1.57294534014943,0.73573249781183
2023-11-02,0.000749,3311.58926922,1.63324059848579,0.705892123074368
2023-11-03,0.000749,3045.1000443,1.70091066455934,0.662301497704523
2023-11-04,0.000749,2809.59580666,1.74559929523468,0.619932459989885
2023-11-05,0.000749,2600.17212784,1.81568185023269,0.599351290368072
2023-11-06,0.000749,2415.86645646,1.87830838408561,0.550211546853359
2023-11-07,0.00075,2250.7659769,1.93462987475817,0.529477649933815
2023-11-08,0.000751,2105.55822586,1.98097394257352,0.500685721749352
2023-11-09,0.000752,1974.74290974,2.0425689947311,0.46422022607525
2023-11-10,0.000752,2499.60842652,1.7420324934903,1.1735797850882
2023-11-11,0.000753,5080.48369098,0.983390622603549,1.93069351593724
2023-11-12,0.000753,4546.03849618,1.0485879351892,1.85519403918089
2023-11-13,0.000753,4080.39280716,1.12331783154726,1.77484217384467
2023-11-14,0.000754,3674.60864682,1.1849966944829,1.68394267110729
2023-11-15,0.000754,3324.97331698,1.26824830096084,1.59909568382018
2023-11-16,0.000755,3017.55274052,1.33669532460431,1.51897195977762
2023-11-17,0.000755,2751.47603762,1.41598227523364,1.43264089023639
2023-11-18,0.000756,3279.550059,1.3696715583508,1.56533892382949
2023-11-19,0.000756,5570.74319386,0.806338810403416,1.95002344964908
2023-11-20,0.000756,4944.35142438,0.862140890508107,1.88187742766823
2023-11-21,0.000756,8056.05085702,1.0355088501869,1.06964650458867
2023-11-22,0.000756,25782.90126468,0.284441410402734,0.392884698118776
2023-11-23,0.000756,32486.47576124,0.150968313585173,0.296292951896134
2023-11-24,0.000756,28310.2403381,0.174857725716229,0.291429542860381
2023-11-25,0.000756,24684.4009612,0.19497158985405,0.287815204070264
2023-11-26,0.000756,21561.70094136,0.214705407174987,0.282730882715577
2023-11-27,0.000756,18870.40728288,0.23561074190665,0.27690334615833
2023-11-28,0.000756,16548.27499652,0.260363289884055,0.274212401048101
2023-11-29,0.000756,14545.84727566,0.28990348104756,0.267845607489593
2023-11-30,0.000756,12812.79643386,0.318383612902764,0.261146109459571
2023-12-01,0.000756,11429.56426502,0.348894565666369,0.409048801126087
2023-12-02,0.000756,10412.9725004,0.457786777005018,0.413768817677612
2023-12-03,0.000756,10751.14888524,0.579813947936118,0.370910393165017
2023-12-04,0.000756,15412.09768188,0.315245385818716,0.472868078728074
2023-12-05,0.000756,13594.57149754,0.350648868988816,0.472027323638791
2023-12-06,0.000756,12001.8698141,0.389543432183162,0.446829231033627
2023-12-07,0.000756,10606.67450668,0.423498094258576,0.436462321633838
2023-12-08,0.000756,9398.21416698,0.458444896386576,0.424305382825874
2023-12-09,0.000756,8605.80520234,0.505983925689603,0.505983925689603
2023-12-10,0.000756,11537.82837738,0.798503104627743,0.659460275463708
2023-12-11,0.000756,24885.11584182,0.36653718142117,0.377588553725326
2023-12-12,0.000756,29534.9723797,0.223475825037052,0.302623513071008
2023-12-13,0.000756,25875.35203294,0.253311202555077,0.297596377826944
2023-12-14,0.000756,22704.2952652,0.282634150280615,0.290709411717204
2023-12-15,0.000756,19961.75720468,0.31457660744054,0.284726272427934
2023-12-16,0.000756,17588.83887408,0.346592448975337,0.278837534138053
2023-12-17,0.000756,19486.99019544,0.665650549926143,0.284606772229906
2023-12-18,0.000756,33278.56387542,0.406314261355106,0.298882015979858
2023-12-19,0.000756,34792.38218148,0.279290601871247,0.275338376373069
2023-12-20,0.000756,30624.67221342,0.315802550068174,0.269405019015504
2023-12-21,0.000756,26962.07254096,0.350201961130982,0.26180146608821
2023-12-22,0.000756,23798.57867692,0.390975590026463,0.256156421051821
2023-12-23,0.000756,21060.89920908,0.433092629590455,0.248103315443779
2023-12-24,0.000756,18694.85624548,0.48054998455375,0.242726777912354
2023-12-25,0.000756,16707.55433202,0.523992548880823,0.315492895923009
2023-12-26,0.000756,18877.14514254,0.871691396964377,0.223386096158002
2023-12-27,0.000756,42198.710857,1.48373431814479,0.268288709064248
2023-12-28,0.000756,49072.56527626,0.306365394907796,0.218565556123245
2023-12-29,0.000757,43524.60246506,0.368585170028339,0.211673197644846
2023-12-30,0.000756,38441.50613462,0.41016884886828,0.20627677573899
2023-12-31,0.000756,34034.80840964,0.45384882659204,0.200663131045145
2024-01-01,0.000756,30162.18919322,0.499962768729988,0.209710827005284
2024-01-02,0.000756,26811.639511,0.557312590819728,0.191469356355244
2024-01-03,0.000756,23880.2122011,0.608451136767147,0.186182209042313
2024-01-04,0.000756,21337.28896248,0.661631393980014,0.193333848890264
2024-01-05,0.000756,19142.6259803,0.732697211680056,0.177188214589294
2024-01-06,0.000756,20939.70940676,1.03974678335179,0.179493128915467
2024-01-07,0.000756,29155.4521213,0.504649535832475,0.42447157219554
2024-01-08,0.000756,25991.8665857,0.559018807367762,0.409124174477353
2024-01-09,0.000756,77419.06171634,3.09226531079842,0.128474358116649
2024-01-10,0.000756,82856.51446196,0.416002372098632,0.137192271649549
2024-01-11,0.000756,75517.06018946,0.568720839400397,0.131710162379814
2024-01-12,0.000756,70900.29708474,0.682038720404853,0.135761261881535
2024-01-13,0.000756,84760.07440536,1.23836531452316,0.118969593534976
2024-01-14,0.000756,76437.21347296,0.709389121820642,0.120530188914581
2024-01-15,0.000756,71707.64851366,0.806035615140686,0.131675921268026
2024-01-16,0.000756,70529.3481172,0.941029673629073,0.135175533228486
2024-01-17,0.000756,64071.86592346,0.90638742017245,0.136637724745807
2024-01-18,0.000756,57364.25787826,0.987601446884061,0.131839998977241
2024-01-19,0.000756,51701.43060238,1.06563023340139,0.156918927880238
2024-01-20,0.000756,46602.52092784,1.15665153315341,0.131795327757276
2024-01-21,0.000756,42045.48184446,1.24930911897544,0.127547266073408
2024-01-22,0.000756,38044.75162294,1.34333626899496,0.121683375039005
2024-01-23,0.000756,34519.98014094,1.44332333496653,0.115518978971562
2024-01-24,0.000756,31864.16337618,1.54348292027544,0.192755555747352
2024-01-25,0.000756,41446.86655766,1.7782751836611,0.153719061274187
2024-01-26,0.000756,45188.67045796,1.28717229851037,0.199821073921626
2024-01-27,0.000756,41844.8586354,1.40755589147032,0.202644233402342
2024-01-28,0.000756,65284.31397602,2.26706423957161,0.136908493873169
2024-01-29,0.000756,60376.81451876,1.44088937340291,0.140444959999757
2024-01-30,0.000756,55456.61855044,1.59434927572407,0.132242552677994
2024-01-31,0.000756,51559.01883392,1.69531605598543,0.182244253527538
2024-02-01,0.000756,47222.35818078,1.84129886794577,0.166949607425763
2024-02-02,0.000756,43213.01083262,1.98243702925076,0.159104095445486
2024-02-03,0.000756,39766.02266928,2.1266148441174,0.149842780344316
2024-02-04,0.000756,36568.61032804,2.26367417130223,0.140382894344324
2024-02-05,0.000756,33732.01724696,2.39696058875005,0.131805655957344
2024-02-06,0.000756,31209.39925888,2.52755193157252,0.123366857787386
2024-02-07,0.000756,28977.42595178,2.65738269948956,0.115469605394487
2024-02-08,0.000756,26995.94518238,2.78451740408271,0.106966217351958
2024-02-09,0.000756,25263.81105618,2.90830054011296,0.16328574461021
2024-02-10,0.000757,25167.14339616,3.01781915668619,0.395212285456188
2024-02-11,0.000757,33571.82119586,2.58861854330134,0.372728302912059
2024-02-12,0.000757,34432.25045802,2.2896424297366,0.371401301102623
2024-02-13,0.000757,49112.62574798,2.52358629237203,0.244519086021255
2024-02-14,0.000757,47536.5166169,2.17239334493614,0.231413405585741
2024-02-15,0.000758,43917.73595012,2.31069327060159,0.216040427739173
2024-02-16,0.000758,40246.3358079,2.45656593265798,0.203859667105136
2024-02-17,0.000758,37672.6567609,2.59032369921098,0.282271065390769
2024-02-18,0.000758,34808.56221182,2.77448944522062,0.226488934303724
2024-02-19,0.000758,32298.4115559,2.91632075270877,0.212870127934947
2024-02-20,0.000758,30049.79986066,3.05523057610087,0.198292548623621
2024-02-21,0.000758,28076.84454634,3.19482559060196,0.182841321485651
2024-02-22,0.000758,26309.69188422,3.32578976618426,0.168989841445717
2024-02-23,0.000758,27245.29182558,3.16952411715126,0.380208307046808
2024-02-24,0.000758,27319.4999534,3.22131436337097,0.380853312752714
2024-02-25,0.000758,25921.82951386,3.32250586610602,0.358950873240831
2024-02-26,0.000758,24777.4475946,3.39086519784672,0.392178626264869
2024-02-27,0.000759,25852.2966356,3.26938761036843,0.358143328250771
2024-02-28,0.000759,32879.8384252,2.8675384057769,0.305294560459475
2024-02-29,0.000759,32606.61134062,2.79457223224189,0.272709765118172
2024-03-01,0.000759,32692.370085,2.7956536978619,0.300035050823694
2024-03-02,0.000759,39077.66092524,2.77048599626066,0.248663434042024
2024-03-03,0.00076,37268.11016662,2.76848867084256,0.236139415727131
2024-03-04,0.00076,34727.9370748,2.92215505635773,0.215136076868252
2024-03-05,0.000761,32186.84726738,3.07168256147281,0.200791488719363
2024-03-06,0.000762,35083.1643698,2.8990998288499,0.287427653153212
2024-03-07,0.000762,36925.44187534,2.89348475613919,0.273087364371781
2024-03-08,0.000763,34729.3121482,3.02234423049004,0.254721587984532
2024-03-09,0.000764,73867.88882506,3.34392957953607,0.13775326900297
2024-03-10,0.000764,63202.0403264,2.56367486655837,0.158099326990021
2024-03-11,0.000764,59356.92257798,2.7606369465116,0.143630341832491
2024-03-12,0.000764,54702.2532832,2.92013004424186,0.134904142646467
2024-03-13,0.000765,50535.3225234,3.08200230379219,0.126980671727753
2024-03-14,0.000766,46908.65810246,3.24504327212927,0.118232531143524
2024-03-15,0.000767,43934.92436762,3.38956880803815,0.16066284901135
2024-03-16,0.000768,41322.1015645,3.6338426555004,0.105377000083192
2024-03-17,0.000768,38744.57231198,3.77503132057481,0.0993740617136584
2024-03-18,0.000769,36537.35032608,3.91526665462355,0.0915778486983401
2024-03-19,0.000769,34512.41723724,4.04139407510113,0.0849981008236847
2024-03-20,0.000769,32662.39348488,4.16084288994044,0.0785859028116913
2024-03-21,0.00077,30995.3003305,4.27816185441236,0.0724610891345336
2024-03-22,0.00077,29514.30044292,4.39033784014635,0.0931801451746662
2024-03-23,0.00077,61963.14502878,3.47671451957353,0.214520683122622
2024-03-24,0.000771,50133.38856858,3.12225431332805,0.203883663798581
2024-03-25,0.000771,47172.67219526,3.25797465328756,0.192388601655514
2024-03-26,0.000771,85090.73372228,3.36345213867938,0.148672772305495
2024-03-27,0.000771,71453.76412824,2.99568672429675,0.162293092344128
2024-03-28,0.000772,66399.17765296,3.15539074105777,0.146344965457066
2024-03-29,0.000772,61289.45073434,3.32198334820323,0.135362221077169
2024-03-30,0.000773,56737.54525832,3.47216612109442,0.126833429737511
2024-03-31,0.000774,53256.1344242,3.58725869058172,0.214306001428707
2024-04-01,0.000791,49586.88856364,3.80556053679017,0.12386327712652
2024-04-02,0.000807,46508.74092196,3.95986131615619,0.118263653045979
2024-04-03,0.000823,81746.46354192,3.25994805614243,0.13513028578093
2024-04-04,0.000838,63537.37489288,3.3754245431382,0.142115544987866
2024-04-05,0.000852,59589.40165414,3.52905974556618,0.118455797911332
2024-04-06,0.000865,55576.7999656,3.67664038531323,0.110513641012107
2024-04-07,0.000877,51874.13982142,3.8233196876665,0.102497130522143
2024-04-08,0.00089,48515.47720614,3.96423871217038,0.0954213798687342
2024-04-09,0.000903,47630.61747324,3.9580121598448,0.302167716555134
2024-04-10,0.000915,44351.70911516,4.22789064324705,0.174654978907053
2024-04-11,0.000927,59386.94501388,3.70780290295343,0.182920334721058
2024-04-12,0.000938,94698.7840901,3.52654467835889,0.10696766043334
2024-04-13,0.000949,72773.467906,3.52270580084399,0.114001385652201
2024-04-14,0.000959,68933.16291448,3.6943552698422,0.103729197641358
2024-04-15,0.000968,64119.53513466,3.84874654817331,0.102938243487548
2024-04-16,0.000977,59812.89691742,4.04616614263195,0.0904256827330626
2024-04-17,0.000986,56031.85758944,4.1907713047917,0.0842571626768582
2024-04-18,0.000994,52851.03780056,4.337185139959,0.0849918303771209
2024-04-19,0.001001,49949.86210546,4.51660324274127,0.0963517554831031
2024-04-20,0.001008,47446.40347342,4.65058315839708,0.0734200914080138
2024-04-21,0.001014,46152.82609026,4.68658290603893,0.143010794335581
2024-04-22,0.001019,43685.30270974,4.83168832095421,0.166827023459657
2024-04-23,0.001024,41573.32747468,4.92940509765095,0.15214893837527
2024-04-24,0.001029,39587.99649976,5.03072854675046,0.137780597713074
2024-04-25,0.001033,37887.48906176,5.11981727381828,0.124608029112307
2024-04-26,0.001037,36342.2732464,5.20255271920089,0.112249016244577
2024-04-27,0.00104,34995.1596722,5.29803926704999,0.100852663427157
2024-04-28,0.001043,33658.8175063,5.37084573117174,0.0912390121674713
2024-04-29,0.001045,32414.10106462,5.43992397964306,0.0834300792302939
2024-04-30,0.001046,31759.3827831,5.41351864279581,0.456057555618095
2024-05-01,0.001048,30989.47918644,5.73141763472159,0.318001236507134
2024-05-02,0.001049,29756.22168976,5.84264747563125,0.260323602262505
2024-05-03,0.00105,28749.66796096,5.87661343808989,0.234363042701903
2024-05-04,0.001051,32421.34311786,5.24361089551374,0.327990759708597
2024-05-05,0.219195,54500.66752276,4.13946689856204,0.184181887603634
2024-05-06,0.429794,73022.17284828,3.64880116199221,0.138093283268241
2024-05-07,0.632849,58067.9746086,3.43839541547278,0.166552211355546
2024-05-08,0.828359,52425.31507592,3.54006595766259,0.148632060460025
2024-05-09,1.016328,53724.5760958,3.6344711673819,0.179164071631502
2024-05-10,1.196757,49491.36679812,3.80364416339277,0.17874441770996
2024-05-11,1.369645,46377.83393428,3.98487486978987,0.168013077347291
2024-05-12,1.534996,39976.40889948,3.98891954054618,0.150200764533357
2024-05-13,1.69281,35645.98191242,4.05046233134325,0.146588160562899
2024-05-14,1.843088,46119.87016444,3.91573030357842,0.157026748214566
2024-05-15,1.985832,50504.79589392,3.42782775369737,0.207829641407651
2024-05-16,2.121043,47051.02403514,3.57131375832552,0.206524418102839
2024-05-17,2.248721,44630.25315022,3.69313309349193,0.222861479779686
2024-05-18,2.368869,109387.95984982,3.65846657830924,0.08506112878213
2024-05-19,2.481488,81667.85517922,3.41237738873433,0.111688009927324
2024-05-20,2.586578,68890.90232532,3.25882871122573,0.113772909273091
2024-05-21,2.684141,68346.73994516,3.66837857666911,0.0999247546478424
2024-05-22,2.775808,64311.2662024,3.91638395529834,0.101918636143342
2024-05-23,2.862943,63930.41670638,3.94401661634777,0.22297567127507
2024-05-24,2.944454,63913.13661732,3.90492213821918,0.190046715634175
2024-05-25,3.01823,58424.1186192,4.16274399046005,0.194564739848114
2024-05-26,3.085082,54681.12298862,4.36218910810668,0.157588691837828
2024-05-27,3.142259,53921.11992044,4.36671942658862,0.214213216955486
2024-05-28,3.193472,42350.74813926,4.29452567028909,0.200223601059345
2024-05-29,3.236621,37256.74289318,4.30593813474142,0.198073154198105
2024-05-30,3.27233,32765.43231832,4.30723346632272,0.194448019428015
2024-05-31,3.301174,28865.03661922,4.3033017916662,0.192140043096535
2024-06-01,3.321455,25512.69934158,4.27228351577673,0.18684503180857
2024-06-02,3.336065,25827.04112082,4.40485634524703,0.227164227313304
2024-06-03,3.343259,26737.24804006,4.62347876919807,0.344575169673271
2024-06-04,3.348562,26321.05915766,4.65827422694415,0.370920527229572
2024-06-05,3.354305,28690.76898366,4.26234169985638,0.338686821727718
2024-06-06,3.359676,31296.12055464,3.88114612441929,0.320743774055783
2024-06-07,3.365537,27341.82197826,3.71489831806973,0.326897640804872
2024-06-08,3.369971,24445.27569694,3.7538227303154,0.316881139572079
2024-06-09,3.374347,21984.6735192,3.79242765407389,0.302310065882745
2024-06-10,3.378862,19519.76277814,3.7922994014507,0.29352162549928
2024-06-11,3.384342,17410.81270456,3.80937838947801,0.284321261965186
2024-06-12,3.38933,15620.10045152,3.82353631625898,0.272900136156627
2024-06-13,3.393276,15065.39584196,3.95823318587571,0.352924711423199
2024-06-14,3.395924,14299.98415174,4.67653686258546,0.246808319684085
2024-06-15,3.397533,13004.71084472,4.74404703162228,0.229095881913409
2024-06-16,3.398936,12509.5010776,4.83658214861498,0.219844643118863
2024-06-17,3.401996,12084.78674012,5.03311157805306,0.231363832902213
2024-06-18,3.403924,11125.67304362,5.0797391329425,0.185391939158485
2024-06-19,3.405301,10211.61591886,5.06762064213801,0.175055097469781
2024-06-20,3.407393,9467.88455258,5.06872062005897,0.164600287566385
2024-06-21,3.409047,8927.80155684,5.08784359629938,0.154021501401596
2024-06-22,3.409067,8546.95206082,5.11613190396259,0.144796185961205
2024-06-23,3.408881,8105.78267832,5.12881409603945,0.147022234285585
2024-06-24,3.408694,7598.05974326,5.12767921238847,0.150814094482014
2024-06-25,3.408509,7135.98924508,5.11927854784631,0.160579628226045
2024-06-26,3.40834,7176.2788957,5.07137610577077,0.434324402005557
2024-06-27,3.408153,7539.7566311,5.62327122404936,0.267485333900726
2024-06-28,3.407988,8041.4292432,5.1812585499316,2.41108071135431
2024-06-29,3.4083,7865.419848,5.2039627039627,2.14452214452214
2024-06-30,3.408455,7643.29965812,5.27123787135541,1.91299758926323
2024-07-01,3.408269,6956.0379728,5.31760674749605,1.79889298892989
2024-07-02,3.408239,6374.06107414,5.29256524021487,1.69707254985151
2024-07-03,3.409187,5948.5675284,5.28586839266451,1.57189089227924
2024-07-04,3.410569,8071.95587268,4.40643703224194,1.10160925806049
2024-07-05,3.41039,15244.56790598,2.1678277524046,0.953122604039195
2024-07-06,3.410203,13594.93818378,2.3128715007704,0.927171519988132
2024-07-07,3.410017,12490.34172156,2.46603694651782,0.928433552781264
2024-07-08,3.409901,11567.30078392,2.67867049182926,0.85590654768509
2024-07-09,3.409917,10658.74395276,2.87259935839547,0.799855509972392
2024-07-10,3.409731,9859.32211378,3.07297502103663,0.80427334136057
2024-07-11,3.409544,8908.55052924,3.19513475133517,0.746045956430916
2024-07-12,3.409357,8338.76594806,3.35848994376865,0.736559169337152
2024-07-13,3.409299,7683.81848764,3.58510600221907,0.691967215070569
2024-07-14,3.409112,7141.07701666,3.69711868649589,0.661116709564369
2024-07-15,3.408925,6692.20722312,3.8081148461686,0.636968850168488
2024-07-16,3.408739,6451.93606436,3.87178357795428,0.753044145436979
2024-07-17,3.408552,6676.8980726,3.92668359991762,0.686483146838745
2024-07-18,3.408365,7573.62927252,3.45570524226249,1.99716765314645
2024-07-19,3.408178,8231.14353662,3.16852193185172,1.90445430701808
2024-07-20,3.407992,10143.18309932,2.9101557204443,1.39633248077219
2024-07-21,3.407831,15551.75930354,1.69470045064295,0.901875370255207
2024-07-22,3.407915,15671.66570402,1.86891833792032,0.792608559587493
2024-07-23,3.408658,20618.58393208,1.85623204901342,0.618003005539797
2024-07-24,3.410455,24311.7560698,1.1462830640448,0.493957504571935
2024-07-25,3.414588,23537.08555202,1.38264373165806,0.457635601323443
2024-07-26,3.417967,22767.18195536,1.2260625875759,0.473111179113853
2024-07-27,3.422245,20482.81835172,1.35608695068409,0.454266750806715
2024-07-28,3.425664,18053.61368328,1.42176725670008,0.434146787313774
2024-07-29,3.427371,16888.78900614,1.56053660747483,0.420666389841042
2024-07-30,3.430395,16319.50861854,1.59250427616889,0.592625048098123
2024-07-31,3.431394,14509.0869801,1.69012304727606,0.581275963922981
2024-08-01,3.431226,13017.5906989,1.77813770884315,0.563370363197831
2024-08-02,3.431067,12019.69993252,1.90669402137023,0.610142086838472
2024-08-03,3.43088,12697.1985967,1.95657274876812,0.494558056422937
2024-08-04,3.430915,17489.5585746,1.51479414000052,0.594910501349687
2024-08-05,3.431859,18115.30864316,1.2828233246125,0.546528280308282
2024-08-06,3.431905,16035.83097612,1.34341753988807,0.525933675190222
2024-08-07,3.435195,14484.24398734,1.48099859811458,0.534805049319152
2024-08-08,3.437189,28331.095618,2.77948552014237,0.245914900501537
2024-08-09,3.437003,53756.8903207,1.22866777795304,0.184172269283732
2024-08-10,3.43693,51350.09934868,0.580198624304431,0.184770946509257
2024-08-11,3.438924,45114.59983748,0.643118831697935,0.180845421867666
2024-08-12,3.441774,39432.15484776,0.668377713613517,0.176684195598704
2024-08-13,3.445843,34564.34917598,0.700180747416426,0.172392987053287
2024-08-14,3.449511,30328.57307462,0.729961204753362,0.16926636631962
2024-08-15,3.452705,27031.651255,0.818991097922849,0.196693514200933
2024-08-16,3.455815,24611.522071,1.01312971412608,0.186237079802589
2024-08-17,3.459462,23212.65990118,1.03074258882256,0.444285598630416
2024-08-18,3.460974,20867.70139638,1.12680139960595,0.428316321487641
2024-08-19,3.463513,18787.99455044,1.22713455542598,0.412297693572547
2024-08-20,3.466654,16548.45833964,1.24640619546973,0.393310399459337
2024-08-21,3.470339,14689.12992394,1.26999778452475,0.380687296589728
2024-08-22,3.47361,13065.58076056,1.2909925206629,0.368353844210881
2024-08-23,3.476996,11660.3932531,1.31684978085261,0.357711433007724
2024-08-24,3.480008,10439.14473078,1.34796334593481,0.342479286589301
2024-08-25,3.482498,9386.20519262,1.39174427065275,0.332065299664516
2024-08-26,3.483747,8480.58185138,1.44307943422639,0.318882721420812
2024-08-27,3.483679,7687.1186638,1.49663108938048,0.304096356806392
2024-08-28,3.483489,6995.9151014,1.55932647579113,0.294830636178995
2024-08-29,3.483298,7196.95083248,1.94884597748,0.318438885209151
2024-08-30,3.483107,12511.83870238,1.20525623601042,1.19426605756655
2024-08-31,3.482927,18124.88832118,0.776368064213478,0.783954722821428
2024-09-01,3.484021,23336.00398516,0.601034722522303,0.569608070364274
2024-09-02,3.486191,22546.25349576,0.620054808779163,0.550933944849682
2024-09-03,3.489343,19922.01758342,0.687927222361546,0.524573266549941
2024-09-04,3.492923,17395.09103202,0.708810594742154,0.516456790221049
2024-09-05,3.49764,15296.5456805,0.734137388568432,0.503408495018353
2024-09-06,3.501172,13469.94401172,0.758828613623526,0.49340873980005
2024-09-07,3.503831,11887.18869254,0.78274717266323,0.48198717528524
2024-09-08,3.506619,10499.28127414,0.803272462161065,0.467120399191489
2024-09-09,3.508988,9293.47940968,0.823650101599953,0.45867939789698
2024-09-10,3.511116,8246.63603026,0.844834006792021,0.444649477258958
2024-09-11,3.512958,7337.98752754,0.874491701698388,0.430999481551348
2024-09-12,3.51461,6538.97821058,0.897231899397873,0.420577452842753
2024-09-13,3.516681,5894.98550158,0.95637231652036,0.404320003732185
2024-09-14,3.518381,5364.8488701,1.46952026998163,0.512623349993592
2024-09-15,3.519834,4881.60224156,1.50231920527314,0.431916771516028
2024-09-16,3.520897,4394.68875062,1.52275263613513,0.41719250305072
2024-09-17,3.522541,5813.48948474,2.98029692587891,0.275953419062862
2024-09-18,3.523625,22343.7968555,0.367198317862454,0.767218831734961
2024-09-19,3.525376,25011.11840104,0.287720738617621,0.659741821034035
2024-09-20,3.527116,23624.81523494,0.339526951649422,0.644131131129189
2024-09-21,3.528638,24028.0325916,0.282324215024226,0.591354774712907
2024-09-22,3.529838,21099.99712942,0.312812948718227,0.57131809383954
2024-09-23,3.530523,19174.29850428,0.377695863991241,0.564153315835019
2024-09-24,3.532236,20580.81524936,0.449876617996846,0.579049112273169
2024-09-25,3.533853,30829.23729956,0.346415859601964,0.376151126520587
2024-09-26,3.535892,48257.69677942,0.68956412138988,0.23080451996934
2024-09-27,3.535836,72505.14524988,0.669470985165433,0.147296260192206
2024-09-28,3.535633,79021.61809248,0.243037187589906,0.128769106551215
2024-09-29,3.53857,71223.0726475,0.312766470919476,0.129354034269166
2024-09-30,3.540952,64758.48590786,0.3425731347636,0.147929308193373
2024-10-01,3.542795,60863.7280097,0.412692555342599,0.155889341160434
2024-10-02,3.544859,56169.96079458,0.389241273284095,0.167283985373668
2024-10-03,3.318745,49582.80917922,0.426161706643593,0.163623909058386
2024-10-04,3.102138,44060.42273326,0.462930694593698,0.166446991314588
2024-10-05,2.893882,38621.18239222,0.458106406487546,0.154284541045029
2024-10-06,2.692468,34069.5060951,0.47894846595228,0.15068041625465
2024-10-07,2.499643,30120.24945452,0.503702441206816,0.147610685187496
2024-10-08,2.314457,26669.59442878,0.525907835511153,0.144366856806983
2024-10-09,2.137513,23651.90418092,0.548434732390982,0.141469029910041
2024-10-10,1.968771,21045.81923746,0.577144636801791,0.137207970258539
2024-10-11,1.807725,18767.96431458,0.608116523918029,0.134322926969846
2024-10-12,1.654987,16774.19955614,0.639408901992824,0.131160800408785
2024-10-13,1.510401,15029.04806842,0.670958769583609,0.128092128738689
2024-10-14,1.373643,13501.24984946,0.706145160359455,0.122217431600675
2024-10-15,1.245249,12265.70056378,0.773539710240246,0.160686992948457
2024-10-16,1.123831,11229.94944312,1.08569656005616,0.151017942564203
2024-10-17,1.010079,10167.01770492,1.12707042837693,0.144265014832247
2024-10-18,0.904822,9223.39650206,1.16286581820531,0.139146337221148
2024-10-19,0.807863,8393.86055562,1.20679957843924,0.136515789416204
2024-10-20,0.719143,7656.91288478,1.24512873314138,0.13169630831303
2024-10-21,0.638636,7008.70328402,1.29488780908907,0.124256910973193
2024-10-22,0.566147,6429.01817436,1.34034877586231,0.121201751008826
2024-10-23,0.501644,5912.95312734,1.38756463027992,0.116276365665915
2024-10-24,0.445152,5457.84966772,1.44447990325344,0.109175806641248
2024-10-25,0.396667,5043.44838074,1.49046195232339,0.109058191633419
2024-10-26,0.356262,4683.17914994,1.55618411909213,0.107660536540965
2024-10-27,0.323913,4361.5036459,1.60790289527613,0.094582523251537
2024-10-28,0.299453,4068.70468326,1.66728626629265,0.0901235819617651
2024-10-29,0.283143,3801.89460788,1.72401321341596,0.096448291659634
2024-10-30,0.275031,3558.73579498,1.77741141922438,0.090158550250512
2024-10-31,0.000661,3359.12097308,1.85574325246295,0.0818710258439538
2024-11-01,0.000661,3172.56934848,1.90707350901526,0.303398058252427
2024-11-02,0.000662,3024.74895798,2.89433407585883,0.196996560136988
2024-11-03,0.000662,2861.02355182,2.89975808648008,0.192249154904757
2024-11-04,0.000663,2712.69896774,2.90623996755825,0.168967439974317
2024-11-05,0.000663,2578.44596812,2.93312475557294,0.159988623031251
2024-11-06,0.000664,2460.51050618,3.01782753674485,0.167657085374714
2024-11-07,0.000664,2360.95519202,3.00918286124755,0.271797161661069
2024-11-08,0.000665,2320.75721296,3.23905830304945,0.237004266076789
2024-11-09,0.000666,2271.98794304,3.20771465461588,0.201743060038735
2024-11-10,0.000666,2421.13757116,3.12369845897543,0.24610957555564
2024-11-11,0.000666,5603.33243344,1.42333616909888,4.63811268896015
2024-11-12,0.000667,14124.0664281,0.493274270229924,2.12237745217349
2024-11-13,0.000667,12422.8714534,0.546065011253367,2.05512304910895
2024-11-14,0.000667,13686.24305754,0.807118720130747,1.63433168225645
2024-11-15,0.000667,22203.12684668,0.309657601268358,0.976453635999554
2024-11-16,0.000667,19998.19664978,0.336923362540998,0.955762191697933
2024-11-17,0.000667,17515.27244718,0.366366507820616,0.931617691315282
2024-11-18,0.000667,15375.70407256,0.402442078151271,0.906239938948046
2024-11-19,0.000668,13531.45562848,0.440355536285296,0.880711072570592
2024-11-20,0.000668,12248.37463894,0.508938227622622,0.916837248290754
2024-11-21,0.000668,11713.42525056,0.528268219383922,1.08784122213874
2024-11-22,0.000668,10391.75053426,0.586634438529091,1.03653453424313
2024-11-23,0.000668,9226.37582776,0.635892136796296,1.00351727838165
2024-11-24,0.000668,8218.53869712,0.697140052648017,0.964841832864855
2024-11-25,0.000668,7335.5582312,0.749812546863284,0.92476880779805
2024-11-26,0.000668,6661.26807162,0.805069875936668,1.01837898836433
2024-11-27,0.000668,6097.35047028,0.92463127508908,0.856975328131343
2024-11-28,0.000668,5984.5486157,1.00333167387891,0.819515184007965
2024-11-29,0.000668,7005.72395832,0.785114234121065,0.811284708591767
2024-11-30,0.000668,6279.0435022,0.854076939922622,0.773779107964085
2024-12-01,0.000668,5657.18947494,0.915550586195442,0.818323975272032
2024-12-02,0.000668,5120.91084894,1.02933147158598,0.72500738433447
2024-12-03,0.000668,4624.41767998,1.10019724256871,0.693818080899188
2024-12-04,0.000668,4190.5361865,1.18129614438064,0.656275635767022
2024-12-05,0.000668,3840.21331996,1.26518822658805,0.763887231147502
2024-12-06,0.000668,3526.3757343,1.42977838435043,0.610905309677
2024-12-07,0.000668,3229.45155146,1.51865676937707,0.581915210695885
2024-12-08,0.000668,2966.07915958,1.5916922934277,0.556319636537837
2024-12-09,0.000668,3754.54624714,1.48938507929144,0.598195646600662
2024-12-10,0.000668,7547.59454948,0.643727302539686,1.58502666002696
2024-12-11,0.000668,11710.5834322,1.08810520959724,0.892402833770402
2024-12-12,0.000668,29702.0437978,0.203700560176541,0.361105538494776
2024-12-13,0.000668,26000.02535454,0.241519066784429,0.352582579247342
2024-12-14,0.000668,22728.08403502,0.270238112043948,0.346872800534023
2024-12-15,0.000668,20246.1223838,0.312422177446741,0.37581218446492
2024-12-16,0.000668,20587.96563104,0.425230648665978,0.434136002564742
2024-12-17,0.000668,24268.4412577,0.302191835154354,0.409847676428092
2024-12-18,0.000668,22187.54268148,0.314006767672177,0.41729846756434
2024-12-19,0.000668,19763.9299782,0.375704445835942,0.417449384262158
2024-12-20,0.000668,18247.40736112,0.406928842714467,0.462190784317666
2024-12-21,0.000668,16669.64814196,0.409698582827855,0.497687540213703
2024-12-22,0.000668,14733.77397366,0.454196181641141,0.485305509150809
2024-12-23,0.000668,13046.87976232,0.49886876238389,0.470763479996065
2024-12-24,0.000668,11609.10301528,0.548808414535921,0.493532746884821
2024-12-25,0.000668,10372.4078351,0.63191851344484,0.450739079520095
2024-12-26,0.000668,9261.119349,0.68794852759218,0.435535758475625
2024-12-27,0.000668,8304.5266204,0.756154100894138,0.44706921293741
2024-12-28,0.000668,8643.89473552,1.03402197429262,0.403003436134561
2024-12-29,0.000668,14507.2535489,0.81515299916273,0.717208258953255
2024-12-30,0.000668,21218.2992776,0.46444310031971,0.496846107318759
2024-12-31,0.000668,20881.49796616,0.397302731511155,0.47632426927028
2025-01-01,0.000668,18404.76159386,0.440806202168169,0.463220076854686
2025-01-02,0.000668,16245.20881916,0.490940178657081,0.451439244742144
2025-01-03,0.000668,14404.94808794,0.544112920931801,0.467746195186987
2025-01-04,0.000668,12807.80033384,0.619121920494725,0.429448730979
2025-01-05,0.000668,11842.49880704,0.731514738667327,0.429619767153827
2025-01-06,0.000668,17070.66538118,1.30225464582701,0.558492714086636
2025-01-07,0.000668,29898.31260776,0.377131714017649,0.332673097324511
2025-01-08,0.000668,26379.95813496,0.430905666409513,0.32491677265556
2025-01-09,0.000668,23280.49685558,0.484336822789819,0.315015819700696
2025-01-10,0.000667,20630.04287708,0.535453224494874,0.337713237025813
2025-01-11,0.000667,19126.49178574,0.623078342515751,0.313935626421397
2025-01-12,0.000667,19645.30697956,0.56229322308342,0.482965548457543
2025-01-13,0.000667,17431.16379088,0.617939710120538,0.46805646128279
2025-01-14,0.000667,15496.11466662,0.680314364394121,0.452556946749133
2025-01-15,0.000667,13814.2165553,0.743235396585762,0.437978001559467
2025-01-16,0.000667,12349.90089164,0.812802945390034,0.41939147410536
2025-01-17,0.000667,11079.1955627,0.885340173344641,0.405436154148481
2025-01-18,0.000667,10086.20922478,0.954324224838787,0.522606123126003
2025-01-19,0.000667,10408.1597435,1.08334250798194,0.532863591324452
2025-01-20,0.000667,13675.70082814,0.730653599809628,0.777576308054283
2025-01-21,0.000667,12227.70270216,0.798434618325761,0.745955347637683
2025-01-22,0.000667,10993.0242963,0.879771509579503,0.712990180749265
2025-01-23,0.000667,9882.46918268,0.960084598758847,0.681799207814254
2025-01-24,0.000667,8890.39956036,1.0362854579763,0.649611779626937
2025-01-25,0.000667,8043.07933128,1.12266064874969,0.6211675670747
2025-01-26,0.000667,7277.5759695,1.20296016375374,0.592032750747914
2025-01-27,0.000667,6610.75704206,1.28963370242742,0.561614676863555
2025-01-28,0.000667,6018.60460024,1.37082279830627,0.533097754896884
2025-01-29,0.000667,5496.1683798,1.45108831623718,0.508714869485447
2025-01-30,0.000667,5037.39805778,1.52864851093257,0.473153110526747
2025-01-31,0.000667,11512.1145048,1.85140946010511,0.410097149227584
2025-02-01,0.000667,34690.67258566,0.59457195443729,0.417521639115964
2025-02-02,0.000667,34091.09474748,0.43293186297841,0.392596596241291
2025-02-03,0.000667,30000.52639716,0.482795077934737,0.381958131277482
2025-02-04,0.000667,26415.20584978,0.537913347365352,0.373068934463067
2025-02-05,0.000667,23330.91621358,0.595272007874093,0.361485311712321
2025-02-06,0.000667,21396.18793978,0.691943676213204,0.389887768021063
2025-02-07,0.000667,21469.75436668,0.681033120839614,0.520915615940018
2025-02-08,0.000667,20467.5092012,0.730057777578716,0.532986966453173
2025-02-09,0.000667,19610.838473,0.705854855673717,0.535234311090335
2025-02-10,0.000667,17830.71428514,0.799459144038888,0.51669224421806
2025-02-11,0.000667,22575.22170872,1.47607020165515,0.422314445590469
2025-02-12,0.000667,44039.017424,1.77560366361366,0.222731057452123
2025-02-13,0.000667,66632.52760894,1.76649884469049,0.14445668122469
2025-02-14,0.000667,61197.641667,0.552746882372767,0.14754896453582
2025-02-15,0.000667,72688.99256346,1.42888040977213,0.121700758643434
2025-02-16,0.000667,80681.24001472,1.13792335520934,0.117030559746941
2025-02-17,0.000667,72559.27730606,0.741617167616219,0.120023221334822
2025-02-18,0.000667,64534.66979412,0.814657297042375,0.117191328693977
2025-02-19,0.000667,57961.635599,0.875410224981218,0.147878692024831
2025-02-20,0.000667,52318.38020118,0.939171969221092,0.16733381168025
2025-02-21,0.000667,46714.9102604,1.01650346356875,0.161894856649463
2025-02-22,0.000667,41732.14845238,1.09503762338394,0.157061564838419
2025-02-23,0.000667,37382.19542304,1.17709375551763,0.150815137425696
2025-02-24,0.000667,33570.76697292,1.26294691253854,0.146092237450404
2025-02-25,0.000667,30236.16814214,1.35523744699945,0.139465151145358
2025-02-26,0.000667,27323.12098002,1.44939935481598,0.134203643964443
2025-02-27,0.000667,24750.31281284,1.54450736881873,0.12778298375119
2025-02-28,0.000667,22536.0779526,1.65354811153823,0.122033070962231
2025-03-01,0.000667,20523.79553904,1.75314001893838,0.11836486752068
2025-03-02,0.000667,18749.95085304,1.85543723781865,0.112450741685979
2025-03-03,0.000667,17198.18052114,1.96155250484392,0.106606114393691
2025-03-04,0.000667,15816.46093304,2.06625940394357,0.101429283503541
2025-03-05,0.000668,22131.89804456,1.99854199630529,0.345861671899464
2025-03-06,0.000668,28789.63676112,1.29277953969406,0.515838141454282
2025-03-07,0.000668,25981.64520676,1.39545058411339,0.490436488474743
2025-03-08,0.000668,23391.1444285,1.49512565521971,0.489883897516289
2025-03-09,0.000668,21113.5645203,1.64555450627938,0.447208744450595
2025-03-10,0.000668,19109.25753246,1.74859141247329,0.42455511660874
2025-03-11,0.000669,17364.10604474,1.8662576913838,0.401232205219714
2025-03-12,0.000669,15811.46483302,1.96834986186764,0.379755275264597
2025-03-13,0.000669,14448.95043674,2.0714836327415,0.358465008422342
2025-03-14,0.00067,13256.3951127,2.18176788894075,0.335390626350639
2025-03-15,0.00067,12408.34151114,2.25330885476501,0.554092341335658
2025-03-16,0.000671,12806.65443934,2.41944431520062,0.601282019162285
2025-03-17,0.000671,13775.21030652,2.14285238941351,0.974931288972296
2025-03-18,0.000672,12619.69029272,2.28094899100696,0.900756926384914
2025-03-19,0.000672,11582.33491976,2.38234688870245,0.84292340081997
2025-03-20,0.000673,10821.32346442,2.45670065102567,0.872552300191877
2025-03-21,0.000673,10085.65919542,2.68588750176105,0.740777771213285
2025-03-22,0.000673,9345.77803466,2.78572024110213,0.686621186187143
2025-03-23,0.000674,8694.1307504,2.87853226486714,0.637916490932096
2025-03-24,0.000674,8845.80134642,2.76181544025825,0.715066661830467
2025-03-25,0.000674,9523.71253262,2.65185605860072,0.842241034945784
2025-03-26,0.000675,8831.8672693,2.79731167449464,0.768093001530996
2025-03-27,0.000675,8198.8751475,2.89587700908456,0.709993011879804
2025-03-28,0.000675,7639.54112416,2.99390419506576,0.659978880675818
2025-03-29,0.000676,7170.64109476,3.08740619526726,0.703135986499789
2025-03-30,0.000676,6741.57235818,3.43348223087958,0.571113876027495
2025-03-31,0.000677,8151.893473,2.95754849592353,0.551026145628338
2025-04-01,0.000692,11328.72554902,1.9987133788371,0.894161248427126
2025-04-02,0.000706,10345.86891848,2.14871785783905,0.841765758741073
2025-04-03,0.000719,9566.1564649,2.26635681943413,0.833712656620589
2025-04-04,0.000733,8828.38375002,2.4349848657124,0.737244884714629
2025-04-05,0.000745,9085.06411802,2.45700245700246,0.676054064144413
2025-04-06,0.000757,10501.48139158,2.0164898237099,0.672163274569968
2025-04-07,0.000769,12474.48254168,2.22298975587531,0.529108305530651
2025-04-08,0.00078,17002.87426256,1.34788328409066,0.439409950613556
2025-04-09,0.00079,15668.41136364,1.42465144308123,0.447580432836607
2025-04-10,8e-04,14690.8258478,1.54129356338336,0.449283953698793
2025-04-11,0.000809,17597.7310154,1.7372958612247,0.419347276847342
2025-04-12,0.000818,21416.17233986,1.21779739190175,0.35528008269893
2025-04-13,0.000826,19740.96625242,1.28398914297788,0.36453217983278
2025-04-14,0.000835,17644.43767522,1.38719674554292,0.350695806457479
2025-04-15,0.000843,16370.9363637,1.49230747693643,0.375176739042179
2025-04-16,0.000851,15889.29398746,1.55196635290792,0.464436027543076
2025-04-17,0.000858,14306.4928325,1.66599919903885,0.442130556668002
2025-04-18,0.000865,12933.7112215,1.78258173119518,0.421724107380172
2025-04-19,0.000871,11738.7724369,1.90156381171785,0.402178793854083
2025-04-20,0.000877,10697.97938044,2.02658120463757,0.381322890513201
2025-04-21,0.000882,9789.74339974,2.14904744291446,0.360515584105477
2025-04-22,0.000887,9160.23479722,2.24169247782075,0.530400452341518
2025-04-23,0.000891,8729.37846522,2.64637777042673,0.787612431674621
2025-04-24,0.000895,8065.40135614,2.76194427237544,0.733108664889778
2025-04-25,0.000899,8457.29727514,2.6285410784064,0.699137730132836
2025-04-26,0.000902,11095.65060772,2.06135313994894,0.689871692127201
2025-04-27,0.000904,11153.2203474,1.97262976205154,0.665762544692393
2025-04-28,0.000906,10121.82362584,2.09665440976688,0.629449164055283
2025-04-29,0.000908,9224.77157546,2.2260095301033,0.596252552706241
2025-04-30,0.000909,8442.62982554,2.35079508993284,0.559196060653771
2025-05-01,0.000909,7760.50174758,2.48064213193472,0.525659880338549
2025-05-02,0.000909,7203.73452792,2.60237713471278,0.661729149169021
2025-05-03,0.000909,6986.5187665,2.93258979826144,0.551090700344432
2025-05-04,0.00091,9138.14195126,2.51796937306575,0.993143298539879
2025-05-05,0.202024,13437.49227948,1.64753075049631,0.743606011611169
2025-05-06,0.396181,12685.052115,1.70912375790425,0.744354110207769
2025-05-07,0.583383,11323.77528478,1.83362949350539,0.70026027014665
2025-05-08,0.763631,10909.09898312,1.91593418598007,0.668055999058839
2025-05-09,0.936925,11607.13207674,1.7770195827558,0.773990751600305
2025-05-10,1.103267,10337.25179184,1.87559859529637,0.731616473342556
2025-05-11,1.262659,9263.50280956,1.96435463280918,0.702615510979604
2025-05-12,1.4151,10723.14322366,2.10731490465789,0.568504832291075
2025-05-13,1.560594,46087.09758174,2.97568432285777,0.202887567467575
2025-05-14,1.69914,69219.04067434,1.36741111662196,0.133099096581605
2025-05-15,1.830739,62357.65358724,0.948210088073281,0.144804176240648
2025-05-16,1.955394,55423.66262462,1.06435854410306,0.14141826809761
2025-05-17,2.073104,50820.6502539,1.17068243209726,0.155128950940469
2025-05-18,2.183871,44891.15040998,1.12621006319233,0.190934978981837
2025-05-19,2.287697,39420.74173854,1.16389529360741,0.187199942328465
2025-05-20,2.384581,34636.40302214,1.19630046727179,0.183944430255286
2025-05-21,2.474527,32565.72582486,1.34274096500006,0.190010513915103
2025-05-22,2.557541,32895.56009774,1.31952407957274,0.270314330978998
2025-05-23,2.633641,28676.78907076,1.33303071085381,0.26692581380406
2025-05-24,2.702894,25200.46600822,1.34230873464666,0.261913899443251
2025-05-25,2.76766,22211.3314513,1.35579929217784,0.255889059710887
2025-05-26,2.828151,20880.67292212,1.51244418883382,0.261220404167234
2025-05-27,2.878934,26051.04057768,1.37061982278713,0.337816438992462
2025-05-28,2.923348,38281.90594866,0.988988226729742,0.252635007070188
2025-05-29,2.963931,41811.21517288,0.806844143144675,0.228021170888712
2025-05-30,2.9983,38268.33855778,0.871959669469793,0.239549359744449
2025-05-31,3.026204,34083.66935112,0.953464478405173,0.242064324559846
2025-06-01,3.046496,29757.7342705,0.964226577842813,0.23566560129385
2025-06-02,3.059115,26185.93527822,0.978471868496182,0.231052391129689
2025-06-03,3.064551,23147.02306422,1.00594258602492,0.225743021273309
2025-06-04,3.068803,20539.33386846,1.04216180510458,0.21869776638169
2025-06-05,3.072487,18453.57669956,1.12269685694557,0.223545834347569
2025-06-06,3.075164,16885.03047218,1.40886744973275,0.211737304584113
2025-06-07,3.076137,16507.5269881,1.43553291035555,0.313762512321426
2025-06-08,3.079146,17791.6163648,1.25721352019786,0.597691673536686
2025-06-09,3.081015,15842.35814874,1.30774549883836,0.567075481797166
2025-06-10,3.082813,14520.45425354,1.41101602623795,0.552411195954456
2025-06-11,3.084001,13078.96480832,1.50695301110239,0.511663115397555
2025-06-12,3.08392,11765.31135352,1.55833632014461,0.490875940845553
2025-06-13,3.08442,11571.7010188,1.65174681137606,0.475322823417571
2025-06-14,3.087167,13842.58890312,1.34766426934743,0.754956887988239
2025-06-15,3.089501,18292.92229066,1.01228523391556,0.568784029947607
2025-06-16,3.093834,27577.69290214,1.10360783362115,0.367315257876918
2025-06-17,3.09935,40574.0616349,0.739941595449642,0.242881592399501
2025-06-18,3.104209,40281.03349336,0.654292385629691,0.238958958229974
2025-06-19,3.107625,37472.17105918,0.732693928425956,0.24830862682883
2025-06-20,3.110897,33652.44633288,0.709619774556113,0.260148516200034
2025-06-21,3.11495,30123.32045178,0.814058408310395,0.254107951752964
2025-06-22,3.117515,26672.0695609,0.886742681365515,0.245744580300908
2025-06-23,3.117349,23722.03292432,0.950643809994899,0.239593155364568
2025-06-24,3.117179,21294.01998616,1.04181913675383,0.23247203877978
2025-06-25,3.117008,19231.40988616,1.2059908668834,0.25740516526365
2025-06-26,3.116837,17454.17335244,1.3051539136235,0.233719714914469
2025-06-27,3.116666,16644.94265654,1.34933070443324,0.272619877018144
2025-06-28,3.116495,19883.19467776,1.22639421658306,0.550955296547654
2025-06-29,3.116337,26851.0582818,0.967890612997388,0.414810262713166
2025-06-30,3.116238,29969.08305208,1.18225365382145,0.356358475213968
2025-07-01,3.116374,45025.1742307,1.70006566121865,0.233122776298845
2025-07-02,3.116705,52651.92717224,1.22746598787507,0.195872232107725
2025-07-03,3.11765,48653.71791862,1.06172613871777,0.195953005193697
2025-07-04,3.118468,43404.60439302,1.18695740787088,0.190082147167934
2025-07-05,3.119952,37831.7069175,1.22005149174618,0.187793427230047
2025-07-06,3.121949,34184.0955451,1.35962295268807,0.189059996379702
2025-07-07,3.125631,33315.14082786,1.49964847689372,0.209125292190684
2025-07-08,3.125466,35433.67057946,1.42680293949864,0.291052276869623
2025-07-09,3.125295,40529.09673472,1.65908186160973,0.251067602779386
2025-07-10,3.125327,48068.11999334,1.82225091374774,0.205968706106495
2025-07-11,3.128358,43915.85668314,1.47999244348005,0.210831081511262
2025-07-12,3.130975,40281.4001796,1.5975967774971,0.225302109647027
2025-07-13,3.131841,36634.29300078,1.72036068769385,0.23772256775406
2025-07-14,3.132493,42666.09830566,2.03255744499365,0.186926530353538
2025-07-15,3.132338,52825.91979312,2.23513324031847,0.170064485676405
2025-07-16,3.133841,53255.53855906,1.95545655865466,0.170413907840503
2025-07-17,3.136715,51260.07787676,1.92070046551055,0.177941989123184
2025-07-18,3.137746,93297.76763862,3.21447678900151,0.098748255324668
2025-07-19,3.139882,78438.90782134,2.18430050084643,0.11862306090739
2025-07-20,3.141132,69890.94737336,2.18846651259303,0.120014795266564
2025-07-21,3.142037,63467.47532838,2.37384909483914,0.114828721046371
2025-07-22,3.144379,57800.5228323,2.55028607453401,0.11339891438382
2025-07-23,3.147691,49266.1297752,2.4915336236091,0.108853410740203
2025-07-24,3.150436,46594.63717368,2.79276301551513,0.101322504613617
2025-07-25,3.152538,41537.62140206,2.92972952692868,0.0993128653196164
2025-07-26,3.152365,41706.2054009,3.02229353613839,0.228595292915194
2025-07-27,3.152193,39166.81151734,3.15270982079642,0.290227184690984
2025-07-28,3.15202,36005.10524872,3.36335999918526,0.25588015133847
2025-07-29,3.151849,39584.4671447,3.09281334854073,0.267480300828494
2025-07-30,3.151683,41703.50108988,2.98072421047078,0.272573600367535
2025-07-31,3.151599,44325.81189946,2.95846056644024,0.256448172134631
2025-08-01,3.15158,51774.67617882,2.97901234895788,0.216011593802592
2025-08-02,3.151777,47644.78072926,3.01308266640499,0.221267245617225
2025-08-03,3.153519,40298.08440352,2.89700449507725,0.197910790005278
2025-08-04,3.158665,35925.25931996,2.96893779137566,0.19265561087139
2025-08-05,3.162978,36358.59078408,3.17307837768331,0.204226737061858
2025-08-06,3.16762,41910.49547236,3.07208742270567,0.24060492452661
2025-08-07,3.169899,40186.47427922,2.91759671240001,0.230396612941674
2025-08-08,3.173796,37326.8258008,3.10427820619873,0.221032467213517
2025-08-09,3.177039,31985.49068584,3.07239033114177,0.213519663871326
2025-08-10,3.180272,28757.04752154,3.15591662642076,0.205612749903171
2025-08-11,3.182517,27306.665935,3.35543432647923,0.211498111624003
2025-08-12,3.18525,26130.15313396,3.62053178314699,0.243824572605344
2025-08-13,3.187467,25840.10431812,3.69310018199427,0.230597033457856
2025-08-14,3.18959,28900.33016982,3.33693354205028,0.377466817018995
2025-08-15,3.191446,28664.82593218,3.25721440210048,0.359780677698875
2025-08-16,3.193086,26850.1415662,3.43979924546339,0.360197340343809
2025-08-17,3.194969,24911.9756089,3.65406022023716,0.305424973091324
2025-08-18,3.194825,23240.25304074,3.86168158680007,0.299783248822069
2025-08-19,3.195745,21792.57576522,4.06352731838746,0.273425751237251
2025-08-20,3.19961,21190.06443712,4.13364366304423,0.369886481622482
2025-08-21,3.202702,20436.75339282,4.24339884584934,0.322964817020246
2025-08-22,3.204606,19495.92817254,4.38234554230351,0.324444036930195
2025-08-23,3.208055,18459.30617206,4.57133492415458,0.278104025804081
2025-08-24,3.210706,18013.32403266,4.63871225480093,0.302801293648552
2025-08-25,3.212897,15507.20692538,4.69672293472767,0.245329140077027
2025-08-26,3.214967,13956.58248798,4.70293046428302,0.236460190941604
2025-08-27,3.217394,12575.09207878,4.69836085889973,0.229632842599444
2025-08-28,3.219596,11401.37526032,4.6835300549963,0.221110860965491
2025-08-29,3.221884,10435.56953994,4.70411511246393,0.21082868851379
2025-08-30,3.223629,9537.82995286,4.6951515471894,0.201838654024519
2025-08-31,3.225822,8760.18010938,4.69336179697678,0.193594633766043
2025-09-01,3.227759,8020.89481376,4.67449940568712,0.188580049373686
2025-09-02,3.229591,7355.4967955,4.66116217479358,0.180713506776756
2025-09-03,3.231429,7339.2250936,4.69647764176867,0.287284536597552
2025-09-04,3.233451,7372.54770566,5.78189210864984,0.360591120754506
2025-09-05,3.235247,7187.78367648,5.79022548719518,0.331598816447301
2025-09-06,3.236658,7134.66000746,5.75624610521853,0.301945945251418
2025-09-07,3.23837,7383.31911396,5.4506400466843,0.297984877267479
2025-09-08,3.240652,7159.13631398,5.07071470187143,1.85670109033171
2025-09-09,3.242348,6544.75351886,5.05648273302191,1.72984935603381
2025-09-10,3.244107,6002.47040568,5.03986071657656,1.61122819878432
2025-09-11,3.24565,5501.39365872,5.01566353395987,1.499700059988
2025-09-12,3.247262,5074.38753224,4.99512230371789,1.39104671749106
2025-09-13,3.248591,4691.93378392,4.98222031182838,1.2895158454144
2025-09-14,3.249986,4346.05698804,4.95686473032547,1.19175683941868
2025-09-15,3.251279,4191.08621586,5.00891324081061,1.0608397038398
2025-09-16,3.252752,4066.27538692,6.0306152354758,1.04831255495187
2025-09-17,3.254397,3963.4198966,6.04834046490112,0.87891754365676
2025-09-18,3.256016,3901.9999514,6.02607776342065,0.822271819570069
2025-09-19,3.257126,3699.35996802,5.91012154778277,0.718631131596228
2025-09-20,3.258264,3610.62189794,5.87764843283866,0.660124662003478
2025-09-21,3.259598,3607.59673646,5.90798785368519,0.647972861371924
2025-09-22,3.261062,3408.94446594,5.82200529762145,0.537829588694822
2025-09-23,3.262625,3640.2776476,5.71644422059934,0.453286325862503
2025-09-24,3.264585,4919.00423804,3.97882927374718,3.26133547028458
2025-09-25,3.265881,6942.01222412,2.7731192309216,2.37695934078994
2025-09-26,3.26736,10214.32022988,1.85778519695216,1.52122990764923
2025-09-27,3.268853,11390.28300156,1.77060949207652,1.19113729466966
2025-09-28,3.270366,19162.97706662,1.00459482537989,0.712783947531447
2025-09-29,3.271896,18342.28742572,1.03454997076272,0.697196719427049
2025-09-30,3.273579,17266.93419114,1.12287072652125,0.645053396086676
2025-10-01,3.274107,17603.0021301,0.997278964704657,0.609303597234699
2025-10-02,3.276312,15534.06669246,1.05928765118454,0.593083058184104
2025-10-03,3.066884,13741.01681464,1.1207920263653,0.577074465955942
2025-10-04,2.866284,12171.0038423,1.17875233020129,0.561131300958442
2025-10-05,2.673507,10806.61017904,1.24274710732585,0.542906586135523
2025-10-06,2.488266,9626.38467982,1.3094053395169,0.52852360976864
2025-10-07,2.310454,8680.93004576,1.42033454422573,0.538565514910873
2025-10-08,2.140562,7893.10465912,1.82922580195582,0.511021811340039
2025-10-09,1.977379,7147.12733962,1.92395256815602,0.487401317266192
2025-10-10,1.821016,6513.86020314,2.04766629372401,0.471455813331645
2025-10-11,1.671894,5927.98726318,2.20364800395883,0.456193797310776
2025-10-12,1.531108,5447.07825942,2.33088464224707,0.42915204604549
2025-10-13,1.396937,5083.00465888,2.5339056413216,0.46890780551147
2025-10-14,1.271044,4693.90472246,2.61700860292753,0.400363256418018
2025-10-15,1.152151,4298.34194106,2.68722607888928,0.383889439841326
2025-10-16,1.040669,3948.20241764,2.75139891801528,0.371496900322738
2025-10-17,0.936504,3646.6946568,2.82805429864253,0.351935646053293
2025-10-18,0.839611,3377.95947866,2.91735077411564,0.325657760831513
2025-10-19,0.75029,3368.97566578,3.12920912640644,0.367341940925974
2025-10-20,0.668492,4088.87242646,2.64553230127681,3.29570549396348
2025-10-21,0.593747,4103.9065623,2.60233428268275,3.55168369911208
2025-10-22,0.526641,3951.82344426,2.71408190960019,3.18962617581219
2025-10-23,0.466713,3662.41632934,2.77836877213622,2.94106604257662
2025-10-24,0.414157,3389.83094568,2.88009086483855,2.73135377792201
2025-10-25,0.368953,3275.37900302,2.96673617039141,2.57490309128311
2025-10-26,0.331281,3068.2471132,3.19689273976696,2.25575141918136
2025-10-27,0.301142,3445.61308994,2.79355619703883,1.88897609514054
2025-10-28,0.278535,6350.45564744,1.53015561393885,1.57346190489939
2025-10-29,0.263459,11938.34142302,0.806268932922264,0.898413953827666
2025-10-30,0.255914,21994.02401832,0.593943031485233,0.470986403914606
2025-10-31,0.000536,45650.05341944,0.240976436520782,0.214870655897697
2025-11-01,0.000536,39973.52124534,0.282076773041716,0.210984253006812
2025-11-02,0.000537,34922.37245356,0.31368863712131,0.2073757517371
2025-11-03,0.000537,30579.29479122,0.352245150633517,0.203852512707056
2025-11-04,0.000537,26812.73956972,0.38976091245081,0.200008889283968
2025-11-05,0.000537,23561.28684386,0.429930141215516,0.196483910691254
2025-11-06,0.000538,20749.6284271,0.472724461281879,0.192182374446371
2025-11-07,0.000538,18322.25718986,0.520342124947153,0.190125007192229
2025-11-08,0.000538,16830.53172976,0.555567659426131,0.321357763785703
2025-11-09,0.000539,16861.74589594,0.644244073362274,0.633370755668396
2025-11-10,0.000539,14958.78181768,0.701687727512287,0.622020125261984
2025-11-11,0.000539,13326.66136344,0.787623646594302,0.591577586088296
2025-11-12,0.000539,11877.83819342,0.848965227156082,0.571122061905001
2025-11-13,0.000539,10608.14125164,0.911691252084792,0.553063887520632
2025-11-14,0.00054,9501.9863729,0.979233496538916,0.53061913605557
2025-11-15,0.00054,8537.64739748,1.04688993160319,0.510023300011811
2025-11-16,0.000541,7733.68781628,1.13201284923485,0.598603653260316
2025-11-17,0.000541,7001.32372344,1.36171995705345,0.484458061644015
2025-11-18,0.000541,7041.79671718,1.30832969908417,0.546764650363533
2025-11-19,0.000541,9087.81426482,1.02386152146831,1.31639338474497
2025-11-20,0.000541,9125.35376864,1.00458088885317,1.30093225106486
2025-11-21,0.000541,8224.81819898,1.10342675308319,1.25946689998384
2025-11-22,0.000541,8506.15821662,1.11003939023273,1.07231960512774
2025-11-23,0.000542,11216.29038068,0.800961153384061,0.919470711792927
2025-11-24,0.000542,9962.95681236,0.869517210920032,0.892520311738022
2025-11-25,0.000542,9035.01144626,0.928382635693522,0.928382635693522
2025-11-26,0.000542,8873.02779974,1.00215411477247,0.867844800421525
2025-11-27,0.000542,9485.714671,0.908431988402996,0.976081179028751
2025-11-28,0.000542,8464.81434306,0.99091928069007,0.936770686116842
2025-11-29,0.000542,7587.01332028,1.07535976221258,0.900160699829634
2025-11-30,0.000542,6937.42864612,1.14301571151076,0.984447057890773
2025-12-01,0.000542,6453.99867446,1.2783455367986,0.823822679270207
2025-12-02,0.000542,8188.562097,1.1642877134061,0.632521690456199
2025-12-03,0.000542,16257.53864398,0.546954955158152,0.465193647428325
2025-12-04,0.000542,14341.51136842,0.604048080948835,0.453835066109707
2025-12-05,0.000542,14993.38783158,0.758152431437647,0.427989275811575
2025-12-06,0.000542,20657.2693304,0.463743676222597,0.379426644182125
2025-12-07,0.000542,18199.50897102,0.518814584230555,0.370222057679085
2025-12-08,0.000542,18644.3910517,0.68589972096911,0.354012759209863
2025-12-09,0.000542,24610.97204164,0.433942093873036,0.33523423561007
2025-12-10,0.000542,22094.35854074,0.49166758292482,0.348523856250506
2025-12-11,0.000542,19881.63626124,0.534860452141517,0.38039644225582
2025-12-12,0.000542,17709.7994975,0.597864768683274,0.383047557424782
2025-12-13,0.000542,15861.88419102,0.655957510135555,0.352541040689593
2025-12-14,0.000542,14106.92384638,0.721315523554851,0.354159423727382
2025-12-15,0.000542,12596.31404492,0.807819106741287,0.331133057267825
2025-12-16,0.000542,11264.46378546,0.882986039054839,0.321455746937015
2025-12-17,0.000542,10091.80118994,0.958337307480935,0.313389925195187
2025-12-18,0.000542,9406.05208536,1.01358595013937,0.409332787556283
2025-12-19,0.000542,11434.97288706,1.08627248203241,0.693450698862019
2025-12-20,0.000542,16294.94064046,0.638524698529143,0.565389711032413
2025-12-21,0.000542,14459.17181568,0.706913166970988,0.545242442686143
2025-12-22,0.000542,12868.76192124,0.783592987555119,0.527144373446171
2025-12-23,0.000542,11467.79130554,0.855339677768763,0.507608126526322
2025-12-24,0.000542,10259.74348786,0.938182695443559,0.491429030946626
2025-12-25,0.000542,9228.25509474,1.01324671067336,0.591060581226128
2025-12-26,0.000542,8331.93641684,1.18276139026725,0.467603340338215
2025-12-27,0.000542,7554.6532596,1.27411721878413,0.448974639000121
2025-12-28,0.000542,6858.82028342,1.3565982130327,0.494523486524235
2025-12-29,0.000542,6347.93467954,1.494660379947,0.46933780046645
2025-12-30,0.000542,5815.82710952,1.60776772485105,0.394060716875256
2025-12-31,0.000542,5331.70960116,1.71076838431251,0.378260346280153
2026-01-01,0.000541,4909.51623158,1.81120519834564,0.35477215225327
2026-01-02,0.000541,4527.6583484,1.92346628872241,0.344199230613484
2026-01-03,0.000541,4184.62337088,2.02637574483,0.317648089730109
2026-01-04,0.000541,3901.72493672,2.14980499036699,0.30543677458766
2026-01-05,0.000541,3629.18538884,2.24809921948016,0.290484730606987
2026-01-06,0.000541,3392.26024202,2.39160102149739,0.270237403559027
2026-01-07,0.000541,3171.69846866,2.48565689263985,0.260126884113473
2026-01-08,0.000541,2974.2837642,2.5735860687317,0.231160425335183
2026-01-09,0.000541,3358.8459584,2.42903930131004,0.887008733624454
2026-01-10,0.000542,12940.95327474,1.92326083029614,1.34947030634039
2026-01-11,0.000542,37485.4175996,0.34481915335893,0.497664522755619
2026-01-12,0.000542,33123.50143168,0.405448788912013,0.488475844661914
2026-01-13,0.000542,29045.12539884,0.449755238464962,0.476582743917258
2026-01-14,0.000542,25524.5708086,0.499218848205147,0.463303823154417
2026-01-15,0.000542,22533.3278058,0.55735237281585,0.463782266430707
2026-01-16,0.000542,19939.06849358,0.634466714634802,0.439069356866838
2026-01-17,0.000542,17724.65029022,0.700803467296269,0.434446429910602
2026-01-18,0.000541,15977.6653713,0.768822525352497,0.476210967195949
2026-01-19,0.000541,14601.03355478,0.825613481043852,0.590172374282297
2026-01-20,0.000541,13036.56671182,0.90008051501482,0.569582200907816
2026-01-21,0.000541,11677.62750638,0.977348285322898,0.545587998634067
2026-01-22,0.000541,10509.73183198,1.06414992302358,0.584410203627705
2026-01-23,0.000541,9479.9851985,1.19908134896652,0.507675571135018
2026-01-24,0.000541,8633.6275208,1.28477383733277,0.530898279889573
2026-01-25,0.000541,8076.17276444,1.37345486327881,0.488087265462718
2026-01-26,0.000541,7944.30322538,1.37317462973327,0.519267717126026
2026-01-27,0.000541,7357.51356982,1.46400114628175,0.467234408387792
2026-01-28,0.000541,6812.93866764,1.55411133088443,0.43730405414497
2026-01-29,0.000541,6331.93799232,1.65045170257123,0.405374102385916
2026-01-30,0.000541,5906.12359612,1.74616232324957,0.380275350396573
2026-01-31,0.000541,5529.94934966,1.8400789078883,0.356411680356743
2026-02-01,0.000541,5210.06144104,1.92666361684907,0.33430692895098
2026-02-02,0.000541,4910.66212608,2.01612903225806,0.308019713261649
2026-02-03,0.000541,4642.66032042,2.10289370020437,0.286309470919843
2026-02-04,0.000541,4452.67101232,2.1617392736556,0.699991764802767
2026-02-05,0.000541,4318.4180127,2.20771639335562,0.382104760388473
2026-02-06,0.000541,4310.94678056,2.17964530259856,0.361502147748054
2026-02-07,0.000541,4592.19512664,2.01620952609095,2.61508364275163
2026-02-08,0.000541,4343.26100546,2.11066200913917,2.36394145023587
2026-02-09,0.000541,4116.9697596,2.20440881763527,2.1376085504342
2026-02-10,0.000541,3914.92564136,2.29475951856882,1.92010490329228
2026-02-11,0.000541,3732.13255072,2.37030850854785,1.73167616427589
2026-02-12,0.000541,7958.05395938,1.62422748400251,0.696920303419517
2026-02-13,0.000541,22057.64408096,0.425989959104964,0.21611197925325
2026-02-14,0.000541,19720.89018078,0.481114512226584,0.20918022270721
2026-02-15,0.000541,21734.6393393,0.710693083922942,0.27626348366144
2026-02-16,0.000541,33643.87504202,0.427787670178431,0.36920528222406
2026-02-17,0.000541,31132.21180536,0.443160603758473,0.373962768620107
2026-02-18,0.000541,27327.93373692,0.49311153377814,0.365640525046376
2026-02-19,0.000541,26047.46538684,0.614136039051309,0.367777742583735
2026-02-20,0.000541,27963.76767708,0.562215818753422,0.381913369590517
2026-02-21,0.000541,25661.80313392,0.591215009359416,0.392952574196591
2026-02-22,0.000541,23872.09926804,0.666259614683056,0.382091248766364
2026-02-23,0.000541,23572.56244574,0.672781328568123,0.390835396075702
2026-02-24,0.000541,20911.24538738,0.740869008660276,0.379202184906
2026-02-25,0.000541,18604.46808732,0.815483845536027,0.391727889547517
2026-02-26,0.000541,17031.79663974,0.901548240904455,0.409060694380529
2026-02-27,0.000541,16058.38217988,0.944780302900561,0.525195092851067
2026-02-28,0.000541,14371.21295386,1.04293911085454,0.49754893361868
2026-03-01,0.000541,12879.25831486,1.12104830472584,0.480449273453932
2026-03-02,0.000542,12355.40118524,1.14261123765572,0.534207851371504
2026-03-03,0.000542,13843.91814074,1.1555028755136,0.622448540391282
2026-03-04,0.000542,14647.46519992,1.02013994066916,0.582043033633325
2026-03-05,0.000542,13116.87099838,1.10772929472239,0.559106268629596
2026-03-06,0.000543,11765.17384618,1.19214121808782,0.537632314039606
2026-03-07,0.000543,10628.26315906,1.2808514859171,0.58220522087141
2026-03-08,0.000544,9732.95286832,1.48344196209924,0.541574049655276
2026-03-09,0.000544,8902.6835494,1.58574885445091,0.473665242238583
2026-03-10,0.000545,8107.61610952,1.68471992944529,0.469234074308586
2026-03-11,0.000545,7406.64952598,1.85653903992178,0.427003979182009
2026-03-12,0.000545,10454.54555286,1.98169996536409,0.324437604948989
2026-03-13,0.000546,18397.15285438,0.867028260636668,0.351295933188995
2026-03-14,0.000546,16363.96932514,0.946744236204284,0.341724250937641
2026-03-15,0.000546,14559.55217388,1.02629971729535,0.33055665741108
2026-03-16,0.000546,19054.48377536,1.23643291509507,0.300688938495882
2026-03-17,0.000547,28926.86908644,0.746318321401747,0.280463573010848
2026-03-18,0.000547,26394.0755552,0.819672131147541,0.284801333703807
2026-03-19,0.000547,23390.96108538,0.903352987629355,0.276296683851929
2026-03-20,0.000546,20891.99435978,0.993854774342312,0.307151585889456
2026-03-21,0.000547,19224.76369806,1.11103958495757,0.293257229505969
2026-03-22,0.000547,18053.70535484,1.15264117315514,0.423989154002001
2026-03-23,0.000548,16294.1614322,1.24054122478832,0.441643928099243
2026-03-24,0.000548,14691.42171294,1.38211610399254,0.399347316729221
2026-03-25,0.000548,13221.05572632,1.48382354980516,0.381356519809738
2026-03-26,0.000548,11938.34142302,1.58566223474712,0.364740707750548
2026-03-27,0.000549,11355.90616656,1.65891698149763,0.464173851270625
2026-03-28,0.000549,11309.65786454,1.71028154800744,0.632236780780002
2026-03-29,0.000549,10290.77431092,1.8439830032871,0.601298805419707
2026-03-30,0.000549,11075.7578792,1.72156927660983,0.550405561993048
2026-03-31,0.00055,13359.47978192,1.39639886915708,0.500919496061263
2026-04-01,0.000562,11996.32368472,1.50158181901545,0.481423178615641
