"date","reach_ID_name","variable","value"
2021-01-01,"SMB","Q_m3day_mod",26213.147875
2021-01-01,"SMB","DOC_mgL_mod",5.68550182186007
2021-01-01,"CCS","Q_m3day_mod",45247.245494
2021-01-01,"CCS","DOC_mgL_mod",4.26000075574899
2021-01-01,"HPB","Q_m3day_mod",15070.143445
2021-01-01,"HPB","DOC_mgL_mod",4.42745885223391
2021-01-01,"CCR dam","Q_m3day_mod",173944.552038
2021-01-01,"CCR dam","DOC_mgL_mod",3.91976633939676
2021-01-02,"SMB","Q_m3day_mod",31591.383074
2021-01-02,"SMB","DOC_mgL_mod",4.73143893858251
2021-01-02,"CCS","Q_m3day_mod",59401.948259
2021-01-02,"CCS","DOC_mgL_mod",3.28447139729024
2021-01-02,"HPB","Q_m3day_mod",18205.914185
2021-01-02,"HPB","DOC_mgL_mod",3.71800225532042
2021-01-02,"CCR dam","Q_m3day_mod",213178.997411
2021-01-02,"CCR dam","DOC_mgL_mod",3.25141129481752
2021-01-03,"SMB","Q_m3day_mod",29585.117628
2021-01-03,"SMB","DOC_mgL_mod",4.83699614783901
2021-01-03,"CCS","Q_m3day_mod",50692.505972
2021-01-03,"CCS","DOC_mgL_mod",3.4050989725255
2021-01-03,"HPB","Q_m3day_mod",17297.785742
2021-01-03,"HPB","DOC_mgL_mod",3.49071210041584
2021-01-03,"CCR dam","Q_m3day_mod",196775.749757
2021-01-03,"CCR dam","DOC_mgL_mod",3.25436036092257
2021-01-04,"SMB","Q_m3day_mod",25630.938746
2021-01-04,"SMB","DOC_mgL_mod",5.30660235849639
2021-01-04,"CCS","Q_m3day_mod",38695.694109
2021-01-04,"CCS","DOC_mgL_mod",4.03539989643658
2021-01-04,"HPB","Q_m3day_mod",15123.718533
2021-01-04,"HPB","DOC_mgL_mod",3.6430894875343
2021-01-04,"CCR dam","Q_m3day_mod",167662.067277
2021-01-04,"CCR dam","DOC_mgL_mod",3.54265523291374
2021-01-05,"SMB","Q_m3day_mod",23190.112451
2021-01-05,"SMB","DOC_mgL_mod",5.56246548060346
2021-01-05,"CCS","Q_m3day_mod",33043.562988
2021-01-05,"CCS","DOC_mgL_mod",4.48431968591922
2021-01-05,"HPB","Q_m3day_mod",13674.717162
2021-01-05,"HPB","DOC_mgL_mod",3.78025953938191
2021-01-05,"CCR dam","Q_m3day_mod",150635.752038
2021-01-05,"CCR dam","DOC_mgL_mod",3.75141951598214
2021-01-06,"SMB","Q_m3day_mod",21888.201836
2021-01-06,"SMB","DOC_mgL_mod",5.63718760108751
2021-01-06,"CCS","Q_m3day_mod",31071.223473
2021-01-06,"CCS","DOC_mgL_mod",4.54912244195425
2021-01-06,"HPB","Q_m3day_mod",12801.681432
2021-01-06,"HPB","DOC_mgL_mod",3.85813381330828
2021-01-06,"CCR dam","Q_m3day_mod",142009.046794
2021-01-06,"CCR dam","DOC_mgL_mod",3.80811090707813
2021-01-07,"SMB","Q_m3day_mod",20767.78054
2021-01-07,"SMB","DOC_mgL_mod",5.68424246262764
2021-01-07,"CCS","Q_m3day_mod",29393.327307
2021-01-07,"CCS","DOC_mgL_mod",4.59786326972976
2021-01-07,"HPB","Q_m3day_mod",12099.315255
2021-01-07,"HPB","DOC_mgL_mod",3.90531604509383
2021-01-07,"CCR dam","Q_m3day_mod",134263.261299
2021-01-07,"CCR dam","DOC_mgL_mod",3.85927166513614
2021-01-08,"SMB","Q_m3day_mod",19833.599874
2021-01-08,"SMB","DOC_mgL_mod",5.71168626571437
2021-01-08,"CCS","Q_m3day_mod",28257.990583
2021-01-08,"CCS","DOC_mgL_mod",4.61700911169845
2021-01-08,"HPB","Q_m3day_mod",11521.556771
2021-01-08,"HPB","DOC_mgL_mod",3.95577966640043
2021-01-08,"CCR dam","Q_m3day_mod",128205.109744
2021-01-08,"CCR dam","DOC_mgL_mod",3.89741252121493
2021-01-09,"SMB","Q_m3day_mod",18924.333018
2021-01-09,"SMB","DOC_mgL_mod",5.73627614229506
2021-01-09,"CCS","Q_m3day_mod",27027.384086
2021-01-09,"CCS","DOC_mgL_mod",4.63644944702252
2021-01-09,"HPB","Q_m3day_mod",11004.043761
2021-01-09,"HPB","DOC_mgL_mod",3.98853739164079
2021-01-09,"CCR dam","Q_m3day_mod",122326.109876
2021-01-09,"CCR dam","DOC_mgL_mod",3.92935735868034
2021-01-10,"SMB","Q_m3day_mod",18004.49046
2021-01-10,"SMB","DOC_mgL_mod",5.78494016431054
2021-01-10,"CCS","Q_m3day_mod",25607.861686
2021-01-10,"CCS","DOC_mgL_mod",4.72309252068959
2021-01-10,"HPB","Q_m3day_mod",10499.710986
2021-01-10,"HPB","DOC_mgL_mod",4.02735561544341
2021-01-10,"CCR dam","Q_m3day_mod",116096.265975
2021-01-10,"CCR dam","DOC_mgL_mod",3.98647102138205
2021-01-11,"SMB","Q_m3day_mod",17287.147771
2021-01-11,"SMB","DOC_mgL_mod",5.80021651508101
2021-01-11,"CCS","Q_m3day_mod",24754.974764
2021-01-11,"CCS","DOC_mgL_mod",4.72001289090064
2021-01-11,"HPB","Q_m3day_mod",10072.19477
2021-01-11,"HPB","DOC_mgL_mod",4.05553118588075
2021-01-11,"CCR dam","Q_m3day_mod",111402.705978
2021-01-11,"CCR dam","DOC_mgL_mod",4.01239445735073
2021-01-12,"SMB","Q_m3day_mod",16602.477807
2021-01-12,"SMB","DOC_mgL_mod",5.81909165144412
2021-01-12,"CCS","Q_m3day_mod",23813.820404
2021-01-12,"CCS","DOC_mgL_mod",4.73549384713836
2021-01-12,"HPB","Q_m3day_mod",9672.278295
2021-01-12,"HPB","DOC_mgL_mod",4.06916848332888
2021-01-12,"CCR dam","Q_m3day_mod",106918.74175
2021-01-12,"CCR dam","DOC_mgL_mod",4.04103427451717
2021-01-13,"SMB","Q_m3day_mod",15912.234346
2021-01-13,"SMB","DOC_mgL_mod",5.84873110691679
2021-01-13,"CCS","Q_m3day_mod",22755.024252
2021-01-13,"CCS","DOC_mgL_mod",4.79055521069897
2021-01-13,"HPB","Q_m3day_mod",9283.383836
2021-01-13,"HPB","DOC_mgL_mod",4.08967469951762
2021-01-13,"CCR dam","Q_m3day_mod",102271.158608
2021-01-13,"CCR dam","DOC_mgL_mod",4.08405170807684
2021-01-14,"SMB","Q_m3day_mod",15307.732385
2021-01-14,"SMB","DOC_mgL_mod",5.86304932322607
2021-01-14,"CCS","Q_m3day_mod",21963.506092
2021-01-14,"CCS","DOC_mgL_mod",4.82129763601679
2021-01-14,"HPB","Q_m3day_mod",8932.155761
2021-01-14,"HPB","DOC_mgL_mod",4.10300502819456
2021-01-14,"CCR dam","Q_m3day_mod",98192.849766
2021-01-14,"CCR dam","DOC_mgL_mod",4.11426291183867
2021-01-15,"SMB","Q_m3day_mod",15482.623587
2021-01-15,"SMB","DOC_mgL_mod",5.69800651060677
2021-01-15,"CCS","Q_m3day_mod",23486.349142
2021-01-15,"CCS","DOC_mgL_mod",4.57971987683909
2021-01-15,"HPB","Q_m3day_mod",8923.507427
2021-01-15,"HPB","DOC_mgL_mod",4.09179129380468
2021-01-15,"CCR dam","Q_m3day_mod",100409.734587
2021-01-15,"CCR dam","DOC_mgL_mod",4.03030046503473
2021-01-16,"SMB","Q_m3day_mod",15246.834507
2021-01-16,"SMB","DOC_mgL_mod",5.62760223839295
2021-01-16,"CCS","Q_m3day_mod",23292.231771
2021-01-16,"CCS","DOC_mgL_mod",4.37498651919112
2021-01-16,"HPB","Q_m3day_mod",8792.519479
2021-01-16,"HPB","DOC_mgL_mod",3.97812823543248
2021-01-16,"CCR dam","Q_m3day_mod",98994.960311
2021-01-16,"CCR dam","DOC_mgL_mod",3.90840098106497
2021-01-17,"SMB","Q_m3day_mod",14244.781818
2021-01-17,"SMB","DOC_mgL_mod",5.77919486951878
2021-01-17,"CCS","Q_m3day_mod",20762.310967
2021-01-17,"CCS","DOC_mgL_mod",4.73890070119765
2021-01-17,"HPB","Q_m3day_mod",8318.72061
2021-01-17,"HPB","DOC_mgL_mod",4.03090229520282
2021-01-17,"CCR dam","Q_m3day_mod",91526.173676
2021-01-17,"CCR dam","DOC_mgL_mod",4.07593243568339
2021-01-18,"SMB","Q_m3day_mod",13697.690154
2021-01-18,"SMB","DOC_mgL_mod",5.79894486639444
2021-01-18,"CCS","Q_m3day_mod",19971.046744
2021-01-18,"CCS","DOC_mgL_mod",4.77296013683598
2021-01-18,"HPB","Q_m3day_mod",7991.491727
2021-01-18,"HPB","DOC_mgL_mod",4.05866277636453
2021-01-18,"CCR dam","Q_m3day_mod",88006.397599
2021-01-18,"CCR dam","DOC_mgL_mod",4.09960423154623
2021-01-19,"SMB","Q_m3day_mod",13244.777741
2021-01-19,"SMB","DOC_mgL_mod",5.81602360616011
2021-01-19,"CCS","Q_m3day_mod",19330.804625
2021-01-19,"CCS","DOC_mgL_mod",4.79025481847991
2021-01-19,"HPB","Q_m3day_mod",7712.688348
2021-01-19,"HPB","DOC_mgL_mod",4.06791362289854
2021-01-19,"CCR dam","Q_m3day_mod",84866.339172
2021-01-19,"CCR dam","DOC_mgL_mod",4.12081165998242
2021-01-20,"SMB","Q_m3day_mod",12851.435069
2021-01-20,"SMB","DOC_mgL_mod",5.82722004180248
2021-01-20,"CCS","Q_m3day_mod",18750.778962
2021-01-20,"CCS","DOC_mgL_mod",4.79825985802157
2021-01-20,"HPB","Q_m3day_mod",7455.565903
2021-01-20,"HPB","DOC_mgL_mod",4.0766630454933
2021-01-20,"CCR dam","Q_m3day_mod",81943.504304
2021-01-20,"CCR dam","DOC_mgL_mod",4.13960084916019
2021-01-21,"SMB","Q_m3day_mod",12491.041256
2021-01-21,"SMB","DOC_mgL_mod",5.83342161046818
2021-01-21,"CCS","Q_m3day_mod",18207.523
2021-01-21,"CCS","DOC_mgL_mod",4.80264613698415
2021-01-21,"HPB","Q_m3day_mod",7218.983213
2021-01-21,"HPB","DOC_mgL_mod",4.08147229750318
2021-01-21,"CCR dam","Q_m3day_mod",79187.66958
2021-01-21,"CCR dam","DOC_mgL_mod",4.15918793603675
2021-01-22,"SMB","Q_m3day_mod",12145.86551
2021-01-22,"SMB","DOC_mgL_mod",5.83301041343409
2021-01-22,"CCS","Q_m3day_mod",17694.503286
2021-01-22,"CCS","DOC_mgL_mod",4.80585968566193
2021-01-22,"HPB","Q_m3day_mod",6998.352647
2021-01-22,"HPB","DOC_mgL_mod",4.08381535506809
2021-01-22,"CCR dam","Q_m3day_mod",76629.865636
2021-01-22,"CCR dam","DOC_mgL_mod",4.19148849256375
2021-01-23,"SMB","Q_m3day_mod",11817.779845
2021-01-23,"SMB","DOC_mgL_mod",5.84058519495969
2021-01-23,"CCS","Q_m3day_mod",17214.801583
2021-01-23,"CCS","DOC_mgL_mod",4.80921081784391
2021-01-23,"HPB","Q_m3day_mod",6793.64497
2021-01-23,"HPB","DOC_mgL_mod",4.08627034862553
2021-01-23,"CCR dam","Q_m3day_mod",74229.013659
2021-01-23,"CCR dam","DOC_mgL_mod",4.20692239606686
2021-01-24,"SMB","Q_m3day_mod",11518.896784
2021-01-24,"SMB","DOC_mgL_mod",5.85011145282609
2021-01-24,"CCS","Q_m3day_mod",16778.298233
2021-01-24,"CCS","DOC_mgL_mod",4.8103042918417
2021-01-24,"HPB","Q_m3day_mod",6607.044198
2021-01-24,"HPB","DOC_mgL_mod",4.08981977268741
2021-01-24,"CCR dam","Q_m3day_mod",71992.353527
2021-01-24,"CCR dam","DOC_mgL_mod",4.22430418094255
2021-01-25,"SMB","Q_m3day_mod",14875.408242
2021-01-25,"SMB","DOC_mgL_mod",5.19330486553513
2021-01-25,"CCS","Q_m3day_mod",27350.719375
2021-01-25,"CCS","DOC_mgL_mod",3.8789217404268
2021-01-25,"HPB","Q_m3day_mod",8059.839543
2021-01-25,"HPB","DOC_mgL_mod",3.87926705403892
2021-01-25,"CCR dam","Q_m3day_mod",99273.396087
2021-01-25,"CCR dam","DOC_mgL_mod",3.78905945426055
2021-01-26,"SMB","Q_m3day_mod",18003.171193
2021-01-26,"SMB","DOC_mgL_mod",4.54497872196065
2021-01-26,"CCS","Q_m3day_mod",35335.888049
2021-01-26,"CCS","DOC_mgL_mod",3.08555426281654
2021-01-26,"HPB","Q_m3day_mod",10071.586142
2021-01-26,"HPB","DOC_mgL_mod",3.54047510464117
2021-01-26,"CCR dam","Q_m3day_mod",123601.115751
2021-01-26,"CCR dam","DOC_mgL_mod",3.09996149850209
2021-01-27,"SMB","Q_m3day_mod",15707.075925
2021-01-27,"SMB","DOC_mgL_mod",4.51916577846427
2021-01-27,"CCS","Q_m3day_mod",27166.577052
2021-01-27,"CCS","DOC_mgL_mod",3.36621760720744
2021-01-27,"HPB","Q_m3day_mod",9451.890365
2021-01-27,"HPB","DOC_mgL_mod",3.16879892205563
2021-01-27,"CCR dam","Q_m3day_mod",105779.141046
2021-01-27,"CCR dam","DOC_mgL_mod",3.09333576321731
2021-01-28,"SMB","Q_m3day_mod",15887.28043
2021-01-28,"SMB","DOC_mgL_mod",4.98253432038148
2021-01-28,"CCS","Q_m3day_mod",28056.225995
2021-01-28,"CCS","DOC_mgL_mod",3.77186511182435
2021-01-28,"HPB","Q_m3day_mod",9072.741131
2021-01-28,"HPB","DOC_mgL_mod",3.4120492972324
2021-01-28,"CCR dam","Q_m3day_mod",108204.752313
2021-01-28,"CCR dam","DOC_mgL_mod",3.41258671275232
2021-01-29,"SMB","Q_m3day_mod",15979.854082
2021-01-29,"SMB","DOC_mgL_mod",4.34801342011403
2021-01-29,"CCS","Q_m3day_mod",28500.182965
2021-01-29,"CCS","DOC_mgL_mod",3.26308782347847
2021-01-29,"HPB","Q_m3day_mod",9018.514024
2021-01-29,"HPB","DOC_mgL_mod",3.14255762363718
2021-01-29,"CCR dam","Q_m3day_mod",109471.797343
2021-01-29,"CCR dam","DOC_mgL_mod",2.95808425420638
2021-01-30,"SMB","Q_m3day_mod",13578.742286
2021-01-30,"SMB","DOC_mgL_mod",4.89136023065104
2021-01-30,"CCS","Q_m3day_mod",21941.814008
2021-01-30,"CCS","DOC_mgL_mod",4.00225478021015
2021-01-30,"HPB","Q_m3day_mod",7967.89759
2021-01-30,"HPB","DOC_mgL_mod",3.35843924921731
2021-01-30,"CCR dam","Q_m3day_mod",91889.91111
2021-01-30,"CCR dam","DOC_mgL_mod",3.36480138314501
2021-01-31,"SMB","Q_m3day_mod",17880.744675
2021-01-31,"SMB","DOC_mgL_mod",5.13594716938152
2021-01-31,"CCS","Q_m3day_mod",34676.180004
2021-01-31,"CCS","DOC_mgL_mod",3.94480879913015
2021-01-31,"HPB","Q_m3day_mod",9923.56665
2021-01-31,"HPB","DOC_mgL_mod",3.77934278297007
2021-01-31,"CCR dam","Q_m3day_mod",124752.141504
2021-01-31,"CCR dam","DOC_mgL_mod",3.59731860783817
2021-02-01,"SMB","Q_m3day_mod",19682.347758
2021-02-01,"SMB","DOC_mgL_mod",4.17966652207751
2021-02-01,"CCS","Q_m3day_mod",37652.030759
2021-02-01,"CCS","DOC_mgL_mod",2.92212923930274
2021-02-01,"HPB","Q_m3day_mod",11244.18272
2021-02-01,"HPB","DOC_mgL_mod",3.12946266316099
2021-02-01,"CCR dam","Q_m3day_mod",136375.235678
2021-02-01,"CCR dam","DOC_mgL_mod",2.78900562927759
2021-02-02,"SMB","Q_m3day_mod",16315.4268
2021-02-02,"SMB","DOC_mgL_mod",4.81661564624224
2021-02-02,"CCS","Q_m3day_mod",26204.16682
2021-02-02,"CCS","DOC_mgL_mod",3.97608902109714
2021-02-02,"HPB","Q_m3day_mod",9919.556325
2021-02-02,"HPB","DOC_mgL_mod",3.31562510685174
2021-02-02,"CCR dam","Q_m3day_mod",109521.853521
2021-02-02,"CCR dam","DOC_mgL_mod",3.32301534624975
2021-02-03,"SMB","Q_m3day_mod",15401.287894
2021-02-03,"SMB","DOC_mgL_mod",4.87414107941225
2021-02-03,"CCS","Q_m3day_mod",24497.12913
2021-02-03,"CCS","DOC_mgL_mod",4.0592295314402
2021-02-03,"HPB","Q_m3day_mod",9196.658097
2021-02-03,"HPB","DOC_mgL_mod",3.38339641115398
2021-02-03,"CCR dam","Q_m3day_mod",103362.50928
2021-02-03,"CCR dam","DOC_mgL_mod",3.36480027838581
2021-02-04,"SMB","Q_m3day_mod",14603.533677
2021-02-04,"SMB","DOC_mgL_mod",4.9531477517611
2021-02-04,"CCS","Q_m3day_mod",23079.601277
2021-02-04,"CCS","DOC_mgL_mod",4.12908866389165
2021-02-04,"HPB","Q_m3day_mod",8599.611446
2021-02-04,"HPB","DOC_mgL_mod",3.43936818375178
2021-02-04,"CCR dam","Q_m3day_mod",97378.89005
2021-02-04,"CCR dam","DOC_mgL_mod",3.43154969037358
2021-02-05,"SMB","Q_m3day_mod",14338.52646
2021-02-05,"SMB","DOC_mgL_mod",4.93988836283809
2021-02-05,"CCS","Q_m3day_mod",23075.355039
2021-02-05,"CCS","DOC_mgL_mod",4.01108367969064
2021-02-05,"HPB","Q_m3day_mod",8215.047253
2021-02-05,"HPB","DOC_mgL_mod",3.45086146517872
2021-02-05,"CCR dam","Q_m3day_mod",95428.100319
2021-02-05,"CCR dam","DOC_mgL_mod",3.42625389069912
2021-02-06,"SMB","Q_m3day_mod",13847.081698
2021-02-06,"SMB","DOC_mgL_mod",4.90909431189521
2021-02-06,"CCS","Q_m3day_mod",22204.036285
2021-02-06,"CCS","DOC_mgL_mod",3.99974125695318
2021-02-06,"HPB","Q_m3day_mod",7880.150367
2021-02-06,"HPB","DOC_mgL_mod",3.50102583264576
2021-02-06,"CCR dam","Q_m3day_mod",91776.771386
2021-02-06,"CCR dam","DOC_mgL_mod",3.42658055247269
2021-02-07,"SMB","Q_m3day_mod",16390.470671
2021-02-07,"SMB","DOC_mgL_mod",4.97395661396379
2021-02-07,"CCS","Q_m3day_mod",29987.38107
2021-02-07,"CCS","DOC_mgL_mod",3.68261902372257
2021-02-07,"HPB","Q_m3day_mod",8860.611624
2021-02-07,"HPB","DOC_mgL_mod",3.48483505544515
2021-02-07,"CCR dam","Q_m3day_mod",111236.02213
2021-02-07,"CCR dam","DOC_mgL_mod",3.41742892923422
2021-02-08,"SMB","Q_m3day_mod",17146.724616
2021-02-08,"SMB","DOC_mgL_mod",4.22349933423576
2021-02-08,"CCS","Q_m3day_mod",31347.842094
2021-02-08,"CCS","DOC_mgL_mod",3.08323264198461
2021-02-08,"HPB","Q_m3day_mod",9449.162245
2021-02-08,"HPB","DOC_mgL_mod",3.19419533895409
2021-02-08,"CCR dam","Q_m3day_mod",116582.751614
2021-02-08,"CCR dam","DOC_mgL_mod",2.88483154964076
2021-02-09,"SMB","Q_m3day_mod",14408.73225
2021-02-09,"SMB","DOC_mgL_mod",4.83656082928462
2021-02-09,"CCS","Q_m3day_mod",22745.850568
2021-02-09,"CCS","DOC_mgL_mod",4.06684374028813
2021-02-09,"HPB","Q_m3day_mod",8543.680621
2021-02-09,"HPB","DOC_mgL_mod",3.34857554596317
2021-02-09,"CCR dam","Q_m3day_mod",95676.973693
2021-02-09,"CCR dam","DOC_mgL_mod",3.38683789309389
2021-02-10,"SMB","Q_m3day_mod",13727.331921
2021-02-10,"SMB","DOC_mgL_mod",4.90361859007897
2021-02-10,"CCS","Q_m3day_mod",21531.920265
2021-02-10,"CCS","DOC_mgL_mod",4.1303664004628
2021-02-10,"HPB","Q_m3day_mod",8021.608872
2021-02-10,"HPB","DOC_mgL_mod",3.41017374899503
2021-02-10,"CCR dam","Q_m3day_mod",90973.255448
2021-02-10,"CCR dam","DOC_mgL_mod",3.4345577550382
2021-02-11,"SMB","Q_m3day_mod",15796.06263
2021-02-11,"SMB","DOC_mgL_mod",4.89025979507654
2021-02-11,"CCS","Q_m3day_mod",27727.082001
2021-02-11,"CCS","DOC_mgL_mod",3.58009364261338
2021-02-11,"HPB","Q_m3day_mod",8685.258967
2021-02-11,"HPB","DOC_mgL_mod",3.37530292549537
2021-02-11,"CCR dam","Q_m3day_mod",106302.086713
2021-02-11,"CCR dam","DOC_mgL_mod",3.30696424566997
2021-02-12,"SMB","Q_m3day_mod",21339.086423
2021-02-12,"SMB","DOC_mgL_mod",4.92572633693954
2021-02-12,"CCS","Q_m3day_mod",42412.562674
2021-02-12,"CCS","DOC_mgL_mod",3.62747238789969
2021-02-12,"HPB","Q_m3day_mod",11605.979487
2021-02-12,"HPB","DOC_mgL_mod",3.69399670644102
2021-02-12,"CCR dam","Q_m3day_mod",146492.39938
2021-02-12,"CCR dam","DOC_mgL_mod",3.36213415907257
2021-02-13,"SMB","Q_m3day_mod",29100.349269
2021-02-13,"SMB","DOC_mgL_mod",4.82469466954355
2021-02-13,"CCS","Q_m3day_mod",59589.919661
2021-02-13,"CCS","DOC_mgL_mod",3.81674788779508
2021-02-13,"HPB","Q_m3day_mod",16415.415043
2021-02-13,"HPB","DOC_mgL_mod",3.98779926237166
2021-02-13,"CCR dam","Q_m3day_mod",198822.10205
2021-02-13,"CCR dam","DOC_mgL_mod",3.510473900052
2021-02-14,"SMB","Q_m3day_mod",30050.577548
2021-02-14,"SMB","DOC_mgL_mod",4.06493019326778
2021-02-14,"CCS","Q_m3day_mod",56345.295906
2021-02-14,"CCS","DOC_mgL_mod",2.9246878084538
2021-02-14,"HPB","Q_m3day_mod",17391.331133
2021-02-14,"HPB","DOC_mgL_mod",2.99635891016532
2021-02-14,"CCR dam","Q_m3day_mod",200980.429484
2021-02-14,"CCR dam","DOC_mgL_mod",2.78087275181435
2021-02-15,"SMB","Q_m3day_mod",27274.287899
2021-02-15,"SMB","DOC_mgL_mod",4.63041236741622
2021-02-15,"CCS","Q_m3day_mod",46132.374645
2021-02-15,"CCS","DOC_mgL_mod",3.65898571879163
2021-02-15,"HPB","Q_m3day_mod",16006.012108
2021-02-15,"HPB","DOC_mgL_mod",3.42626630730773
2021-02-15,"CCR dam","Q_m3day_mod",179705.054232
2021-02-15,"CCR dam","DOC_mgL_mod",3.19522732654312
2021-02-16,"SMB","Q_m3day_mod",31778.886995
2021-02-16,"SMB","DOC_mgL_mod",4.72479731664687
2021-02-16,"CCS","Q_m3day_mod",56901.071026
2021-02-16,"CCS","DOC_mgL_mod",3.78831357851777
2021-02-16,"HPB","Q_m3day_mod",18654.290217
2021-02-16,"HPB","DOC_mgL_mod",3.82651546478832
2021-02-16,"CCR dam","Q_m3day_mod",210517.75411
2021-02-16,"CCR dam","DOC_mgL_mod",3.35153347508796
2021-02-17,"SMB","Q_m3day_mod",31146.767725
2021-02-17,"SMB","DOC_mgL_mod",4.396767626391
2021-02-17,"CCS","Q_m3day_mod",52442.875594
2021-02-17,"CCS","DOC_mgL_mod",3.18057120458672
2021-02-17,"HPB","Q_m3day_mod",18348.283496
2021-02-17,"HPB","DOC_mgL_mod",2.98203589517941
2021-02-17,"CCR dam","Q_m3day_mod",203089.249015
2021-02-17,"CCR dam","DOC_mgL_mod",2.95460987181887
2021-02-18,"SMB","Q_m3day_mod",36630.32694
2021-02-18,"SMB","DOC_mgL_mod",5.13404099035322
2021-02-18,"CCS","Q_m3day_mod",68148.182554
2021-02-18,"CCS","DOC_mgL_mod",4.28840930230863
2021-02-18,"HPB","Q_m3day_mod",21650.028802
2021-02-18,"HPB","DOC_mgL_mod",4.26297169597641
2021-02-18,"CCR dam","Q_m3day_mod",244903.271432
2021-02-18,"CCR dam","DOC_mgL_mod",3.71683724222012
2021-02-19,"SMB","Q_m3day_mod",39059.167268
2021-02-19,"SMB","DOC_mgL_mod",4.22354370404495
2021-02-19,"CCS","Q_m3day_mod",70611.004888
2021-02-19,"CCS","DOC_mgL_mod",2.64553946366151
2021-02-19,"HPB","Q_m3day_mod",23070.343626
2021-02-19,"HPB","DOC_mgL_mod",2.85046036010873
2021-02-19,"CCR dam","Q_m3day_mod",258252.172261
2021-02-19,"CCR dam","DOC_mgL_mod",2.72392558730951
2021-02-20,"SMB","Q_m3day_mod",30601.829292
2021-02-20,"SMB","DOC_mgL_mod",5.05029939633061
2021-02-20,"CCS","Q_m3day_mod",42565.5019
2021-02-20,"CCS","DOC_mgL_mod",4.11178753186509
2021-02-20,"HPB","Q_m3day_mod",17942.977011
2021-02-20,"HPB","DOC_mgL_mod",3.42946490776173
2021-02-20,"CCR dam","Q_m3day_mod",191914.492263
2021-02-20,"CCR dam","DOC_mgL_mod",3.47572292292489
2021-02-21,"SMB","Q_m3day_mod",28462.206215
2021-02-21,"SMB","DOC_mgL_mod",5.08359046052256
2021-02-21,"CCS","Q_m3day_mod",39321.991456
2021-02-21,"CCS","DOC_mgL_mod",4.19048969542607
2021-02-21,"HPB","Q_m3day_mod",16625.698937
2021-02-21,"HPB","DOC_mgL_mod",3.47795483480792
2021-02-21,"CCR dam","Q_m3day_mod",179704.674817
2021-02-21,"CCR dam","DOC_mgL_mod",3.50125393588525
2021-02-22,"SMB","Q_m3day_mod",28763.367535
2021-02-22,"SMB","DOC_mgL_mod",5.01274059181541
2021-02-22,"CCS","Q_m3day_mod",42527.053385
2021-02-22,"CCS","DOC_mgL_mod",3.99726495181909
2021-02-22,"HPB","Q_m3day_mod",16686.631785
2021-02-22,"HPB","DOC_mgL_mod",3.61734176062182
2021-02-22,"CCR dam","Q_m3day_mod",183558.781675
2021-02-22,"CCR dam","DOC_mgL_mod",3.46623950210417
2021-02-23,"SMB","Q_m3day_mod",27472.484181
2021-02-23,"SMB","DOC_mgL_mod",4.72627808772384
2021-02-23,"CCS","Q_m3day_mod",41035.139911
2021-02-23,"CCS","DOC_mgL_mod",3.69598837311005
2021-02-23,"HPB","Q_m3day_mod",15957.529725
2021-02-23,"HPB","DOC_mgL_mod",3.29411261679477
2021-02-23,"CCR dam","Q_m3day_mod",176323.84404
2021-02-23,"CCR dam","DOC_mgL_mod",3.26638749929558
2021-02-24,"SMB","Q_m3day_mod",24166.307639
2021-02-24,"SMB","DOC_mgL_mod",5.08991285873947
2021-02-24,"CCS","Q_m3day_mod",33874.637393
2021-02-24,"CCS","DOC_mgL_mod",4.24784177999009
2021-02-24,"HPB","Q_m3day_mod",14118.300225
2021-02-24,"HPB","DOC_mgL_mod",3.52933137884168
2021-02-24,"CCR dam","Q_m3day_mod",154419.225305
2021-02-24,"CCR dam","DOC_mgL_mod",3.54150850659845
2021-02-25,"SMB","Q_m3day_mod",22799.372917
2021-02-25,"SMB","DOC_mgL_mod",5.11834691352358
2021-02-25,"CCS","Q_m3day_mod",31910.436261
2021-02-25,"CCS","DOC_mgL_mod",4.29880678778602
2021-02-25,"HPB","Q_m3day_mod",13288.105013
2021-02-25,"HPB","DOC_mgL_mod",3.57157773464083
2021-02-25,"CCR dam","Q_m3day_mod",145388.452807
2021-02-25,"CCR dam","DOC_mgL_mod",3.5808070720107
2021-02-26,"SMB","Q_m3day_mod",22460.489599
2021-02-26,"SMB","DOC_mgL_mod",5.0697826286507
2021-02-26,"CCS","Q_m3day_mod",32645.35782
2021-02-26,"CCS","DOC_mgL_mod",4.15681153652002
2021-02-26,"HPB","Q_m3day_mod",12927.043914
2021-02-26,"HPB","DOC_mgL_mod",3.60062596751847
2021-02-26,"CCR dam","Q_m3day_mod",143760.197083
2021-02-26,"CCR dam","DOC_mgL_mod",3.55701307020863
2021-02-27,"SMB","Q_m3day_mod",23767.233813
2021-02-27,"SMB","DOC_mgL_mod",4.87833379821347
2021-02-27,"CCS","Q_m3day_mod",37718.62102
2021-02-27,"CCS","DOC_mgL_mod",3.79705822023713
2021-02-27,"HPB","Q_m3day_mod",13680.070581
2021-02-27,"HPB","DOC_mgL_mod",3.66744014242743
2021-02-27,"CCR dam","Q_m3day_mod",154813.66049
2021-02-27,"CCR dam","DOC_mgL_mod",3.42678610092207
2021-02-28,"SMB","Q_m3day_mod",23782.85978
2021-02-28,"SMB","DOC_mgL_mod",4.61059775882007
2021-02-28,"CCS","Q_m3day_mod",38627.778449
2021-02-28,"CCS","DOC_mgL_mod",3.46800943204302
2021-02-28,"HPB","Q_m3day_mod",13740.745887
2021-02-28,"HPB","DOC_mgL_mod",3.32212678812346
2021-02-28,"CCR dam","Q_m3day_mod",156145.506204
2021-02-28,"CCR dam","DOC_mgL_mod",3.20239187253146
2021-03-01,"SMB","Q_m3day_mod",24844.799605
2021-03-01,"SMB","DOC_mgL_mod",4.6727927713547
2021-03-01,"CCS","Q_m3day_mod",42630.828599
2021-03-01,"CCS","DOC_mgL_mod",3.72110524738243
2021-03-01,"HPB","Q_m3day_mod",14483.756264
2021-03-01,"HPB","DOC_mgL_mod",3.83548845944595
2021-03-01,"CCR dam","Q_m3day_mod",165242.559348
2021-03-01,"CCR dam","DOC_mgL_mod",3.34718369276271
2021-03-02,"SMB","Q_m3day_mod",23827.369373
2021-03-02,"SMB","DOC_mgL_mod",4.32931132199979
2021-03-02,"CCS","Q_m3day_mod",39944.547361
2021-03-02,"CCS","DOC_mgL_mod",3.21254610398438
2021-03-02,"HPB","Q_m3day_mod",14170.102666
2021-03-02,"HPB","DOC_mgL_mod",3.08593741560687
2021-03-02,"CCR dam","Q_m3day_mod",158535.931784
2021-03-02,"CCR dam","DOC_mgL_mod",2.99055800577727
2021-03-03,"SMB","Q_m3day_mod",20094.645309
2021-03-03,"SMB","DOC_mgL_mod",4.8363605580275
2021-03-03,"CCS","Q_m3day_mod",29631.061766
2021-03-03,"CCS","DOC_mgL_mod",4.05529511392265
2021-03-03,"HPB","Q_m3day_mod",12022.920783
2021-03-03,"HPB","DOC_mgL_mod",3.42037935225744
2021-03-03,"CCR dam","Q_m3day_mod",131669.664604
2021-03-03,"CCR dam","DOC_mgL_mod",3.40408780828917
2021-03-04,"SMB","Q_m3day_mod",18848.30855
2021-03-04,"SMB","DOC_mgL_mod",4.88014878130802
2021-03-04,"CCS","Q_m3day_mod",27705.258055
2021-03-04,"CCS","DOC_mgL_mod",4.11903400334525
2021-03-04,"HPB","Q_m3day_mod",11262.828519
2021-03-04,"HPB","DOC_mgL_mod",3.46507273320939
2021-03-04,"CCR dam","Q_m3day_mod",123745.958628
2021-03-04,"CCR dam","DOC_mgL_mod",3.4415944142489
2021-03-05,"SMB","Q_m3day_mod",17788.073406
2021-03-05,"SMB","DOC_mgL_mod",4.92166959297964
2021-03-05,"CCS","Q_m3day_mod",26153.969594
2021-03-05,"CCS","DOC_mgL_mod",4.16368534836035
2021-03-05,"HPB","Q_m3day_mod",10629.294971
2021-03-05,"HPB","DOC_mgL_mod",3.5009462152972
2021-03-05,"CCR dam","Q_m3day_mod",116593.923377
2021-03-05,"CCR dam","DOC_mgL_mod",3.48992630331426
2021-03-06,"SMB","Q_m3day_mod",16885.544667
2021-03-06,"SMB","DOC_mgL_mod",4.96001234497815
2021-03-06,"CCS","Q_m3day_mod",24821.824663
2021-03-06,"CCS","DOC_mgL_mod",4.2068261063681
2021-03-06,"HPB","Q_m3day_mod",10079.522582
2021-03-06,"HPB","DOC_mgL_mod",3.53108986169242
2021-03-06,"CCR dam","Q_m3day_mod",110398.745867
2021-03-06,"CCR dam","DOC_mgL_mod",3.53619596793531
2021-03-07,"SMB","Q_m3day_mod",16116.834148
2021-03-07,"SMB","DOC_mgL_mod",4.99669099157376
2021-03-07,"CCS","Q_m3day_mod",23696.815136
2021-03-07,"CCS","DOC_mgL_mod",4.2546392593844
2021-03-07,"HPB","Q_m3day_mod",9594.624557
2021-03-07,"HPB","DOC_mgL_mod",3.55646954159397
2021-03-07,"CCR dam","Q_m3day_mod",104977.027152
2021-03-07,"CCR dam","DOC_mgL_mod",3.58083392336605
2021-03-08,"SMB","Q_m3day_mod",15440.889192
2021-03-08,"SMB","DOC_mgL_mod",5.02087211662441
2021-03-08,"CCS","Q_m3day_mod",22731.544271
2021-03-08,"CCS","DOC_mgL_mod",4.29130633788255
2021-03-08,"HPB","Q_m3day_mod",9162.093749
2021-03-08,"HPB","DOC_mgL_mod",3.57680906764099
2021-03-08,"CCR dam","Q_m3day_mod",100120.364994
2021-03-08,"CCR dam","DOC_mgL_mod",3.61872132629273
2021-03-09,"SMB","Q_m3day_mod",14821.527537
2021-03-09,"SMB","DOC_mgL_mod",5.04017550239093
2021-03-09,"CCS","Q_m3day_mod",21865.374336
2021-03-09,"CCS","DOC_mgL_mod",4.31920709651463
2021-03-09,"HPB","Q_m3day_mod",8771.554809
2021-03-09,"HPB","DOC_mgL_mod",3.59207240746776
2021-03-09,"CCR dam","Q_m3day_mod",95662.119161
2021-03-09,"CCR dam","DOC_mgL_mod",3.65423746688768
2021-03-10,"SMB","Q_m3day_mod",14253.729612
2021-03-10,"SMB","DOC_mgL_mod",5.05696066658347
2021-03-10,"CCS","Q_m3day_mod",21074.15743
2021-03-10,"CCS","DOC_mgL_mod",4.3417688372085
2021-03-10,"HPB","Q_m3day_mod",8416.152778
2021-03-10,"HPB","DOC_mgL_mod",3.60418956263391
2021-03-10,"CCR dam","Q_m3day_mod",91544.101971
2021-03-10,"CCR dam","DOC_mgL_mod",3.68675198875091
2021-03-11,"SMB","Q_m3day_mod",13739.895856
2021-03-11,"SMB","DOC_mgL_mod",5.07220729548447
2021-03-11,"CCS","Q_m3day_mod",20357.629967
2021-03-11,"CCS","DOC_mgL_mod",4.35475790372981
2021-03-11,"HPB","Q_m3day_mod",8098.8846
2021-03-11,"HPB","DOC_mgL_mod",3.62160735072086
2021-03-11,"CCR dam","Q_m3day_mod",87822.855455
2021-03-11,"CCR dam","DOC_mgL_mod",3.71712008575342
2021-03-12,"SMB","Q_m3day_mod",13298.137835
2021-03-12,"SMB","DOC_mgL_mod",5.09505472425418
2021-03-12,"CCS","Q_m3day_mod",19690.566531
2021-03-12,"CCS","DOC_mgL_mod",4.36870314851379
2021-03-12,"HPB","Q_m3day_mod",7817.568967
2021-03-12,"HPB","DOC_mgL_mod",3.63487167429552
2021-03-12,"CCR dam","Q_m3day_mod",84480.415652
2021-03-12,"CCR dam","DOC_mgL_mod",3.81835716018241
2021-03-13,"SMB","Q_m3day_mod",12909.874014
2021-03-13,"SMB","DOC_mgL_mod",5.10204591683632
2021-03-13,"CCS","Q_m3day_mod",19061.337494
2021-03-13,"CCS","DOC_mgL_mod",4.38228639654976
2021-03-13,"HPB","Q_m3day_mod",7557.377173
2021-03-13,"HPB","DOC_mgL_mod",3.64096423535748
2021-03-13,"CCR dam","Q_m3day_mod",81461.730858
2021-03-13,"CCR dam","DOC_mgL_mod",3.83887251972487
2021-03-14,"SMB","Q_m3day_mod",12534.598636
2021-03-14,"SMB","DOC_mgL_mod",5.10583321082097
2021-03-14,"CCS","Q_m3day_mod",18485.67896
2021-03-14,"CCS","DOC_mgL_mod",4.39067995152503
2021-03-14,"HPB","Q_m3day_mod",7310.323829
2021-03-14,"HPB","DOC_mgL_mod",3.64418329791612
2021-03-14,"CCR dam","Q_m3day_mod",78677.280951
2021-03-14,"CCR dam","DOC_mgL_mod",3.84905523347463
2021-03-15,"SMB","Q_m3day_mod",12180.119352
2021-03-15,"SMB","DOC_mgL_mod",5.11592852247118
2021-03-15,"CCS","Q_m3day_mod",17950.078633
2021-03-15,"CCS","DOC_mgL_mod",4.39375902537864
2021-03-15,"HPB","Q_m3day_mod",7077.445162
2021-03-15,"HPB","DOC_mgL_mod",3.64673683924476
2021-03-15,"CCR dam","Q_m3day_mod",76062.634433
2021-03-15,"CCR dam","DOC_mgL_mod",3.86110870586128
2021-03-16,"SMB","Q_m3day_mod",12658.840844
2021-03-16,"SMB","DOC_mgL_mod",4.91753161028999
2021-03-16,"CCS","Q_m3day_mod",19945.66279
2021-03-16,"CCS","DOC_mgL_mod",3.97210716104762
2021-03-16,"HPB","Q_m3day_mod",7242.094774
2021-03-16,"HPB","DOC_mgL_mod",3.66192667005824
2021-03-16,"CCR dam","Q_m3day_mod",80384.184424
2021-03-16,"CCR dam","DOC_mgL_mod",3.6934131026819
2021-03-17,"SMB","Q_m3day_mod",12583.431263
2021-03-17,"SMB","DOC_mgL_mod",4.76429113387211
2021-03-17,"CCS","Q_m3day_mod",19945.76339
2021-03-17,"CCS","DOC_mgL_mod",3.83795588582885
2021-03-17,"HPB","Q_m3day_mod",7283.037414
2021-03-17,"HPB","DOC_mgL_mod",3.48797329410506
2021-03-17,"CCR dam","Q_m3day_mod",80162.637224
2021-03-17,"CCR dam","DOC_mgL_mod",3.54314940021664
2021-03-18,"SMB","Q_m3day_mod",16784.902895
2021-03-18,"SMB","DOC_mgL_mod",4.87571304474919
2021-03-18,"CCS","Q_m3day_mod",31482.637899
2021-03-18,"CCS","DOC_mgL_mod",3.75733762778999
2021-03-18,"HPB","Q_m3day_mod",9362.809896
2021-03-18,"HPB","DOC_mgL_mod",3.7697881717196
2021-03-18,"CCR dam","Q_m3day_mod",111493.332794
2021-03-18,"CCR dam","DOC_mgL_mod",3.63535370091486
2021-03-19,"SMB","Q_m3day_mod",22568.046064
2021-03-19,"SMB","DOC_mgL_mod",4.08582912931438
2021-03-19,"CCS","Q_m3day_mod",45928.089924
2021-03-19,"CCS","DOC_mgL_mod",2.89833738394681
2021-03-19,"HPB","Q_m3day_mod",12283.177909
2021-03-19,"HPB","DOC_mgL_mod",3.08280562901029
2021-03-19,"CCR dam","Q_m3day_mod",153856.299003
2021-03-19,"CCR dam","DOC_mgL_mod",2.92029707533287
2021-03-20,"SMB","Q_m3day_mod",20112.671382
2021-03-20,"SMB","DOC_mgL_mod",3.68907583636072
2021-03-20,"CCS","Q_m3day_mod",36481.192031
2021-03-20,"CCS","DOC_mgL_mod",2.70855431248066
2021-03-20,"HPB","Q_m3day_mod",11519.373199
2021-03-20,"HPB","DOC_mgL_mod",2.69040332877577
2021-03-20,"CCR dam","Q_m3day_mod",134398.820693
2021-03-20,"CCR dam","DOC_mgL_mod",2.59458005808352
2021-03-21,"SMB","Q_m3day_mod",16304.582958
2021-03-21,"SMB","DOC_mgL_mod",4.3258653215287
2021-03-21,"CCS","Q_m3day_mod",25534.422031
2021-03-21,"CCS","DOC_mgL_mod",3.68744355700275
2021-03-21,"HPB","Q_m3day_mod",9754.478733
2021-03-21,"HPB","DOC_mgL_mod",2.96945237083844
2021-03-21,"CCR dam","Q_m3day_mod",106556.532671
2021-03-21,"CCR dam","DOC_mgL_mod",3.11313245358894
2021-03-22,"SMB","Q_m3day_mod",15376.66414
2021-03-22,"SMB","DOC_mgL_mod",4.38338376817795
2021-03-22,"CCS","Q_m3day_mod",23969.44726
2021-03-22,"CCS","DOC_mgL_mod",3.76394912328904
2021-03-22,"HPB","Q_m3day_mod",9038.352212
2021-03-22,"HPB","DOC_mgL_mod",3.03398886841256
2021-03-22,"CCR dam","Q_m3day_mod",100164.492601
2021-03-22,"CCR dam","DOC_mgL_mod",3.15727751209956
2021-03-23,"SMB","Q_m3day_mod",14781.21264
2021-03-23,"SMB","DOC_mgL_mod",4.43629840102212
2021-03-23,"CCS","Q_m3day_mod",23179.584935
2021-03-23,"CCS","DOC_mgL_mod",3.76344616370932
2021-03-23,"HPB","Q_m3day_mod",8508.345394
2021-03-23,"HPB","DOC_mgL_mod",3.07668750947277
2021-03-23,"CCR dam","Q_m3day_mod",95649.076212
2021-03-23,"CCR dam","DOC_mgL_mod",3.19597336541394
2021-03-24,"SMB","Q_m3day_mod",15204.343333
2021-03-24,"SMB","DOC_mgL_mod",4.36969348461108
2021-03-24,"CCS","Q_m3day_mod",24756.32247
2021-03-24,"CCS","DOC_mgL_mod",3.51036912309213
2021-03-24,"HPB","Q_m3day_mod",8396.24383
2021-03-24,"HPB","DOC_mgL_mod",3.10210500401821
2021-03-24,"CCR dam","Q_m3day_mod",98310.097406
2021-03-24,"CCR dam","DOC_mgL_mod",3.13969783516013
2021-03-25,"SMB","Q_m3day_mod",15966.729867
2021-03-25,"SMB","DOC_mgL_mod",4.1958159596889
2021-03-25,"CCS","Q_m3day_mod",27356.253459
2021-03-25,"CCS","DOC_mgL_mod",3.31574351494972
2021-03-25,"HPB","Q_m3day_mod",8638.282206
2021-03-25,"HPB","DOC_mgL_mod",2.99518461923238
2021-03-25,"CCR dam","Q_m3day_mod",104501.341191
2021-03-25,"CCR dam","DOC_mgL_mod",3.00708006632803
2021-03-26,"SMB","Q_m3day_mod",16827.386579
2021-03-26,"SMB","DOC_mgL_mod",4.21349623526706
2021-03-26,"CCS","Q_m3day_mod",30113.561621
2021-03-26,"CCS","DOC_mgL_mod",3.3049202632543
2021-03-26,"HPB","Q_m3day_mod",9114.362979
2021-03-26,"HPB","DOC_mgL_mod",2.98211954720527
2021-03-26,"CCR dam","Q_m3day_mod",112126.876251
2021-03-26,"CCR dam","DOC_mgL_mod",2.99404131484494
2021-03-27,"SMB","Q_m3day_mod",16819.886991
2021-03-27,"SMB","DOC_mgL_mod",4.13090171397573
2021-03-27,"CCS","Q_m3day_mod",29174.476998
2021-03-27,"CCS","DOC_mgL_mod",3.2192128073603
2021-03-27,"HPB","Q_m3day_mod",9335.670754
2021-03-27,"HPB","DOC_mgL_mod",3.01941025372198
2021-03-27,"CCR dam","Q_m3day_mod",111142.235478
2021-03-27,"CCR dam","DOC_mgL_mod",2.91805179736732
2021-03-28,"SMB","Q_m3day_mod",17487.1454
2021-03-28,"SMB","DOC_mgL_mod",4.3184012183029
2021-03-28,"CCS","Q_m3day_mod",30319.308399
2021-03-28,"CCS","DOC_mgL_mod",3.48399437777031
2021-03-28,"HPB","Q_m3day_mod",9726.761411
2021-03-28,"HPB","DOC_mgL_mod",3.07239365059409
2021-03-28,"CCR dam","Q_m3day_mod",115120.333061
2021-03-28,"CCR dam","DOC_mgL_mod",3.10065381595847
2021-03-29,"SMB","Q_m3day_mod",17549.936787
2021-03-29,"SMB","DOC_mgL_mod",4.14282005014723
2021-03-29,"CCS","Q_m3day_mod",29840.035446
2021-03-29,"CCS","DOC_mgL_mod",3.31921388562817
2021-03-29,"HPB","Q_m3day_mod",9907.611416
2021-03-29,"HPB","DOC_mgL_mod",3.04297763952595
2021-03-29,"CCR dam","Q_m3day_mod",114733.743646
2021-03-29,"CCR dam","DOC_mgL_mod",2.9430818630119
2021-03-30,"SMB","Q_m3day_mod",15814.349936
2021-03-30,"SMB","DOC_mgL_mod",4.39385306896626
2021-03-30,"CCS","Q_m3day_mod",24685.502169
2021-03-30,"CCS","DOC_mgL_mod",3.80775361005377
2021-03-30,"HPB","Q_m3day_mod",9270.304189
2021-03-30,"HPB","DOC_mgL_mod",3.07999925545917
2021-03-30,"CCR dam","Q_m3day_mod",101102.705446
2021-03-30,"CCR dam","DOC_mgL_mod",3.19645551100122
2021-03-31,"SMB","Q_m3day_mod",19374.086698
2021-03-31,"SMB","DOC_mgL_mod",4.56128236533196
2021-03-31,"CCS","Q_m3day_mod",35170.08258
2021-03-31,"CCS","DOC_mgL_mod",3.61008251007638
2021-03-31,"HPB","Q_m3day_mod",10586.882477
2021-03-31,"HPB","DOC_mgL_mod",3.35176479734148
2021-03-31,"CCR dam","Q_m3day_mod",127140.656264
2021-03-31,"CCR dam","DOC_mgL_mod",3.27052032149797
2021-04-01,"SMB","Q_m3day_mod",22125.130434
2021-04-01,"SMB","DOC_mgL_mod",4.02273967448467
2021-04-01,"CCS","Q_m3day_mod",40510.262832
2021-04-01,"CCS","DOC_mgL_mod",2.95881812707761
2021-04-01,"HPB","Q_m3day_mod",12078.192016
2021-04-01,"HPB","DOC_mgL_mod",3.05040853392573
2021-04-01,"CCR dam","Q_m3day_mod",144253.628577
2021-04-01,"CCR dam","DOC_mgL_mod",2.80774081037278
2021-04-02,"SMB","Q_m3day_mod",19556.971226
2021-04-02,"SMB","DOC_mgL_mod",4.21133462069552
2021-04-02,"CCS","Q_m3day_mod",31346.455213
2021-04-02,"CCS","DOC_mgL_mod",3.51190905804064
2021-04-02,"HPB","Q_m3day_mod",11366.363938
2021-04-02,"HPB","DOC_mgL_mod",3.01122154689888
2021-04-02,"CCR dam","Q_m3day_mod",123822.155276
2021-04-02,"CCR dam","DOC_mgL_mod",3.04083384076727
2021-04-03,"SMB","Q_m3day_mod",17629.668365
2021-04-03,"SMB","DOC_mgL_mod",4.38035636298823
2021-04-03,"CCS","Q_m3day_mod",27260.092061
2021-04-03,"CCS","DOC_mgL_mod",3.8467625041525
2021-04-03,"HPB","Q_m3day_mod",10407.960691
2021-04-03,"HPB","DOC_mgL_mod",3.08244054262637
2021-04-03,"CCR dam","Q_m3day_mod",111763.46494
2021-04-03,"CCR dam","DOC_mgL_mod",3.20688250129336
2021-04-04,"SMB","Q_m3day_mod",16539.709313
2021-04-04,"SMB","DOC_mgL_mod",4.43104643576755
2021-04-04,"CCS","Q_m3day_mod",25678.367813
2021-04-04,"CCS","DOC_mgL_mod",3.89817611185255
2021-04-04,"HPB","Q_m3day_mod",9715.918224
2021-04-04,"HPB","DOC_mgL_mod",3.13602886495435
2021-04-04,"CCR dam","Q_m3day_mod",105210.45532
2021-04-04,"CCR dam","DOC_mgL_mod",3.25746522964482
2021-04-05,"SMB","Q_m3day_mod",15654.338879
2021-04-05,"SMB","DOC_mgL_mod",4.4778837702329
2021-04-05,"CCS","Q_m3day_mod",24326.581379
2021-04-05,"CCS","DOC_mgL_mod",3.95542178742237
2021-04-05,"HPB","Q_m3day_mod",9146.113004
2021-04-05,"HPB","DOC_mgL_mod",3.17862134299954
2021-04-05,"CCR dam","Q_m3day_mod",99389.667365
2021-04-05,"CCR dam","DOC_mgL_mod",3.31270753518936
2021-04-06,"SMB","Q_m3day_mod",14904.652242
2021-04-06,"SMB","DOC_mgL_mod",4.52439137157293
2021-04-06,"CCS","Q_m3day_mod",23163.726746
2021-04-06,"CCS","DOC_mgL_mod",3.99865319668367
2021-04-06,"HPB","Q_m3day_mod",8651.446431
2021-04-06,"HPB","DOC_mgL_mod",3.21548659196685
2021-04-06,"CCR dam","Q_m3day_mod",94247.171912
2021-04-06,"CCR dam","DOC_mgL_mod",3.36173800839173
2021-04-07,"SMB","Q_m3day_mod",14260.464253
2021-04-07,"SMB","DOC_mgL_mod",4.56694668873064
2021-04-07,"CCS","Q_m3day_mod",22120.239333
2021-04-07,"CCS","DOC_mgL_mod",4.03467153571236
2021-04-07,"HPB","Q_m3day_mod",8216.653017
2021-04-07,"HPB","DOC_mgL_mod",3.24879606632658
2021-04-07,"CCR dam","Q_m3day_mod",89648.654612
2021-04-07,"CCR dam","DOC_mgL_mod",3.40917218805747
2021-04-08,"SMB","Q_m3day_mod",13702.710958
2021-04-08,"SMB","DOC_mgL_mod",4.60477493784993
2021-04-08,"CCS","Q_m3day_mod",21173.010891
2021-04-08,"CCS","DOC_mgL_mod",4.0654883919504
2021-04-08,"HPB","Q_m3day_mod",7836.361186
2021-04-08,"HPB","DOC_mgL_mod",3.28166343914102
2021-04-08,"CCR dam","Q_m3day_mod",85538.30072
2021-04-08,"CCR dam","DOC_mgL_mod",3.45203373827321
2021-04-09,"SMB","Q_m3day_mod",13677.409934
2021-04-09,"SMB","DOC_mgL_mod",4.5732818056808
2021-04-09,"CCS","Q_m3day_mod",21750.157115
2021-04-09,"CCS","DOC_mgL_mod",3.87264420917265
2021-04-09,"HPB","Q_m3day_mod",7653.143785
2021-04-09,"HPB","DOC_mgL_mod",3.25827407671003
2021-04-09,"CCR dam","Q_m3day_mod",85649.086609
2021-04-09,"CCR dam","DOC_mgL_mod",3.40755998172352
2021-04-10,"SMB","Q_m3day_mod",14151.232068
2021-04-10,"SMB","DOC_mgL_mod",4.3843814942658
2021-04-10,"CCS","Q_m3day_mod",23749.320264
2021-04-10,"CCS","DOC_mgL_mod",3.55374423612177
2021-04-10,"HPB","Q_m3day_mod",7842.193151
2021-04-10,"HPB","DOC_mgL_mod",3.22557472290445
2021-04-10,"CCR dam","Q_m3day_mod",90082.480242
2021-04-10,"CCR dam","DOC_mgL_mod",3.28666572239826
2021-04-11,"SMB","Q_m3day_mod",17732.814601
2021-04-11,"SMB","DOC_mgL_mod",4.43651116701821
2021-04-11,"CCS","Q_m3day_mod",34946.722846
2021-04-11,"CCS","DOC_mgL_mod",3.47584237112246
2021-04-11,"HPB","Q_m3day_mod",9611.860361
2021-04-11,"HPB","DOC_mgL_mod",3.29324072667934
2021-04-11,"CCR dam","Q_m3day_mod",119392.160487
2021-04-11,"CCR dam","DOC_mgL_mod",3.29009960451106
2021-04-12,"SMB","Q_m3day_mod",18222.062228
2021-04-12,"SMB","DOC_mgL_mod",3.66469059124322
2021-04-12,"CCS","Q_m3day_mod",34857.902771
2021-04-12,"CCS","DOC_mgL_mod",2.67182511271111
2021-04-12,"HPB","Q_m3day_mod",10316.468178
2021-04-12,"HPB","DOC_mgL_mod",2.83465421454625
2021-04-12,"CCR dam","Q_m3day_mod",122552.737152
2021-04-12,"CCR dam","DOC_mgL_mod",2.6388255988024
2021-04-13,"SMB","Q_m3day_mod",14952.646622
2021-04-13,"SMB","DOC_mgL_mod",4.26691886813722
2021-04-13,"CCS","Q_m3day_mod",23755.644325
2021-04-13,"CCS","DOC_mgL_mod",3.71767605171029
2021-04-13,"HPB","Q_m3day_mod",9086.894998
2021-04-13,"HPB","DOC_mgL_mod",2.99669028925649
2021-04-13,"CCR dam","Q_m3day_mod",96144.658129
2021-04-13,"CCR dam","DOC_mgL_mod",3.19665705803053
2021-04-14,"SMB","Q_m3day_mod",14342.539188
2021-04-14,"SMB","DOC_mgL_mod",4.30667186544486
2021-04-14,"CCS","Q_m3day_mod",22866.690746
2021-04-14,"CCS","DOC_mgL_mod",3.70652539720143
2021-04-14,"HPB","Q_m3day_mod",8497.86697
2021-04-14,"HPB","DOC_mgL_mod",3.03158311267374
2021-04-14,"CCR dam","Q_m3day_mod",92144.963705
2021-04-14,"CCR dam","DOC_mgL_mod",3.20329281310448
2021-04-15,"SMB","Q_m3day_mod",14762.979313
2021-04-15,"SMB","DOC_mgL_mod",4.2430073680887
2021-04-15,"CCS","Q_m3day_mod",24671.625911
2021-04-15,"CCS","DOC_mgL_mod",3.41477251251761
2021-04-15,"HPB","Q_m3day_mod",8411.980025
2021-04-15,"HPB","DOC_mgL_mod",3.06540551967133
2021-04-15,"CCR dam","Q_m3day_mod",95337.93496
2021-04-15,"CCR dam","DOC_mgL_mod",3.12281255226382
2021-04-16,"SMB","Q_m3day_mod",14312.022505
2021-04-16,"SMB","DOC_mgL_mod",4.04614092660693
2021-04-16,"CCS","Q_m3day_mod",23680.055366
2021-04-16,"CCS","DOC_mgL_mod",3.37161331618484
2021-04-16,"HPB","Q_m3day_mod",8155.35273
2021-04-16,"HPB","DOC_mgL_mod",2.95692912353038
2021-04-16,"CCR dam","Q_m3day_mod",92138.799779
2021-04-16,"CCR dam","DOC_mgL_mod",3.01744434122058
2021-04-17,"SMB","Q_m3day_mod",12953.172046
2021-04-17,"SMB","DOC_mgL_mod",4.32482791095941
2021-04-17,"CCS","Q_m3day_mod",20270.434933
2021-04-17,"CCS","DOC_mgL_mod",3.77958392374076
2021-04-17,"HPB","Q_m3day_mod",7536.968187
2021-04-17,"HPB","DOC_mgL_mod",3.05429045590318
2021-04-17,"CCR dam","Q_m3day_mod",82302.049773
2021-04-17,"CCR dam","DOC_mgL_mod",3.25192143741482
2021-04-18,"SMB","Q_m3day_mod",12399.304987
2021-04-18,"SMB","DOC_mgL_mod",4.3763073863327
2021-04-18,"CCS","Q_m3day_mod",19323.077137
2021-04-18,"CCS","DOC_mgL_mod",3.82512575383091
2021-04-18,"HPB","Q_m3day_mod",7131.922035
2021-04-18,"HPB","DOC_mgL_mod",3.09522031952499
2021-04-18,"CCR dam","Q_m3day_mod",78349.547175
2021-04-18,"CCR dam","DOC_mgL_mod",3.30239049655363
2021-04-19,"SMB","Q_m3day_mod",13387.003944
2021-04-19,"SMB","DOC_mgL_mod",4.21391599165723
2021-04-19,"CCS","Q_m3day_mod",23342.867439
2021-04-19,"CCS","DOC_mgL_mod",3.42208943304619
2021-04-19,"HPB","Q_m3day_mod",7392.003945
2021-04-19,"HPB","DOC_mgL_mod",3.04515394843989
2021-04-19,"CCR dam","Q_m3day_mod",87126.062042
2021-04-19,"CCR dam","DOC_mgL_mod",3.19578428628826
2021-04-20,"SMB","Q_m3day_mod",13509.32886
2021-04-20,"SMB","DOC_mgL_mod",3.94974913653853
2021-04-20,"CCS","Q_m3day_mod",23633.378819
2021-04-20,"CCS","DOC_mgL_mod",3.13370384180783
2021-04-20,"HPB","Q_m3day_mod",7594.968013
2021-04-20,"HPB","DOC_mgL_mod",3.00478421514584
2021-04-20,"CCR dam","Q_m3day_mod",88199.199529
2021-04-20,"CCR dam","DOC_mgL_mod",2.92778961009838
2021-04-21,"SMB","Q_m3day_mod",12114.095723
2021-04-21,"SMB","DOC_mgL_mod",4.26708779441597
2021-04-21,"CCS","Q_m3day_mod",19009.267089
2021-04-21,"CCS","DOC_mgL_mod",3.74899987812991
2021-04-21,"HPB","Q_m3day_mod",7143.840506
2021-04-21,"HPB","DOC_mgL_mod",3.0452373596147
2021-04-21,"CCR dam","Q_m3day_mod",76842.33999
2021-04-21,"CCR dam","DOC_mgL_mod",3.24694432825015
2021-04-22,"SMB","Q_m3day_mod",11614.743208
2021-04-22,"SMB","DOC_mgL_mod",4.32360226142677
2021-04-22,"CCS","Q_m3day_mod",18162.571446
2021-04-22,"CCS","DOC_mgL_mod",3.79191185591551
2021-04-22,"HPB","Q_m3day_mod",6760.269776
2021-04-22,"HPB","DOC_mgL_mod",3.08323494337425
2021-04-22,"CCR dam","Q_m3day_mod",73345.897538
2021-04-22,"CCR dam","DOC_mgL_mod",3.29049760247274
2021-04-23,"SMB","Q_m3day_mod",11171.465173
2021-04-23,"SMB","DOC_mgL_mod",4.3662419606238
2021-04-23,"CCS","Q_m3day_mod",17420.242769
2021-04-23,"CCS","DOC_mgL_mod",3.82912344474916
2021-04-23,"HPB","Q_m3day_mod",6430.208438
2021-04-23,"HPB","DOC_mgL_mod",3.11578702201939
2021-04-23,"CCR dam","Q_m3day_mod",70093.981716
2021-04-23,"CCR dam","DOC_mgL_mod",3.3604111827226
2021-04-24,"SMB","Q_m3day_mod",12615.722314
2021-04-24,"SMB","DOC_mgL_mod",4.27313622305844
2021-04-24,"CCS","Q_m3day_mod",23376.603124
2021-04-24,"CCS","DOC_mgL_mod",3.25974563523158
2021-04-24,"HPB","Q_m3day_mod",6898.811512
2021-04-24,"HPB","DOC_mgL_mod",2.92449068436007
2021-04-24,"CCR dam","Q_m3day_mod",83236.758048
2021-04-24,"CCR dam","DOC_mgL_mod",3.16773630044491
2021-04-25,"SMB","Q_m3day_mod",13848.241126
2021-04-25,"SMB","DOC_mgL_mod",3.93204014174529
2021-04-25,"CCS","Q_m3day_mod",26531.669745
2021-04-25,"CCS","DOC_mgL_mod",2.88244919128817
2021-04-25,"HPB","Q_m3day_mod",7698.44305
2021-04-25,"HPB","DOC_mgL_mod",2.98721960409904
2021-04-25,"CCR dam","Q_m3day_mod",92759.995539
2021-04-25,"CCR dam","DOC_mgL_mod",2.81604907893914
2021-04-26,"SMB","Q_m3day_mod",12880.482249
2021-04-26,"SMB","DOC_mgL_mod",4.05095935007022
2021-04-26,"CCS","Q_m3day_mod",21494.530348
2021-04-26,"CCS","DOC_mgL_mod",3.42412226777722
2021-04-26,"HPB","Q_m3day_mod",7604.058864
2021-04-26,"HPB","DOC_mgL_mod",2.93170008264155
2021-04-26,"CCR dam","Q_m3day_mod",83169.580002
2021-04-26,"CCR dam","DOC_mgL_mod",3.02069338325333
2021-04-27,"SMB","Q_m3day_mod",12058.189754
2021-04-27,"SMB","DOC_mgL_mod",4.18260958144812
2021-04-27,"CCS","Q_m3day_mod",19140.126026
2021-04-27,"CCS","DOC_mgL_mod",3.69693960760131
2021-04-27,"HPB","Q_m3day_mod",7117.395996
2021-04-27,"HPB","DOC_mgL_mod",2.98031330727154
2021-04-27,"CCR dam","Q_m3day_mod",76739.749583
2021-04-27,"CCR dam","DOC_mgL_mod",3.1567108482416
2021-04-28,"SMB","Q_m3day_mod",11531.093428
2021-04-28,"SMB","DOC_mgL_mod",4.23557751092397
2021-04-28,"CCS","Q_m3day_mod",18251.848178
2021-04-28,"CCS","DOC_mgL_mod",3.74119701928632
2021-04-28,"HPB","Q_m3day_mod",6718.194118
2021-04-28,"HPB","DOC_mgL_mod",3.0190449462687
2021-04-28,"CCR dam","Q_m3day_mod",72882.860104
2021-04-28,"CCR dam","DOC_mgL_mod",3.20950906243541
2021-04-29,"SMB","Q_m3day_mod",11073.356214
2021-04-29,"SMB","DOC_mgL_mod",4.28751130935126
2021-04-29,"CCS","Q_m3day_mod",17502.721252
2021-04-29,"CCS","DOC_mgL_mod",3.77375089559016
2021-04-29,"HPB","Q_m3day_mod",6378.39184
2021-04-29,"HPB","DOC_mgL_mod",3.05682537057805
2021-04-29,"CCR dam","Q_m3day_mod",69505.538211
2021-04-29,"CCR dam","DOC_mgL_mod",3.2607660602811
2021-04-30,"SMB","Q_m3day_mod",10666.236278
2021-04-30,"SMB","DOC_mgL_mod",4.33212323406961
2021-04-30,"CCS","Q_m3day_mod",16805.479417
2021-04-30,"CCS","DOC_mgL_mod",3.80822459222795
2021-04-30,"HPB","Q_m3day_mod",6087.129349
2021-04-30,"HPB","DOC_mgL_mod",3.09138822605953
2021-04-30,"CCR dam","Q_m3day_mod",66544.468762
2021-04-30,"CCR dam","DOC_mgL_mod",3.35083747978362
2021-05-01,"SMB","Q_m3day_mod",10284.293924
2021-05-01,"SMB","DOC_mgL_mod",4.36864507490908
2021-05-01,"CCS","Q_m3day_mod",16147.474074
2021-05-01,"CCS","DOC_mgL_mod",3.84847188577068
2021-05-01,"HPB","Q_m3day_mod",5830.959241
2021-05-01,"HPB","DOC_mgL_mod",3.1201933074874
2021-05-01,"CCR dam","Q_m3day_mod",63753.734503
2021-05-01,"CCR dam","DOC_mgL_mod",3.40313240771473
2021-05-02,"SMB","Q_m3day_mod",9931.808891
2021-05-02,"SMB","DOC_mgL_mod",4.40219807689008
2021-05-02,"CCS","Q_m3day_mod",15590.489342
2021-05-02,"CCS","DOC_mgL_mod",3.87901871925734
2021-05-02,"HPB","Q_m3day_mod",5603.70208
2021-05-02,"HPB","DOC_mgL_mod",3.14626826128487
2021-05-02,"CCR dam","Q_m3day_mod",61164.775777
2021-05-02,"CCR dam","DOC_mgL_mod",3.44237017671165
2021-05-03,"SMB","Q_m3day_mod",9945.423833
2021-05-03,"SMB","DOC_mgL_mod",4.28861763120397
2021-05-03,"CCS","Q_m3day_mod",16833.597158
2021-05-03,"CCS","DOC_mgL_mod",3.64193579212893
2021-05-03,"HPB","Q_m3day_mod",5593.848287
2021-05-03,"HPB","DOC_mgL_mod",3.06539954611393
2021-05-03,"CCR dam","Q_m3day_mod",62547.641471
2021-05-03,"CCR dam","DOC_mgL_mod",3.33151970401017
2021-05-04,"SMB","Q_m3day_mod",9958.191867
2021-05-04,"SMB","DOC_mgL_mod",4.18686349458344
2021-05-04,"CCS","Q_m3day_mod",17480.152112
2021-05-04,"CCS","DOC_mgL_mod",3.38728974557107
2021-05-04,"HPB","Q_m3day_mod",5602.613239
2021-05-04,"HPB","DOC_mgL_mod",2.98142300520131
2021-05-04,"CCR dam","Q_m3day_mod",63600.692245
2021-05-04,"CCR dam","DOC_mgL_mod",3.21344143885584
2021-05-05,"SMB","Q_m3day_mod",9591.867655
2021-05-05,"SMB","DOC_mgL_mod",4.24914953645699
2021-05-05,"CCS","Q_m3day_mod",15893.383103
2021-05-05,"CCS","DOC_mgL_mod",3.58246319433731
2021-05-05,"HPB","Q_m3day_mod",5398.93075
2021-05-05,"HPB","DOC_mgL_mod",3.01908299157199
2021-05-05,"CCR dam","Q_m3day_mod",60335.897013
2021-05-05,"CCR dam","DOC_mgL_mod",3.29659141318715
2021-05-06,"SMB","Q_m3day_mod",9034.768923
2021-05-06,"SMB","DOC_mgL_mod",4.19154383723025
2021-05-06,"CCS","Q_m3day_mod",14159.224625
2021-05-06,"CCS","DOC_mgL_mod",3.5239429644969
2021-05-06,"HPB","Q_m3day_mod",5078.563856
2021-05-06,"HPB","DOC_mgL_mod",2.96197319291913
2021-05-06,"CCR dam","Q_m3day_mod",55916.638529
2021-05-06,"CCR dam","DOC_mgL_mod",3.258076751261
2021-05-07,"SMB","Q_m3day_mod",8660.103011
2021-05-07,"SMB","DOC_mgL_mod",4.41712066835829
2021-05-07,"CCS","Q_m3day_mod",13416.740894
2021-05-07,"CCS","DOC_mgL_mod",3.95761760769679
2021-05-07,"HPB","Q_m3day_mod",4856.302679
2021-05-07,"HPB","DOC_mgL_mod",3.13756390553843
2021-05-07,"CCR dam","Q_m3day_mod",53167.163128
2021-05-07,"CCR dam","DOC_mgL_mod",3.4970776897081
2021-05-08,"SMB","Q_m3day_mod",8245.830912
2021-05-08,"SMB","DOC_mgL_mod",4.18458859613346
2021-05-08,"CCS","Q_m3day_mod",12554.64456
2021-05-08,"CCS","DOC_mgL_mod",3.45157760483822
2021-05-08,"HPB","Q_m3day_mod",4660.994075
2021-05-08,"HPB","DOC_mgL_mod",3.02549837504353
2021-05-08,"CCR dam","Q_m3day_mod",50232.173344
2021-05-08,"CCR dam","DOC_mgL_mod",3.27553217483179
2021-05-09,"SMB","Q_m3day_mod",7529.521434
2021-05-09,"SMB","DOC_mgL_mod",4.19242846662969
2021-05-09,"CCS","Q_m3day_mod",10868.167877
2021-05-09,"CCS","DOC_mgL_mod",3.58687595197146
2021-05-09,"HPB","Q_m3day_mod",4345.983747
2021-05-09,"HPB","DOC_mgL_mod",3.05759081799898
2021-05-09,"CCR dam","Q_m3day_mod",45291.447188
2021-05-09,"CCR dam","DOC_mgL_mod",3.31709868700785
2021-05-10,"SMB","Q_m3day_mod",7667.015399
2021-05-10,"SMB","DOC_mgL_mod",4.39124590833497
2021-05-10,"CCS","Q_m3day_mod",12687.256208
2021-05-10,"CCS","DOC_mgL_mod",4.0631921634478
2021-05-10,"HPB","Q_m3day_mod",4291.728107
2021-05-10,"HPB","DOC_mgL_mod",3.2268027365043
2021-05-10,"CCR dam","Q_m3day_mod",47908.26863
2021-05-10,"CCR dam","DOC_mgL_mod",3.54547147824991
2021-05-11,"SMB","Q_m3day_mod",7502.584383
2021-05-11,"SMB","DOC_mgL_mod",3.80449569679968
2021-05-11,"CCS","Q_m3day_mod",12573.072
2021-05-11,"CCS","DOC_mgL_mod",2.87017047226008
2021-05-11,"HPB","Q_m3day_mod",4264.065754
2021-05-11,"HPB","DOC_mgL_mod",2.90106220533671
2021-05-11,"CCR dam","Q_m3day_mod",47502.302138
2021-05-11,"CCR dam","DOC_mgL_mod",2.93453356418462
2021-05-12,"SMB","Q_m3day_mod",7010.84726
2021-05-12,"SMB","DOC_mgL_mod",4.34077492653862
2021-05-12,"CCS","Q_m3day_mod",10592.641219
2021-05-12,"CCS","DOC_mgL_mod",3.88736190990214
2021-05-12,"HPB","Q_m3day_mod",4123.882628
2021-05-12,"HPB","DOC_mgL_mod",3.02371602803047
2021-05-12,"CCR dam","Q_m3day_mod",43310.633451
2021-05-12,"CCR dam","DOC_mgL_mod",3.4598362586761
2021-05-13,"SMB","Q_m3day_mod",6639.727066
2021-05-13,"SMB","DOC_mgL_mod",3.91315482424681
2021-05-13,"CCS","Q_m3day_mod",10016.699768
2021-05-13,"CCS","DOC_mgL_mod",3.25390305738472
2021-05-13,"HPB","Q_m3day_mod",3914.711879
2021-05-13,"HPB","DOC_mgL_mod",2.90322004563545
2021-05-13,"CCR dam","Q_m3day_mod",40890.231258
2021-05-13,"CCR dam","DOC_mgL_mod",3.09382696326153
2021-05-14,"SMB","Q_m3day_mod",5907.446158
2021-05-14,"SMB","DOC_mgL_mod",4.08266099342077
2021-05-14,"CCS","Q_m3day_mod",8553.328455
2021-05-14,"CCS","DOC_mgL_mod",3.50765788521329
2021-05-14,"HPB","Q_m3day_mod",3600.128046
2021-05-14,"HPB","DOC_mgL_mod",2.94187036257432
2021-05-14,"CCR dam","Q_m3day_mod",36103.728443
2021-05-14,"CCR dam","DOC_mgL_mod",3.24312488071303
2021-05-15,"SMB","Q_m3day_mod",5418.774057
2021-05-15,"SMB","DOC_mgL_mod",4.06802530759219
2021-05-15,"CCS","Q_m3day_mod",7762.966496
2021-05-15,"CCS","DOC_mgL_mod",3.47480180597188
2021-05-15,"HPB","Q_m3day_mod",3326.255799
2021-05-15,"HPB","DOC_mgL_mod",2.93435038968872
2021-05-15,"CCR dam","Q_m3day_mod",32988.911373
2021-05-15,"CCR dam","DOC_mgL_mod",3.22718439527332
2021-05-16,"SMB","Q_m3day_mod",5208.089308
2021-05-16,"SMB","DOC_mgL_mod",4.26886880872973
2021-05-16,"CCS","Q_m3day_mod",7871.6908
2021-05-16,"CCS","DOC_mgL_mod",3.9430626518003
2021-05-16,"HPB","Q_m3day_mod",3155.073729
2021-05-16,"HPB","DOC_mgL_mod",3.06569729610271
2021-05-16,"CCR dam","Q_m3day_mod",32242.801166
2021-05-16,"CCR dam","DOC_mgL_mod",3.49651692542401
2021-05-17,"SMB","Q_m3day_mod",5398.885029
2021-05-17,"SMB","DOC_mgL_mod",4.31559477092914
2021-05-17,"CCS","Q_m3day_mod",8962.520936
2021-05-17,"CCS","DOC_mgL_mod",3.56277549899382
2021-05-17,"HPB","Q_m3day_mod",3102.554853
2021-05-17,"HPB","DOC_mgL_mod",3.1070451472208
2021-05-17,"CCR dam","Q_m3day_mod",34550.328127
2021-05-17,"CCR dam","DOC_mgL_mod",3.39910520005233
2021-05-18,"SMB","Q_m3day_mod",5519.214109
2021-05-18,"SMB","DOC_mgL_mod",4.10592514667019
2021-05-18,"CCS","Q_m3day_mod",9188.575805
2021-05-18,"CCS","DOC_mgL_mod",3.47563764806966
2021-05-18,"HPB","Q_m3day_mod",3159.020146
2021-05-18,"HPB","DOC_mgL_mod",3.03532094030527
2021-05-18,"CCR dam","Q_m3day_mod",35700.114645
2021-05-18,"CCR dam","DOC_mgL_mod",3.23524731358744
2021-05-19,"SMB","Q_m3day_mod",5084.999848
2021-05-19,"SMB","DOC_mgL_mod",3.82826166802277
2021-05-19,"CCS","Q_m3day_mod",7814.475219
2021-05-19,"CCS","DOC_mgL_mod",3.09065539567872
2021-05-19,"HPB","Q_m3day_mod",3082.812643
2021-05-19,"HPB","DOC_mgL_mod",2.81779206392076
2021-05-19,"CCR dam","Q_m3day_mod",32420.439433
2021-05-19,"CCR dam","DOC_mgL_mod",2.93361261177696
2021-05-20,"SMB","Q_m3day_mod",4459.749186
2021-05-20,"SMB","DOC_mgL_mod",3.94740360181323
2021-05-20,"CCS","Q_m3day_mod",6466.733212
2021-05-20,"CCS","DOC_mgL_mod",3.40416239209467
2021-05-20,"HPB","Q_m3day_mod",2798.882518
2021-05-20,"HPB","DOC_mgL_mod",2.83528656489325
2021-05-20,"CCR dam","Q_m3day_mod",28095.85175
2021-05-20,"CCR dam","DOC_mgL_mod",3.07810280213341
2021-05-21,"SMB","Q_m3day_mod",4053.498482
2021-05-21,"SMB","DOC_mgL_mod",3.94720019534967
2021-05-21,"CCS","Q_m3day_mod",5895.742349
2021-05-21,"CCS","DOC_mgL_mod",3.43394924702467
2021-05-21,"HPB","Q_m3day_mod",2554.320873
2021-05-21,"HPB","DOC_mgL_mod",2.85213305697322
2021-05-21,"CCR dam","Q_m3day_mod",25619.904835
2021-05-21,"CCR dam","DOC_mgL_mod",3.0834568086326
2021-05-22,"SMB","Q_m3day_mod",3691.397308
2021-05-22,"SMB","DOC_mgL_mod",3.9319798951319
2021-05-22,"CCS","Q_m3day_mod",5402.417982
2021-05-22,"CCS","DOC_mgL_mod",3.44723974747054
2021-05-22,"HPB","Q_m3day_mod",2336.506077
2021-05-22,"HPB","DOC_mgL_mod",2.86074796286524
2021-05-22,"CCR dam","Q_m3day_mod",23454.861084
2021-05-22,"CCR dam","DOC_mgL_mod",3.07958592213848
2021-05-23,"SMB","Q_m3day_mod",3489.190755
2021-05-23,"SMB","DOC_mgL_mod",4.13485561926522
2021-05-23,"CCS","Q_m3day_mod",5409.036217
2021-05-23,"CCS","DOC_mgL_mod",3.83014074390695
2021-05-23,"HPB","Q_m3day_mod",2210.340491
2021-05-23,"HPB","DOC_mgL_mod",3.0031567656786
2021-05-23,"CCR dam","Q_m3day_mod",22596.392062
2021-05-23,"CCR dam","DOC_mgL_mod",3.29848631566906
2021-05-24,"SMB","Q_m3day_mod",3439.543089
2021-05-24,"SMB","DOC_mgL_mod",4.17495569278504
2021-05-24,"CCS","Q_m3day_mod",5680.435514
2021-05-24,"CCS","DOC_mgL_mod",3.74072550381566
2021-05-24,"HPB","Q_m3day_mod",2169.897
2021-05-24,"HPB","DOC_mgL_mod",3.03953505627226
2021-05-24,"CCR dam","Q_m3day_mod",22619.721555
2021-05-24,"CCR dam","DOC_mgL_mod",3.47872540378846
2021-05-25,"SMB","Q_m3day_mod",3436.659121
2021-05-25,"SMB","DOC_mgL_mod",4.20110330750491
2021-05-25,"CCS","Q_m3day_mod",5739.613388
2021-05-25,"CCS","DOC_mgL_mod",3.76195895792276
2021-05-25,"HPB","Q_m3day_mod",2134.11353
2021-05-25,"HPB","DOC_mgL_mod",3.06987088920241
2021-05-25,"CCR dam","Q_m3day_mod",22438.534609
2021-05-25,"CCR dam","DOC_mgL_mod",3.51068959594196
2021-05-26,"SMB","Q_m3day_mod",3300.597449
2021-05-26,"SMB","DOC_mgL_mod",4.01373090923697
2021-05-26,"CCS","Q_m3day_mod",5299.679954
2021-05-26,"CCS","DOC_mgL_mod",3.41352688408021
2021-05-26,"HPB","Q_m3day_mod",2047.946507
2021-05-26,"HPB","DOC_mgL_mod",2.99468271218863
2021-05-26,"CCR dam","Q_m3day_mod",21061.692209
2021-05-26,"CCR dam","DOC_mgL_mod",3.29795627581712
2021-05-27,"SMB","Q_m3day_mod",3031.290673
2021-05-27,"SMB","DOC_mgL_mod",4.03870209777141
2021-05-27,"CCS","Q_m3day_mod",4648.200739
2021-05-27,"CCS","DOC_mgL_mod",3.60629863924644
2021-05-27,"HPB","Q_m3day_mod",1909.436617
2021-05-27,"HPB","DOC_mgL_mod",2.99011077360103
2021-05-27,"CCR dam","Q_m3day_mod",19025.696636
2021-05-27,"CCR dam","DOC_mgL_mod",3.37556575344945
2021-05-28,"SMB","Q_m3day_mod",2899.582314
2021-05-28,"SMB","DOC_mgL_mod",4.19978075504291
2021-05-28,"CCS","Q_m3day_mod",4837.829792
2021-05-28,"CCS","DOC_mgL_mod",3.90274995437458
2021-05-28,"HPB","Q_m3day_mod",1827.76455
2021-05-28,"HPB","DOC_mgL_mod",3.10702054047388
2021-05-28,"CCR dam","Q_m3day_mod",18844.923836
2021-05-28,"CCR dam","DOC_mgL_mod",3.54412204481355
2021-05-29,"SMB","Q_m3day_mod",2960.993762
2021-05-29,"SMB","DOC_mgL_mod",4.2192017289363
2021-05-29,"CCS","Q_m3day_mod",5550.238186
2021-05-29,"CCS","DOC_mgL_mod",3.4802560453574
2021-05-29,"HPB","Q_m3day_mod",1815.261235
2021-05-29,"HPB","DOC_mgL_mod",3.1112734030262
2021-05-29,"CCR dam","Q_m3day_mod",20453.447037
2021-05-29,"CCR dam","DOC_mgL_mod",3.39767130079767
2021-05-30,"SMB","Q_m3day_mod",3264.393472
2021-05-30,"SMB","DOC_mgL_mod",3.74502648190567
2021-05-30,"CCS","Q_m3day_mod",7074.366001
2021-05-30,"CCS","DOC_mgL_mod",2.76282001768599
2021-05-30,"HPB","Q_m3day_mod",1879.348818
2021-05-30,"HPB","DOC_mgL_mod",2.98957753142344
2021-05-30,"CCR dam","Q_m3day_mod",24817.062033
2021-05-30,"CCR dam","DOC_mgL_mod",2.76643141354556
2021-05-31,"SMB","Q_m3day_mod",3549.107458
2021-05-31,"SMB","DOC_mgL_mod",3.0580364580215
2021-05-31,"CCS","Q_m3day_mod",6951.91842
2021-05-31,"CCS","DOC_mgL_mod",2.09560284224394
2021-05-31,"HPB","Q_m3day_mod",2157.272794
2021-05-31,"HPB","DOC_mgL_mod",2.33820822940393
2021-05-31,"CCR dam","Q_m3day_mod",26992.021208
2021-05-31,"CCR dam","DOC_mgL_mod",2.12673921517912
2021-06-01,"SMB","Q_m3day_mod",3394.070571
2021-06-01,"SMB","DOC_mgL_mod",2.82302438902352
2021-06-01,"CCS","Q_m3day_mod",5300.949628
2021-06-01,"CCS","DOC_mgL_mod",2.44087963629297
2021-06-01,"HPB","Q_m3day_mod",2223.067505
2021-06-01,"HPB","DOC_mgL_mod",2.02011364472713
2021-06-01,"CCR dam","Q_m3day_mod",24482.757769
2021-06-01,"CCR dam","DOC_mgL_mod",2.10973945367388
2021-06-02,"SMB","Q_m3day_mod",3105.576501
2021-06-02,"SMB","DOC_mgL_mod",3.07403858733667
2021-06-02,"CCS","Q_m3day_mod",5024.916877
2021-06-02,"CCS","DOC_mgL_mod",2.83497027885263
2021-06-02,"HPB","Q_m3day_mod",2014.011568
2021-06-02,"HPB","DOC_mgL_mod",2.21907911106894
2021-06-02,"CCR dam","Q_m3day_mod",22615.468918
2021-06-02,"CCR dam","DOC_mgL_mod",2.30727207953089
2021-06-03,"SMB","Q_m3day_mod",2968.565337
2021-06-03,"SMB","DOC_mgL_mod",3.20293236651776
2021-06-03,"CCS","Q_m3day_mod",4992.536849
2021-06-03,"CCS","DOC_mgL_mod",2.88223010369613
2021-06-03,"HPB","Q_m3day_mod",1902.591399
2021-06-03,"HPB","DOC_mgL_mod",2.33970678220227
2021-06-03,"CCR dam","Q_m3day_mod",21611.042877
2021-06-03,"CCR dam","DOC_mgL_mod",2.46385286925087
2021-06-04,"SMB","Q_m3day_mod",2851.044562
2021-06-04,"SMB","DOC_mgL_mod",3.32297471820435
2021-06-04,"CCS","Q_m3day_mod",4852.662301
2021-06-04,"CCS","DOC_mgL_mod",3.06014288217415
2021-06-04,"HPB","Q_m3day_mod",1809.497749
2021-06-04,"HPB","DOC_mgL_mod",2.44984444023202
2021-06-04,"CCR dam","Q_m3day_mod",20604.141579
2021-06-04,"CCR dam","DOC_mgL_mod",2.58400039603028
2021-06-05,"SMB","Q_m3day_mod",2676.250581
2021-06-05,"SMB","DOC_mgL_mod",3.2671888283095
2021-06-05,"CCS","Q_m3day_mod",4466.996549
2021-06-05,"CCS","DOC_mgL_mod",2.83504584368552
2021-06-05,"HPB","Q_m3day_mod",1688.732757
2021-06-05,"HPB","DOC_mgL_mod",2.44768035846183
2021-06-05,"CCR dam","Q_m3day_mod",19147.137187
2021-06-05,"CCR dam","DOC_mgL_mod",2.53354532984367
2021-06-06,"SMB","Q_m3day_mod",2515.983229
2021-06-06,"SMB","DOC_mgL_mod",3.46822820574533
2021-06-06,"CCS","Q_m3day_mod",4193.798823
2021-06-06,"CCS","DOC_mgL_mod",3.28744429141159
2021-06-06,"HPB","Q_m3day_mod",1579.855495
2021-06-06,"HPB","DOC_mgL_mod",2.60679664249926
2021-06-06,"CCR dam","Q_m3day_mod",17891.531457
2021-06-06,"CCR dam","DOC_mgL_mod",2.72900450793423
2021-06-07,"SMB","Q_m3day_mod",2439.652744
2021-06-07,"SMB","DOC_mgL_mod",3.56118632922948
2021-06-07,"CCS","Q_m3day_mod",4464.371482
2021-06-07,"CCS","DOC_mgL_mod",3.2197611820512
2021-06-07,"HPB","Q_m3day_mod",1522.506484
2021-06-07,"HPB","DOC_mgL_mod",2.69518064003201
2021-06-07,"CCR dam","Q_m3day_mod",17832.176436
2021-06-07,"CCR dam","DOC_mgL_mod",2.82127648190122
2021-06-08,"SMB","Q_m3day_mod",2410.488655
2021-06-08,"SMB","DOC_mgL_mod",3.59784062124117
2021-06-08,"CCS","Q_m3day_mod",4536.578262
2021-06-08,"CCS","DOC_mgL_mod",3.14694670200754
2021-06-08,"HPB","Q_m3day_mod",1507.859188
2021-06-08,"HPB","DOC_mgL_mod",2.71116695281231
2021-06-08,"CCR dam","Q_m3day_mod",17930.438476
2021-06-08,"CCR dam","DOC_mgL_mod",2.77184911381416
2021-06-09,"SMB","Q_m3day_mod",2386.393279
2021-06-09,"SMB","DOC_mgL_mod",3.62098027849835
2021-06-09,"CCS","Q_m3day_mod",4512.332965
2021-06-09,"CCS","DOC_mgL_mod",3.16351876307071
2021-06-09,"HPB","Q_m3day_mod",1495.643288
2021-06-09,"HPB","DOC_mgL_mod",2.72536642440373
2021-06-09,"CCR dam","Q_m3day_mod",17954.766183
2021-06-09,"CCR dam","DOC_mgL_mod",2.78631865712445
2021-06-10,"SMB","Q_m3day_mod",2483.896775
2021-06-10,"SMB","DOC_mgL_mod",3.70267560736295
2021-06-10,"CCS","Q_m3day_mod",5646.656374
2021-06-10,"CCS","DOC_mgL_mod",3.03539101102737
2021-06-10,"HPB","Q_m3day_mod",1477.320898
2021-06-10,"HPB","DOC_mgL_mod",2.74905743599655
2021-06-10,"CCR dam","Q_m3day_mod",20734.75122
2021-06-10,"CCR dam","DOC_mgL_mod",2.61095054508206
2021-06-11,"SMB","Q_m3day_mod",3323.923196
2021-06-11,"SMB","DOC_mgL_mod",2.90710778505004
2021-06-11,"CCS","Q_m3day_mod",8691.481008
2021-06-11,"CCS","DOC_mgL_mod",1.80637914131653
2021-06-11,"HPB","Q_m3day_mod",1760.620246
2021-06-11,"HPB","DOC_mgL_mod",2.32165341122631
2021-06-11,"CCR dam","Q_m3day_mod",30369.685667
2021-06-11,"CCR dam","DOC_mgL_mod",1.80986265721299
2021-06-12,"SMB","Q_m3day_mod",4907.179444
2021-06-12,"SMB","DOC_mgL_mod",2.56441406791971
2021-06-12,"CCS","Q_m3day_mod",12013.409269
2021-06-12,"CCS","DOC_mgL_mod",2.04253842107242
2021-06-12,"HPB","Q_m3day_mod",2564.422996
2021-06-12,"HPB","DOC_mgL_mod",1.65654925362399
2021-06-12,"CCR dam","Q_m3day_mod",44091.548134
2021-06-12,"CCR dam","DOC_mgL_mod",1.7113737936957
2021-06-13,"SMB","Q_m3day_mod",5570.52828
2021-06-13,"SMB","DOC_mgL_mod",1.67359118047597
2021-06-13,"CCS","Q_m3day_mod",11738.588341
2021-06-13,"CCS","DOC_mgL_mod",1.61303637626217
2021-06-13,"HPB","Q_m3day_mod",3325.530373
2021-06-13,"HPB","DOC_mgL_mod",1.31448626525595
2021-06-13,"CCR dam","Q_m3day_mod",48271.72862
2021-06-13,"CCR dam","DOC_mgL_mod",1.26969557030958
2021-06-14,"SMB","Q_m3day_mod",5742.283774
2021-06-14,"SMB","DOC_mgL_mod",2.25352325125268
2021-06-14,"CCS","Q_m3day_mod",12635.375938
2021-06-14,"CCS","DOC_mgL_mod",2.36335271277466
2021-06-14,"HPB","Q_m3day_mod",3469.555567
2021-06-14,"HPB","DOC_mgL_mod",1.49257589336658
2021-06-14,"CCR dam","Q_m3day_mod",51152.544445
2021-06-14,"CCR dam","DOC_mgL_mod",1.6797000214209
2021-06-15,"SMB","Q_m3day_mod",5855.134897
2021-06-15,"SMB","DOC_mgL_mod",1.55625551935085
2021-06-15,"CCS","Q_m3day_mod",12669.355372
2021-06-15,"CCS","DOC_mgL_mod",1.3816069946767
2021-06-15,"HPB","Q_m3day_mod",3528.492325
2021-06-15,"HPB","DOC_mgL_mod",1.21443710381317
2021-06-15,"CCR dam","Q_m3day_mod",51728.83609
2021-06-15,"CCR dam","DOC_mgL_mod",1.12427389432879
2021-06-16,"SMB","Q_m3day_mod",5234.764659
2021-06-16,"SMB","DOC_mgL_mod",1.54839606515346
2021-06-16,"CCS","Q_m3day_mod",9559.228383
2021-06-16,"CCS","DOC_mgL_mod",1.62880196770794
2021-06-16,"HPB","Q_m3day_mod",3413.540479
2021-06-16,"HPB","DOC_mgL_mod",1.11923266283317
2021-06-16,"CCR dam","Q_m3day_mod",44122.746975
2021-06-16,"CCR dam","DOC_mgL_mod",1.19772801158421
2021-06-17,"SMB","Q_m3day_mod",4568.519356
2021-06-17,"SMB","DOC_mgL_mod",1.56846287421092
2021-06-17,"CCS","Q_m3day_mod",8307.270971
2021-06-17,"CCS","DOC_mgL_mod",1.6499124740059
2021-06-17,"HPB","Q_m3day_mod",2919.863584
2021-06-17,"HPB","DOC_mgL_mod",1.1609388255585
2021-06-17,"CCR dam","Q_m3day_mod",38829.887442
2021-06-17,"CCR dam","DOC_mgL_mod",1.20136016540555
2021-06-18,"SMB","Q_m3day_mod",4006.418115
2021-06-18,"SMB","DOC_mgL_mod",1.63172934335637
2021-06-18,"CCS","Q_m3day_mod",7299.629958
2021-06-18,"CCS","DOC_mgL_mod",1.75218470985403
2021-06-18,"HPB","Q_m3day_mod",2510.54432
2021-06-18,"HPB","DOC_mgL_mod",1.23632113373724
2021-06-18,"CCR dam","Q_m3day_mod",34301.465681
2021-06-18,"CCR dam","DOC_mgL_mod",1.255245195655
2021-06-19,"SMB","Q_m3day_mod",3562.629622
2021-06-19,"SMB","DOC_mgL_mod",1.72835592057512
2021-06-19,"CCS","Q_m3day_mod",6571.968167
2021-06-19,"CCS","DOC_mgL_mod",1.88674529226459
2021-06-19,"HPB","Q_m3day_mod",2188.633151
2021-06-19,"HPB","DOC_mgL_mod",1.3387003658705
2021-06-19,"CCR dam","Q_m3day_mod",30754.942722
2021-06-19,"CCR dam","DOC_mgL_mod",1.33146500613405
2021-06-20,"SMB","Q_m3day_mod",3232.086543
2021-06-20,"SMB","DOC_mgL_mod",1.89555877248056
2021-06-20,"CCS","Q_m3day_mod",6057.534019
2021-06-20,"CCS","DOC_mgL_mod",2.07274114526108
2021-06-20,"HPB","Q_m3day_mod",1947.023801
2021-06-20,"HPB","DOC_mgL_mod",1.49239675370563
2021-06-20,"CCR dam","Q_m3day_mod",28061.213001
2021-06-20,"CCR dam","DOC_mgL_mod",1.45399345347423
2021-06-21,"SMB","Q_m3day_mod",2980.174769
2021-06-21,"SMB","DOC_mgL_mod",2.04446264808975
2021-06-21,"CCS","Q_m3day_mod",5664.74888
2021-06-21,"CCS","DOC_mgL_mod",2.2202890660177
2021-06-21,"HPB","Q_m3day_mod",1763.348185
2021-06-21,"HPB","DOC_mgL_mod",1.63638186975535
2021-06-21,"CCR dam","Q_m3day_mod",25931.679652
2021-06-21,"CCR dam","DOC_mgL_mod",1.67767998771513
2021-06-22,"SMB","Q_m3day_mod",2783.145774
2021-06-22,"SMB","DOC_mgL_mod",2.20661779823826
2021-06-22,"CCS","Q_m3day_mod",5922.175715
2021-06-22,"CCS","DOC_mgL_mod",2.33414891168929
2021-06-22,"HPB","Q_m3day_mod",1609.509301
2021-06-22,"HPB","DOC_mgL_mod",1.77868993874177
2021-06-22,"CCR dam","Q_m3day_mod",25398.544857
2021-06-22,"CCR dam","DOC_mgL_mod",1.74404400919022
2021-06-23,"SMB","Q_m3day_mod",2870.695085
2021-06-23,"SMB","DOC_mgL_mod",1.88446415931353
2021-06-23,"CCS","Q_m3day_mod",5907.510458
2021-06-23,"CCS","DOC_mgL_mod",1.75306503029131
2021-06-23,"HPB","Q_m3day_mod",1683.573025
2021-06-23,"HPB","DOC_mgL_mod",1.51228961392987
2021-06-23,"CCR dam","Q_m3day_mod",25878.499347
2021-06-23,"CCR dam","DOC_mgL_mod",1.42561048480104
2021-06-24,"SMB","Q_m3day_mod",2854.985003
2021-06-24,"SMB","DOC_mgL_mod",1.68938050285093
2021-06-24,"CCS","Q_m3day_mod",5122.275893
2021-06-24,"CCS","DOC_mgL_mod",1.8288401866057
2021-06-24,"HPB","Q_m3day_mod",1702.466001
2021-06-24,"HPB","DOC_mgL_mod",1.33925435142948
2021-06-24,"CCR dam","Q_m3day_mod",24443.009404
2021-06-24,"CCR dam","DOC_mgL_mod",1.36558839577821
2021-06-25,"SMB","Q_m3day_mod",2514.393126
2021-06-25,"SMB","DOC_mgL_mod",1.72904147527486
2021-06-25,"CCS","Q_m3day_mod",4526.318142
2021-06-25,"CCS","DOC_mgL_mod",1.89668130490859
2021-06-25,"HPB","Q_m3day_mod",1471.634695
2021-06-25,"HPB","DOC_mgL_mod",1.4035935731999
2021-06-25,"CCR dam","Q_m3day_mod",21756.789956
2021-06-25,"CCR dam","DOC_mgL_mod",1.39690552059674
2021-06-26,"SMB","Q_m3day_mod",2268.235725
2021-06-26,"SMB","DOC_mgL_mod",1.91020710600967
2021-06-26,"CCS","Q_m3day_mod",4156.817731
2021-06-26,"CCS","DOC_mgL_mod",2.12994953663028
2021-06-26,"HPB","Q_m3day_mod",1303.079512
2021-06-26,"HPB","DOC_mgL_mod",1.57711020783818
2021-06-26,"CCR dam","Q_m3day_mod",19788.813896
2021-06-26,"CCR dam","DOC_mgL_mod",1.52276332267145
2021-06-27,"SMB","Q_m3day_mod",2102.884694
2021-06-27,"SMB","DOC_mgL_mod",2.05394808965213
2021-06-27,"CCS","Q_m3day_mod",4046.480031
2021-06-27,"CCS","DOC_mgL_mod",2.25992045677786
2021-06-27,"HPB","Q_m3day_mod",1188.095831
2021-06-27,"HPB","DOC_mgL_mod",1.72312699580544
2021-06-27,"CCR dam","Q_m3day_mod",18617.290126
2021-06-27,"CCR dam","DOC_mgL_mod",1.68959659473053
2021-06-28,"SMB","Q_m3day_mod",2001.022748
2021-06-28,"SMB","DOC_mgL_mod",2.15190257297365
2021-06-28,"CCS","Q_m3day_mod",3900.505974
2021-06-28,"CCS","DOC_mgL_mod",2.29734835934903
2021-06-28,"HPB","Q_m3day_mod",1128.570942
2021-06-28,"HPB","DOC_mgL_mod",1.80548508221294
2021-06-28,"CCR dam","Q_m3day_mod",17923.923852
2021-06-28,"CCR dam","DOC_mgL_mod",1.73431778982543
2021-06-29,"SMB","Q_m3day_mod",1890.75986
2021-06-29,"SMB","DOC_mgL_mod",2.16356930699809
2021-06-29,"CCS","Q_m3day_mod",3579.68124
2021-06-29,"CCS","DOC_mgL_mod",2.3317944924057
2021-06-29,"HPB","Q_m3day_mod",1064.667356
2021-06-29,"HPB","DOC_mgL_mod",1.81912499625846
2021-06-29,"CCR dam","Q_m3day_mod",16865.829698
2021-06-29,"CCR dam","DOC_mgL_mod",1.73294172438287
2021-06-30,"SMB","Q_m3day_mod",1753.26516
2021-06-30,"SMB","DOC_mgL_mod",2.32798158151959
2021-06-30,"CCS","Q_m3day_mod",3330.396178
2021-06-30,"CCS","DOC_mgL_mod",2.57230177496318
2021-06-30,"HPB","Q_m3day_mod",972.195641
2021-06-30,"HPB","DOC_mgL_mod",1.9855252570506
2021-06-30,"CCR dam","Q_m3day_mod",15597.533647
2021-06-30,"CCR dam","DOC_mgL_mod",1.86468326712628
2021-07-01,"SMB","Q_m3day_mod",1654.1006
2021-07-01,"SMB","DOC_mgL_mod",2.46211143385112
2021-07-01,"CCS","Q_m3day_mod",3355.037076
2021-07-01,"CCS","DOC_mgL_mod",2.54453730513707
2021-07-01,"HPB","Q_m3day_mod",905.036857
2021-07-01,"HPB","DOC_mgL_mod",2.12295884431588
2021-07-01,"CCR dam","Q_m3day_mod",15146.685023
2021-07-01,"CCR dam","DOC_mgL_mod",1.94348400031425
2021-07-02,"SMB","Q_m3day_mod",2665.170103
2021-07-02,"SMB","DOC_mgL_mod",3.54280613810412
2021-07-02,"CCS","Q_m3day_mod",8804.06238
2021-07-02,"CCS","DOC_mgL_mod",4.34333019798526
2021-07-02,"HPB","Q_m3day_mod",942.320973
2021-07-02,"HPB","DOC_mgL_mod",2.12485454252964
2021-07-02,"CCR dam","Q_m3day_mod",31118.945924
2021-07-02,"CCR dam","DOC_mgL_mod",2.91573372123837
2021-07-03,"SMB","Q_m3day_mod",5209.729319
2021-07-03,"SMB","DOC_mgL_mod",0.961444384784552
2021-07-03,"CCS","Q_m3day_mod",12952.401893
2021-07-03,"CCS","DOC_mgL_mod",0.862201473692336
2021-07-03,"HPB","Q_m3day_mod",2673.420519
2021-07-03,"HPB","DOC_mgL_mod",0.749150754909725
2021-07-03,"CCR dam","Q_m3day_mod",52678.244676
2021-07-03,"CCR dam","DOC_mgL_mod",0.654220356277385
2021-07-04,"SMB","Q_m3day_mod",6275.793166
2021-07-04,"SMB","DOC_mgL_mod",0.72523693493566
2021-07-04,"CCS","Q_m3day_mod",10963.046293
2021-07-04,"CCS","DOC_mgL_mod",0.927122783973818
2021-07-04,"HPB","Q_m3day_mod",4008.259945
2021-07-04,"HPB","DOC_mgL_mod",0.450612241916361
2021-07-04,"CCR dam","Q_m3day_mod",55072.188082
2021-07-04,"CCR dam","DOC_mgL_mod",0.611000782280485
2021-07-05,"SMB","Q_m3day_mod",5498.342375
2021-07-05,"SMB","DOC_mgL_mod",0.786561422523275
2021-07-05,"CCS","Q_m3day_mod",9570.696718
2021-07-05,"CCS","DOC_mgL_mod",0.998534200966413
2021-07-05,"HPB","Q_m3day_mod",3395.260406
2021-07-05,"HPB","DOC_mgL_mod",0.494589456830016
2021-07-05,"CCR dam","Q_m3day_mod",48869.298529
2021-07-05,"CCR dam","DOC_mgL_mod",0.647087250111324
2021-07-06,"SMB","Q_m3day_mod",4859.53288
2021-07-06,"SMB","DOC_mgL_mod",0.866847514775947
2021-07-06,"CCS","Q_m3day_mod",8425.059426
2021-07-06,"CCS","DOC_mgL_mod",1.08498902355398
2021-07-06,"HPB","Q_m3day_mod",2884.270262
2021-07-06,"HPB","DOC_mgL_mod",0.551434455000459
2021-07-06,"CCR dam","Q_m3day_mod",43350.976815
2021-07-06,"CCR dam","DOC_mgL_mod",0.701792721530397
2021-07-07,"SMB","Q_m3day_mod",4311.065887
2021-07-07,"SMB","DOC_mgL_mod",0.936657686484577
2021-07-07,"CCS","Q_m3day_mod",7455.260746
2021-07-07,"CCS","DOC_mgL_mod",1.17637790263815
2021-07-07,"HPB","Q_m3day_mod",2460.540607
2021-07-07,"HPB","DOC_mgL_mod",0.615075400785694
2021-07-07,"CCR dam","Q_m3day_mod",38596.598746
2021-07-07,"CCR dam","DOC_mgL_mod",0.748694987093773
2021-07-08,"SMB","Q_m3day_mod",3945.658683
2021-07-08,"SMB","DOC_mgL_mod",1.07031964477704
2021-07-08,"CCS","Q_m3day_mod",6804.03524
2021-07-08,"CCS","DOC_mgL_mod",1.30301015313377
2021-07-08,"HPB","Q_m3day_mod",2115.312865
2021-07-08,"HPB","DOC_mgL_mod",0.712244521805052
2021-07-08,"CCR dam","Q_m3day_mod",35279.168805
2021-07-08,"CCR dam","DOC_mgL_mod",0.832696205581706
2021-07-09,"SMB","Q_m3day_mod",3705.218393
2021-07-09,"SMB","DOC_mgL_mod",1.13183827650291
2021-07-09,"CCS","Q_m3day_mod",6416.241367
2021-07-09,"CCS","DOC_mgL_mod",1.37808952223602
2021-07-09,"HPB","Q_m3day_mod",1916.907229
2021-07-09,"HPB","DOC_mgL_mod",0.782071232931847
2021-07-09,"CCR dam","Q_m3day_mod",33241.642085
2021-07-09,"CCR dam","DOC_mgL_mod",0.937713904755196
2021-07-10,"SMB","Q_m3day_mod",3394.415705
2021-07-10,"SMB","DOC_mgL_mod",1.22657486938536
2021-07-10,"CCS","Q_m3day_mod",5893.319529
2021-07-10,"CCS","DOC_mgL_mod",1.48559295943785
2021-07-10,"HPB","Q_m3day_mod",1752.863072
2021-07-10,"HPB","DOC_mgL_mod",0.851256452278093
2021-07-10,"CCR dam","Q_m3day_mod",30710.881224
2021-07-10,"CCR dam","DOC_mgL_mod",0.997876934122325
2021-07-11,"SMB","Q_m3day_mod",3072.892834
2021-07-11,"SMB","DOC_mgL_mod",1.34397072175931
2021-07-11,"CCS","Q_m3day_mod",5326.313077
2021-07-11,"CCS","DOC_mgL_mod",1.62848651113942
2021-07-11,"HPB","Q_m3day_mod",1534.634107
2021-07-11,"HPB","DOC_mgL_mod",0.96787435729786
2021-07-11,"CCR dam","Q_m3day_mod",27838.210427
2021-07-11,"CCR dam","DOC_mgL_mod",1.08182456911062
2021-07-12,"SMB","Q_m3day_mod",2834.802713
2021-07-12,"SMB","DOC_mgL_mod",1.44491254407798
2021-07-12,"CCS","Q_m3day_mod",4971.906082
2021-07-12,"CCS","DOC_mgL_mod",1.72943552395928
2021-07-12,"HPB","Q_m3day_mod",1351.416977
2021-07-12,"HPB","DOC_mgL_mod",1.09441869176696
2021-07-12,"CCR dam","Q_m3day_mod",25734.957136
2021-07-12,"CCR dam","DOC_mgL_mod",1.15054864259246
2021-07-13,"SMB","Q_m3day_mod",2630.077569
2021-07-13,"SMB","DOC_mgL_mod",1.54530081085985
2021-07-13,"CCS","Q_m3day_mod",4626.143774
2021-07-13,"CCS","DOC_mgL_mod",1.84428617371372
2021-07-13,"HPB","Q_m3day_mod",1227.963476
2021-07-13,"HPB","DOC_mgL_mod",1.19996240018461
2021-07-13,"CCR dam","Q_m3day_mod",23997.748815
2021-07-13,"CCR dam","DOC_mgL_mod",1.21466476812942
2021-07-14,"SMB","Q_m3day_mod",2457.52187
2021-07-14,"SMB","DOC_mgL_mod",1.6406962840172
2021-07-14,"CCS","Q_m3day_mod",4357.254141
2021-07-14,"CCS","DOC_mgL_mod",1.95027986089646
2021-07-14,"HPB","Q_m3day_mod",1124.484257
2021-07-14,"HPB","DOC_mgL_mod",1.30593202248807
2021-07-14,"CCR dam","Q_m3day_mod",22533.778794
2021-07-14,"CCR dam","DOC_mgL_mod",1.28455330393619
2021-07-15,"SMB","Q_m3day_mod",2316.074668
2021-07-15,"SMB","DOC_mgL_mod",1.72885401983076
2021-07-15,"CCS","Q_m3day_mod",4148.554018
2021-07-15,"CCS","DOC_mgL_mod",2.03607256006567
2021-07-15,"HPB","Q_m3day_mod",1044.751687
2021-07-15,"HPB","DOC_mgL_mod",1.40027531728695
2021-07-15,"CCR dam","Q_m3day_mod",21316.373458
2021-07-15,"CCR dam","DOC_mgL_mod",1.33172230520038
2021-07-16,"SMB","Q_m3day_mod",2101.263047
2021-07-16,"SMB","DOC_mgL_mod",1.73393569415396
2021-07-16,"CCS","Q_m3day_mod",3785.787739
2021-07-16,"CCS","DOC_mgL_mod",2.10413540039203
2021-07-16,"HPB","Q_m3day_mod",970.092022
2021-07-16,"HPB","DOC_mgL_mod",1.44290332077383
2021-07-16,"CCR dam","Q_m3day_mod",19526.254001
2021-07-16,"CCR dam","DOC_mgL_mod",1.34199421961109
2021-07-17,"SMB","Q_m3day_mod",2116.500448
2021-07-17,"SMB","DOC_mgL_mod",1.8029809554758
2021-07-17,"CCS","Q_m3day_mod",4098.697445
2021-07-17,"CCS","DOC_mgL_mod",2.620051893096
2021-07-17,"HPB","Q_m3day_mod",869.86651
2021-07-17,"HPB","DOC_mgL_mod",1.60517157971744
2021-07-17,"CCR dam","Q_m3day_mod",19840.583703
2021-07-17,"CCR dam","DOC_mgL_mod",1.52026323678366
2021-07-18,"SMB","Q_m3day_mod",2418.798508
2021-07-18,"SMB","DOC_mgL_mod",1.58480956033399
2021-07-18,"CCS","Q_m3day_mod",4571.766945
2021-07-18,"CCS","DOC_mgL_mod",1.77405937301119
2021-07-18,"HPB","Q_m3day_mod",1072.165327
2021-07-18,"HPB","DOC_mgL_mod",1.29833148390929
2021-07-18,"CCR dam","Q_m3day_mod",21947.334405
2021-07-18,"CCR dam","DOC_mgL_mod",1.22011810208257
2021-07-19,"SMB","Q_m3day_mod",2468.013316
2021-07-19,"SMB","DOC_mgL_mod",1.53984136769544
2021-07-19,"CCS","Q_m3day_mod",4354.666074
2021-07-19,"CCS","DOC_mgL_mod",1.84689844487029
2021-07-19,"HPB","Q_m3day_mod",1242.617996
2021-07-19,"HPB","DOC_mgL_mod",1.11671728919657
2021-07-19,"CCR dam","Q_m3day_mod",21712.894439
2021-07-19,"CCR dam","DOC_mgL_mod",1.21908343792506
2021-07-20,"SMB","Q_m3day_mod",2208.841641
2021-07-20,"SMB","DOC_mgL_mod",1.52097051125812
2021-07-20,"CCS","Q_m3day_mod",3923.856773
2021-07-20,"CCS","DOC_mgL_mod",1.86292375662102
2021-07-20,"HPB","Q_m3day_mod",1091.195617
2021-07-20,"HPB","DOC_mgL_mod",1.1804547048506
2021-07-20,"CCR dam","Q_m3day_mod",19548.644138
2021-07-20,"CCR dam","DOC_mgL_mod",1.21475637043488
2021-07-21,"SMB","Q_m3day_mod",1957.020801
2021-07-21,"SMB","DOC_mgL_mod",1.62296997475808
2021-07-21,"CCS","Q_m3day_mod",3509.180169
2021-07-21,"CCS","DOC_mgL_mod",2.01391882424034
2021-07-21,"HPB","Q_m3day_mod",950.735274
2021-07-21,"HPB","DOC_mgL_mod",1.27762588937034
2021-07-21,"CCR dam","Q_m3day_mod",17474.370664
2021-07-21,"CCR dam","DOC_mgL_mod",1.2872824110537
2021-07-22,"SMB","Q_m3day_mod",1768.207246
2021-07-22,"SMB","DOC_mgL_mod",1.68077187033538
2021-07-22,"CCS","Q_m3day_mod",3189.775189
2021-07-22,"CCS","DOC_mgL_mod",2.09002378066964
2021-07-22,"HPB","Q_m3day_mod",832.353317
2021-07-22,"HPB","DOC_mgL_mod",1.36885980596146
2021-07-22,"CCR dam","Q_m3day_mod",15835.744306
2021-07-22,"CCR dam","DOC_mgL_mod",1.32485278838778
2021-07-23,"SMB","Q_m3day_mod",1597.145957
2021-07-23,"SMB","DOC_mgL_mod",1.73829823619558
2021-07-23,"CCS","Q_m3day_mod",2887.47845
2021-07-23,"CCS","DOC_mgL_mod",2.17992726491171
2021-07-23,"HPB","Q_m3day_mod",729.954624
2021-07-23,"HPB","DOC_mgL_mod",1.45687685923886
2021-07-23,"CCR dam","Q_m3day_mod",14344.803034
2021-07-23,"CCR dam","DOC_mgL_mod",1.36516757696737
2021-07-24,"SMB","Q_m3day_mod",1467.803843
2021-07-24,"SMB","DOC_mgL_mod",1.88658792059042
2021-07-24,"CCS","Q_m3day_mod",2681.970283
2021-07-24,"CCS","DOC_mgL_mod",2.38915734473856
2021-07-24,"HPB","Q_m3day_mod",651.101537
2021-07-24,"HPB","DOC_mgL_mod",1.62958300619094
2021-07-24,"CCR dam","Q_m3day_mod",13178.823237
2021-07-24,"CCR dam","DOC_mgL_mod",1.47582068977104
2021-07-25,"SMB","Q_m3day_mod",1377.057165
2021-07-25,"SMB","DOC_mgL_mod",2.00585572640334
2021-07-25,"CCS","Q_m3day_mod",2549.597669
2021-07-25,"CCS","DOC_mgL_mod",2.49899977454051
2021-07-25,"HPB","Q_m3day_mod",593.797296
2021-07-25,"HPB","DOC_mgL_mod",1.783832643118
2021-07-25,"CCR dam","Q_m3day_mod",12317.424193
2021-07-25,"CCR dam","DOC_mgL_mod",1.6957904244193
2021-07-26,"SMB","Q_m3day_mod",1301.079556
2021-07-26,"SMB","DOC_mgL_mod",2.1219686277201
2021-07-26,"CCS","Q_m3day_mod",2623.308273
2021-07-26,"CCS","DOC_mgL_mod",2.41675294712876
2021-07-26,"HPB","Q_m3day_mod",546.231133
2021-07-26,"HPB","DOC_mgL_mod",1.93460961149573
2021-07-26,"CCR dam","Q_m3day_mod",12277.944841
2021-07-26,"CCR dam","DOC_mgL_mod",1.69822720903361
2021-07-27,"SMB","Q_m3day_mod",1468.463334
2021-07-27,"SMB","DOC_mgL_mod",1.81518457988274
2021-07-27,"CCS","Q_m3day_mod",2888.287794
2021-07-27,"CCS","DOC_mgL_mod",2.09667368071147
2021-07-27,"HPB","Q_m3day_mod",680.703072
2021-07-27,"HPB","DOC_mgL_mod",1.4866937459627
2021-07-27,"CCR dam","Q_m3day_mod",13585.93945
2021-07-27,"CCR dam","DOC_mgL_mod",1.45272618596869
2021-07-28,"SMB","Q_m3day_mod",1598.832329
2021-07-28,"SMB","DOC_mgL_mod",1.60679387913478
2021-07-28,"CCS","Q_m3day_mod",2889.810497
2021-07-28,"CCS","DOC_mgL_mod",2.04553897431566
2021-07-28,"HPB","Q_m3day_mod",787.950037
2021-07-28,"HPB","DOC_mgL_mod",1.23520471387452
2021-07-28,"CCR dam","Q_m3day_mod",13916.886891
2021-07-28,"CCR dam","DOC_mgL_mod",1.36092648796681
2021-07-29,"SMB","Q_m3day_mod",1464.108664
2021-07-29,"SMB","DOC_mgL_mod",1.69894220365053
2021-07-29,"CCS","Q_m3day_mod",2662.973078
2021-07-29,"CCS","DOC_mgL_mod",2.1732698117799
2021-07-29,"HPB","Q_m3day_mod",696.01488
2021-07-29,"HPB","DOC_mgL_mod",1.34747004259449
2021-07-29,"CCR dam","Q_m3day_mod",12741.235214
2021-07-29,"CCR dam","DOC_mgL_mod",1.42817079304883
2021-07-30,"SMB","Q_m3day_mod",1344.494183
2021-07-30,"SMB","DOC_mgL_mod",1.78335170974853
2021-07-30,"CCS","Q_m3day_mod",2464.719651
2021-07-30,"CCS","DOC_mgL_mod",2.29589925073389
2021-07-30,"HPB","Q_m3day_mod",616.342769
2021-07-30,"HPB","DOC_mgL_mod",1.46173127245693
2021-07-30,"CCR dam","Q_m3day_mod",11691.466324
2021-07-30,"CCR dam","DOC_mgL_mod",1.49149383975936
2021-07-31,"SMB","Q_m3day_mod",1231.222397
2021-07-31,"SMB","DOC_mgL_mod",1.83763063887799
2021-07-31,"CCS","Q_m3day_mod",2261.962781
2021-07-31,"CCS","DOC_mgL_mod",2.35069915591153
2021-07-31,"HPB","Q_m3day_mod",545.930055
2021-07-31,"HPB","DOC_mgL_mod",1.55515838013351
2021-07-31,"CCR dam","Q_m3day_mod",10674.553545
2021-07-31,"CCR dam","DOC_mgL_mod",1.51364363220307
2021-08-01,"SMB","Q_m3day_mod",1140.363583
2021-08-01,"SMB","DOC_mgL_mod",1.97946868319102
2021-08-01,"CCS","Q_m3day_mod",2304.992068
2021-08-01,"CCS","DOC_mgL_mod",2.35305365050827
2021-08-01,"HPB","Q_m3day_mod",489.908723
2021-08-01,"HPB","DOC_mgL_mod",1.73005717230309
2021-08-01,"CCR dam","Q_m3day_mod",10479.247432
2021-08-01,"CCR dam","DOC_mgL_mod",1.62935269071524
2021-08-02,"SMB","Q_m3day_mod",1268.305068
2021-08-02,"SMB","DOC_mgL_mod",1.65313697224775
2021-08-02,"CCS","Q_m3day_mod",2532.97021
2021-08-02,"CCS","DOC_mgL_mod",1.96588218066726
2021-08-02,"HPB","Q_m3day_mod",600.045542
2021-08-02,"HPB","DOC_mgL_mod",1.30544474572565
2021-08-02,"CCR dam","Q_m3day_mod",11603.420875
2021-08-02,"CCR dam","DOC_mgL_mod",1.40570183359827
2021-08-03,"SMB","Q_m3day_mod",1356.458191
2021-08-03,"SMB","DOC_mgL_mod",1.43395868218101
2021-08-03,"CCS","Q_m3day_mod",2474.743661
2021-08-03,"CCS","DOC_mgL_mod",1.88649760925683
2021-08-03,"HPB","Q_m3day_mod",683.937071
2021-08-03,"HPB","DOC_mgL_mod",1.05922581289646
2021-08-03,"CCR dam","Q_m3day_mod",11784.396249
2021-08-03,"CCR dam","DOC_mgL_mod",1.27930440231754
2021-08-04,"SMB","Q_m3day_mod",1215.481173
2021-08-04,"SMB","DOC_mgL_mod",1.48474122025747
2021-08-04,"CCS","Q_m3day_mod",2223.934142
2021-08-04,"CCS","DOC_mgL_mod",1.96997650121961
2021-08-04,"HPB","Q_m3day_mod",592.108989
2021-08-04,"HPB","DOC_mgL_mod",1.13058138355674
2021-08-04,"CCR dam","Q_m3day_mod",10612.554164
2021-08-04,"CCR dam","DOC_mgL_mod",1.31493981414369
2021-08-05,"SMB","Q_m3day_mod",1091.737971
2021-08-05,"SMB","DOC_mgL_mod",1.54732275039649
2021-08-05,"CCS","Q_m3day_mod",2007.875441
2021-08-05,"CCS","DOC_mgL_mod",2.06732893646663
2021-08-05,"HPB","Q_m3day_mod",513.59491
2021-08-05,"HPB","DOC_mgL_mod",1.21867835489257
2021-08-05,"CCR dam","Q_m3day_mod",9586.349201
2021-08-05,"CCR dam","DOC_mgL_mod",1.35953737202067
2021-08-06,"SMB","Q_m3day_mod",986.068541
2021-08-06,"SMB","DOC_mgL_mod",1.6106851947526
2021-08-06,"CCS","Q_m3day_mod",1823.63201
2021-08-06,"CCS","DOC_mgL_mod",2.16244668791485
2021-08-06,"HPB","Q_m3day_mod",447.72981
2021-08-06,"HPB","DOC_mgL_mod",1.30591192933971
2021-08-06,"CCR dam","Q_m3day_mod",8699.828391
2021-08-06,"CCR dam","DOC_mgL_mod",1.40341733782137
2021-08-07,"SMB","Q_m3day_mod",893.53339
2021-08-07,"SMB","DOC_mgL_mod",1.66850955620136
2021-08-07,"CCS","Q_m3day_mod",1660.367322
2021-08-07,"CCS","DOC_mgL_mod",2.24814891894144
2021-08-07,"HPB","Q_m3day_mod",391.640746
2021-08-07,"HPB","DOC_mgL_mod",1.39588616757461
2021-08-07,"CCR dam","Q_m3day_mod",7914.365602
2021-08-07,"CCR dam","DOC_mgL_mod",1.44049953885363
2021-08-08,"SMB","Q_m3day_mod",812.347363
2021-08-08,"SMB","DOC_mgL_mod",1.73065743059475
2021-08-08,"CCS","Q_m3day_mod",1516.681562
2021-08-08,"CCS","DOC_mgL_mod",2.34323874506229
2021-08-08,"HPB","Q_m3day_mod",344.13017
2021-08-08,"HPB","DOC_mgL_mod",1.49256631582171
2021-08-08,"CCR dam","Q_m3day_mod",7220.995153
2021-08-08,"CCR dam","DOC_mgL_mod",1.48421370917932
2021-08-09,"SMB","Q_m3day_mod",743.337973
2021-08-09,"SMB","DOC_mgL_mod",1.80174839527537
2021-08-09,"CCS","Q_m3day_mod",1395.13238
2021-08-09,"CCS","DOC_mgL_mod",2.44369140081173
2021-08-09,"HPB","Q_m3day_mod",304.19242
2021-08-09,"HPB","DOC_mgL_mod",1.59573437102739
2021-08-09,"CCR dam","Q_m3day_mod",6624.271325
2021-08-09,"CCR dam","DOC_mgL_mod",1.53348489239305
2021-08-10,"SMB","Q_m3day_mod",692.596879
2021-08-10,"SMB","DOC_mgL_mod",1.93340028030938
2021-08-10,"CCS","Q_m3day_mod",1309.216707
2021-08-10,"CCS","DOC_mgL_mod",2.61358106851596
2021-08-10,"HPB","Q_m3day_mod",273.923975
2021-08-10,"HPB","DOC_mgL_mod",1.76990203212406
2021-08-10,"CCR dam","Q_m3day_mod",6164.563392
2021-08-10,"CCR dam","DOC_mgL_mod",1.6391120274816
2021-08-11,"SMB","Q_m3day_mod",656.40384
2021-08-11,"SMB","DOC_mgL_mod",2.03714378026795
2021-08-11,"CCS","Q_m3day_mod",1251.443454
2021-08-11,"CCS","DOC_mgL_mod",2.72511234055326
2021-08-11,"HPB","Q_m3day_mod",251.896139
2021-08-11,"HPB","DOC_mgL_mod",1.92397629405507
2021-08-11,"CCR dam","Q_m3day_mod",5815.783804
2021-08-11,"CCR dam","DOC_mgL_mod",2.03044342739808
2021-08-12,"SMB","Q_m3day_mod",625.337899
2021-08-12,"SMB","DOC_mgL_mod",2.13666243823805
2021-08-12,"CCS","Q_m3day_mod",1202.717118
2021-08-12,"CCS","DOC_mgL_mod",2.82658818862841
2021-08-12,"HPB","Q_m3day_mod",233.68366
2021-08-12,"HPB","DOC_mgL_mod",2.07070575666266
2021-08-12,"CCR dam","Q_m3day_mod",5530.717144
2021-08-12,"CCR dam","DOC_mgL_mod",2.09797928512542
2021-08-13,"SMB","Q_m3day_mod",598.956859
2021-08-13,"SMB","DOC_mgL_mod",2.22923400898895
2021-08-13,"CCS","Q_m3day_mod",1160.876526
2021-08-13,"CCS","DOC_mgL_mod",2.91787104324651
2021-08-13,"HPB","Q_m3day_mod",218.823983
2021-08-13,"HPB","DOC_mgL_mod",2.21192071072027
2021-08-13,"CCR dam","Q_m3day_mod",5317.34372
2021-08-13,"CCR dam","DOC_mgL_mod",2.14695731574787
2021-08-14,"SMB","Q_m3day_mod",576.098685
2021-08-14,"SMB","DOC_mgL_mod",2.31650242353877
2021-08-14,"CCS","Q_m3day_mod",1259.338073
2021-08-14,"CCS","DOC_mgL_mod",3.15098390581256
2021-08-14,"HPB","Q_m3day_mod",206.727367
2021-08-14,"HPB","DOC_mgL_mod",2.34069347963978
2021-08-14,"CCR dam","Q_m3day_mod",5431.788412
2021-08-14,"CCR dam","DOC_mgL_mod",2.17926566761121
2021-08-15,"SMB","Q_m3day_mod",681.133828
2021-08-15,"SMB","DOC_mgL_mod",1.95891606781274
2021-08-15,"CCS","Q_m3day_mod",1905.75644
2021-08-15,"CCS","DOC_mgL_mod",1.80239244003289
2021-08-15,"HPB","Q_m3day_mod",293.953215
2021-08-15,"HPB","DOC_mgL_mod",1.64629327153302
2021-08-15,"CCR dam","Q_m3day_mod",7823.680298
2021-08-15,"CCR dam","DOC_mgL_mod",1.67042612967466
2021-08-16,"SMB","Q_m3day_mod",1622.770858
2021-08-16,"SMB","DOC_mgL_mod",1.53138133319868
2021-08-16,"CCS","Q_m3day_mod",4169.909957
2021-08-16,"CCS","DOC_mgL_mod",1.51682963546544
2021-08-16,"HPB","Q_m3day_mod",830.98866
2021-08-16,"HPB","DOC_mgL_mod",0.582419259487849
2021-08-16,"CCR dam","Q_m3day_mod",17907.887608
2021-08-16,"CCR dam","DOC_mgL_mod",1.02665263499793
2021-08-17,"SMB","Q_m3day_mod",3490.8463
2021-08-17,"SMB","DOC_mgL_mod",0.594771817939965
2021-08-17,"CCS","Q_m3day_mod",7127.765737
2021-08-17,"CCS","DOC_mgL_mod",0.802658674695442
2021-08-17,"HPB","Q_m3day_mod",2065.89986
2021-08-17,"HPB","DOC_mgL_mod",0.234127030726455
2021-08-17,"CCR dam","Q_m3day_mod",33833.988009
2021-08-17,"CCR dam","DOC_mgL_mod",0.514617431305126
2021-08-18,"SMB","Q_m3day_mod",4816.200721
2021-08-18,"SMB","DOC_mgL_mod",0.775148756512966
2021-08-18,"CCS","Q_m3day_mod",9811.155679
2021-08-18,"CCS","DOC_mgL_mod",1.59243115807866
2021-08-18,"HPB","Q_m3day_mod",2834.428356
2021-08-18,"HPB","DOC_mgL_mod",0.178220274621046
2021-08-18,"CCR dam","Q_m3day_mod",46925.08243
2021-08-18,"CCR dam","DOC_mgL_mod",0.817644594598957
2021-08-19,"SMB","Q_m3day_mod",5464.665373
2021-08-19,"SMB","DOC_mgL_mod",0.424344555744859
2021-08-19,"CCS","Q_m3day_mod",10642.549701
2021-08-19,"CCS","DOC_mgL_mod",0.509567082359073
2021-08-19,"HPB","Q_m3day_mod",3249.753712
2021-08-19,"HPB","DOC_mgL_mod",0.173560660279353
2021-08-19,"CCR dam","Q_m3day_mod",51934.866808
2021-08-19,"CCR dam","DOC_mgL_mod",0.349558227753143
2021-08-20,"SMB","Q_m3day_mod",5484.21348
2021-08-20,"SMB","DOC_mgL_mod",0.441836921344645
2021-08-20,"CCS","Q_m3day_mod",9481.393525
2021-08-20,"CCS","DOC_mgL_mod",0.591886834483014
2021-08-20,"HPB","Q_m3day_mod",3397.144967
2021-08-20,"HPB","DOC_mgL_mod",0.167439454461173
2021-08-20,"CCR dam","Q_m3day_mod",49282.626535
2021-08-20,"CCR dam","DOC_mgL_mod",0.386731620045948
2021-08-21,"SMB","Q_m3day_mod",4834.768365
2021-08-21,"SMB","DOC_mgL_mod",0.466855044460853
2021-08-21,"CCS","Q_m3day_mod",8341.937102
2021-08-21,"CCS","DOC_mgL_mod",0.604351475964893
2021-08-21,"HPB","Q_m3day_mod",2889.896536
2021-08-21,"HPB","DOC_mgL_mod",0.185673498450811
2021-08-21,"CCR dam","Q_m3day_mod",43972.013824
2021-08-21,"CCR dam","DOC_mgL_mod",0.387847144510167
2021-08-22,"SMB","Q_m3day_mod",4240.562801
2021-08-22,"SMB","DOC_mgL_mod",0.504370080192099
2021-08-22,"CCS","Q_m3day_mod",7233.429973
2021-08-22,"CCS","DOC_mgL_mod",0.660137585878859
2021-08-22,"HPB","Q_m3day_mod",2458.404244
2021-08-22,"HPB","DOC_mgL_mod",0.205720723609359
2021-08-22,"CCR dam","Q_m3day_mod",38791.895079
2021-08-22,"CCR dam","DOC_mgL_mod",0.416847126624494
2021-08-23,"SMB","Q_m3day_mod",3716.068096
2021-08-23,"SMB","DOC_mgL_mod",0.573849548746267
2021-08-23,"CCS","Q_m3day_mod",6383.202117
2021-08-23,"CCS","DOC_mgL_mod",0.775270766817864
2021-08-23,"HPB","Q_m3day_mod",2068.450166
2021-08-23,"HPB","DOC_mgL_mod",0.243766520599849
2021-08-23,"CCR dam","Q_m3day_mod",34468.029159
2021-08-23,"CCR dam","DOC_mgL_mod",0.478210399671085
2021-08-24,"SMB","Q_m3day_mod",3273.596332
2021-08-24,"SMB","DOC_mgL_mod",0.63001659057333
2021-08-24,"CCS","Q_m3day_mod",5627.187827
2021-08-24,"CCS","DOC_mgL_mod",0.817046834289009
2021-08-24,"HPB","Q_m3day_mod",1745.507002
2021-08-24,"HPB","DOC_mgL_mod",0.277440021406457
2021-08-24,"CCR dam","Q_m3day_mod",30713.03794
2021-08-24,"CCR dam","DOC_mgL_mod",0.521710357383162
2021-08-25,"SMB","Q_m3day_mod",2886.140884
2021-08-25,"SMB","DOC_mgL_mod",0.69174377836782
2021-08-25,"CCS","Q_m3day_mod",4914.178595
2021-08-25,"CCS","DOC_mgL_mod",0.904783762748045
2021-08-25,"HPB","Q_m3day_mod",1473.913531
2021-08-25,"HPB","DOC_mgL_mod",0.316819874557485
2021-08-25,"CCR dam","Q_m3day_mod",27211.841034
2021-08-25,"CCR dam","DOC_mgL_mod",0.560267862102784
2021-08-26,"SMB","Q_m3day_mod",2560.124799
2021-08-26,"SMB","DOC_mgL_mod",0.777507018711551
2021-08-26,"CCS","Q_m3day_mod",4451.770049
2021-08-26,"CCS","DOC_mgL_mod",1.00666026112617
2021-08-26,"HPB","Q_m3day_mod",1248.132357
2021-08-26,"HPB","DOC_mgL_mod",0.37335247130365
2021-08-26,"CCR dam","Q_m3day_mod",24581.591474
2021-08-26,"CCR dam","DOC_mgL_mod",0.616643150059374
2021-08-27,"SMB","Q_m3day_mod",2327.630435
2021-08-27,"SMB","DOC_mgL_mod",0.852597547342175
2021-08-27,"CCS","Q_m3day_mod",4117.691558
2021-08-27,"CCS","DOC_mgL_mod",1.07861527203782
2021-08-27,"HPB","Q_m3day_mod",1098.338463
2021-08-27,"HPB","DOC_mgL_mod",0.422985459992946
2021-08-27,"CCR dam","Q_m3day_mod",22765.570424
2021-08-27,"CCR dam","DOC_mgL_mod",0.682790710291758
2021-08-28,"SMB","Q_m3day_mod",2129.813738
2021-08-28,"SMB","DOC_mgL_mod",0.928640361695329
2021-08-28,"CCS","Q_m3day_mod",3701.07518
2021-08-28,"CCS","DOC_mgL_mod",1.18985613256308
2021-08-28,"HPB","Q_m3day_mod",974.832578
2021-08-28,"HPB","DOC_mgL_mod",0.475334339923958
2021-08-28,"CCR dam","Q_m3day_mod",20892.306948
2021-08-28,"CCR dam","DOC_mgL_mod",0.733245018758758
2021-08-29,"SMB","Q_m3day_mod",1911.318343
2021-08-29,"SMB","DOC_mgL_mod",0.995264868862298
2021-08-29,"CCS","Q_m3day_mod",3263.758699
2021-08-29,"CCS","DOC_mgL_mod",1.26877180021574
2021-08-29,"HPB","Q_m3day_mod",833.197502
2021-08-29,"HPB","DOC_mgL_mod",0.534363219922376
2021-08-29,"CCR dam","Q_m3day_mod",18724.732673
2021-08-29,"CCR dam","DOC_mgL_mod",0.761030891540996
2021-08-30,"SMB","Q_m3day_mod",1721.006811
2021-08-30,"SMB","DOC_mgL_mod",1.10121876792503
2021-08-30,"CCS","Q_m3day_mod",2940.26637
2021-08-30,"CCS","DOC_mgL_mod",1.44233122660924
2021-08-30,"HPB","Q_m3day_mod",713.314747
2021-08-30,"HPB","DOC_mgL_mod",0.622823517764732
2021-08-30,"CCR dam","Q_m3day_mod",16904.476272
2021-08-30,"CCR dam","DOC_mgL_mod",0.846932479281485
2021-08-31,"SMB","Q_m3day_mod",1565.799399
2021-08-31,"SMB","DOC_mgL_mod",1.20564805504821
2021-08-31,"CCS","Q_m3day_mod",2680.858108
2021-08-31,"CCS","DOC_mgL_mod",1.55576715811772
2021-08-31,"HPB","Q_m3day_mod",615.54593
2021-08-31,"HPB","DOC_mgL_mod",0.719673347527454
2021-08-31,"CCR dam","Q_m3day_mod",15451.946169
2021-08-31,"CCR dam","DOC_mgL_mod",0.931271041370142
2021-09-01,"SMB","Q_m3day_mod",1808.057587
2021-09-01,"SMB","DOC_mgL_mod",2.22614922718167
2021-09-01,"CCS","Q_m3day_mod",3432.623596
2021-09-01,"CCS","DOC_mgL_mod",1.90242093762033
2021-09-01,"HPB","Q_m3day_mod",536.692013
2021-09-01,"HPB","DOC_mgL_mod",0.857937492727323
2021-09-01,"CCR dam","Q_m3day_mod",17969.239078
2021-09-01,"CCR dam","DOC_mgL_mod",1.31723552106217
2021-09-02,"SMB","Q_m3day_mod",2820.709107
2021-09-02,"SMB","DOC_mgL_mod",0.790912822050175
2021-09-02,"CCS","Q_m3day_mod",5118.048629
2021-09-02,"CCS","DOC_mgL_mod",0.938857238044426
2021-09-02,"HPB","Q_m3day_mod",1242.61151
2021-09-02,"HPB","DOC_mgL_mod",0.374096486519749
2021-09-02,"CCR dam","Q_m3day_mod",26668.945571
2021-09-02,"CCR dam","DOC_mgL_mod",0.566350100336331
2021-09-03,"SMB","Q_m3day_mod",3300
2021-09-03,"SMB","DOC_mgL_mod",0.617105151515152
2021-09-03,"CCS","Q_m3day_mod",5528.582716
2021-09-03,"CCS","DOC_mgL_mod",0.795351580301833
2021-09-03,"HPB","Q_m3day_mod",1830.288255
2021-09-03,"HPB","DOC_mgL_mod",0.231593028498126
2021-09-03,"CCR dam","Q_m3day_mod",30288.504275
2021-09-03,"CCR dam","DOC_mgL_mod",0.462682140813637
2021-09-04,"SMB","Q_m3day_mod",2881.938587
2021-09-04,"SMB","DOC_mgL_mod",0.65010753818676
2021-09-04,"CCS","Q_m3day_mod",4812.674617
2021-09-04,"CCS","DOC_mgL_mod",0.844791996873949
2021-09-04,"HPB","Q_m3day_mod",1540.130532
2021-09-04,"HPB","DOC_mgL_mod",0.252321924619828
2021-09-04,"CCR dam","Q_m3day_mod",26762.478233
2021-09-04,"CCR dam","DOC_mgL_mod",0.480740979515699
2021-09-05,"SMB","Q_m3day_mod",2521.297227
2021-09-05,"SMB","DOC_mgL_mod",0.69430806540922
2021-09-05,"CCS","Q_m3day_mod",4204.083849
2021-09-05,"CCS","DOC_mgL_mod",0.90863625398638
2021-09-05,"HPB","Q_m3day_mod",1293.124202
2021-09-05,"HPB","DOC_mgL_mod",0.276379406902478
2021-09-05,"CCR dam","Q_m3day_mod",23650.701412
2021-09-05,"CCR dam","DOC_mgL_mod",0.508539251774475
2021-09-06,"SMB","Q_m3day_mod",2215.764952
2021-09-06,"SMB","DOC_mgL_mod",0.74322323697446
2021-09-06,"CCS","Q_m3day_mod",3687.581933
2021-09-06,"CCS","DOC_mgL_mod",0.976790228785406
2021-09-06,"HPB","Q_m3day_mod",1086.909573
2021-09-06,"HPB","DOC_mgL_mod",0.303590388931095
2021-09-06,"CCR dam","Q_m3day_mod",20971.872186
2021-09-06,"CCR dam","DOC_mgL_mod",0.536194856628333
2021-09-07,"SMB","Q_m3day_mod",1950.611117
2021-09-07,"SMB","DOC_mgL_mod",0.784395201414204
2021-09-07,"CCS","Q_m3day_mod",3234.635978
2021-09-07,"CCS","DOC_mgL_mod",1.03251216604133
2021-09-07,"HPB","Q_m3day_mod",914.094538
2021-09-07,"HPB","DOC_mgL_mod",0.329069136172871
2021-09-07,"CCR dam","Q_m3day_mod",18626.433018
2021-09-07,"CCR dam","DOC_mgL_mod",0.556875274507805
2021-09-08,"SMB","Q_m3day_mod",1733.42478
2021-09-08,"SMB","DOC_mgL_mod",0.88005549337999
2021-09-08,"CCS","Q_m3day_mod",2876.329322
2021-09-08,"CCS","DOC_mgL_mod",1.17043169370437
2021-09-08,"HPB","Q_m3day_mod",772.375345
2021-09-08,"HPB","DOC_mgL_mod",0.387541241363679
2021-09-08,"CCR dam","Q_m3day_mod",16669.285552
2021-09-08,"CCR dam","DOC_mgL_mod",0.620280933321671
2021-09-09,"SMB","Q_m3day_mod",1561.743584
2021-09-09,"SMB","DOC_mgL_mod",0.974581240860087
2021-09-09,"CCS","Q_m3day_mod",2646.575347
2021-09-09,"CCS","DOC_mgL_mod",1.26336134876722
2021-09-09,"HPB","Q_m3day_mod",657.899782
2021-09-09,"HPB","DOC_mgL_mod",0.453759992277973
2021-09-09,"CCR dam","Q_m3day_mod",15273.978699
2021-09-09,"CCR dam","DOC_mgL_mod",0.770938616064126
2021-09-10,"SMB","Q_m3day_mod",1484.812868
2021-09-10,"SMB","DOC_mgL_mod",0.943829374194244
2021-09-10,"CCS","Q_m3day_mod",2518.229378
2021-09-10,"CCS","DOC_mgL_mod",1.19986925194231
2021-09-10,"HPB","Q_m3day_mod",629.155454
2021-09-10,"HPB","DOC_mgL_mod",0.425773309755016
2021-09-10,"CCR dam","Q_m3day_mod",14691.112873
2021-09-10,"CCR dam","DOC_mgL_mod",0.733005735718712
2021-09-11,"SMB","Q_m3day_mod",1400.945187
2021-09-11,"SMB","DOC_mgL_mod",0.922494335961483
2021-09-11,"CCS","Q_m3day_mod",2325.40014
2021-09-11,"CCS","DOC_mgL_mod",1.19815852423575
2021-09-11,"HPB","Q_m3day_mod",601.102308
2021-09-11,"HPB","DOC_mgL_mod",0.400840750057476
2021-09-11,"CCR dam","Q_m3day_mod",13861.732694
2021-09-11,"CCR dam","DOC_mgL_mod",0.710318775968167
2021-09-12,"SMB","Q_m3day_mod",1246.144942
2021-09-12,"SMB","DOC_mgL_mod",0.990849425603976
2021-09-12,"CCS","Q_m3day_mod",2058.620959
2021-09-12,"CCS","DOC_mgL_mod",1.30037245967824
2021-09-12,"HPB","Q_m3day_mod",507.490188
2021-09-12,"HPB","DOC_mgL_mod",0.439737368873031
2021-09-12,"CCR dam","Q_m3day_mod",12413.67526
2021-09-12,"CCR dam","DOC_mgL_mod",0.743717779516008
2021-09-13,"SMB","Q_m3day_mod",1119.441421
2021-09-13,"SMB","DOC_mgL_mod",1.06613796632062
2021-09-13,"CCS","Q_m3day_mod",1841.724443
2021-09-13,"CCS","DOC_mgL_mod",1.40174064030707
2021-09-13,"HPB","Q_m3day_mod",429.517155
2021-09-13,"HPB","DOC_mgL_mod",0.486050667755052
2021-09-13,"CCR dam","Q_m3day_mod",11179.751621
2021-09-13,"CCR dam","DOC_mgL_mod",0.779461592297928
2021-09-14,"SMB","Q_m3day_mod",1009.457036
2021-09-14,"SMB","DOC_mgL_mod",1.13120614278427
2021-09-14,"CCS","Q_m3day_mod",1649.029562
2021-09-14,"CCS","DOC_mgL_mod",1.48695515017092
2021-09-14,"HPB","Q_m3day_mod",364.216484
2021-09-14,"HPB","DOC_mgL_mod",0.532125833162455
2021-09-14,"CCR dam","Q_m3day_mod",10092.648755
2021-09-14,"CCR dam","DOC_mgL_mod",0.809170436646192
2021-09-15,"SMB","Q_m3day_mod",918.31736
2021-09-15,"SMB","DOC_mgL_mod",1.23901937343317
2021-09-15,"CCS","Q_m3day_mod",1496.647486
2021-09-15,"CCS","DOC_mgL_mod",1.65033718567981
2021-09-15,"HPB","Q_m3day_mod",311.055136
2021-09-15,"HPB","DOC_mgL_mod",0.622040524674056
2021-09-15,"CCR dam","Q_m3day_mod",9168.036954
2021-09-15,"CCR dam","DOC_mgL_mod",0.866707239496147
2021-09-16,"SMB","Q_m3day_mod",846.792781
2021-09-16,"SMB","DOC_mgL_mod",1.344652464627
2021-09-16,"CCS","Q_m3day_mod",1384.645553
2021-09-16,"CCS","DOC_mgL_mod",1.77293170420488
2021-09-16,"HPB","Q_m3day_mod",268.592425
2021-09-16,"HPB","DOC_mgL_mod",0.719270098551737
2021-09-16,"CCR dam","Q_m3day_mod",8441.871039
2021-09-16,"CCR dam","DOC_mgL_mod",1.07890916100501
2021-09-17,"SMB","Q_m3day_mod",785.521867
2021-09-17,"SMB","DOC_mgL_mod",1.44386559769698
2021-09-17,"CCS","Q_m3day_mod",1405.309624
2021-09-17,"CCS","DOC_mgL_mod",1.96207010391896
2021-09-17,"HPB","Q_m3day_mod",233.671385
2021-09-17,"HPB","DOC_mgL_mod",0.824798466444661
2021-09-17,"CCR dam","Q_m3day_mod",8189.668951
2021-09-17,"CCR dam","DOC_mgL_mod",1.11896549846267
2021-09-18,"SMB","Q_m3day_mod",938.346248
2021-09-18,"SMB","DOC_mgL_mod",1.20854002711374
2021-09-18,"CCS","Q_m3day_mod",1681.303704
2021-09-18,"CCS","DOC_mgL_mod",1.46550144042269
2021-09-18,"HPB","Q_m3day_mod",359.940789
2021-09-18,"HPB","DOC_mgL_mod",0.534705723501651
2021-09-18,"CCR dam","Q_m3day_mod",9510.427833
2021-09-18,"CCR dam","DOC_mgL_mod",0.926351490669053
2021-09-19,"SMB","Q_m3day_mod",1062.440183
2021-09-19,"SMB","DOC_mgL_mod",1.01160518699997
2021-09-19,"CCS","Q_m3day_mod",1768.011615
2021-09-19,"CCS","DOC_mgL_mod",1.28068389414964
2021-09-19,"HPB","Q_m3day_mod",464.916649
2021-09-19,"HPB","DOC_mgL_mod",0.380931292482064
2021-09-19,"CCR dam","Q_m3day_mod",10215.531535
2021-09-19,"CCR dam","DOC_mgL_mod",0.800682957316131
2021-09-20,"SMB","Q_m3day_mod",960.420461
2021-09-20,"SMB","DOC_mgL_mod",1.11842890027725
2021-09-20,"CCS","Q_m3day_mod",1610.144843
2021-09-20,"CCS","DOC_mgL_mod",1.47041181437365
2021-09-20,"HPB","Q_m3day_mod",395.900858
2021-09-20,"HPB","DOC_mgL_mod",0.446170793598027
2021-09-20,"CCR dam","Q_m3day_mod",9307.417731
2021-09-20,"CCR dam","DOC_mgL_mod",0.921297103861557
2021-09-21,"SMB","Q_m3day_mod",1075.909993
2021-09-21,"SMB","DOC_mgL_mod",1.99791712502479
2021-09-21,"CCS","Q_m3day_mod",2594.779322
2021-09-21,"CCS","DOC_mgL_mod",0.905689736338973
2021-09-21,"HPB","Q_m3day_mod",339.400978
2021-09-21,"HPB","DOC_mgL_mod",0.520113409926591
2021-09-21,"CCR dam","Q_m3day_mod",13118.932292
2021-09-21,"CCR dam","DOC_mgL_mod",0.897982376750573
2021-09-22,"SMB","Q_m3day_mod",3734.931609
2021-09-22,"SMB","DOC_mgL_mod",1.84689861077454
2021-09-22,"CCS","Q_m3day_mod",8886.813887
2021-09-22,"CCS","DOC_mgL_mod",2.30948799659497
2021-09-22,"HPB","Q_m3day_mod",1544.637223
2021-09-22,"HPB","DOC_mgL_mod",0.140351143149941
2021-09-22,"CCR dam","Q_m3day_mod",43274.036439
2021-09-22,"CCR dam","DOC_mgL_mod",1.45094761586449
2021-09-23,"SMB","Q_m3day_mod",8166.288508
2021-09-23,"SMB","DOC_mgL_mod",1.0515567741193
2021-09-23,"CCS","Q_m3day_mod",15593.921688
2021-09-23,"CCS","DOC_mgL_mod",0.947244079811362
2021-09-23,"HPB","Q_m3day_mod",4112.361769
2021-09-23,"HPB","DOC_mgL_mod",0.087297572578907
2021-09-23,"CCR dam","Q_m3day_mod",78172.48721
2021-09-23,"CCR dam","DOC_mgL_mod",0.563294984867349
2021-09-24,"SMB","Q_m3day_mod",9562.617445
2021-09-24,"SMB","DOC_mgL_mod",0.454473477057515
2021-09-24,"CCS","Q_m3day_mod",15662.559447
2021-09-24,"CCS","DOC_mgL_mod",0.44036819290867
2021-09-24,"HPB","Q_m3day_mod",5387.142685
2021-09-24,"HPB","DOC_mgL_mod",0.0821885971635444
2021-09-24,"CCR dam","Q_m3day_mod",82621.00199
2021-09-24,"CCR dam","DOC_mgL_mod",0.299725607334044
2021-09-25,"SMB","Q_m3day_mod",8404.769767
2021-09-25,"SMB","DOC_mgL_mod",0.459406516423616
2021-09-25,"CCS","Q_m3day_mod",13314.788777
2021-09-25,"CCS","DOC_mgL_mod",0.473521142963303
2021-09-25,"HPB","Q_m3day_mod",4892.034077
2021-09-25,"HPB","DOC_mgL_mod",0.0847856931230448
2021-09-25,"CCR dam","Q_m3day_mod",73363.655835
2021-09-25,"CCR dam","DOC_mgL_mod",0.313479061781273
2021-09-26,"SMB","Q_m3day_mod",7247.945822
2021-09-26,"SMB","DOC_mgL_mod",0.482636885803146
2021-09-26,"CCS","Q_m3day_mod",11491.134801
2021-09-26,"CCS","DOC_mgL_mod",0.503383442990906
2021-09-26,"HPB","Q_m3day_mod",4088.412781
2021-09-26,"HPB","DOC_mgL_mod",0.0941163284167906
2021-09-26,"CCR dam","Q_m3day_mod",64267.173433
2021-09-26,"CCR dam","DOC_mgL_mod",0.329035320373089
2021-09-27,"SMB","Q_m3day_mod",6264.013963
2021-09-27,"SMB","DOC_mgL_mod",0.50169236827418
2021-09-27,"CCS","Q_m3day_mod",9927.221956
2021-09-27,"CCS","DOC_mgL_mod",0.535298900694792
2021-09-27,"HPB","Q_m3day_mod",3415.643401
2021-09-27,"HPB","DOC_mgL_mod",0.102952404193321
2021-09-27,"CCR dam","Q_m3day_mod",56294.339626
2021-09-27,"CCR dam","DOC_mgL_mod",0.342012360885883
2021-09-28,"SMB","Q_m3day_mod",5551.099897
2021-09-28,"SMB","DOC_mgL_mod",0.655852005467881
2021-09-28,"CCS","Q_m3day_mod",8634.707233
2021-09-28,"CCS","DOC_mgL_mod",0.612813712985792
2021-09-28,"HPB","Q_m3day_mod",2857.501789
2021-09-28,"HPB","DOC_mgL_mod",0.12206886495846
2021-09-28,"CCR dam","Q_m3day_mod",49962.031778
2021-09-28,"CCR dam","DOC_mgL_mod",0.425616798261667
2021-09-29,"SMB","Q_m3day_mod",4990.64577
2021-09-29,"SMB","DOC_mgL_mod",0.716424119197705
2021-09-29,"CCS","Q_m3day_mod",7573.064995
2021-09-29,"CCS","DOC_mgL_mod",0.689011516928094
2021-09-29,"HPB","Q_m3day_mod",2395.948135
2021-09-29,"HPB","DOC_mgL_mod",0.144441523981486
2021-09-29,"CCR dam","Q_m3day_mod",44706.325265
2021-09-29,"CCR dam","DOC_mgL_mod",0.485045457694475
2021-09-30,"SMB","Q_m3day_mod",4304.963374
2021-09-30,"SMB","DOC_mgL_mod",0.64563569037231
2021-09-30,"CCS","Q_m3day_mod",6611.335866
2021-09-30,"CCS","DOC_mgL_mod",0.727219142613137
2021-09-30,"HPB","Q_m3day_mod",2008.731946
2021-09-30,"HPB","DOC_mgL_mod",0.159480313258283
2021-09-30,"CCR dam","Q_m3day_mod",39245.046055
2021-09-30,"CCR dam","DOC_mgL_mod",0.454625788309576
2021-10-01,"SMB","Q_m3day_mod",3674.556611
2021-10-01,"SMB","DOC_mgL_mod",0.690648768997833
2021-10-01,"CCS","Q_m3day_mod",5743.925629
2021-10-01,"CCS","DOC_mgL_mod",0.77747298423456
2021-10-01,"HPB","Q_m3day_mod",1682.620294
2021-10-01,"HPB","DOC_mgL_mod",0.175584533868697
2021-10-01,"CCR dam","Q_m3day_mod",34309.541605
2021-10-01,"CCR dam","DOC_mgL_mod",0.477781667523389
2021-10-02,"SMB","Q_m3day_mod",3219.029697
2021-10-02,"SMB","DOC_mgL_mod",0.734404843236835
2021-10-02,"CCS","Q_m3day_mod",5004.317208
2021-10-02,"CCS","DOC_mgL_mod",0.829842079826847
2021-10-02,"HPB","Q_m3day_mod",1409.902869
2021-10-02,"HPB","DOC_mgL_mod",0.193187208841689
2021-10-02,"CCR dam","Q_m3day_mod",30379.476971
2021-10-02,"CCR dam","DOC_mgL_mod",0.499501028753245
2021-10-03,"SMB","Q_m3day_mod",2889.620982
2021-10-03,"SMB","DOC_mgL_mod",0.884100031081516
2021-10-03,"CCS","Q_m3day_mod",4403.932107
2021-10-03,"CCS","DOC_mgL_mod",0.943669634096836
2021-10-03,"HPB","Q_m3day_mod",1184.757417
2021-10-03,"HPB","DOC_mgL_mod",0.228600299195257
2021-10-03,"CCR dam","Q_m3day_mod",27238.112986
2021-10-03,"CCR dam","DOC_mgL_mod",0.57901110873966
2021-10-04,"SMB","Q_m3day_mod",2754.467218
2021-10-04,"SMB","DOC_mgL_mod",0.97413030820104
2021-10-04,"CCS","Q_m3day_mod",4052.358342
2021-10-04,"CCS","DOC_mgL_mod",1.11524614029309
2021-10-04,"HPB","Q_m3day_mod",999.517655
2021-10-04,"HPB","DOC_mgL_mod",0.269093295805765
2021-10-04,"CCR dam","Q_m3day_mod",25568.358903
2021-10-04,"CCR dam","DOC_mgL_mod",0.681416436076222
2021-10-05,"SMB","Q_m3day_mod",2797.115792
2021-10-05,"SMB","DOC_mgL_mod",0.943420364486648
2021-10-05,"CCS","Q_m3day_mod",4129.759069
2021-10-05,"CCS","DOC_mgL_mod",1.00112474624364
2021-10-05,"HPB","Q_m3day_mod",989.970396
2021-10-05,"HPB","DOC_mgL_mod",0.270276061871248
2021-10-05,"CCR dam","Q_m3day_mod",25754.769968
2021-10-05,"CCR dam","DOC_mgL_mod",0.647220690408459
2021-10-06,"SMB","Q_m3day_mod",2914.046899
2021-10-06,"SMB","DOC_mgL_mod",0.890504199122706
2021-10-06,"CCS","Q_m3day_mod",4412.13057
2021-10-06,"CCS","DOC_mgL_mod",0.928528051244866
2021-10-06,"HPB","Q_m3day_mod",1104.664666
2021-10-06,"HPB","DOC_mgL_mod",0.241009700223362
2021-10-06,"CCR dam","Q_m3day_mod",26793.89029
2021-10-06,"CCR dam","DOC_mgL_mod",0.608586876467352
2021-10-07,"SMB","Q_m3day_mod",3054.812915
2021-10-07,"SMB","DOC_mgL_mod",0.834844905714955
2021-10-07,"CCS","Q_m3day_mod",4674.212487
2021-10-07,"CCS","DOC_mgL_mod",0.871347849788071
2021-10-07,"HPB","Q_m3day_mod",1229.287523
2021-10-07,"HPB","DOC_mgL_mod",0.215437637692512
2021-10-07,"CCR dam","Q_m3day_mod",28177.214609
2021-10-07,"CCR dam","DOC_mgL_mod",0.569643956037912
2021-10-08,"SMB","Q_m3day_mod",3105.520885
2021-10-08,"SMB","DOC_mgL_mod",0.80700471605426
2021-10-08,"CCS","Q_m3day_mod",4775.864839
2021-10-08,"CCS","DOC_mgL_mod",0.848845630407088
2021-10-08,"HPB","Q_m3day_mod",1367.453409
2021-10-08,"HPB","DOC_mgL_mod",0.192706090215319
2021-10-08,"CCR dam","Q_m3day_mod",28806.337168
2021-10-08,"CCR dam","DOC_mgL_mod",0.545320632345103
2021-10-09,"SMB","Q_m3day_mod",2930.19868
2021-10-09,"SMB","DOC_mgL_mod",0.84009559379093
2021-10-09,"CCS","Q_m3day_mod",4509.505966
2021-10-09,"CCS","DOC_mgL_mod",0.891434900033127
2021-10-09,"HPB","Q_m3day_mod",1309.396601
2021-10-09,"HPB","DOC_mgL_mod",0.200268657944989
2021-10-09,"CCR dam","Q_m3day_mod",27307.22511
2021-10-09,"CCR dam","DOC_mgL_mod",0.563895816509054
2021-10-10,"SMB","Q_m3day_mod",2631.01621
2021-10-10,"SMB","DOC_mgL_mod",0.919336031000737
2021-10-10,"CCS","Q_m3day_mod",4034.403303
2021-10-10,"CCS","DOC_mgL_mod",0.987950559389079
2021-10-10,"HPB","Q_m3day_mod",1114.060156
2021-10-10,"HPB","DOC_mgL_mod",0.234516510255663
2021-10-10,"CCR dam","Q_m3day_mod",24797.624798
2021-10-10,"CCR dam","DOC_mgL_mod",0.608215912727917
2021-10-11,"SMB","Q_m3day_mod",2312.740542
2021-10-11,"SMB","DOC_mgL_mod",0.915604652378684
2021-10-11,"CCS","Q_m3day_mod",3548.756036
2021-10-11,"CCS","DOC_mgL_mod",1.05840918955749
2021-10-11,"HPB","Q_m3day_mod",949.065419
2021-10-11,"HPB","DOC_mgL_mod",0.263726077243154
2021-10-11,"CCR dam","Q_m3day_mod",22137.468561
2021-10-11,"CCR dam","DOC_mgL_mod",0.604498656344811
2021-10-12,"SMB","Q_m3day_mod",2034.19968
2021-10-12,"SMB","DOC_mgL_mod",1.00144151040275
2021-10-12,"CCS","Q_m3day_mod",3134.70368
2021-10-12,"CCS","DOC_mgL_mod",1.15611948367636
2021-10-12,"HPB","Q_m3day_mod",799.928242
2021-10-12,"HPB","DOC_mgL_mod",0.300586586865375
2021-10-12,"CCR dam","Q_m3day_mod",19669.027239
2021-10-12,"CCR dam","DOC_mgL_mod",0.648201349516673
2021-10-13,"SMB","Q_m3day_mod",1824.787743
2021-10-13,"SMB","DOC_mgL_mod",1.0763503906328
2021-10-13,"CCS","Q_m3day_mod",2787.49727
2021-10-13,"CCS","DOC_mgL_mod",1.25428643020698
2021-10-13,"HPB","Q_m3day_mod",675.25103
2021-10-13,"HPB","DOC_mgL_mod",0.341764010341458
2021-10-13,"CCR dam","Q_m3day_mod",17669.021432
2021-10-13,"CCR dam","DOC_mgL_mod",0.689901251572606
2021-10-14,"SMB","Q_m3day_mod",1644.096283
2021-10-14,"SMB","DOC_mgL_mod",1.15471400284164
2021-10-14,"CCS","Q_m3day_mod",2488.013767
2021-10-14,"CCS","DOC_mgL_mod",1.35938998604424
2021-10-14,"HPB","Q_m3day_mod",571.061166
2021-10-14,"HPB","DOC_mgL_mod",0.388502516383683
2021-10-14,"CCR dam","Q_m3day_mod",15919.898654
2021-10-14,"CCR dam","DOC_mgL_mod",0.731238951516506
2021-10-15,"SMB","Q_m3day_mod",1489.066148
2021-10-15,"SMB","DOC_mgL_mod",1.23922231559588
2021-10-15,"CCS","Q_m3day_mod",2231.807685
2021-10-15,"CCS","DOC_mgL_mod",1.47353511778951
2021-10-15,"HPB","Q_m3day_mod",484.017023
2021-10-15,"HPB","DOC_mgL_mod",0.441320635121546
2021-10-15,"CCR dam","Q_m3day_mod",14401.633042
2021-10-15,"CCR dam","DOC_mgL_mod",0.777254216056979
2021-10-16,"SMB","Q_m3day_mod",1362.572809
2021-10-16,"SMB","DOC_mgL_mod",1.3495543048078
2021-10-16,"CCS","Q_m3day_mod",2114.739191
2021-10-16,"CCS","DOC_mgL_mod",1.71826909694795
2021-10-16,"HPB","Q_m3day_mod",412.145235
2021-10-16,"HPB","DOC_mgL_mod",0.516278927742547
2021-10-16,"CCR dam","Q_m3day_mod",13463.118464
2021-10-16,"CCR dam","DOC_mgL_mod",0.859488834696181
2021-10-17,"SMB","Q_m3day_mod",1365.903593
2021-10-17,"SMB","DOC_mgL_mod",1.31852863498544
2021-10-17,"CCS","Q_m3day_mod",2123.267304
2021-10-17,"CCS","DOC_mgL_mod",1.49071527359609
2021-10-17,"HPB","Q_m3day_mod",433.969805
2021-10-17,"HPB","DOC_mgL_mod",0.466190499129312
2021-10-17,"CCR dam","Q_m3day_mod",13317.274633
2021-10-17,"CCR dam","DOC_mgL_mod",0.866011276167695
2021-10-18,"SMB","Q_m3day_mod",1361.537842
2021-10-18,"SMB","DOC_mgL_mod",1.28550007646427
2021-10-18,"CCS","Q_m3day_mod",2025.410214
2021-10-18,"CCS","DOC_mgL_mod",1.51575171230967
2021-10-18,"HPB","Q_m3day_mod",451.629318
2021-10-18,"HPB","DOC_mgL_mod",0.427666655600069
2021-10-18,"CCR dam","Q_m3day_mod",12783.034103
2021-10-18,"CCR dam","DOC_mgL_mod",0.860721321037377
2021-10-19,"SMB","Q_m3day_mod",1242.905879
2021-10-19,"SMB","DOC_mgL_mod",1.36896850256189
2021-10-19,"CCS","Q_m3day_mod",1828.178703
2021-10-19,"CCS","DOC_mgL_mod",1.63220969323369
2021-10-19,"HPB","Q_m3day_mod",383.997269
2021-10-19,"HPB","DOC_mgL_mod",0.48299874757703
2021-10-19,"CCR dam","Q_m3day_mod",11606.558613
2021-10-19,"CCR dam","DOC_mgL_mod",0.904679875414506
2021-10-20,"SMB","Q_m3day_mod",1138.64795
2021-10-20,"SMB","DOC_mgL_mod",1.45464627587482
2021-10-20,"CCS","Q_m3day_mod",1657.519433
2021-10-20,"CCS","DOC_mgL_mod",1.75280056580791
2021-10-20,"HPB","Q_m3day_mod",326.690648
2021-10-20,"HPB","DOC_mgL_mod",0.545494953990847
2021-10-20,"CCR dam","Q_m3day_mod",10567.587057
2021-10-20,"CCR dam","DOC_mgL_mod",0.951406403918873
2021-10-21,"SMB","Q_m3day_mod",1052.664811
2021-10-21,"SMB","DOC_mgL_mod",1.56400877353922
2021-10-21,"CCS","Q_m3day_mod",1519.014185
2021-10-21,"CCS","DOC_mgL_mod",1.90942456538021
2021-10-21,"HPB","Q_m3day_mod",279.573277
2021-10-21,"HPB","DOC_mgL_mod",0.636802279210684
2021-10-21,"CCR dam","Q_m3day_mod",9717.904049
2021-10-21,"CCR dam","DOC_mgL_mod",1.03566776840482
2021-10-22,"SMB","Q_m3day_mod",982.643964
2021-10-22,"SMB","DOC_mgL_mod",1.66444822328344
2021-10-22,"CCS","Q_m3day_mod",1429.669155
2021-10-22,"CCS","DOC_mgL_mod",2.08455291182385
2021-10-22,"HPB","Q_m3day_mod",241.085415
2021-10-22,"HPB","DOC_mgL_mod",0.736670445203
2021-10-22,"CCR dam","Q_m3day_mod",9064.052929
2021-10-22,"CCR dam","DOC_mgL_mod",1.18042889685337
2021-10-23,"SMB","Q_m3day_mod",919.71705
2021-10-23,"SMB","DOC_mgL_mod",1.74320895758103
2021-10-23,"CCS","Q_m3day_mod",1329.463332
2021-10-23,"CCS","DOC_mgL_mod",2.12195171698049
2021-10-23,"HPB","Q_m3day_mod",210.131848
2021-10-23,"HPB","DOC_mgL_mod",0.821058785910454
2021-10-23,"CCR dam","Q_m3day_mod",8425.862068
2021-10-23,"CCR dam","DOC_mgL_mod",1.20495563754344
2021-10-24,"SMB","Q_m3day_mod",862.141325
2021-10-24,"SMB","DOC_mgL_mod",1.82812255287728
2021-10-24,"CCS","Q_m3day_mod",1215.097466
2021-10-24,"CCS","DOC_mgL_mod",2.28126144409226
2021-10-24,"HPB","Q_m3day_mod",183.689929
2021-10-24,"HPB","DOC_mgL_mod",0.916457973044347
2021-10-24,"CCR dam","Q_m3day_mod",7776.336601
2021-10-24,"CCR dam","DOC_mgL_mod",1.25711597910292
2021-10-25,"SMB","Q_m3day_mod",849.711419
2021-10-25,"SMB","DOC_mgL_mod",2.08472542605668
2021-10-25,"CCS","Q_m3day_mod",1420.122762
2021-10-25,"CCS","DOC_mgL_mod",1.96418089663716
2021-10-25,"HPB","Q_m3day_mod",160.230837
2021-10-25,"HPB","DOC_mgL_mod",1.04656134324506
2021-10-25,"CCR dam","Q_m3day_mod",8277.783939
2021-10-25,"CCR dam","DOC_mgL_mod",1.24512068398407
2021-10-26,"SMB","Q_m3day_mod",1235.063545
2021-10-26,"SMB","DOC_mgL_mod",1.27824839976149
2021-10-26,"CCS","Q_m3day_mod",2061.874785
2021-10-26,"CCS","DOC_mgL_mod",1.32713684647926
2021-10-26,"HPB","Q_m3day_mod",442.980647
2021-10-26,"HPB","DOC_mgL_mod",0.370676238594234
2021-10-26,"CCR dam","Q_m3day_mod",11329.161743
2021-10-26,"CCR dam","DOC_mgL_mod",0.867101840616735
2021-10-27,"SMB","Q_m3day_mod",1530.625307
2021-10-27,"SMB","DOC_mgL_mod",1.01487084585359
2021-10-27,"CCS","Q_m3day_mod",2324.067415
2021-10-27,"CCS","DOC_mgL_mod",1.15404870903885
2021-10-27,"HPB","Q_m3day_mod",682.275205
2021-10-27,"HPB","DOC_mgL_mod",0.23333809998269
2021-10-27,"CCR dam","Q_m3day_mod",12918.562394
2021-10-27,"CCR dam","DOC_mgL_mod",0.731201484492362
2021-10-28,"SMB","Q_m3day_mod",1385.332835
2021-10-28,"SMB","DOC_mgL_mod",1.11139284444954
2021-10-28,"CCS","Q_m3day_mod",2114.6202
2021-10-28,"CCS","DOC_mgL_mod",1.27212725954287
2021-10-28,"HPB","Q_m3day_mod",577.834047
2021-10-28,"HPB","DOC_mgL_mod",0.2755353389552
2021-10-28,"CCR dam","Q_m3day_mod",11758.591158
2021-10-28,"CCR dam","DOC_mgL_mod",0.791115608579611
2021-10-29,"SMB","Q_m3day_mod",1819.870692
2021-10-29,"SMB","DOC_mgL_mod",2.69658279655399
2021-10-29,"CCS","Q_m3day_mod",3231.851826
2021-10-29,"CCS","DOC_mgL_mod",1.72034526931929
2021-10-29,"HPB","Q_m3day_mod",496.947622
2021-10-29,"HPB","DOC_mgL_mod",0.327622052691903
2021-10-29,"CCR dam","Q_m3day_mod",16039.868837
2021-10-29,"CCR dam","DOC_mgL_mod",1.46491409866134
2021-10-30,"SMB","Q_m3day_mod",3336.060697
2021-10-30,"SMB","DOC_mgL_mod",0.7637142220737
2021-10-30,"CCS","Q_m3day_mod",5951.682851
2021-10-30,"CCS","DOC_mgL_mod",0.795568265067154
2021-10-30,"HPB","Q_m3day_mod",1478.239721
2021-10-30,"HPB","DOC_mgL_mod",0.119691412351109
2021-10-30,"CCR dam","Q_m3day_mod",29529.79965
2021-10-30,"CCR dam","DOC_mgL_mod",0.504271623122915
2021-10-31,"SMB","Q_m3day_mod",4295.091591
2021-10-31,"SMB","DOC_mgL_mod",0.492606724483701
2021-10-31,"CCS","Q_m3day_mod",7196.762162
2021-10-31,"CCS","DOC_mgL_mod",0.528639812510175
2021-10-31,"HPB","Q_m3day_mod",2492.316506
2021-10-31,"HPB","DOC_mgL_mod",0.0750581234564917
2021-10-31,"CCR dam","Q_m3day_mod",37558.535166
2021-10-31,"CCR dam","DOC_mgL_mod",0.323464691748623
2021-11-01,"SMB","Q_m3day_mod",3973.998856
2021-11-01,"SMB","DOC_mgL_mod",0.523117161159042
2021-11-01,"CCS","Q_m3day_mod",6479.034563
2021-11-01,"CCS","DOC_mgL_mod",0.579109891067269
2021-11-01,"HPB","Q_m3day_mod",2285.858681
2021-11-01,"HPB","DOC_mgL_mod",0.0813055949367327
2021-11-01,"CCR dam","Q_m3day_mod",34709.288669
2021-11-01,"CCR dam","DOC_mgL_mod",0.347330079707661
2021-11-02,"SMB","Q_m3day_mod",3486.184263
2021-11-02,"SMB","DOC_mgL_mod",0.586654590150676
2021-11-02,"CCS","Q_m3day_mod",5720.022393
2021-11-02,"CCS","DOC_mgL_mod",0.65270181539305
2021-11-02,"HPB","Q_m3day_mod",1913.199929
2021-11-02,"HPB","DOC_mgL_mod",0.0970664368031136
2021-11-02,"CCR dam","Q_m3day_mod",30825.284862
2021-11-02,"CCR dam","DOC_mgL_mod",0.384439594088187
2021-11-03,"SMB","Q_m3day_mod",3115.801811
2021-11-03,"SMB","DOC_mgL_mod",0.645465315829743
2021-11-03,"CCS","Q_m3day_mod",5112.73596
2021-11-03,"CCS","DOC_mgL_mod",0.71677630698535
2021-11-03,"HPB","Q_m3day_mod",1637.936618
2021-11-03,"HPB","DOC_mgL_mod",0.112454290340556
2021-11-03,"CCR dam","Q_m3day_mod",27824.830061
2021-11-03,"CCR dam","DOC_mgL_mod",0.426100715584169
2021-11-04,"SMB","Q_m3day_mod",2798.823936
2021-11-04,"SMB","DOC_mgL_mod",0.706399561104797
2021-11-04,"CCS","Q_m3day_mod",4539.541744
2021-11-04,"CCS","DOC_mgL_mod",0.797263293103005
2021-11-04,"HPB","Q_m3day_mod",1408.723782
2021-11-04,"HPB","DOC_mgL_mod",0.129657213382659
2021-11-04,"CCR dam","Q_m3day_mod",25075.034177
2021-11-04,"CCR dam","DOC_mgL_mod",0.462252610233003
2021-11-05,"SMB","Q_m3day_mod",2479.89643
2021-11-05,"SMB","DOC_mgL_mod",0.784718658593335
2021-11-05,"CCS","Q_m3day_mod",4007.965087
2021-11-05,"CCS","DOC_mgL_mod",0.891556169386363
2021-11-05,"HPB","Q_m3day_mod",1181.440989
2021-11-05,"HPB","DOC_mgL_mod",0.152852407933512
2021-11-05,"CCR dam","Q_m3day_mod",22309.134618
2021-11-05,"CCR dam","DOC_mgL_mod",0.508136697998744
2021-11-06,"SMB","Q_m3day_mod",2206.292871
2021-11-06,"SMB","DOC_mgL_mod",0.86745237912705
2021-11-06,"CCS","Q_m3day_mod",3551.817922
2021-11-06,"CCS","DOC_mgL_mod",0.993432680809588
2021-11-06,"HPB","Q_m3day_mod",991.81192
2021-11-06,"HPB","DOC_mgL_mod",0.180202109287011
2021-11-06,"CCR dam","Q_m3day_mod",19905.172222
2021-11-06,"CCR dam","DOC_mgL_mod",0.556577450144104
2021-11-07,"SMB","Q_m3day_mod",1971.271575
2021-11-07,"SMB","DOC_mgL_mod",0.954927278348241
2021-11-07,"CCS","Q_m3day_mod",3160.34616
2021-11-07,"CCS","DOC_mgL_mod",1.10198877707751
2021-11-07,"HPB","Q_m3day_mod",833.783966
2021-11-07,"HPB","DOC_mgL_mod",0.211754611745556
2021-11-07,"CCR dam","Q_m3day_mod",17808.722319
2021-11-07,"CCR dam","DOC_mgL_mod",0.606797040597958
2021-11-08,"SMB","Q_m3day_mod",1769.229606
2021-11-08,"SMB","DOC_mgL_mod",1.04694947095521
2021-11-08,"CCS","Q_m3day_mod",2823.615034
2021-11-08,"CCS","DOC_mgL_mod",1.21605281125586
2021-11-08,"HPB","Q_m3day_mod",701.867051
2021-11-08,"HPB","DOC_mgL_mod",0.246575187926866
2021-11-08,"CCR dam","Q_m3day_mod",15982.86675
2021-11-08,"CCR dam","DOC_mgL_mod",0.65952248522625
2021-11-09,"SMB","Q_m3day_mod",1595.360467
2021-11-09,"SMB","DOC_mgL_mod",1.14260008174065
2021-11-09,"CCS","Q_m3day_mod",2534.017246
2021-11-09,"CCS","DOC_mgL_mod",1.33701497310173
2021-11-09,"HPB","Q_m3day_mod",591.766024
2021-11-09,"HPB","DOC_mgL_mod",0.287597281860846
2021-11-09,"CCR dam","Q_m3day_mod",14389.71992
2021-11-09,"CCR dam","DOC_mgL_mod",0.714804044636332
2021-11-10,"SMB","Q_m3day_mod",1445.525727
2021-11-10,"SMB","DOC_mgL_mod",1.2410052387812
2021-11-10,"CCS","Q_m3day_mod",2285.154606
2021-11-10,"CCS","DOC_mgL_mod",1.46297366104777
2021-11-10,"HPB","Q_m3day_mod",500.005113
2021-11-10,"HPB","DOC_mgL_mod",0.334825376075704
2021-11-10,"CCR dam","Q_m3day_mod",12999.47064
2021-11-10,"CCR dam","DOC_mgL_mod",0.770431371965467
2021-11-11,"SMB","Q_m3day_mod",1316.473614
2021-11-11,"SMB","DOC_mgL_mod",1.34242872869308
2021-11-11,"CCS","Q_m3day_mod",2118.234973
2021-11-11,"CCS","DOC_mgL_mod",1.56138532417669
2021-11-11,"HPB","Q_m3day_mod",423.718982
2021-11-11,"HPB","DOC_mgL_mod",0.393481781753172
2021-11-11,"CCR dam","Q_m3day_mod",11935.50919
2021-11-11,"CCR dam","DOC_mgL_mod",0.819837414913004
2021-11-12,"SMB","Q_m3day_mod",1287.911021
2021-11-12,"SMB","DOC_mgL_mod",1.52520707406851
2021-11-12,"CCS","Q_m3day_mod",2432.047153
2021-11-12,"CCS","DOC_mgL_mod",1.69160083714874
2021-11-12,"HPB","Q_m3day_mod",394.654517
2021-11-12,"HPB","DOC_mgL_mod",0.43713904837937
2021-11-12,"CCR dam","Q_m3day_mod",12557.571124
2021-11-12,"CCR dam","DOC_mgL_mod",0.989944622032945
2021-11-13,"SMB","Q_m3day_mod",1758.947121
2021-11-13,"SMB","DOC_mgL_mod",1.11131538672333
2021-11-13,"CCS","Q_m3day_mod",3190.117628
2021-11-13,"CCS","DOC_mgL_mod",1.19299237325803
2021-11-13,"HPB","Q_m3day_mod",727.893906
2021-11-13,"HPB","DOC_mgL_mod",0.258472832990032
2021-11-13,"CCR dam","Q_m3day_mod",16141.157087
2021-11-13,"CCR dam","DOC_mgL_mod",0.746466931401347
2021-11-14,"SMB","Q_m3day_mod",2086.263792
2021-11-14,"SMB","DOC_mgL_mod",0.922009482873679
2021-11-14,"CCS","Q_m3day_mod",3390.770661
2021-11-14,"CCS","DOC_mgL_mod",1.1089859432991
2021-11-14,"HPB","Q_m3day_mod",975.456256
2021-11-14,"HPB","DOC_mgL_mod",0.192746111210547
2021-11-14,"CCR dam","Q_m3day_mod",17746.947436
2021-11-14,"CCR dam","DOC_mgL_mod",0.667320396519374
2021-11-15,"SMB","Q_m3day_mod",1870.65035
2021-11-15,"SMB","DOC_mgL_mod",1.01144075374642
2021-11-15,"CCS","Q_m3day_mod",3029.695496
2021-11-15,"CCS","DOC_mgL_mod",1.2233985246681
2021-11-15,"HPB","Q_m3day_mod",823.342437
2021-11-15,"HPB","DOC_mgL_mod",0.224276184126775
2021-11-15,"CCR dam","Q_m3day_mod",15942.519662
2021-11-15,"CCR dam","DOC_mgL_mod",0.729504510364266
2021-11-16,"SMB","Q_m3day_mod",1681.489636
2021-11-16,"SMB","DOC_mgL_mod",1.10709156937081
2021-11-16,"CCS","Q_m3day_mod",2716.384079
2021-11-16,"CCS","DOC_mgL_mod",1.34664572225981
2021-11-16,"HPB","Q_m3day_mod",693.420565
2021-11-16,"HPB","DOC_mgL_mod",0.263106272309648
2021-11-16,"CCR dam","Q_m3day_mod",14327.116076
2021-11-16,"CCR dam","DOC_mgL_mod",0.788934768172531
2021-11-17,"SMB","Q_m3day_mod",1518.875695
2021-11-17,"SMB","DOC_mgL_mod",1.20600125871393
2021-11-17,"CCS","Q_m3day_mod",2448.664535
2021-11-17,"CCS","DOC_mgL_mod",1.47553531664149
2021-11-17,"HPB","Q_m3day_mod",585.216886
2021-11-17,"HPB","DOC_mgL_mod",0.308555348144893
2021-11-17,"CCR dam","Q_m3day_mod",12915.188154
2021-11-17,"CCR dam","DOC_mgL_mod",0.851474238615262
2021-11-18,"SMB","Q_m3day_mod",1379.105443
2021-11-18,"SMB","DOC_mgL_mod",1.30824659503574
2021-11-18,"CCS","Q_m3day_mod",2239.509845
2021-11-18,"CCS","DOC_mgL_mod",1.59503161282151
2021-11-18,"HPB","Q_m3day_mod",495.184079
2021-11-18,"HPB","DOC_mgL_mod",0.362860616122515
2021-11-18,"CCR dam","Q_m3day_mod",11748.488836
2021-11-18,"CCR dam","DOC_mgL_mod",0.910773304496163
2021-11-19,"SMB","Q_m3day_mod",1264.240427
2021-11-19,"SMB","DOC_mgL_mod",1.40507451119501
2021-11-19,"CCS","Q_m3day_mod",2052.607266
2021-11-19,"CCS","DOC_mgL_mod",1.71645792079156
2021-11-19,"HPB","Q_m3day_mod",424.831783
2021-11-19,"HPB","DOC_mgL_mod",0.416099282289339
2021-11-19,"CCR dam","Q_m3day_mod",10776.11709
2021-11-19,"CCR dam","DOC_mgL_mod",1.0186554125499
2021-11-20,"SMB","Q_m3day_mod",1164.854827
2021-11-20,"SMB","DOC_mgL_mod",1.50204468354751
2021-11-20,"CCS","Q_m3day_mod",1870.491818
2021-11-20,"CCS","DOC_mgL_mod",1.86125540165287
2021-11-20,"HPB","Q_m3day_mod",366.083529
2021-11-20,"HPB","DOC_mgL_mod",0.478161365189418
2021-11-20,"CCR dam","Q_m3day_mod",9866.298426
2021-11-20,"CCR dam","DOC_mgL_mod",1.08267351531254
2021-11-21,"SMB","Q_m3day_mod",1073.247653
2021-11-21,"SMB","DOC_mgL_mod",1.60590800751558
2021-11-21,"CCS","Q_m3day_mod",1720.236224
2021-11-21,"CCS","DOC_mgL_mod",2.00040898569056
2021-11-21,"HPB","Q_m3day_mod",312.411022
2021-11-21,"HPB","DOC_mgL_mod",0.555859389621663
2021-11-21,"CCR dam","Q_m3day_mod",9030.98292
2021-11-21,"CCR dam","DOC_mgL_mod",1.15800130424784
2021-11-22,"SMB","Q_m3day_mod",993.873929
2021-11-22,"SMB","DOC_mgL_mod",1.70852957347269
2021-11-22,"CCS","Q_m3day_mod",1657.739893
2021-11-22,"CCS","DOC_mgL_mod",2.05394646915214
2021-11-22,"HPB","Q_m3day_mod",267.695025
2021-11-22,"HPB","DOC_mgL_mod",0.645557383817648
2021-11-22,"CCR dam","Q_m3day_mod",8528.480998
2021-11-22,"CCR dam","DOC_mgL_mod",1.21429009485143
2021-11-23,"SMB","Q_m3day_mod",1002.821638
2021-11-23,"SMB","DOC_mgL_mod",1.66789081589402
2021-11-23,"CCS","Q_m3day_mod",1681.104033
2021-11-23,"CCS","DOC_mgL_mod",1.99947887460692
2021-11-23,"HPB","Q_m3day_mod",288.130291
2021-11-23,"HPB","DOC_mgL_mod",0.589575637502133
2021-11-23,"CCR dam","Q_m3day_mod",8577.227671
2021-11-23,"CCR dam","DOC_mgL_mod",1.20741694137549
2021-11-24,"SMB","Q_m3day_mod",1010.03469
2021-11-24,"SMB","DOC_mgL_mod",1.63141624373317
2021-11-24,"CCS","Q_m3day_mod",1632.721407
2021-11-24,"CCS","DOC_mgL_mod",2.03281404027062
2021-11-24,"HPB","Q_m3day_mod",305.598461
2021-11-24,"HPB","DOC_mgL_mod",0.548370235411624
2021-11-24,"CCR dam","Q_m3day_mod",8387.117016
2021-11-24,"CCR dam","DOC_mgL_mod",1.20141521583368
2021-11-25,"SMB","Q_m3day_mod",936.878493
2021-11-25,"SMB","DOC_mgL_mod",1.73196739184833
2021-11-25,"CCS","Q_m3day_mod",1511.373027
2021-11-25,"CCS","DOC_mgL_mod",2.16732927045945
2021-11-25,"HPB","Q_m3day_mod",262.103505
2021-11-25,"HPB","DOC_mgL_mod",0.62924644979471
2021-11-25,"CCR dam","Q_m3day_mod",7714.906818
2021-11-25,"CCR dam","DOC_mgL_mod",1.2710214434634
2021-11-26,"SMB","Q_m3day_mod",872.694116
2021-11-26,"SMB","DOC_mgL_mod",1.83382008731224
2021-11-26,"CCS","Q_m3day_mod",1444.41566
2021-11-26,"CCS","DOC_mgL_mod",2.2442556459129
2021-11-26,"HPB","Q_m3day_mod",225.246446
2021-11-26,"HPB","DOC_mgL_mod",0.728276085652424
2021-11-26,"CCR dam","Q_m3day_mod",7237.045406
2021-11-26,"CCR dam","DOC_mgL_mod",1.32313291720696
2021-11-27,"SMB","Q_m3day_mod",847.364239
2021-11-27,"SMB","DOC_mgL_mod",1.86057533164318
2021-11-27,"CCS","Q_m3day_mod",1409.943268
2021-11-27,"CCS","DOC_mgL_mod",2.27066015538435
2021-11-27,"HPB","Q_m3day_mod",218.333668
2021-11-27,"HPB","DOC_mgL_mod",0.738460089444382
2021-11-27,"CCR dam","Q_m3day_mod",7020.31676
2021-11-27,"CCR dam","DOC_mgL_mod",1.39496212703656
2021-11-28,"SMB","Q_m3day_mod",824.756878
2021-11-28,"SMB","DOC_mgL_mod",1.88387031553801
2021-11-28,"CCS","Q_m3day_mod",1340.503875
2021-11-28,"CCS","DOC_mgL_mod",2.35670187823963
2021-11-28,"HPB","Q_m3day_mod",212.588635
2021-11-28,"HPB","DOC_mgL_mod",0.745978259844417
2021-11-28,"CCR dam","Q_m3day_mod",6708.282744
2021-11-28,"CCR dam","DOC_mgL_mod",1.42014705753434
2021-11-29,"SMB","Q_m3day_mod",774.040261
2021-11-29,"SMB","DOC_mgL_mod",1.97871619497064
2021-11-29,"CCS","Q_m3day_mod",1255.775688
2021-11-29,"CCS","DOC_mgL_mod",2.48347378421297
2021-11-29,"HPB","Q_m3day_mod",183.868817
2021-11-29,"HPB","DOC_mgL_mod",0.850476456809966
2021-11-29,"CCR dam","Q_m3day_mod",6227.546988
2021-11-29,"CCR dam","DOC_mgL_mod",1.49073720646168
2021-11-30,"SMB","Q_m3day_mod",729.422777
2021-11-30,"SMB","DOC_mgL_mod",2.07040422594317
2021-11-30,"CCS","Q_m3day_mod",1182.087826
2021-11-30,"CCS","DOC_mgL_mod",2.60509661995284
2021-11-30,"HPB","Q_m3day_mod",159.510205
2021-11-30,"HPB","DOC_mgL_mod",0.96359226671422
2021-11-30,"CCR dam","Q_m3day_mod",5798.836697
2021-11-30,"CCR dam","DOC_mgL_mod",1.56075269453307
2021-12-01,"SMB","Q_m3day_mod",690.524018
2021-12-01,"SMB","DOC_mgL_mod",2.15730801705438
2021-12-01,"CCS","Q_m3day_mod",1122.039943
2021-12-01,"CCS","DOC_mgL_mod",2.71700755309029
2021-12-01,"HPB","Q_m3day_mod",139.30665
2021-12-01,"HPB","DOC_mgL_mod",1.09883842587558
2021-12-01,"CCR dam","Q_m3day_mod",5428.554937
2021-12-01,"CCR dam","DOC_mgL_mod",1.62705454812642
2021-12-02,"SMB","Q_m3day_mod",656.356616
2021-12-02,"SMB","DOC_mgL_mod",2.23808515704822
2021-12-02,"CCS","Q_m3day_mod",1066.578258
2021-12-02,"CCS","DOC_mgL_mod",2.82019062121178
2021-12-02,"HPB","Q_m3day_mod",122.506588
2021-12-02,"HPB","DOC_mgL_mod",1.22657893304481
2021-12-02,"CCR dam","Q_m3day_mod",5121.302078
2021-12-02,"CCR dam","DOC_mgL_mod",1.78955309810178
2021-12-03,"SMB","Q_m3day_mod",625.981335
2021-12-03,"SMB","DOC_mgL_mod",2.31402746217665
2021-12-03,"CCS","Q_m3day_mod",1013.741906
2021-12-03,"CCS","DOC_mgL_mod",2.92955433964274
2021-12-03,"HPB","Q_m3day_mod",108.222285
2021-12-03,"HPB","DOC_mgL_mod",1.36710752318711
2021-12-03,"CCR dam","Q_m3day_mod",4836.812818
2021-12-03,"CCR dam","DOC_mgL_mod",1.84106152854642
2021-12-04,"SMB","Q_m3day_mod",599.144136
2021-12-04,"SMB","DOC_mgL_mod",2.38555117895705
2021-12-04,"CCS","Q_m3day_mod",970.460307
2021-12-04,"CCS","DOC_mgL_mod",3.02469248750016
2021-12-04,"HPB","Q_m3day_mod",96.134014
2021-12-04,"HPB","DOC_mgL_mod",1.51414773963355
2021-12-04,"CCR dam","Q_m3day_mod",4562.576983
2021-12-04,"CCR dam","DOC_mgL_mod",1.89583562802977
2021-12-05,"SMB","Q_m3day_mod",575.405337
2021-12-05,"SMB","DOC_mgL_mod",2.4514058339365
2021-12-05,"CCS","Q_m3day_mod",932.663934
2021-12-05,"CCS","DOC_mgL_mod",3.11125250394854
2021-12-05,"HPB","Q_m3day_mod",86.035729
2021-12-05,"HPB","DOC_mgL_mod",1.6726027857566
2021-12-05,"CCR dam","Q_m3day_mod",4318.658762
2021-12-05,"CCR dam","DOC_mgL_mod",1.94897686153422
2021-12-06,"SMB","Q_m3day_mod",554.41356
2021-12-06,"SMB","DOC_mgL_mod",2.51213011456646
2021-12-06,"CCS","Q_m3day_mod",923.439246
2021-12-06,"CCS","DOC_mgL_mod",3.11342193052081
2021-12-06,"HPB","Q_m3day_mod",77.727464
2021-12-06,"HPB","DOC_mgL_mod",1.84079207833154
2021-12-06,"CCR dam","Q_m3day_mod",4176.147638
2021-12-06,"CCR dam","DOC_mgL_mod",1.99605036089962
2021-12-07,"SMB","Q_m3day_mod",544.362061
2021-12-07,"SMB","DOC_mgL_mod",2.52554521796478
2021-12-07,"CCS","Q_m3day_mod",912.412638
2021-12-07,"CCS","DOC_mgL_mod",3.11495794954125
2021-12-07,"HPB","Q_m3day_mod",78.090134
2021-12-07,"HPB","DOC_mgL_mod",1.80906463805018
2021-12-07,"CCR dam","Q_m3day_mod",4123.294298
2021-12-07,"CCR dam","DOC_mgL_mod",2.09167097390631
2021-12-08,"SMB","Q_m3day_mod",535.123252
2021-12-08,"SMB","DOC_mgL_mod",2.5373911429287
2021-12-08,"CCS","Q_m3day_mod",879.44141
2021-12-08,"CCS","DOC_mgL_mod",3.20295015446225
2021-12-08,"HPB","Q_m3day_mod",78.483959
2021-12-08,"HPB","DOC_mgL_mod",1.79003202425097
2021-12-08,"CCR dam","Q_m3day_mod",4002.477472
2021-12-08,"CCR dam","DOC_mgL_mod",2.10002456198709
2021-12-09,"SMB","Q_m3day_mod",518.002776
2021-12-09,"SMB","DOC_mgL_mod",2.59006140924619
2021-12-09,"CCS","Q_m3day_mod",851.837471
2021-12-09,"CCS","DOC_mgL_mod",3.27100543807846
2021-12-09,"HPB","Q_m3day_mod",71.485825
2021-12-09,"HPB","DOC_mgL_mod",1.94442464642466
2021-12-09,"CCR dam","Q_m3day_mod",3826.028009
2021-12-09,"CCR dam","DOC_mgL_mod",2.19594680965128
2021-12-10,"SMB","Q_m3day_mod",502.460307
2021-12-10,"SMB","DOC_mgL_mod",2.63710781038869
2021-12-10,"CCS","Q_m3day_mod",873.051498
2021-12-10,"CCS","DOC_mgL_mod",3.16372631663476
2021-12-10,"HPB","Q_m3day_mod",65.48242
2021-12-10,"HPB","DOC_mgL_mod",2.11343136066138
2021-12-10,"CCR dam","Q_m3day_mod",3817.58869
2021-12-10,"CCR dam","DOC_mgL_mod",2.15495216170079
2021-12-11,"SMB","Q_m3day_mod",533.424431
2021-12-11,"SMB","DOC_mgL_mod",2.45475633267348
2021-12-11,"CCS","Q_m3day_mod",1083.873487
2021-12-11,"CCS","DOC_mgL_mod",2.52659746072375
2021-12-11,"HPB","Q_m3day_mod",94.789657
2021-12-11,"HPB","DOC_mgL_mod",1.45586348097029
2021-12-11,"CCR dam","Q_m3day_mod",4606.960977
2021-12-11,"CCR dam","DOC_mgL_mod",1.78046179269818
2021-12-12,"SMB","Q_m3day_mod",785.779598
2021-12-12,"SMB","DOC_mgL_mod",1.64740851416201
2021-12-12,"CCS","Q_m3day_mod",1544.18071
2021-12-12,"CCS","DOC_mgL_mod",1.83056619066301
2021-12-12,"HPB","Q_m3day_mod",282.398714
2021-12-12,"HPB","DOC_mgL_mod",0.487633240426159
2021-12-12,"CCR dam","Q_m3day_mod",6951.563356
2021-12-12,"CCR dam","DOC_mgL_mod",1.18270230435342
2021-12-13,"SMB","Q_m3day_mod",1038.622603
2021-12-13,"SMB","DOC_mgL_mod",1.23090138449452
2021-12-13,"CCS","Q_m3day_mod",1815.677422
2021-12-13,"CCS","DOC_mgL_mod",1.48047112743136
2021-12-13,"HPB","Q_m3day_mod",464.405094
2021-12-13,"HPB","DOC_mgL_mod",0.294013140174556
2021-12-13,"CCR dam","Q_m3day_mod",8657.869982
2021-12-13,"CCR dam","DOC_mgL_mod",0.929999643877766
2021-12-14,"SMB","Q_m3day_mod",1027.125357
2021-12-14,"SMB","DOC_mgL_mod",1.22951594115887
2021-12-14,"CCS","Q_m3day_mod",1719.087342
2021-12-14,"CCS","DOC_mgL_mod",1.54694117921089
2021-12-14,"HPB","Q_m3day_mod",452.46164
2021-12-14,"HPB","DOC_mgL_mod",0.297389188617183
2021-12-14,"CCR dam","Q_m3day_mod",8310.376837
2021-12-14,"CCR dam","DOC_mgL_mod",0.945644963416236
2021-12-15,"SMB","Q_m3day_mod",934.554168
2021-12-15,"SMB","DOC_mgL_mod",1.33490175606386
2021-12-15,"CCS","Q_m3day_mod",1564.407392
2021-12-15,"CCS","DOC_mgL_mod",1.68367141031765
2021-12-15,"HPB","Q_m3day_mod",382.987661
2021-12-15,"HPB","DOC_mgL_mod",0.347715902001344
2021-12-15,"CCR dam","Q_m3day_mod",7516.855396
2021-12-15,"CCR dam","DOC_mgL_mod",1.02031136638351
2021-12-16,"SMB","Q_m3day_mod",854.396155
2021-12-16,"SMB","DOC_mgL_mod",1.44366169344477
2021-12-16,"CCS","Q_m3day_mod",1431.10186
2021-12-16,"CCS","DOC_mgL_mod",1.82244050748421
2021-12-16,"HPB","Q_m3day_mod",324.55422
2021-12-16,"HPB","DOC_mgL_mod",0.406480310131232
2021-12-16,"CCR dam","Q_m3day_mod",6824.098346
2021-12-16,"CCR dam","DOC_mgL_mod",1.0982371032787
2021-12-17,"SMB","Q_m3day_mod",785.838986
2021-12-17,"SMB","DOC_mgL_mod",1.55535678653642
2021-12-17,"CCS","Q_m3day_mod",1466.065805
2021-12-17,"CCS","DOC_mgL_mod",1.88596923178356
2021-12-17,"HPB","Q_m3day_mod",276.089555
2021-12-17,"HPB","DOC_mgL_mod",0.480612893885102
2021-12-17,"CCR dam","Q_m3day_mod",6666.044409
2021-12-17,"CCR dam","DOC_mgL_mod",1.12790247689452
2021-12-18,"SMB","Q_m3day_mod",908.317229
2021-12-18,"SMB","DOC_mgL_mod",1.35179864566898
2021-12-18,"CCS","Q_m3day_mod",1854.4583
2021-12-18,"CCS","DOC_mgL_mod",1.62294725095733
2021-12-18,"HPB","Q_m3day_mod",366.700943
2021-12-18,"HPB","DOC_mgL_mod",0.373324101323623
2021-12-18,"CCR dam","Q_m3day_mod",8195.549933
2021-12-18,"CCR dam","DOC_mgL_mod",1.00497551321551
2021-12-19,"SMB","Q_m3day_mod",1206.20366
2021-12-19,"SMB","DOC_mgL_mod",1.03280402913054
2021-12-19,"CCS","Q_m3day_mod",2246.107575
2021-12-19,"CCS","DOC_mgL_mod",1.25045791718146
2021-12-19,"HPB","Q_m3day_mod",580.09288
2021-12-19,"HPB","DOC_mgL_mod",0.242920754345408
2021-12-19,"CCR dam","Q_m3day_mod",10489.438792
2021-12-19,"CCR dam","DOC_mgL_mod",0.774808753943869
2021-12-20,"SMB","Q_m3day_mod",1292.701079
2021-12-20,"SMB","DOC_mgL_mod",0.952340815675919
2021-12-20,"CCS","Q_m3day_mod",2230.823298
2021-12-20,"CCS","DOC_mgL_mod",1.2464496863077
2021-12-20,"HPB","Q_m3day_mod",637.101648
2021-12-20,"HPB","DOC_mgL_mod",0.219463095785306
2021-12-20,"CCR dam","Q_m3day_mod",10919.417146
2021-12-20,"CCR dam","DOC_mgL_mod",0.738192697670935
2021-12-21,"SMB","Q_m3day_mod",1173.093294
2021-12-21,"SMB","DOC_mgL_mod",1.0374315548683
2021-12-21,"CCS","Q_m3day_mod",2010.72493
2021-12-21,"CCS","DOC_mgL_mod",1.36906245052624
2021-12-21,"HPB","Q_m3day_mod",546.815655
2021-12-21,"HPB","DOC_mgL_mod",0.253309316830002
2021-12-21,"CCR dam","Q_m3day_mod",9885.403594
2021-12-21,"CCR dam","DOC_mgL_mod",0.795404145640794
2021-12-22,"SMB","Q_m3day_mod",1056.917398
2021-12-22,"SMB","DOC_mgL_mod",1.13866419672656
2021-12-22,"CCS","Q_m3day_mod",1814.911942
2021-12-22,"CCS","DOC_mgL_mod",1.49908650499144
2021-12-22,"HPB","Q_m3day_mod",461.180027
2021-12-22,"HPB","DOC_mgL_mod",0.295486777444505
2021-12-22,"CCR dam","Q_m3day_mod",8885.717155
2021-12-22,"CCR dam","DOC_mgL_mod",0.874129331882835
2021-12-23,"SMB","Q_m3day_mod",956.980702
2021-12-23,"SMB","DOC_mgL_mod",1.24276696229555
2021-12-23,"CCS","Q_m3day_mod",1646.255477
2021-12-23,"CCS","DOC_mgL_mod",1.6342609258332
2021-12-23,"HPB","Q_m3day_mod",389.600407
2021-12-23,"HPB","DOC_mgL_mod",0.344339732684109
2021-12-23,"CCR dam","Q_m3day_mod",8017.981341
2021-12-23,"CCR dam","DOC_mgL_mod",0.945165207762236
2021-12-24,"SMB","Q_m3day_mod",871.041461
2021-12-24,"SMB","DOC_mgL_mod",1.34912636495038
2021-12-24,"CCS","Q_m3day_mod",1501.270738
2021-12-24,"CCS","DOC_mgL_mod",1.77206011724715
2021-12-24,"HPB","Q_m3day_mod",329.920807
2021-12-24,"HPB","DOC_mgL_mod",0.400371535221178
2021-12-24,"CCR dam","Q_m3day_mod",7260.977989
2021-12-24,"CCR dam","DOC_mgL_mod",1.01960672669931
2021-12-25,"SMB","Q_m3day_mod",797.151179
2021-12-25,"SMB","DOC_mgL_mod",1.45703604359845
2021-12-25,"CCS","Q_m3day_mod",1376.475896
2021-12-25,"CCS","DOC_mgL_mod",1.91227903637769
2021-12-25,"HPB","Q_m3day_mod",280.185815
2021-12-25,"HPB","DOC_mgL_mod",0.465566038737543
2021-12-25,"CCR dam","Q_m3day_mod",6603.137965
2021-12-25,"CCR dam","DOC_mgL_mod",1.0942942640757
2021-12-26,"SMB","Q_m3day_mod",733.51158
2021-12-26,"SMB","DOC_mgL_mod",1.5653658801133
2021-12-26,"CCS","Q_m3day_mod",1268.962619
2021-12-26,"CCS","DOC_mgL_mod",2.05219441535023
2021-12-26,"HPB","Q_m3day_mod",238.738106
2021-12-26,"HPB","DOC_mgL_mod",0.539538082789347
2021-12-26,"CCR dam","Q_m3day_mod",6034.30486
2021-12-26,"CCR dam","DOC_mgL_mod",1.19208395447226
2021-12-27,"SMB","Q_m3day_mod",678.733198
2021-12-27,"SMB","DOC_mgL_mod",1.67392136313332
2021-12-27,"CCS","Q_m3day_mod",1176.397779
2021-12-27,"CCS","DOC_mgL_mod",2.19236218058178
2021-12-27,"HPB","Q_m3day_mod",204.17295
2021-12-27,"HPB","DOC_mgL_mod",0.623973449959948
2021-12-27,"CCR dam","Q_m3day_mod",5539.229072
2021-12-27,"CCR dam","DOC_mgL_mod",1.26975286787706
2021-12-28,"SMB","Q_m3day_mod",631.394735
2021-12-28,"SMB","DOC_mgL_mod",1.77988813923195
2021-12-28,"CCS","Q_m3day_mod",1096.69347
2021-12-28,"CCS","DOC_mgL_mod",2.32921510875778
2021-12-28,"HPB","Q_m3day_mod",175.345955
2021-12-28,"HPB","DOC_mgL_mod",0.718747119088091
2021-12-28,"CCR dam","Q_m3day_mod",5105.15731
2021-12-28,"CCR dam","DOC_mgL_mod",1.35834012135465
2021-12-29,"SMB","Q_m3day_mod",590.467263
2021-12-29,"SMB","DOC_mgL_mod",1.88419760029948
2021-12-29,"CCS","Q_m3day_mod",1060.18588
2021-12-29,"CCS","DOC_mgL_mod",2.38913764820184
2021-12-29,"HPB","Q_m3day_mod",151.367351
2021-12-29,"HPB","DOC_mgL_mod",0.828492400583796
2021-12-29,"CCR dam","Q_m3day_mod",4828.521679
2021-12-29,"CCR dam","DOC_mgL_mod",1.41346367557647
2021-12-30,"SMB","Q_m3day_mod",577.221001
2021-12-30,"SMB","DOC_mgL_mod",1.90943156622952
2021-12-30,"CCS","Q_m3day_mod",1157.683678
2021-12-30,"CCS","DOC_mgL_mod",2.17682260525055
2021-12-30,"HPB","Q_m3day_mod",149.338454
2021-12-30,"HPB","DOC_mgL_mod",0.839446215239378
2021-12-30,"CCR dam","Q_m3day_mod",5128.94291
2021-12-30,"CCR dam","DOC_mgL_mod",1.44615257571662
2021-12-31,"SMB","Q_m3day_mod",730.291304
2021-12-31,"SMB","DOC_mgL_mod",1.49436532247137
2021-12-31,"CCS","Q_m3day_mod",1395.896524
2021-12-31,"CCS","DOC_mgL_mod",1.79304193181013
2021-12-31,"HPB","Q_m3day_mod",266.417709
2021-12-31,"HPB","DOC_mgL_mod",0.470685302680086
2021-12-31,"CCR dam","Q_m3day_mod",6353.076442
2021-12-31,"CCR dam","DOC_mgL_mod",1.15287562913288
2022-01-01,"SMB","Q_m3day_mod",844.274417
2022-01-01,"SMB","DOC_mgL_mod",1.30835896215484
2022-01-01,"CCS","Q_m3day_mod",1647.4425
2022-01-01,"CCS","DOC_mgL_mod",1.7255728196887
2022-01-01,"HPB","Q_m3day_mod",348.250848
2022-01-01,"HPB","DOC_mgL_mod",0.363794089024013
2022-01-01,"CCR dam","Q_m3day_mod",7392.94882
2022-01-01,"CCR dam","DOC_mgL_mod",1.03777791336042
2022-01-02,"SMB","Q_m3day_mod",1112.919327
2022-01-02,"SMB","DOC_mgL_mod",1.74325393847707
2022-01-02,"CCS","Q_m3day_mod",2920.578365
2022-01-02,"CCS","DOC_mgL_mod",1.79162800858453
2022-01-02,"HPB","Q_m3day_mod",441.611969
2022-01-02,"HPB","DOC_mgL_mod",0.348423980329211
2022-01-02,"CCR dam","Q_m3day_mod",11781.118864
2022-01-02,"CCR dam","DOC_mgL_mod",1.12370226909884
2022-01-03,"SMB","Q_m3day_mod",3250.6256
2022-01-03,"SMB","DOC_mgL_mod",2.47462180818363
2022-01-03,"CCS","Q_m3day_mod",7151.367719
2022-01-03,"CCS","DOC_mgL_mod",2.25481623007002
2022-01-03,"HPB","Q_m3day_mod",1375.309346
2022-01-03,"HPB","DOC_mgL_mod",0.191050763062291
2022-01-03,"CCR dam","Q_m3day_mod",29003.777449
2022-01-03,"CCR dam","DOC_mgL_mod",1.33141243646287
2022-01-04,"SMB","Q_m3day_mod",5332.066827
2022-01-04,"SMB","DOC_mgL_mod",0.613088340049794
2022-01-04,"CCS","Q_m3day_mod",9938.334177
2022-01-04,"CCS","DOC_mgL_mod",0.819256311469471
2022-01-04,"HPB","Q_m3day_mod",2764.172477
2022-01-04,"HPB","DOC_mgL_mod",0.138575180524091
2022-01-04,"CCR dam","Q_m3day_mod",44915.778487
2022-01-04,"CCR dam","DOC_mgL_mod",0.45323560418511
2022-01-05,"SMB","Q_m3day_mod",5233.633039
2022-01-05,"SMB","DOC_mgL_mod",0.613141956283038
2022-01-05,"CCS","Q_m3day_mod",9087.882402
2022-01-05,"CCS","DOC_mgL_mod",0.888275028539481
2022-01-05,"HPB","Q_m3day_mod",3072.697609
2022-01-05,"HPB","DOC_mgL_mod",0.131967655656154
2022-01-05,"CCR dam","Q_m3day_mod",45090.778247
2022-01-05,"CCR dam","DOC_mgL_mod",0.459497502715613
2022-01-06,"SMB","Q_m3day_mod",4594.757048
2022-01-06,"SMB","DOC_mgL_mod",0.681880884510262
2022-01-06,"CCS","Q_m3day_mod",8017.635477
2022-01-06,"CCS","DOC_mgL_mod",0.979756066802287
2022-01-06,"HPB","Q_m3day_mod",2582.257498
2022-01-06,"HPB","DOC_mgL_mod",0.158753261561834
2022-01-06,"CCR dam","Q_m3day_mod",39965.361612
2022-01-06,"CCR dam","DOC_mgL_mod",0.511961838319923
2022-01-07,"SMB","Q_m3day_mod",4070.508355
2022-01-07,"SMB","DOC_mgL_mod",0.792168132031755
2022-01-07,"CCS","Q_m3day_mod",7240.918963
2022-01-07,"CCS","DOC_mgL_mod",1.0637199559003
2022-01-07,"HPB","Q_m3day_mod",2169.52657
2022-01-07,"HPB","DOC_mgL_mod",0.194798259603707
2022-01-07,"CCR dam","Q_m3day_mod",35961.237499
2022-01-07,"CCR dam","DOC_mgL_mod",0.581730536958906
2022-01-08,"SMB","Q_m3day_mod",3757.337253
2022-01-08,"SMB","DOC_mgL_mod",0.798567655220275
2022-01-08,"CCS","Q_m3day_mod",6713.89802
2022-01-08,"CCS","DOC_mgL_mod",1.12448133372154
2022-01-08,"HPB","Q_m3day_mod",1941.972135
2022-01-08,"HPB","DOC_mgL_mod",0.225270019129291
2022-01-08,"CCR dam","Q_m3day_mod",33378.829591
2022-01-08,"CCR dam","DOC_mgL_mod",0.605992787879355
2022-01-09,"SMB","Q_m3day_mod",3559.843
2022-01-09,"SMB","DOC_mgL_mod",0.992934800776327
2022-01-09,"CCS","Q_m3day_mod",6371.534327
2022-01-09,"CCS","DOC_mgL_mod",1.19654004965388
2022-01-09,"HPB","Q_m3day_mod",1754.930207
2022-01-09,"HPB","DOC_mgL_mod",0.262962765219529
2022-01-09,"CCR dam","Q_m3day_mod",31703.897482
2022-01-09,"CCR dam","DOC_mgL_mod",0.718069127397514
2022-01-10,"SMB","Q_m3day_mod",3464.123492
2022-01-10,"SMB","DOC_mgL_mod",0.893881527939478
2022-01-10,"CCS","Q_m3day_mod",6279.443927
2022-01-10,"CCS","DOC_mgL_mod",1.26654319912044
2022-01-10,"HPB","Q_m3day_mod",1679.072124
2022-01-10,"HPB","DOC_mgL_mod",0.30167131760446
2022-01-10,"CCR dam","Q_m3day_mod",31198.673889
2022-01-10,"CCR dam","DOC_mgL_mod",0.685871780195907
2022-01-11,"SMB","Q_m3day_mod",3317.173679
2022-01-11,"SMB","DOC_mgL_mod",0.902120386081841
2022-01-11,"CCS","Q_m3day_mod",5961.858635
2022-01-11,"CCS","DOC_mgL_mod",1.30342238482144
2022-01-11,"HPB","Q_m3day_mod",1642.203199
2022-01-11,"HPB","DOC_mgL_mod",0.312537328092247
2022-01-11,"CCR dam","Q_m3day_mod",29896.671322
2022-01-11,"CCR dam","DOC_mgL_mod",0.701598173725944
2022-01-12,"SMB","Q_m3day_mod",2983.092833
2022-01-12,"SMB","DOC_mgL_mod",0.979206200922142
2022-01-12,"CCS","Q_m3day_mod",5352.246274
2022-01-12,"CCS","DOC_mgL_mod",1.41728829572912
2022-01-12,"HPB","Q_m3day_mod",1417.068142
2022-01-12,"HPB","DOC_mgL_mod",0.361112274585311
2022-01-12,"CCR dam","Q_m3day_mod",26949.004067
2022-01-12,"CCR dam","DOC_mgL_mod",0.760438862566149
2022-01-13,"SMB","Q_m3day_mod",2662.958578
2022-01-13,"SMB","DOC_mgL_mod",1.07188862176887
2022-01-13,"CCS","Q_m3day_mod",4803.424352
2022-01-13,"CCS","DOC_mgL_mod",1.54242462399041
2022-01-13,"HPB","Q_m3day_mod",1201.04199
2022-01-13,"HPB","DOC_mgL_mod",0.425041176120745
2022-01-13,"CCR dam","Q_m3day_mod",24171.028058
2022-01-13,"CCR dam","DOC_mgL_mod",0.828126133152826
2022-01-14,"SMB","Q_m3day_mod",2387.257148
2022-01-14,"SMB","DOC_mgL_mod",1.16737277437194
2022-01-14,"CCS","Q_m3day_mod",4329.887871
2022-01-14,"CCS","DOC_mgL_mod",1.67137515233821
2022-01-14,"HPB","Q_m3day_mod",1020.189026
2022-01-14,"HPB","DOC_mgL_mod",0.492537742706517
2022-01-14,"CCR dam","Q_m3day_mod",21768.897035
2022-01-14,"CCR dam","DOC_mgL_mod",0.906979346186245
2022-01-15,"SMB","Q_m3day_mod",2149.410353
2022-01-15,"SMB","DOC_mgL_mod",1.26627891049337
2022-01-15,"CCS","Q_m3day_mod",3921.213532
2022-01-15,"CCS","DOC_mgL_mod",1.80456099680725
2022-01-15,"HPB","Q_m3day_mod",868.697669
2022-01-15,"HPB","DOC_mgL_mod",0.569570424391227
2022-01-15,"CCR dam","Q_m3day_mod",19678.785385
2022-01-15,"CCR dam","DOC_mgL_mod",0.979271821048929
2022-01-16,"SMB","Q_m3day_mod",2680.98313
2022-01-16,"SMB","DOC_mgL_mod",3.31491045227129
2022-01-16,"CCS","Q_m3day_mod",5685.033997
2022-01-16,"CCS","DOC_mgL_mod",3.10162261286474
2022-01-16,"HPB","Q_m3day_mod",806.347938
2022-01-16,"HPB","DOC_mgL_mod",1.47302912802885
2022-01-16,"CCR dam","Q_m3day_mod",23837.199054
2022-01-16,"CCR dam","DOC_mgL_mod",1.88085520863562
2022-01-17,"SMB","Q_m3day_mod",3974.056413
2022-01-17,"SMB","DOC_mgL_mod",1.58962816414353
2022-01-17,"CCS","Q_m3day_mod",8487.249465
2022-01-17,"CCS","DOC_mgL_mod",1.92368682779139
2022-01-17,"HPB","Q_m3day_mod",1546.183585
2022-01-17,"HPB","DOC_mgL_mod",0.891815831817927
2022-01-17,"CCR dam","Q_m3day_mod",35612.056846
2022-01-17,"CCR dam","DOC_mgL_mod",1.19284039626516
2022-01-18,"SMB","Q_m3day_mod",4504.802954
2022-01-18,"SMB","DOC_mgL_mod",0.894624479950117
2022-01-18,"CCS","Q_m3day_mod",8706.446025
2022-01-18,"CCS","DOC_mgL_mod",1.32598536381554
2022-01-18,"HPB","Q_m3day_mod",2318.660486
2022-01-18,"HPB","DOC_mgL_mod",0.379614007878513
2022-01-18,"CCR dam","Q_m3day_mod",41154.588802
2022-01-18,"CCR dam","DOC_mgL_mod",0.746145955867447
2022-01-19,"SMB","Q_m3day_mod",4136.135969
2022-01-19,"SMB","DOC_mgL_mod",0.945829883089126
2022-01-19,"CCS","Q_m3day_mod",7654.743329
2022-01-19,"CCS","DOC_mgL_mod",1.46405300848462
2022-01-19,"HPB","Q_m3day_mod",2180.76717
2022-01-19,"HPB","DOC_mgL_mod",0.41692653507802
2022-01-19,"CCR dam","Q_m3day_mod",38012.005999
2022-01-19,"CCR dam","DOC_mgL_mod",0.795991403368609
2022-01-20,"SMB","Q_m3day_mod",3713.895985
2022-01-20,"SMB","DOC_mgL_mod",1.02262395482786
2022-01-20,"CCS","Q_m3day_mod",6948.104828
2022-01-20,"CCS","DOC_mgL_mod",1.5691660200726
2022-01-20,"HPB","Q_m3day_mod",1857.803815
2022-01-20,"HPB","DOC_mgL_mod",0.496500164631215
2022-01-20,"CCR dam","Q_m3day_mod",34533.918404
2022-01-20,"CCR dam","DOC_mgL_mod",0.861533569748456
2022-01-21,"SMB","Q_m3day_mod",3394.628938
2022-01-21,"SMB","DOC_mgL_mod",1.08802849072985
2022-01-21,"CCS","Q_m3day_mod",6394.920847
2022-01-21,"CCS","DOC_mgL_mod",1.66260384676814
2022-01-21,"HPB","Q_m3day_mod",1643.746853
2022-01-21,"HPB","DOC_mgL_mod",0.571716866429189
2022-01-21,"CCR dam","Q_m3day_mod",31918.207079
2022-01-21,"CCR dam","DOC_mgL_mod",0.915520722316071
2022-01-22,"SMB","Q_m3day_mod",3082.117389
2022-01-22,"SMB","DOC_mgL_mod",1.16268381366314
2022-01-22,"CCS","Q_m3day_mod",5832.57203
2022-01-22,"CCS","DOC_mgL_mod",1.77409725019718
2022-01-22,"HPB","Q_m3day_mod",1464.287367
2022-01-22,"HPB","DOC_mgL_mod",0.63922152242402
2022-01-22,"CCR dam","Q_m3day_mod",29262.947873
2022-01-22,"CCR dam","DOC_mgL_mod",0.975320399156834
2022-01-23,"SMB","Q_m3day_mod",2767.603935
2022-01-23,"SMB","DOC_mgL_mod",1.25854604987039
2022-01-23,"CCS","Q_m3day_mod",5286.422025
2022-01-23,"CCS","DOC_mgL_mod",1.90616071746561
2022-01-23,"HPB","Q_m3day_mod",1255.947903
2022-01-23,"HPB","DOC_mgL_mod",0.737991438805722
2022-01-23,"CCR dam","Q_m3day_mod",26478.576313
2022-01-23,"CCR dam","DOC_mgL_mod",1.04985176209613
2022-01-24,"SMB","Q_m3day_mod",2498.428165
2022-01-24,"SMB","DOC_mgL_mod",1.35973891408641
2022-01-24,"CCS","Q_m3day_mod",4813.909441
2022-01-24,"CCS","DOC_mgL_mod",2.04009861846506
2022-01-24,"HPB","Q_m3day_mod",1080.943302
2022-01-24,"HPB","DOC_mgL_mod",0.846509523956512
2022-01-24,"CCR dam","Q_m3day_mod",24015.729827
2022-01-24,"CCR dam","DOC_mgL_mod",1.12849662263982
2022-01-25,"SMB","Q_m3day_mod",2267.804419
2022-01-25,"SMB","DOC_mgL_mod",1.46202863537149
2022-01-25,"CCS","Q_m3day_mod",4405.173191
2022-01-25,"CCS","DOC_mgL_mod",2.17533467686992
2022-01-25,"HPB","Q_m3day_mod",934.436363
2022-01-25,"HPB","DOC_mgL_mod",0.96592709331454
2022-01-25,"CCR dam","Q_m3day_mod",21863.120581
2022-01-25,"CCR dam","DOC_mgL_mod",1.20931547269501
2022-01-26,"SMB","Q_m3day_mod",2068.891636
2022-01-26,"SMB","DOC_mgL_mod",1.56676934818446
2022-01-26,"CCS","Q_m3day_mod",4054.799883
2022-01-26,"CCS","DOC_mgL_mod",2.30857212935359
2022-01-26,"HPB","Q_m3day_mod",812.389491
2022-01-26,"HPB","DOC_mgL_mod",1.10144937854692
2022-01-26,"CCR dam","Q_m3day_mod",19987.849065
2022-01-26,"CCR dam","DOC_mgL_mod",1.2924787412587
2022-01-27,"SMB","Q_m3day_mod",1896.596513
2022-01-27,"SMB","DOC_mgL_mod",1.66955806271695
2022-01-27,"CCS","Q_m3day_mod",3747.932504
2022-01-27,"CCS","DOC_mgL_mod",2.44077874674554
2022-01-27,"HPB","Q_m3day_mod",710.650317
2022-01-27,"HPB","DOC_mgL_mod",1.24376979627802
2022-01-27,"CCR dam","Q_m3day_mod",18350.144009
2022-01-27,"CCR dam","DOC_mgL_mod",1.41711312931637
2022-01-28,"SMB","Q_m3day_mod",1747.259561
2022-01-28,"SMB","DOC_mgL_mod",1.77382231534402
2022-01-28,"CCS","Q_m3day_mod",3539.358415
2022-01-28,"CCS","DOC_mgL_mod",2.52866026850236
2022-01-28,"HPB","Q_m3day_mod",625.501652
2022-01-28,"HPB","DOC_mgL_mod",1.40003259335916
2022-01-28,"CCR dam","Q_m3day_mod",17087.163392
2022-01-28,"CCR dam","DOC_mgL_mod",1.48386127166496
2022-01-29,"SMB","Q_m3day_mod",1713.530198
2022-01-29,"SMB","DOC_mgL_mod",1.93274387802765
2022-01-29,"CCS","Q_m3day_mod",3517.924354
2022-01-29,"CCS","DOC_mgL_mod",2.4940527757579
2022-01-29,"HPB","Q_m3day_mod",590.544762
2022-01-29,"HPB","DOC_mgL_mod",1.47995335195268
2022-01-29,"CCR dam","Q_m3day_mod",16833.699528
2022-01-29,"CCR dam","DOC_mgL_mod",1.53869147758736
2022-01-30,"SMB","Q_m3day_mod",1772.865815
2022-01-30,"SMB","DOC_mgL_mod",1.67879146566995
2022-01-30,"CCS","Q_m3day_mod",3548.942976
2022-01-30,"CCS","DOC_mgL_mod",2.42546641583457
2022-01-30,"HPB","Q_m3day_mod",657.141582
2022-01-30,"HPB","DOC_mgL_mod",1.32701479237696
2022-01-30,"CCR dam","Q_m3day_mod",17039.417752
2022-01-30,"CCR dam","DOC_mgL_mod",1.4454719262405
2022-01-31,"SMB","Q_m3day_mod",1726.500476
2022-01-31,"SMB","DOC_mgL_mod",1.68727494749906
2022-01-31,"CCS","Q_m3day_mod",3414.119736
2022-01-31,"CCS","DOC_mgL_mod",2.47018137971948
2022-01-31,"HPB","Q_m3day_mod",677.050844
2022-01-31,"HPB","DOC_mgL_mod",1.27359844189191
2022-01-31,"CCR dam","Q_m3day_mod",16350.110539
2022-01-31,"CCR dam","DOC_mgL_mod",1.47222246250772
2022-02-01,"SMB","Q_m3day_mod",1593.929009
2022-02-01,"SMB","DOC_mgL_mod",1.78920515524666
2022-02-01,"CCS","Q_m3day_mod",3180.23857
2022-02-01,"CCS","DOC_mgL_mod",2.59975747668515
2022-02-01,"HPB","Q_m3day_mod",597.353769
2022-02-01,"HPB","DOC_mgL_mod",1.42780851860667
2022-02-01,"CCR dam","Q_m3day_mod",15097.58761
2022-02-01,"CCR dam","DOC_mgL_mod",1.55475699869113
2022-02-02,"SMB","Q_m3day_mod",1477.825407
2022-02-02,"SMB","DOC_mgL_mod",1.89066177016944
2022-02-02,"CCS","Q_m3day_mod",2975.899351
2022-02-02,"CCS","DOC_mgL_mod",2.72457937707988
2022-02-02,"HPB","Q_m3day_mod",529.873023
2022-02-02,"HPB","DOC_mgL_mod",1.59298900559427
2022-02-02,"CCR dam","Q_m3day_mod",13969.559716
2022-02-02,"CCR dam","DOC_mgL_mod",1.64008891230542
2022-02-03,"SMB","Q_m3day_mod",1776.387092
2022-02-03,"SMB","DOC_mgL_mod",3.11491342451164
2022-02-03,"CCS","Q_m3day_mod",4040.057046
2022-02-03,"CCS","DOC_mgL_mod",3.10155273980753
2022-02-03,"HPB","Q_m3day_mod",485.000053
2022-02-03,"HPB","DOC_mgL_mod",1.93595587091616
2022-02-03,"CCR dam","Q_m3day_mod",16757.193102
2022-02-03,"CCR dam","DOC_mgL_mod",2.00099741024038
2022-02-04,"SMB","Q_m3day_mod",3208.668683
2022-02-04,"SMB","DOC_mgL_mod",2.66645604307162
2022-02-04,"CCS","Q_m3day_mod",7344.96008
2022-02-04,"CCS","DOC_mgL_mod",2.91063937273298
2022-02-04,"HPB","Q_m3day_mod",1114.618726
2022-02-04,"HPB","DOC_mgL_mod",1.38200441466475
2022-02-04,"CCR dam","Q_m3day_mod",28599.58998
2022-02-04,"CCR dam","DOC_mgL_mod",1.80019643764138
2022-02-05,"SMB","Q_m3day_mod",4224.262042
2022-02-05,"SMB","DOC_mgL_mod",0.937579856699619
2022-02-05,"CCS","Q_m3day_mod",8709.354874
2022-02-05,"CCS","DOC_mgL_mod",1.46382369124255
2022-02-05,"HPB","Q_m3day_mod",2087.681525
2022-02-05,"HPB","DOC_mgL_mod",0.79386677524964
2022-02-05,"CCR dam","Q_m3day_mod",37648.987903
2022-02-05,"CCR dam","DOC_mgL_mod",0.923469445966955
2022-02-06,"SMB","Q_m3day_mod",3941.75476
2022-02-06,"SMB","DOC_mgL_mod",0.991386638168225
2022-02-06,"CCS","Q_m3day_mod",7540.596982
2022-02-06,"CCS","DOC_mgL_mod",1.65604527463924
2022-02-06,"HPB","Q_m3day_mod",2250.904757
2022-02-06,"HPB","DOC_mgL_mod",0.750531089663515
2022-02-06,"CCR dam","Q_m3day_mod",36316.449717
2022-02-06,"CCR dam","DOC_mgL_mod",0.950666440938985
2022-02-07,"SMB","Q_m3day_mod",3601.209769
2022-02-07,"SMB","DOC_mgL_mod",1.08559324526258
2022-02-07,"CCS","Q_m3day_mod",7117.279556
2022-02-07,"CCS","DOC_mgL_mod",1.85935087920551
2022-02-07,"HPB","Q_m3day_mod",1947.771545
2022-02-07,"HPB","DOC_mgL_mod",0.879235557371283
2022-02-07,"CCR dam","Q_m3day_mod",33575.526269
2022-02-07,"CCR dam","DOC_mgL_mod",1.04396874435184
2022-02-08,"SMB","Q_m3day_mod",3381.354174
2022-02-08,"SMB","DOC_mgL_mod",1.12789693233714
2022-02-08,"CCS","Q_m3day_mod",6752.283909
2022-02-08,"CCS","DOC_mgL_mod",1.80669832080664
2022-02-08,"HPB","Q_m3day_mod",1795.175052
2022-02-08,"HPB","DOC_mgL_mod",0.972908462633871
2022-02-08,"CCR dam","Q_m3day_mod",31865.97955
2022-02-08,"CCR dam","DOC_mgL_mod",1.07668555884704
2022-02-09,"SMB","Q_m3day_mod",3120.696779
2022-02-09,"SMB","DOC_mgL_mod",1.1955140996414
2022-02-09,"CCS","Q_m3day_mod",6137.837957
2022-02-09,"CCS","DOC_mgL_mod",1.94433611372709
2022-02-09,"HPB","Q_m3day_mod",1664.158975
2022-02-09,"HPB","DOC_mgL_mod",1.03156310532171
2022-02-09,"CCR dam","Q_m3day_mod",29576.947467
2022-02-09,"CCR dam","DOC_mgL_mod",1.13173342304331
2022-02-10,"SMB","Q_m3day_mod",2810.540291
2022-02-10,"SMB","DOC_mgL_mod",1.29666385202517
2022-02-10,"CCS","Q_m3day_mod",5605.054386
2022-02-10,"CCS","DOC_mgL_mod",2.08401189276168
2022-02-10,"HPB","Q_m3day_mod",1447.057539
2022-02-10,"HPB","DOC_mgL_mod",1.16349347183768
2022-02-10,"CCR dam","Q_m3day_mod",26802.336772
2022-02-10,"CCR dam","DOC_mgL_mod",1.21800051531716
2022-02-11,"SMB","Q_m3day_mod",2541.622624
2022-02-11,"SMB","DOC_mgL_mod",1.3995917279024
2022-02-11,"CCS","Q_m3day_mod",5143.943546
2022-02-11,"CCS","DOC_mgL_mod",2.22328062073953
2022-02-11,"HPB","Q_m3day_mod",1263.718281
2022-02-11,"HPB","DOC_mgL_mod",1.30326831918324
2022-02-11,"CCR dam","Q_m3day_mod",24367.406148
2022-02-11,"CCR dam","DOC_mgL_mod",1.30665159051462
2022-02-12,"SMB","Q_m3day_mod",2313.577235
2022-02-12,"SMB","DOC_mgL_mod",1.505758246277
2022-02-12,"CCS","Q_m3day_mod",4744.685834
2022-02-12,"CCS","DOC_mgL_mod",2.3623671602616
2022-02-12,"HPB","Q_m3day_mod",1110.181274
2022-02-12,"HPB","DOC_mgL_mod",1.45758538528547
2022-02-12,"CCR dam","Q_m3day_mod",22249.615211
2022-02-12,"CCR dam","DOC_mgL_mod",1.39809743696695
2022-02-13,"SMB","Q_m3day_mod",2162.314496
2022-02-13,"SMB","DOC_mgL_mod",1.6946299933606
2022-02-13,"CCS","Q_m3day_mod",4586.463996
2022-02-13,"CCS","DOC_mgL_mod",2.49650057429558
2022-02-13,"HPB","Q_m3day_mod",983.125557
2022-02-13,"HPB","DOC_mgL_mod",1.62815928098185
2022-02-13,"CCR dam","Q_m3day_mod",20941.931701
2022-02-13,"CCR dam","DOC_mgL_mod",1.51351128695002
2022-02-14,"SMB","Q_m3day_mod",2087.192056
2022-02-14,"SMB","DOC_mgL_mod",1.60813136019333
2022-02-14,"CCS","Q_m3day_mod",4451.458695
2022-02-14,"CCS","DOC_mgL_mod",2.42730096813804
2022-02-14,"HPB","Q_m3day_mod",946.66451
2022-02-14,"HPB","DOC_mgL_mod",1.66429181970707
2022-02-14,"CCR dam","Q_m3day_mod",20215.914441
2022-02-14,"CCR dam","DOC_mgL_mod",1.54297744438104
2022-02-15,"SMB","Q_m3day_mod",1977.956744
2022-02-15,"SMB","DOC_mgL_mod",1.66531194880367
2022-02-15,"CCS","Q_m3day_mod",4144.296598
2022-02-15,"CCS","DOC_mgL_mod",2.55969131290443
2022-02-15,"HPB","Q_m3day_mod",915.087778
2022-02-15,"HPB","DOC_mgL_mod",1.69318838831656
2022-02-15,"CCR dam","Q_m3day_mod",19046.331801
2022-02-15,"CCR dam","DOC_mgL_mod",1.59776907794929
2022-02-16,"SMB","Q_m3day_mod",1824.643747
2022-02-16,"SMB","DOC_mgL_mod",1.77267645002923
2022-02-16,"CCS","Q_m3day_mod",3872.278526
2022-02-16,"CCS","DOC_mgL_mod",2.69047278754555
2022-02-16,"HPB","Q_m3day_mod",818.265582
2022-02-16,"HPB","DOC_mgL_mod",1.86539680218396
2022-02-16,"CCR dam","Q_m3day_mod",17590.364249
2022-02-16,"CCR dam","DOC_mgL_mod",1.68931578558354
2022-02-17,"SMB","Q_m3day_mod",1691.546885
2022-02-17,"SMB","DOC_mgL_mod",1.88046516960717
2022-02-17,"CCS","Q_m3day_mod",3642.105329
2022-02-17,"CCS","DOC_mgL_mod",2.81181873529501
2022-02-17,"HPB","Q_m3day_mod",737.291505
2022-02-17,"HPB","DOC_mgL_mod",2.04941192154384
2022-02-17,"CCR dam","Q_m3day_mod",16319.362694
2022-02-17,"CCR dam","DOC_mgL_mod",1.78186002390223
2022-02-18,"SMB","Q_m3day_mod",1714.490546
2022-02-18,"SMB","DOC_mgL_mod",2.28431705799561
2022-02-18,"CCS","Q_m3day_mod",4243.355815
2022-02-18,"CCS","DOC_mgL_mod",3.08081399956793
2022-02-18,"HPB","Q_m3day_mod",672.853829
2022-02-18,"HPB","DOC_mgL_mod",2.25779349767214
2022-02-18,"CCR dam","Q_m3day_mod",17209.654114
2022-02-18,"CCR dam","DOC_mgL_mod",2.02330214014434
2022-02-19,"SMB","Q_m3day_mod",2018.780999
2022-02-19,"SMB","DOC_mgL_mod",1.58949385871449
2022-02-19,"CCS","Q_m3day_mod",4768.765762
2022-02-19,"CCS","DOC_mgL_mod",2.189056984762
2022-02-19,"HPB","Q_m3day_mod",902.548528
2022-02-19,"HPB","DOC_mgL_mod",1.7069375797597
2022-02-19,"CCR dam","Q_m3day_mod",19562.643328
2022-02-19,"CCR dam","DOC_mgL_mod",1.53234199987148
2022-02-20,"SMB","Q_m3day_mod",2142.802206
2022-02-20,"SMB","DOC_mgL_mod",1.46873145416204
2022-02-20,"CCS","Q_m3day_mod",4418.197774
2022-02-20,"CCS","DOC_mgL_mod",2.3210527288632
2022-02-20,"HPB","Q_m3day_mod",1092.578618
2022-02-20,"HPB","DOC_mgL_mod",1.38348854269817
2022-02-20,"CCR dam","Q_m3day_mod",19601.871881
2022-02-20,"CCR dam","DOC_mgL_mod",1.49329615955569
2022-02-21,"SMB","Q_m3day_mod",1960.892663
2022-02-21,"SMB","DOC_mgL_mod",1.57602966154808
2022-02-21,"CCS","Q_m3day_mod",4098.711883
2022-02-21,"CCS","DOC_mgL_mod",2.45862121750898
2022-02-21,"HPB","Q_m3day_mod",965.757261
2022-02-21,"HPB","DOC_mgL_mod",1.53802623079631
2022-02-21,"CCR dam","Q_m3day_mod",18000.10842
2022-02-21,"CCR dam","DOC_mgL_mod",1.58789987999417
2022-02-22,"SMB","Q_m3day_mod",1802.204882
2022-02-22,"SMB","DOC_mgL_mod",1.6883285748418
2022-02-22,"CCS","Q_m3day_mod",3879.976016
2022-02-22,"CCS","DOC_mgL_mod",2.56576302506711
2022-02-22,"HPB","Q_m3day_mod",858.419089
2022-02-22,"HPB","DOC_mgL_mod",1.7123920225404
2022-02-22,"CCR dam","Q_m3day_mod",16718.25552
2022-02-22,"CCR dam","DOC_mgL_mod",1.67322122613424
2022-02-23,"SMB","Q_m3day_mod",1847.415817
2022-02-23,"SMB","DOC_mgL_mod",2.18997637823083
2022-02-23,"CCS","Q_m3day_mod",4468.996253
2022-02-23,"CCS","DOC_mgL_mod",2.90195141499484
2022-02-23,"HPB","Q_m3day_mod",793.904847
2022-02-23,"HPB","DOC_mgL_mod",1.90008790814197
2022-02-23,"CCR dam","Q_m3day_mod",17688.788457
2022-02-23,"CCR dam","DOC_mgL_mod",1.949934563571
2022-02-24,"SMB","Q_m3day_mod",2947.000204
2022-02-24,"SMB","DOC_mgL_mod",3.34899807153186
2022-02-24,"CCS","Q_m3day_mod",7778.651915
2022-02-24,"CCS","DOC_mgL_mod",3.5070061365511
2022-02-24,"HPB","Q_m3day_mod",1073.597177
2022-02-24,"HPB","DOC_mgL_mod",2.1160031422102
2022-02-24,"CCR dam","Q_m3day_mod",26849.429557
2022-02-24,"CCR dam","DOC_mgL_mod",2.51708774134385
2022-02-25,"SMB","Q_m3day_mod",4031.537811
2022-02-25,"SMB","DOC_mgL_mod",1.14517269003483
2022-02-25,"CCS","Q_m3day_mod",9419.870836
2022-02-25,"CCS","DOC_mgL_mod",1.70150316061085
2022-02-25,"HPB","Q_m3day_mod",1900.949632
2022-02-25,"HPB","DOC_mgL_mod",1.28563585213393
2022-02-25,"CCR dam","Q_m3day_mod",35953.003653
2022-02-25,"CCR dam","DOC_mgL_mod",1.2136145959076
2022-02-26,"SMB","Q_m3day_mod",3939.194895
2022-02-26,"SMB","DOC_mgL_mod",1.16588443131601
2022-02-26,"CCS","Q_m3day_mod",8019.291568
2022-02-26,"CCS","DOC_mgL_mod",1.96323950395115
2022-02-26,"HPB","Q_m3day_mod",2300.862648
2022-02-26,"HPB","DOC_mgL_mod",1.09436997562142
2022-02-26,"CCR dam","Q_m3day_mod",35833.744881
2022-02-26,"CCR dam","DOC_mgL_mod",1.23080884084168
2022-02-27,"SMB","Q_m3day_mod",3557.009033
2022-02-27,"SMB","DOC_mgL_mod",1.26512357945986
2022-02-27,"CCS","Q_m3day_mod",7299.257542
2022-02-27,"CCS","DOC_mgL_mod",2.10252068949398
2022-02-27,"HPB","Q_m3day_mod",2030.656491
2022-02-27,"HPB","DOC_mgL_mod",1.21516712006019
2022-02-27,"CCR dam","Q_m3day_mod",32697.701428
2022-02-27,"CCR dam","DOC_mgL_mod",1.31677512851501
2022-02-28,"SMB","Q_m3day_mod",3208.364064
2022-02-28,"SMB","DOC_mgL_mod",1.37111185396945
2022-02-28,"CCS","Q_m3day_mod",6683.562611
2022-02-28,"CCS","DOC_mgL_mod",2.2410473084143
2022-02-28,"HPB","Q_m3day_mod",1776.174968
2022-02-28,"HPB","DOC_mgL_mod",1.36220701428104
2022-02-28,"CCR dam","Q_m3day_mod",29723.238192
2022-02-28,"CCR dam","DOC_mgL_mod",1.41381264479153
2022-03-01,"SMB","Q_m3day_mod",2906.622358
2022-03-01,"SMB","DOC_mgL_mod",1.47884157987338
2022-03-01,"CCS","Q_m3day_mod",6149.578917
2022-03-01,"CCS","DOC_mgL_mod",2.3775400230383
2022-03-01,"HPB","Q_m3day_mod",1562.444384
2022-03-01,"HPB","DOC_mgL_mod",1.51745945281595
2022-03-01,"CCR dam","Q_m3day_mod",27106.193835
2022-03-01,"CCR dam","DOC_mgL_mod",1.5098305667377
2022-03-02,"SMB","Q_m3day_mod",2645.782325
2022-03-02,"SMB","DOC_mgL_mod",1.58748471494154
2022-03-02,"CCS","Q_m3day_mod",5684.828273
2022-03-02,"CCS","DOC_mgL_mod",2.51194395226017
2022-03-02,"HPB","Q_m3day_mod",1381.469247
2022-03-02,"HPB","DOC_mgL_mod",1.67307669354148
2022-03-02,"CCR dam","Q_m3day_mod",24798.830056
2022-03-02,"CCR dam","DOC_mgL_mod",1.60790770814418
2022-03-03,"SMB","Q_m3day_mod",2419.79699
2022-03-03,"SMB","DOC_mgL_mod",1.69587408239565
2022-03-03,"CCS","Q_m3day_mod",5280.576225
2022-03-03,"CCS","DOC_mgL_mod",2.64333841710617
2022-03-03,"HPB","Q_m3day_mod",1227.909318
2022-03-03,"HPB","DOC_mgL_mod",1.83576504140512
2022-03-03,"CCR dam","Q_m3day_mod",22773.380786
2022-03-03,"CCR dam","DOC_mgL_mod",1.70609407382699
2022-03-04,"SMB","Q_m3day_mod",2224.053382
2022-03-04,"SMB","DOC_mgL_mod",1.80527051755811
2022-03-04,"CCS","Q_m3day_mod",4928.057107
2022-03-04,"CCS","DOC_mgL_mod",2.76999630962272
2022-03-04,"HPB","Q_m3day_mod",1099.665353
2022-03-04,"HPB","DOC_mgL_mod",2.01127369700807
2022-03-04,"CCR dam","Q_m3day_mod",20997.825412
2022-03-04,"CCR dam","DOC_mgL_mod",1.80613131388008
2022-03-05,"SMB","Q_m3day_mod",2054.705871
2022-03-05,"SMB","DOC_mgL_mod",1.91321495474522
2022-03-05,"CCS","Q_m3day_mod",4619.77274
2022-03-05,"CCS","DOC_mgL_mod",2.89154916308719
2022-03-05,"HPB","Q_m3day_mod",992.417274
2022-03-05,"HPB","DOC_mgL_mod",2.18483500519964
2022-03-05,"CCR dam","Q_m3day_mod",19445.504759
2022-03-05,"CCR dam","DOC_mgL_mod",1.90513285508075
2022-03-06,"SMB","Q_m3day_mod",1910.458423
2022-03-06,"SMB","DOC_mgL_mod",2.01977910303887
2022-03-06,"CCS","Q_m3day_mod",4371.704051
2022-03-06,"CCS","DOC_mgL_mod",2.99545894397965
2022-03-06,"HPB","Q_m3day_mod",903.247035
2022-03-06,"HPB","DOC_mgL_mod",2.37197346570864
2022-03-06,"CCR dam","Q_m3day_mod",18136.045556
2022-03-06,"CCR dam","DOC_mgL_mod",2.00081544170995
2022-03-07,"SMB","Q_m3day_mod",1916.165649
2022-03-07,"SMB","DOC_mgL_mod",2.05037701309925
2022-03-07,"CCS","Q_m3day_mod",4762.574673
2022-03-07,"CCS","DOC_mgL_mod",2.80894703359541
2022-03-07,"HPB","Q_m3day_mod",829.867436
2022-03-07,"HPB","DOC_mgL_mod",2.55081945401217
2022-03-07,"CCR dam","Q_m3day_mod",18508.177287
2022-03-07,"CCR dam","DOC_mgL_mod",2.10865550911988
2022-03-08,"SMB","Q_m3day_mod",2077.722366
2022-03-08,"SMB","DOC_mgL_mod",1.81596784139349
2022-03-08,"CCS","Q_m3day_mod",5002.225626
2022-03-08,"CCS","DOC_mgL_mod",2.52732102572296
2022-03-08,"HPB","Q_m3day_mod",961.539024
2022-03-08,"HPB","DOC_mgL_mod",2.17605936709231
2022-03-08,"CCR dam","Q_m3day_mod",19694.845774
2022-03-08,"CCR dam","DOC_mgL_mod",1.917957136271
2022-03-09,"SMB","Q_m3day_mod",2796.900892
2022-03-09,"SMB","DOC_mgL_mod",2.6989418972948
2022-03-09,"CCS","Q_m3day_mod",7020.166499
2022-03-09,"CCS","DOC_mgL_mod",2.93683347865565
2022-03-09,"HPB","Q_m3day_mod",1092.924045
2022-03-09,"HPB","DOC_mgL_mod",2.06978701799904
2022-03-09,"CCR dam","Q_m3day_mod",25253.87142
2022-03-09,"CCR dam","DOC_mgL_mod",2.24960320163062
2022-03-10,"SMB","Q_m3day_mod",3551.6626
2022-03-10,"SMB","DOC_mgL_mod",1.34551463306227
2022-03-10,"CCS","Q_m3day_mod",8463.215604
2022-03-10,"CCS","DOC_mgL_mod",1.93894386812552
2022-03-10,"HPB","Q_m3day_mod",1613.374409
2022-03-10,"HPB","DOC_mgL_mod",1.6967295283286
2022-03-10,"CCR dam","Q_m3day_mod",32043.9224
2022-03-10,"CCR dam","DOC_mgL_mod",1.47245394652435
2022-03-11,"SMB","Q_m3day_mod",3505.622494
2022-03-11,"SMB","DOC_mgL_mod",1.34603797416186
2022-03-11,"CCS","Q_m3day_mod",7315.527034
2022-03-11,"CCS","DOC_mgL_mod",2.19587460005824
2022-03-11,"HPB","Q_m3day_mod",2038.507033
2022-03-11,"HPB","DOC_mgL_mod",1.32289511703637
2022-03-11,"CCR dam","Q_m3day_mod",32141.072425
2022-03-11,"CCR dam","DOC_mgL_mod",1.45530271614762
2022-03-12,"SMB","Q_m3day_mod",3742.538313
2022-03-12,"SMB","DOC_mgL_mod",2.1307709722837
2022-03-12,"CCS","Q_m3day_mod",8713.927978
2022-03-12,"CCS","DOC_mgL_mod",2.63591460223106
2022-03-12,"HPB","Q_m3day_mod",1874.928352
2022-03-12,"HPB","DOC_mgL_mod",1.84379312218113
2022-03-12,"CCR dam","Q_m3day_mod",34389.885557
2022-03-12,"CCR dam","DOC_mgL_mod",1.89475477875607
2022-03-13,"SMB","Q_m3day_mod",4122.063904
2022-03-13,"SMB","DOC_mgL_mod",1.36434905692331
2022-03-13,"CCS","Q_m3day_mod",9510.466691
2022-03-13,"CCS","DOC_mgL_mod",2.03745942544935
2022-03-13,"HPB","Q_m3day_mod",2126.090804
2022-03-13,"HPB","DOC_mgL_mod",1.57383165088936
2022-03-13,"CCR dam","Q_m3day_mod",37835.031156
2022-03-13,"CCR dam","DOC_mgL_mod",1.47708798678067
2022-03-14,"SMB","Q_m3day_mod",3895.993113
2022-03-14,"SMB","DOC_mgL_mod",1.41200865618676
2022-03-14,"CCS","Q_m3day_mod",8234.924394
2022-03-14,"CCS","DOC_mgL_mod",2.28944299886185
2022-03-14,"HPB","Q_m3day_mod",2267.027983
2022-03-14,"HPB","DOC_mgL_mod",1.44585334833955
2022-03-14,"CCR dam","Q_m3day_mod",36065.396119
2022-03-14,"CCR dam","DOC_mgL_mod",1.52358454122321
2022-03-15,"SMB","Q_m3day_mod",3528.975941
2022-03-15,"SMB","DOC_mgL_mod",1.52437933551783
2022-03-15,"CCS","Q_m3day_mod",7567.644595
2022-03-15,"CCS","DOC_mgL_mod",2.42574684494681
2022-03-15,"HPB","Q_m3day_mod",2000.037195
2022-03-15,"HPB","DOC_mgL_mod",1.60384767244291
2022-03-15,"CCR dam","Q_m3day_mod",32956.440258
2022-03-15,"CCR dam","DOC_mgL_mod",1.61954414925148
2022-03-16,"SMB","Q_m3day_mod",3538.276922
2022-03-16,"SMB","DOC_mgL_mod",1.98953845478576
2022-03-16,"CCS","Q_m3day_mod",8150.391564
2022-03-16,"CCS","DOC_mgL_mod",2.48049554935469
2022-03-16,"HPB","Q_m3day_mod",1785.506376
2022-03-16,"HPB","DOC_mgL_mod",1.82317243094516
2022-03-16,"CCR dam","Q_m3day_mod",33056.294521
2022-03-16,"CCR dam","DOC_mgL_mod",1.79536487255997
2022-03-17,"SMB","Q_m3day_mod",3859.95441
2022-03-17,"SMB","DOC_mgL_mod",1.79330408205521
2022-03-17,"CCS","Q_m3day_mod",9046.670157
2022-03-17,"CCS","DOC_mgL_mod",2.31846410181881
2022-03-17,"HPB","Q_m3day_mod",1897.921735
2022-03-17,"HPB","DOC_mgL_mod",1.92930189505417
2022-03-17,"CCR dam","Q_m3day_mod",35622.470508
2022-03-17,"CCR dam","DOC_mgL_mod",1.76123747469761
2022-03-18,"SMB","Q_m3day_mod",3843.629344
2022-03-18,"SMB","DOC_mgL_mod",1.525324498095
2022-03-18,"CCS","Q_m3day_mod",8495.318289
2022-03-18,"CCS","DOC_mgL_mod",2.33361945080619
2022-03-18,"HPB","Q_m3day_mod",2108.255993
2022-03-18,"HPB","DOC_mgL_mod",1.71509722348979
2022-03-18,"CCR dam","Q_m3day_mod",35308.758474
2022-03-18,"CCR dam","DOC_mgL_mod",1.68456107126504
2022-03-19,"SMB","Q_m3day_mod",3521.254138
2022-03-19,"SMB","DOC_mgL_mod",1.62652929199057
2022-03-19,"CCS","Q_m3day_mod",7641.159311
2022-03-19,"CCS","DOC_mgL_mod",2.52912800446126
2022-03-19,"HPB","Q_m3day_mod",2000.783934
2022-03-19,"HPB","DOC_mgL_mod",1.78204199834404
2022-03-19,"CCR dam","Q_m3day_mod",32671.229164
2022-03-19,"CCR dam","DOC_mgL_mod",1.78027094444582
2022-03-20,"SMB","Q_m3day_mod",3210.906238
2022-03-20,"SMB","DOC_mgL_mod",1.73659726777733
2022-03-20,"CCS","Q_m3day_mod",7077.727441
2022-03-20,"CCS","DOC_mgL_mod",2.66046837165851
2022-03-20,"HPB","Q_m3day_mod",1787.013193
2022-03-20,"HPB","DOC_mgL_mod",1.94728780606154
2022-03-20,"CCR dam","Q_m3day_mod",30054.608874
2022-03-20,"CCR dam","DOC_mgL_mod",1.90237744366262
2022-03-21,"SMB","Q_m3day_mod",2939.338003
2022-03-21,"SMB","DOC_mgL_mod",1.8481838408701
2022-03-21,"CCS","Q_m3day_mod",6583.534564
2022-03-21,"CCS","DOC_mgL_mod",2.7886798225975
2022-03-21,"HPB","Q_m3day_mod",1603.255549
2022-03-21,"HPB","DOC_mgL_mod",2.12238092805753
2022-03-21,"CCR dam","Q_m3day_mod",27709.076153
2022-03-21,"CCR dam","DOC_mgL_mod",2.00525884346325
2022-03-22,"SMB","Q_m3day_mod",2705.332979
2022-03-22,"SMB","DOC_mgL_mod",1.9632034360381
2022-03-22,"CCS","Q_m3day_mod",6152.34287
2022-03-22,"CCS","DOC_mgL_mod",2.91239457530429
2022-03-22,"HPB","Q_m3day_mod",1448.675178
2022-03-22,"HPB","DOC_mgL_mod",2.299690124186
2022-03-22,"CCR dam","Q_m3day_mod",25638.987557
2022-03-22,"CCR dam","DOC_mgL_mod",2.10467905099736
2022-03-23,"SMB","Q_m3day_mod",3613.111377
2022-03-23,"SMB","DOC_mgL_mod",3.56618123704189
2022-03-23,"CCS","Q_m3day_mod",9246.943597
2022-03-23,"CCS","DOC_mgL_mod",2.92776848003954
2022-03-23,"HPB","Q_m3day_mod",1442.314462
2022-03-23,"HPB","DOC_mgL_mod",3.12633764605489
2022-03-23,"CCR dam","Q_m3day_mod",32765.429255
2022-03-23,"CCR dam","DOC_mgL_mod",2.65134417510319
2022-03-24,"SMB","Q_m3day_mod",4512.168973
2022-03-24,"SMB","DOC_mgL_mod",1.49428003258423
2022-03-24,"CCS","Q_m3day_mod",11092.876724
2022-03-24,"CCS","DOC_mgL_mod",2.12218170143978
2022-03-24,"HPB","Q_m3day_mod",2068.354408
2022-03-24,"HPB","DOC_mgL_mod",2.14999662669029
2022-03-24,"CCR dam","Q_m3day_mod",41271.963517
2022-03-24,"CCR dam","DOC_mgL_mod",1.72118731328932
2022-03-25,"SMB","Q_m3day_mod",4196.246912
2022-03-25,"SMB","DOC_mgL_mod",1.57560294678866
2022-03-25,"CCS","Q_m3day_mod",9210.328416
2022-03-25,"CCS","DOC_mgL_mod",2.48303957981252
2022-03-25,"HPB","Q_m3day_mod",2503.506796
2022-03-25,"HPB","DOC_mgL_mod",1.75561816210065
2022-03-25,"CCR dam","Q_m3day_mod",40077.781126
2022-03-25,"CCR dam","DOC_mgL_mod",1.75909464095215
2022-03-26,"SMB","Q_m3day_mod",3822.497496
2022-03-26,"SMB","DOC_mgL_mod",1.69213295934622
2022-03-26,"CCS","Q_m3day_mod",8478.072
2022-03-26,"CCS","DOC_mgL_mod",2.62520299426568
2022-03-26,"HPB","Q_m3day_mod",2251.933197
2022-03-26,"HPB","DOC_mgL_mod",1.92177103910778
2022-03-26,"CCR dam","Q_m3day_mod",36977.294021
2022-03-26,"CCR dam","DOC_mgL_mod",1.85336763585457
2022-03-27,"SMB","Q_m3day_mod",3490.790337
2022-03-27,"SMB","DOC_mgL_mod",1.80588101587838
2022-03-27,"CCS","Q_m3day_mod",7866.60946
2022-03-27,"CCS","DOC_mgL_mod",2.75267764468379
2022-03-27,"HPB","Q_m3day_mod",2020.075505
2022-03-27,"HPB","DOC_mgL_mod",2.09384054681659
2022-03-27,"CCR dam","Q_m3day_mod",34048.647945
2022-03-27,"CCR dam","DOC_mgL_mod",1.97610108068566
2022-03-28,"SMB","Q_m3day_mod",3196.94083
2022-03-28,"SMB","DOC_mgL_mod",1.91946749292823
2022-03-28,"CCS","Q_m3day_mod",7306.175892
2022-03-28,"CCS","DOC_mgL_mod",2.88567375213145
2022-03-28,"HPB","Q_m3day_mod",1821.027942
2022-03-28,"HPB","DOC_mgL_mod",2.26808765793227
2022-03-28,"CCR dam","Q_m3day_mod",31382.411669
2022-03-28,"CCR dam","DOC_mgL_mod",2.0772794865984
2022-03-29,"SMB","Q_m3day_mod",2944.356744
2022-03-29,"SMB","DOC_mgL_mod",2.03388669263781
2022-03-29,"CCS","Q_m3day_mod",6836.380639
2022-03-29,"CCS","DOC_mgL_mod",3.00609943846048
2022-03-29,"HPB","Q_m3day_mod",1653.164531
2022-03-29,"HPB","DOC_mgL_mod",2.44917606449663
2022-03-29,"CCR dam","Q_m3day_mod",29044.913677
2022-03-29,"CCR dam","DOC_mgL_mod",2.17834319301496
2022-03-30,"SMB","Q_m3day_mod",2727.303011
2022-03-30,"SMB","DOC_mgL_mod",2.14929326750925
2022-03-30,"CCS","Q_m3day_mod",6427.7713
2022-03-30,"CCS","DOC_mgL_mod",3.12220815945956
2022-03-30,"HPB","Q_m3day_mod",1514.559482
2022-03-30,"HPB","DOC_mgL_mod",2.63738535691264
2022-03-30,"CCR dam","Q_m3day_mod",27012.509204
2022-03-30,"CCR dam","DOC_mgL_mod",2.2814181953476
2022-03-31,"SMB","Q_m3day_mod",2900.28837
2022-03-31,"SMB","DOC_mgL_mod",2.18780107027771
2022-03-31,"CCS","Q_m3day_mod",7372.620899
2022-03-31,"CCS","DOC_mgL_mod",2.86450236480551
2022-03-31,"HPB","Q_m3day_mod",1406.480841
2022-03-31,"HPB","DOC_mgL_mod",2.84735055271187
2022-03-31,"CCR dam","Q_m3day_mod",28545.070381
2022-03-31,"CCR dam","DOC_mgL_mod",2.29004970481737
2022-04-01,"SMB","Q_m3day_mod",3143.140651
2022-04-01,"SMB","DOC_mgL_mod",1.85477636775345
2022-04-01,"CCS","Q_m3day_mod",7747.333507
2022-04-01,"CCS","DOC_mgL_mod",2.52604976697049
2022-04-01,"HPB","Q_m3day_mod",1602.476647
2022-04-01,"HPB","DOC_mgL_mod",2.51865386466378
2022-04-01,"CCR dam","Q_m3day_mod",30460.334517
2022-04-01,"CCR dam","DOC_mgL_mod",2.0506780700369
2022-04-02,"SMB","Q_m3day_mod",2988.89055
2022-04-02,"SMB","DOC_mgL_mod",1.90320217647314
2022-04-02,"CCS","Q_m3day_mod",6759.909635
2022-04-02,"CCS","DOC_mgL_mod",2.83188253003918
2022-04-02,"HPB","Q_m3day_mod",1759.582632
2022-04-02,"HPB","DOC_mgL_mod",2.25289220745161
2022-04-02,"CCR dam","Q_m3day_mod",28863.934553
2022-04-02,"CCR dam","DOC_mgL_mod",2.11674745478003
2022-04-03,"SMB","Q_m3day_mod",2753.912305
2022-04-03,"SMB","DOC_mgL_mod",2.01343375747036
2022-04-03,"CCS","Q_m3day_mod",6333.723055
2022-04-03,"CCS","DOC_mgL_mod",2.95704435406515
2022-04-03,"HPB","Q_m3day_mod",1600.645827
2022-04-03,"HPB","DOC_mgL_mod",2.42798246460552
2022-04-03,"CCR dam","Q_m3day_mod",26819.029083
2022-04-03,"CCR dam","DOC_mgL_mod",2.21040440414664
2022-04-04,"SMB","Q_m3day_mod",2549.074872
2022-04-04,"SMB","DOC_mgL_mod",2.13088837039071
2022-04-04,"CCS","Q_m3day_mod",5970.164742
2022-04-04,"CCS","DOC_mgL_mod",3.07484479797626
2022-04-04,"HPB","Q_m3day_mod",1466.390039
2022-04-04,"HPB","DOC_mgL_mod",2.61867299822813
2022-04-04,"CCR dam","Q_m3day_mod",24959.626502
2022-04-04,"CCR dam","DOC_mgL_mod",2.31240158963818
2022-04-05,"SMB","Q_m3day_mod",2532.805359
2022-04-05,"SMB","DOC_mgL_mod",2.10737314694698
2022-04-05,"CCS","Q_m3day_mod",6318.101438
2022-04-05,"CCS","DOC_mgL_mod",2.86563616897725
2022-04-05,"HPB","Q_m3day_mod",1359.585947
2022-04-05,"HPB","DOC_mgL_mod",2.81662443514503
2022-04-05,"CCR dam","Q_m3day_mod",25038.478292
2022-04-05,"CCR dam","DOC_mgL_mod",2.38395158459257
2022-04-06,"SMB","Q_m3day_mod",2772.12396
2022-04-06,"SMB","DOC_mgL_mod",2.02202501795771
2022-04-06,"CCS","Q_m3day_mod",7127.848546
2022-04-06,"CCS","DOC_mgL_mod",2.64822405781796
2022-04-06,"HPB","Q_m3day_mod",1429.696593
2022-04-06,"HPB","DOC_mgL_mod",2.75646456688451
2022-04-06,"CCR dam","Q_m3day_mod",27224.266756
2022-04-06,"CCR dam","DOC_mgL_mod",2.25007602772257
2022-04-07,"SMB","Q_m3day_mod",4190.61562
2022-04-07,"SMB","DOC_mgL_mod",3.15038199566488
2022-04-07,"CCS","Q_m3day_mod",10909.639722
2022-04-07,"CCS","DOC_mgL_mod",3.07744443038721
2022-04-07,"HPB","Q_m3day_mod",1830.931707
2022-04-07,"HPB","DOC_mgL_mod",3.22897952850843
2022-04-07,"CCR dam","Q_m3day_mod",37879.535363
2022-04-07,"CCR dam","DOC_mgL_mod",2.76218277223645
2022-04-08,"SMB","Q_m3day_mod",5148.890271
2022-04-08,"SMB","DOC_mgL_mod",1.51307516570691
2022-04-08,"CCS","Q_m3day_mod",12775.616236
2022-04-08,"CCS","DOC_mgL_mod",2.18364730786048
2022-04-08,"HPB","Q_m3day_mod",2615.041174
2022-04-08,"HPB","DOC_mgL_mod",2.33871308062242
2022-04-08,"CCR dam","Q_m3day_mod",46824.092574
2022-04-08,"CCR dam","DOC_mgL_mod",1.85424244715017
2022-04-09,"SMB","Q_m3day_mod",4729.32208
2022-04-09,"SMB","DOC_mgL_mod",1.70455001026278
2022-04-09,"CCS","Q_m3day_mod",10828.947754
2022-04-09,"CCS","DOC_mgL_mod",2.54005473337331
2022-04-09,"HPB","Q_m3day_mod",3046.61848
2022-04-09,"HPB","DOC_mgL_mod",2.08992298897892
2022-04-09,"CCR dam","Q_m3day_mod",45314.447429
2022-04-09,"CCR dam","DOC_mgL_mod",1.9409026257642
2022-04-10,"SMB","Q_m3day_mod",4388.507596
2022-04-10,"SMB","DOC_mgL_mod",1.73729037337184
2022-04-10,"CCS","Q_m3day_mod",10021.092764
2022-04-10,"CCS","DOC_mgL_mod",2.66877082468249
2022-04-10,"HPB","Q_m3day_mod",2862.780363
2022-04-10,"HPB","DOC_mgL_mod",2.18209579775576
2022-04-10,"CCR dam","Q_m3day_mod",42466.087678
2022-04-10,"CCR dam","DOC_mgL_mod",2.01300907793035
2022-04-11,"SMB","Q_m3day_mod",3991.538837
2022-04-11,"SMB","DOC_mgL_mod",1.86576613785306
2022-04-11,"CCS","Q_m3day_mod",9211.568422
2022-04-11,"CCS","DOC_mgL_mod",2.83124640725814
2022-04-11,"HPB","Q_m3day_mod",2617.671798
2022-04-11,"HPB","DOC_mgL_mod",2.33583026133057
2022-04-11,"CCR dam","Q_m3day_mod",39086.851998
2022-04-11,"CCR dam","DOC_mgL_mod",2.12204170354379
2022-04-12,"SMB","Q_m3day_mod",3660.418523
2022-04-12,"SMB","DOC_mgL_mod",1.98732438771456
2022-04-12,"CCS","Q_m3day_mod",8598.691931
2022-04-12,"CCS","DOC_mgL_mod",2.96110736427313
2022-04-12,"HPB","Q_m3day_mod",2379.303486
2022-04-12,"HPB","DOC_mgL_mod",2.52033338129611
2022-04-12,"CCR dam","Q_m3day_mod",36110.960456
2022-04-12,"CCR dam","DOC_mgL_mod",2.23048401324416
2022-04-13,"SMB","Q_m3day_mod",3372.318392
2022-04-13,"SMB","DOC_mgL_mod",2.10664865359486
2022-04-13,"CCS","Q_m3day_mod",8063.072883
2022-04-13,"CCS","DOC_mgL_mod",3.08517985152386
2022-04-13,"HPB","Q_m3day_mod",2177.824317
2022-04-13,"HPB","DOC_mgL_mod",2.70011127807606
2022-04-13,"CCR dam","Q_m3day_mod",33512.621589
2022-04-13,"CCR dam","DOC_mgL_mod",2.34926085358365
2022-04-14,"SMB","Q_m3day_mod",3120.890624
2022-04-14,"SMB","DOC_mgL_mod",2.22298178175436
2022-04-14,"CCS","Q_m3day_mod",7591.986978
2022-04-14,"CCS","DOC_mgL_mod",3.20242646232842
2022-04-14,"HPB","Q_m3day_mod",2006.003759
2022-04-14,"HPB","DOC_mgL_mod",2.87344476506537
2022-04-14,"CCR dam","Q_m3day_mod",31230.432297
2022-04-14,"CCR dam","DOC_mgL_mod",2.4510598915838
2022-04-15,"SMB","Q_m3day_mod",2900.386209
2022-04-15,"SMB","DOC_mgL_mod",2.33393124646456
2022-04-15,"CCS","Q_m3day_mod",7177.72132
2022-04-15,"CCS","DOC_mgL_mod",3.31421058849356
2022-04-15,"HPB","Q_m3day_mod",1857.95049
2022-04-15,"HPB","DOC_mgL_mod",3.03535321869637
2022-04-15,"CCR dam","Q_m3day_mod",29222.650901
2022-04-15,"CCR dam","DOC_mgL_mod",2.57437185472539
2022-04-16,"SMB","Q_m3day_mod",2712.819776
2022-04-16,"SMB","DOC_mgL_mod",2.44666492729077
2022-04-16,"CCS","Q_m3day_mod",6839.777705
2022-04-16,"CCS","DOC_mgL_mod",3.40728763494222
2022-04-16,"HPB","Q_m3day_mod",1734.28826
2022-04-16,"HPB","DOC_mgL_mod",3.20772741666371
2022-04-16,"CCR dam","Q_m3day_mod",27510.66038
2022-04-16,"CCR dam","DOC_mgL_mod",2.66211057780504
2022-04-17,"SMB","Q_m3day_mod",2545.779153
2022-04-17,"SMB","DOC_mgL_mod",2.54485978972898
2022-04-17,"CCS","Q_m3day_mod",6518.183317
2022-04-17,"CCS","DOC_mgL_mod",3.50109361614323
2022-04-17,"HPB","Q_m3day_mod",1629.074211
2022-04-17,"HPB","DOC_mgL_mod",3.34432339743177
2022-04-17,"CCR dam","Q_m3day_mod",25933.103746
2022-04-17,"CCR dam","DOC_mgL_mod",2.86536508424918
2022-04-18,"SMB","Q_m3day_mod",4133.0854
2022-04-18,"SMB","DOC_mgL_mod",3.82107275112196
2022-04-18,"CCS","Q_m3day_mod",11900.710436
2022-04-18,"CCS","DOC_mgL_mod",3.72113498922208
2022-04-18,"HPB","Q_m3day_mod",1930.691126
2022-04-18,"HPB","DOC_mgL_mod",4.7910910634185
2022-04-18,"CCR dam","Q_m3day_mod",39001.383009
2022-04-18,"CCR dam","DOC_mgL_mod",3.28887311433033
2022-04-19,"SMB","Q_m3day_mod",5379.881825
2022-04-19,"SMB","DOC_mgL_mod",1.5605814910256
2022-04-19,"CCS","Q_m3day_mod",14478.214688
2022-04-19,"CCS","DOC_mgL_mod",2.17228785991601
2022-04-19,"HPB","Q_m3day_mod",2881.723819
2022-04-19,"HPB","DOC_mgL_mod",2.62073101877637
2022-04-19,"CCR dam","Q_m3day_mod",51021.746716
2022-04-19,"CCR dam","DOC_mgL_mod",1.94402046939125
2022-04-20,"SMB","Q_m3day_mod",4740.906993
2022-04-20,"SMB","DOC_mgL_mod",1.74106537255159
2022-04-20,"CCS","Q_m3day_mod",11087.563379
2022-04-20,"CCS","DOC_mgL_mod",2.77756788820968
2022-04-20,"HPB","Q_m3day_mod",3317.355675
2022-04-20,"HPB","DOC_mgL_mod",2.24867054691083
2022-04-20,"CCR dam","Q_m3day_mod",47497.158076
2022-04-20,"CCR dam","DOC_mgL_mod",2.05719824002213
2022-04-21,"SMB","Q_m3day_mod",4327.789015
2022-04-21,"SMB","DOC_mgL_mod",1.86237452243267
2022-04-21,"CCS","Q_m3day_mod",10320.190314
2022-04-21,"CCS","DOC_mgL_mod",2.90833783939849
2022-04-21,"HPB","Q_m3day_mod",3009.149445
2022-04-21,"HPB","DOC_mgL_mod",2.42941805769969
2022-04-21,"CCR dam","Q_m3day_mod",44001.201997
2022-04-21,"CCR dam","DOC_mgL_mod",2.14847017148407
2022-04-22,"SMB","Q_m3day_mod",3961.897632
2022-04-22,"SMB","DOC_mgL_mod",1.98661190446427
2022-04-22,"CCS","Q_m3day_mod",9639.597821
2022-04-22,"CCS","DOC_mgL_mod",3.03684038936006
2022-04-22,"HPB","Q_m3day_mod",2741.122951
2022-04-22,"HPB","DOC_mgL_mod",2.61320456179713
2022-04-22,"CCR dam","Q_m3day_mod",40655.045555
2022-04-22,"CCR dam","DOC_mgL_mod",2.27223629291048
2022-04-23,"SMB","Q_m3day_mod",3645.889809
2022-04-23,"SMB","DOC_mgL_mod",2.11286281362213
2022-04-23,"CCS","Q_m3day_mod",9046.883211
2022-04-23,"CCS","DOC_mgL_mod",3.15908797907881
2022-04-23,"HPB","Q_m3day_mod",2516.124928
2022-04-23,"HPB","DOC_mgL_mod",2.80123054366878
2022-04-23,"CCR dam","Q_m3day_mod",37734.962948
2022-04-23,"CCR dam","DOC_mgL_mod",2.37687844356963
2022-04-24,"SMB","Q_m3day_mod",3370.060366
2022-04-24,"SMB","DOC_mgL_mod",2.22928232259446
2022-04-24,"CCS","Q_m3day_mod",8520.869909
2022-04-24,"CCS","DOC_mgL_mod",3.27426780340017
2022-04-24,"HPB","Q_m3day_mod",2323.337973
2022-04-24,"HPB","DOC_mgL_mod",2.96653310026195
2022-04-24,"CCR dam","Q_m3day_mod",35094.66026
2022-04-24,"CCR dam","DOC_mgL_mod",2.53871726752542
2022-04-25,"SMB","Q_m3day_mod",3126.442021
2022-04-25,"SMB","DOC_mgL_mod",2.34329437449689
2022-04-25,"CCS","Q_m3day_mod",8051.600299
2022-04-25,"CCS","DOC_mgL_mod",3.38498422523346
2022-04-25,"HPB","Q_m3day_mod",2155.22692
2022-04-25,"HPB","DOC_mgL_mod",3.13154356850739
2022-04-25,"CCR dam","Q_m3day_mod",32739.943675
2022-04-25,"CCR dam","DOC_mgL_mod",2.63877637840805
2022-04-26,"SMB","Q_m3day_mod",3299.513121
2022-04-26,"SMB","DOC_mgL_mod",2.5977863053329
2022-04-26,"CCS","Q_m3day_mod",9040.777391
2022-04-26,"CCS","DOC_mgL_mod",3.11049247025974
2022-04-26,"HPB","Q_m3day_mod",2082.860221
2022-04-26,"HPB","DOC_mgL_mod",3.51741174282093
2022-04-26,"CCR dam","Q_m3day_mod",34125.023627
2022-04-26,"CCR dam","DOC_mgL_mod",2.63511377993163
2022-04-27,"SMB","Q_m3day_mod",3448.160812
2022-04-27,"SMB","DOC_mgL_mod",2.05760937114902
2022-04-27,"CCS","Q_m3day_mod",9251.720677
2022-04-27,"CCS","DOC_mgL_mod",2.84642618593834
2022-04-27,"HPB","Q_m3day_mod",2202.674981
2022-04-27,"HPB","DOC_mgL_mod",2.98741623560485
2022-04-27,"CCR dam","Q_m3day_mod",35083.907895
2022-04-27,"CCR dam","DOC_mgL_mod",2.40751116588234
2022-04-28,"SMB","Q_m3day_mod",3185.604097
2022-04-28,"SMB","DOC_mgL_mod",2.17021318076237
2022-04-28,"CCS","Q_m3day_mod",8018.377763
2022-04-28,"CCS","DOC_mgL_mod",3.21220710239566
2022-04-28,"HPB","Q_m3day_mod",2227.919364
2022-04-28,"HPB","DOC_mgL_mod",2.88644557963454
2022-04-28,"CCR dam","Q_m3day_mod",32466.119323
2022-04-28,"CCR dam","DOC_mgL_mod",2.53023557212779
2022-04-29,"SMB","Q_m3day_mod",2952.52911
2022-04-29,"SMB","DOC_mgL_mod",2.28811427366418
2022-04-29,"CCS","Q_m3day_mod",7575.914163
2022-04-29,"CCS","DOC_mgL_mod",3.32851976110754
2022-04-29,"HPB","Q_m3day_mod",2062.411023
2022-04-29,"HPB","DOC_mgL_mod",3.05745553610727
2022-04-29,"CCR dam","Q_m3day_mod",30356.324029
2022-04-29,"CCR dam","DOC_mgL_mod",2.62482670575924
2022-04-30,"SMB","Q_m3day_mod",2848.698392
2022-04-30,"SMB","DOC_mgL_mod",2.32768481866016
2022-04-30,"CCS","Q_m3day_mod",7673.810344
2022-04-30,"CCS","DOC_mgL_mod",3.32111674090652
2022-04-30,"HPB","Q_m3day_mod",1925.487243
2022-04-30,"HPB","DOC_mgL_mod",3.23169058773141
2022-04-30,"CCR dam","Q_m3day_mod",29580.178263
2022-04-30,"CCR dam","DOC_mgL_mod",2.66018985079705
2022-05-01,"SMB","Q_m3day_mod",2957.925214
2022-05-01,"SMB","DOC_mgL_mod",2.3383883971314
2022-05-01,"CCS","Q_m3day_mod",8241.420434
2022-05-01,"CCS","DOC_mgL_mod",3.16685578766579
2022-05-01,"HPB","Q_m3day_mod",1929.713962
2022-05-01,"HPB","DOC_mgL_mod",3.34985812783377
2022-05-01,"CCR dam","Q_m3day_mod",30740.857678
2022-05-01,"CCR dam","DOC_mgL_mod",2.68007063638181
2022-05-02,"SMB","Q_m3day_mod",2980.058657
2022-05-02,"SMB","DOC_mgL_mod",2.192232687989
2022-05-02,"CCS","Q_m3day_mod",7957.564477
2022-05-02,"CCS","DOC_mgL_mod",3.06099184875006
2022-05-02,"HPB","Q_m3day_mod",2031.755302
2022-05-02,"HPB","DOC_mgL_mod",3.05724709756411
2022-05-02,"CCR dam","Q_m3day_mod",30577.265088
2022-05-02,"CCR dam","DOC_mgL_mod",2.56381824124506
2022-05-03,"SMB","Q_m3day_mod",2801.308135
2022-05-03,"SMB","DOC_mgL_mod",2.28751022421887
2022-05-03,"CCS","Q_m3day_mod",7242.081219
2022-05-03,"CCS","DOC_mgL_mod",3.30310159146532
2022-05-03,"HPB","Q_m3day_mod",1998.528282
2022-05-03,"HPB","DOC_mgL_mod",3.06316856015351
2022-05-03,"CCR dam","Q_m3day_mod",28654.621703
2022-05-03,"CCR dam","DOC_mgL_mod",2.68749944766982
2022-05-04,"SMB","Q_m3day_mod",2643.530567
2022-05-04,"SMB","DOC_mgL_mod",2.37850512435554
2022-05-04,"CCS","Q_m3day_mod",7017.499289
2022-05-04,"CCS","DOC_mgL_mod",3.35170108771777
2022-05-04,"HPB","Q_m3day_mod",1868.532378
2022-05-04,"HPB","DOC_mgL_mod",3.22842144510059
2022-05-04,"CCR dam","Q_m3day_mod",27282.99034
2022-05-04,"CCR dam","DOC_mgL_mod",2.77042102269791
2022-05-05,"SMB","Q_m3day_mod",2479.270737
2022-05-05,"SMB","DOC_mgL_mod",2.42149391367579
2022-05-05,"CCS","Q_m3day_mod",6645.242551
2022-05-05,"CCS","DOC_mgL_mod",3.36154170875801
2022-05-05,"HPB","Q_m3day_mod",1768.769823
2022-05-05,"HPB","DOC_mgL_mod",3.3196377073197
2022-05-05,"CCR dam","Q_m3day_mod",25735.526648
2022-05-05,"CCR dam","DOC_mgL_mod",2.81524839149272
2022-05-06,"SMB","Q_m3day_mod",2751.954573
2022-05-06,"SMB","DOC_mgL_mod",3.09424548048308
2022-05-06,"CCS","Q_m3day_mod",8110.633362
2022-05-06,"CCS","DOC_mgL_mod",3.40484630083073
2022-05-06,"HPB","Q_m3day_mod",1753.244771
2022-05-06,"HPB","DOC_mgL_mod",3.70653037584334
2022-05-06,"CCR dam","Q_m3day_mod",28677.87975
2022-05-06,"CCR dam","DOC_mgL_mod",2.95511665223438
2022-05-07,"SMB","Q_m3day_mod",5431.641283
2022-05-07,"SMB","DOC_mgL_mod",3.95036580695346
2022-05-07,"CCS","Q_m3day_mod",18015.571308
2022-05-07,"CCS","DOC_mgL_mod",4.64560898842187
2022-05-07,"HPB","Q_m3day_mod",2940.657028
2022-05-07,"HPB","DOC_mgL_mod",5.31680500348373
2022-05-07,"CCR dam","Q_m3day_mod",55054.691745
2022-05-07,"CCR dam","DOC_mgL_mod",3.92241411504428
2022-05-08,"SMB","Q_m3day_mod",6923.83811
2022-05-08,"SMB","DOC_mgL_mod",1.49799574097783
2022-05-08,"CCS","Q_m3day_mod",20360.226975
2022-05-08,"CCS","DOC_mgL_mod",2.03230543798984
2022-05-08,"HPB","Q_m3day_mod",4347.747633
2022-05-08,"HPB","DOC_mgL_mod",2.42485325504632
2022-05-08,"CCR dam","Q_m3day_mod",69261.958333
2022-05-08,"CCR dam","DOC_mgL_mod",1.81472056270338
2022-05-09,"SMB","Q_m3day_mod",5729.278365
2022-05-09,"SMB","DOC_mgL_mod",1.64185162610789
2022-05-09,"CCS","Q_m3day_mod",13445.061251
2022-05-09,"CCS","DOC_mgL_mod",2.5597414067147
2022-05-09,"HPB","Q_m3day_mod",4352.252768
2022-05-09,"HPB","DOC_mgL_mod",2.34484772461635
2022-05-09,"CCR dam","Q_m3day_mod",57736.785043
2022-05-09,"CCR dam","DOC_mgL_mod",1.95909938379421
2022-05-10,"SMB","Q_m3day_mod",5036.316655
2022-05-10,"SMB","DOC_mgL_mod",1.71441662458375
2022-05-10,"CCS","Q_m3day_mod",11627.464292
2022-05-10,"CCS","DOC_mgL_mod",2.6791997995155
2022-05-10,"HPB","Q_m3day_mod",3885.144379
2022-05-10,"HPB","DOC_mgL_mod",2.46274116651046
2022-05-10,"CCR dam","Q_m3day_mod",51536.22041
2022-05-10,"CCR dam","DOC_mgL_mod",2.01448222578339
2022-05-11,"SMB","Q_m3day_mod",4463.014576
2022-05-11,"SMB","DOC_mgL_mod",1.79135713403057
2022-05-11,"CCS","Q_m3day_mod",10363.031084
2022-05-11,"CCS","DOC_mgL_mod",2.74472977736366
2022-05-11,"HPB","Q_m3day_mod",3452.149381
2022-05-11,"HPB","DOC_mgL_mod",2.58463091113843
2022-05-11,"CCR dam","Q_m3day_mod",46126.265808
2022-05-11,"CCR dam","DOC_mgL_mod",2.06911308184516
2022-05-12,"SMB","Q_m3day_mod",4091.089637
2022-05-12,"SMB","DOC_mgL_mod",2.02491212245223
2022-05-12,"CCS","Q_m3day_mod",9862.283428
2022-05-12,"CCS","DOC_mgL_mod",3.23283651628593
2022-05-12,"HPB","Q_m3day_mod",3118.806116
2022-05-12,"HPB","DOC_mgL_mod",2.81429228799165
2022-05-12,"CCR dam","Q_m3day_mod",42811.118464
2022-05-12,"CCR dam","DOC_mgL_mod",2.3435617568452
2022-05-13,"SMB","Q_m3day_mod",3988.190397
2022-05-13,"SMB","DOC_mgL_mod",2.10958007579797
2022-05-13,"CCS","Q_m3day_mod",10483.994771
2022-05-13,"CCS","DOC_mgL_mod",3.19080853536225
2022-05-13,"HPB","Q_m3day_mod",2878.847783
2022-05-13,"HPB","DOC_mgL_mod",3.00247031157465
2022-05-13,"CCR dam","Q_m3day_mod",42341.36378
2022-05-13,"CCR dam","DOC_mgL_mod",2.47572091783955
2022-05-14,"SMB","Q_m3day_mod",4070.16755
2022-05-14,"SMB","DOC_mgL_mod",2.11598979506384
2022-05-14,"CCS","Q_m3day_mod",11254.060825
2022-05-14,"CCS","DOC_mgL_mod",2.8039843120361
2022-05-14,"HPB","Q_m3day_mod",2838.525788
2022-05-14,"HPB","DOC_mgL_mod",3.18199328615717
2022-05-14,"CCR dam","Q_m3day_mod",43426.607055
2022-05-14,"CCR dam","DOC_mgL_mod",2.37659828844761
2022-05-15,"SMB","Q_m3day_mod",4051.927674
2022-05-15,"SMB","DOC_mgL_mod",2.04732800470021
2022-05-15,"CCS","Q_m3day_mod",10774.046153
2022-05-15,"CCS","DOC_mgL_mod",2.87960711875744
2022-05-15,"HPB","Q_m3day_mod",2905.864697
2022-05-15,"HPB","DOC_mgL_mod",2.90475465313793
2022-05-15,"CCR dam","Q_m3day_mod",42787.991883
2022-05-15,"CCR dam","DOC_mgL_mod",2.33911655105658
2022-05-16,"SMB","Q_m3day_mod",3795.142198
2022-05-16,"SMB","DOC_mgL_mod",2.14365775392746
2022-05-16,"CCS","Q_m3day_mod",9626.495019
2022-05-16,"CCS","DOC_mgL_mod",3.15251085053306
2022-05-16,"HPB","Q_m3day_mod",2801.864642
2022-05-16,"HPB","DOC_mgL_mod",2.96446083636327
2022-05-16,"CCR dam","Q_m3day_mod",39855.447171
2022-05-16,"CCR dam","DOC_mgL_mod",2.46800342191549
2022-05-17,"SMB","Q_m3day_mod",3360.945803
2022-05-17,"SMB","DOC_mgL_mod",2.04886255346736
2022-05-17,"CCS","Q_m3day_mod",8255.861318
2022-05-17,"CCS","DOC_mgL_mod",2.79148584409397
2022-05-17,"HPB","Q_m3day_mod",2550.330344
2022-05-17,"HPB","DOC_mgL_mod",2.9829594498994
2022-05-17,"CCR dam","Q_m3day_mod",35442.731683
2022-05-17,"CCR dam","DOC_mgL_mod",2.31561355750029
2022-05-18,"SMB","Q_m3day_mod",2933.779457
2022-05-18,"SMB","DOC_mgL_mod",2.16818308711744
2022-05-18,"CCS","Q_m3day_mod",6967.509262
2022-05-18,"CCS","DOC_mgL_mod",3.04195935778578
2022-05-18,"HPB","Q_m3day_mod",2273.915699
2022-05-18,"HPB","DOC_mgL_mod",3.08215119983654
2022-05-18,"CCR dam","Q_m3day_mod",31007.737577
2022-05-18,"CCR dam","DOC_mgL_mod",2.44296636643972
2022-05-19,"SMB","Q_m3day_mod",2696.292057
2022-05-19,"SMB","DOC_mgL_mod",2.35606635546306
2022-05-19,"CCS","Q_m3day_mod",6760.985381
2022-05-19,"CCS","DOC_mgL_mod",3.56675375571264
2022-05-19,"HPB","Q_m3day_mod",2080.45125
2022-05-19,"HPB","DOC_mgL_mod",3.32142942546719
2022-05-19,"CCR dam","Q_m3day_mod",29163.765632
2022-05-19,"CCR dam","DOC_mgL_mod",2.73199047768291
2022-05-20,"SMB","Q_m3day_mod",2589.880034
2022-05-20,"SMB","DOC_mgL_mod",2.51641385486661
2022-05-20,"CCS","Q_m3day_mod",6967.868945
2022-05-20,"CCS","DOC_mgL_mod",3.53739288074397
2022-05-20,"HPB","Q_m3day_mod",1958.527807
2022-05-20,"HPB","DOC_mgL_mod",3.48327145298479
2022-05-20,"CCR dam","Q_m3day_mod",28540.834458
2022-05-20,"CCR dam","DOC_mgL_mod",2.85884107978943
2022-05-21,"SMB","Q_m3day_mod",2483.473451
2022-05-21,"SMB","DOC_mgL_mod",2.59700179094043
2022-05-21,"CCS","Q_m3day_mod",6774.240325
2022-05-21,"CCS","DOC_mgL_mod",3.59122039267185
2022-05-21,"HPB","Q_m3day_mod",1858.2608
2022-05-21,"HPB","DOC_mgL_mod",3.62216433775065
2022-05-21,"CCR dam","Q_m3day_mod",27341.965833
2022-05-21,"CCR dam","DOC_mgL_mod",2.94311683700801
2022-05-22,"SMB","Q_m3day_mod",2341.917298
2022-05-22,"SMB","DOC_mgL_mod",2.72549504863002
2022-05-22,"CCS","Q_m3day_mod",6433.405268
2022-05-22,"CCS","DOC_mgL_mod",3.73269194145846
2022-05-22,"HPB","Q_m3day_mod",1771.924209
2022-05-22,"HPB","DOC_mgL_mod",3.75132636386933
2022-05-22,"CCR dam","Q_m3day_mod",25903.572903
2022-05-22,"CCR dam","DOC_mgL_mod",3.06025042556269
2022-05-23,"SMB","Q_m3day_mod",2628.670992
2022-05-23,"SMB","DOC_mgL_mod",3.00466244122498
2022-05-23,"CCS","Q_m3day_mod",8440.51437
2022-05-23,"CCS","DOC_mgL_mod",3.4256478613163
2022-05-23,"HPB","Q_m3day_mod",1699.72375
2022-05-23,"HPB","DOC_mgL_mod",3.88641036521376
2022-05-23,"CCR dam","Q_m3day_mod",29953.742507
2022-05-23,"CCR dam","DOC_mgL_mod",2.93496847612465
2022-05-24,"SMB","Q_m3day_mod",9845.103925
2022-05-24,"SMB","DOC_mgL_mod",5.31287129099554
2022-05-24,"CCS","Q_m3day_mod",34208.96266
2022-05-24,"CCS","DOC_mgL_mod",6.21499699108386
2022-05-24,"HPB","Q_m3day_mod",4199.445022
2022-05-24,"HPB","DOC_mgL_mod",6.91501611471746
2022-05-24,"CCR dam","Q_m3day_mod",101613.890615
2022-05-24,"CCR dam","DOC_mgL_mod",5.13008897548352
2022-05-25,"SMB","Q_m3day_mod",13284.18911
2022-05-25,"SMB","DOC_mgL_mod",1.00200169462959
2022-05-25,"CCS","Q_m3day_mod",39026.831159
2022-05-25,"CCS","DOC_mgL_mod",1.15730969332324
2022-05-25,"HPB","Q_m3day_mod",7216.562456
2022-05-25,"HPB","DOC_mgL_mod",2.16147786360958
2022-05-25,"CCR dam","Q_m3day_mod",131849.470244
2022-05-25,"CCR dam","DOC_mgL_mod",1.1553652791937
2022-05-26,"SMB","Q_m3day_mod",9688.878775
2022-05-26,"SMB","DOC_mgL_mod",1.68269005925301
2022-05-26,"CCS","Q_m3day_mod",20293.133888
2022-05-26,"CCS","DOC_mgL_mod",2.70593937353714
2022-05-26,"HPB","Q_m3day_mod",7393.474229
2022-05-26,"HPB","DOC_mgL_mod",2.22037021994467
2022-05-26,"CCR dam","Q_m3day_mod",94771.430878
2022-05-26,"CCR dam","DOC_mgL_mod",1.92634318495216
2022-05-27,"SMB","Q_m3day_mod",10331.584942
2022-05-27,"SMB","DOC_mgL_mod",1.9892823913638
2022-05-27,"CCS","Q_m3day_mod",23474.811712
2022-05-27,"CCS","DOC_mgL_mod",2.90290975859734
2022-05-27,"HPB","Q_m3day_mod",7126.829484
2022-05-27,"HPB","DOC_mgL_mod",2.48577015063603
2022-05-27,"CCR dam","Q_m3day_mod",101480.803415
2022-05-27,"CCR dam","DOC_mgL_mod",2.12580697767823
2022-05-28,"SMB","Q_m3day_mod",10233.18457
2022-05-28,"SMB","DOC_mgL_mod",1.77978906521374
2022-05-28,"CCS","Q_m3day_mod",23326.465394
2022-05-28,"CCS","DOC_mgL_mod",2.47823915983728
2022-05-28,"HPB","Q_m3day_mod",7030.24389
2022-05-28,"HPB","DOC_mgL_mod",2.58731422189679
2022-05-28,"CCR dam","Q_m3day_mod",100178.37321
2022-05-28,"CCR dam","DOC_mgL_mod",1.93856312273011
2022-05-29,"SMB","Q_m3day_mod",8411.165064
2022-05-29,"SMB","DOC_mgL_mod",1.59607972235129
2022-05-29,"CCS","Q_m3day_mod",17236.733589
2022-05-29,"CCS","DOC_mgL_mod",2.01753364814972
2022-05-29,"HPB","Q_m3day_mod",6313.675148
2022-05-29,"HPB","DOC_mgL_mod",2.36369620707004
2022-05-29,"CCR dam","Q_m3day_mod",83345.081336
2022-05-29,"CCR dam","DOC_mgL_mod",1.70180408641266
2022-05-30,"SMB","Q_m3day_mod",7042.489506
2022-05-30,"SMB","DOC_mgL_mod",1.72756664949726
2022-05-30,"CCS","Q_m3day_mod",13520.988672
2022-05-30,"CCS","DOC_mgL_mod",2.33801911730497
2022-05-30,"HPB","Q_m3day_mod",5358.602043
2022-05-30,"HPB","DOC_mgL_mod",2.50848446892215
2022-05-30,"CCR dam","Q_m3day_mod",70707.872778
2022-05-30,"CCR dam","DOC_mgL_mod",1.83822104800246
2022-05-31,"SMB","Q_m3day_mod",6255.360209
2022-05-31,"SMB","DOC_mgL_mod",1.82620498553611
2022-05-31,"CCS","Q_m3day_mod",12200.798923
2022-05-31,"CCS","DOC_mgL_mod",2.55096409640256
2022-05-31,"HPB","Q_m3day_mod",4700.955096
2022-05-31,"HPB","DOC_mgL_mod",2.64673023798651
2022-05-31,"CCR dam","Q_m3day_mod",63643.382115
2022-05-31,"CCR dam","DOC_mgL_mod",1.94470337507141
2022-06-01,"SMB","Q_m3day_mod",5748.934687
2022-06-01,"SMB","DOC_mgL_mod",2.04143735126069
2022-06-01,"CCS","Q_m3day_mod",11881.561849
2022-06-01,"CCS","DOC_mgL_mod",3.10703680788457
2022-06-01,"HPB","Q_m3day_mod",4235.806548
2022-06-01,"HPB","DOC_mgL_mod",2.88928681263279
2022-06-01,"CCR dam","Q_m3day_mod",59480.264857
2022-06-01,"CCR dam","DOC_mgL_mod",2.22411753407704
2022-06-02,"SMB","Q_m3day_mod",5383.724828
2022-06-02,"SMB","DOC_mgL_mod",2.17774317495263
2022-06-02,"CCS","Q_m3day_mod",11770.802469
2022-06-02,"CCS","DOC_mgL_mod",3.16155165274484
2022-06-02,"HPB","Q_m3day_mod",3905.846495
2022-06-02,"HPB","DOC_mgL_mod",3.08241760535446
2022-06-02,"CCR dam","Q_m3day_mod",56342.995539
2022-06-02,"CCR dam","DOC_mgL_mod",2.38635164342535
2022-06-03,"SMB","Q_m3day_mod",5042.262093
2022-06-03,"SMB","DOC_mgL_mod",2.37119169521123
2022-06-03,"CCS","Q_m3day_mod",11241.088996
2022-06-03,"CCS","DOC_mgL_mod",3.3141148525073
2022-06-03,"HPB","Q_m3day_mod",3628.373945
2022-06-03,"HPB","DOC_mgL_mod",3.27174105534483
2022-06-03,"CCR dam","Q_m3day_mod",52716.700807
2022-06-03,"CCR dam","DOC_mgL_mod",2.53742358592816
2022-06-04,"SMB","Q_m3day_mod",4453.174786
2022-06-04,"SMB","DOC_mgL_mod",2.13828301326415
2022-06-04,"CCS","Q_m3day_mod",9491.435425
2022-06-04,"CCS","DOC_mgL_mod",2.55943057211497
2022-06-04,"HPB","Q_m3day_mod",3296.06585
2022-06-04,"HPB","DOC_mgL_mod",3.23823324100154
2022-06-04,"CCR dam","Q_m3day_mod",46459.980547
2022-06-04,"CCR dam","DOC_mgL_mod",2.22913352051947
2022-06-05,"SMB","Q_m3day_mod",3761.52997
2022-06-05,"SMB","DOC_mgL_mod",2.23616136707266
2022-06-05,"CCS","Q_m3day_mod",7508.090529
2022-06-05,"CCS","DOC_mgL_mod",2.87575648117229
2022-06-05,"HPB","Q_m3day_mod",2904.63997
2022-06-05,"HPB","DOC_mgL_mod",3.29280120730419
2022-06-05,"CCR dam","Q_m3day_mod",39537.655383
2022-06-05,"CCR dam","DOC_mgL_mod",2.34812886856003
2022-06-06,"SMB","Q_m3day_mod",3304.192558
2022-06-06,"SMB","DOC_mgL_mod",2.26244199415693
2022-06-06,"CCS","Q_m3day_mod",6632.254047
2022-06-06,"CCS","DOC_mgL_mod",2.92672142267834
2022-06-06,"HPB","Q_m3day_mod",2561.904585
2022-06-06,"HPB","DOC_mgL_mod",3.36190194218338
2022-06-06,"CCR dam","Q_m3day_mod",35276.318801
2022-06-06,"CCR dam","DOC_mgL_mod",2.36535933555614
2022-06-07,"SMB","Q_m3day_mod",3329.39708
2022-06-07,"SMB","DOC_mgL_mod",2.45435909374919
2022-06-07,"CCS","Q_m3day_mod",7777.942273
2022-06-07,"CCS","DOC_mgL_mod",3.80189887788847
2022-06-07,"HPB","Q_m3day_mod",2340.000175
2022-06-07,"HPB","DOC_mgL_mod",3.63626682207406
2022-06-07,"CCR dam","Q_m3day_mod",36582.950443
2022-06-07,"CCR dam","DOC_mgL_mod",2.81040481303423
2022-06-08,"SMB","Q_m3day_mod",5088.902711
2022-06-08,"SMB","DOC_mgL_mod",3.26688501316094
2022-06-08,"CCS","Q_m3day_mod",15381.695081
2022-06-08,"CCS","DOC_mgL_mod",3.57155955248779
2022-06-08,"HPB","Q_m3day_mod",2936.323806
2022-06-08,"HPB","DOC_mgL_mod",4.18311154066228
2022-06-08,"CCR dam","Q_m3day_mod",58150.882046
2022-06-08,"CCR dam","DOC_mgL_mod",2.94680998758448
2022-06-09,"SMB","Q_m3day_mod",6783.025336
2022-06-09,"SMB","DOC_mgL_mod",1.49455139820813
2022-06-09,"CCS","Q_m3day_mod",18226.980222
2022-06-09,"CCS","DOC_mgL_mod",1.81491720499438
2022-06-09,"HPB","Q_m3day_mod",4131.399708
2022-06-09,"HPB","DOC_mgL_mod",2.22284447138272
2022-06-09,"CCR dam","Q_m3day_mod",72379.614888
2022-06-09,"CCR dam","DOC_mgL_mod",1.60025858356982
2022-06-10,"SMB","Q_m3day_mod",6368.506831
2022-06-10,"SMB","DOC_mgL_mod",1.21678208183428
2022-06-10,"CCS","Q_m3day_mod",13000.937845
2022-06-10,"CCS","DOC_mgL_mod",1.67158633162437
2022-06-10,"HPB","Q_m3day_mod",4398.045578
2022-06-10,"HPB","DOC_mgL_mod",1.81823831931193
2022-06-10,"CCR dam","Q_m3day_mod",62609.603185
2022-06-10,"CCR dam","DOC_mgL_mod",1.43672304924544
2022-06-11,"SMB","Q_m3day_mod",5436.513725
2022-06-11,"SMB","DOC_mgL_mod",1.30280973400835
2022-06-11,"CCS","Q_m3day_mod",10342.765335
2022-06-11,"CCS","DOC_mgL_mod",1.92270435960732
2022-06-11,"HPB","Q_m3day_mod",3849.450692
2022-06-11,"HPB","DOC_mgL_mod",1.8816978264077
2022-06-11,"CCR dam","Q_m3day_mod",53809.331263
2022-06-11,"CCR dam","DOC_mgL_mod",1.53853872658934
2022-06-12,"SMB","Q_m3day_mod",4949.117711
2022-06-12,"SMB","DOC_mgL_mod",1.5525621835427
2022-06-12,"CCS","Q_m3day_mod",9520.842153
2022-06-12,"CCS","DOC_mgL_mod",2.31597999900167
2022-06-12,"HPB","Q_m3day_mod",3385.979162
2022-06-12,"HPB","DOC_mgL_mod",2.11137300554952
2022-06-12,"CCR dam","Q_m3day_mod",49323.936894
2022-06-12,"CCR dam","DOC_mgL_mod",1.77187843273377
2022-06-13,"SMB","Q_m3day_mod",4602.714451
2022-06-13,"SMB","DOC_mgL_mod",1.65534666143468
2022-06-13,"CCS","Q_m3day_mod",9115.062874
2022-06-13,"CCS","DOC_mgL_mod",2.54543389559948
2022-06-13,"HPB","Q_m3day_mod",3051.814168
2022-06-13,"HPB","DOC_mgL_mod",2.31283512410773
2022-06-13,"CCR dam","Q_m3day_mod",46126.022136
2022-06-13,"CCR dam","DOC_mgL_mod",1.92334274432825
2022-06-14,"SMB","Q_m3day_mod",4220.029909
2022-06-14,"SMB","DOC_mgL_mod",1.78812500449508
2022-06-14,"CCS","Q_m3day_mod",8626.452786
2022-06-14,"CCS","DOC_mgL_mod",2.65802648769056
2022-06-14,"HPB","Q_m3day_mod",2771.566461
2022-06-14,"HPB","DOC_mgL_mod",2.51599811807652
2022-06-14,"CCR dam","Q_m3day_mod",42722.257648
2022-06-14,"CCR dam","DOC_mgL_mod",2.03597526883208
2022-06-15,"SMB","Q_m3day_mod",3965.978144
2022-06-15,"SMB","DOC_mgL_mod",1.88299575258577
2022-06-15,"CCS","Q_m3day_mod",8635.669942
2022-06-15,"CCS","DOC_mgL_mod",2.79022127545782
2022-06-15,"HPB","Q_m3day_mod",2536.335731
2022-06-15,"HPB","DOC_mgL_mod",2.71675666426197
2022-06-15,"CCR dam","Q_m3day_mod",40941.185226
2022-06-15,"CCR dam","DOC_mgL_mod",2.11750611325597
2022-06-16,"SMB","Q_m3day_mod",3824.241033
2022-06-16,"SMB","DOC_mgL_mod",1.93264596457772
2022-06-16,"CCS","Q_m3day_mod",8401.835775
2022-06-16,"CCS","DOC_mgL_mod",2.74431929133964
2022-06-16,"HPB","Q_m3day_mod",2451.249311
2022-06-16,"HPB","DOC_mgL_mod",2.77899231605332
2022-06-16,"CCR dam","Q_m3day_mod",39532.272708
2022-06-16,"CCR dam","DOC_mgL_mod",2.13493670407977
2022-06-17,"SMB","Q_m3day_mod",4566.748602
2022-06-17,"SMB","DOC_mgL_mod",2.72803499508248
2022-06-17,"CCS","Q_m3day_mod",12182.348229
2022-06-17,"CCS","DOC_mgL_mod",3.12800777680019
2022-06-17,"HPB","Q_m3day_mod",2511.334536
2022-06-17,"HPB","DOC_mgL_mod",3.1963674631678
2022-06-17,"CCR dam","Q_m3day_mod",49046.674921
2022-06-17,"CCR dam","DOC_mgL_mod",2.49377965370759
2022-06-18,"SMB","Q_m3day_mod",5378.873474
2022-06-18,"SMB","DOC_mgL_mod",1.44462535465098
2022-06-18,"CCS","Q_m3day_mod",13304.635257
2022-06-18,"CCS","DOC_mgL_mod",1.60514734808412
2022-06-18,"HPB","Q_m3day_mod",3114.530429
2022-06-18,"HPB","DOC_mgL_mod",2.3448247389077
2022-06-18,"CCR dam","Q_m3day_mod",55106.347213
2022-06-18,"CCR dam","DOC_mgL_mod",1.49901407329196
2022-06-19,"SMB","Q_m3day_mod",5002.096895
2022-06-19,"SMB","DOC_mgL_mod",1.32170930287427
2022-06-19,"CCS","Q_m3day_mod",9449.161612
2022-06-19,"CCS","DOC_mgL_mod",1.95784988760334
2022-06-19,"HPB","Q_m3day_mod",3420.405702
2022-06-19,"HPB","DOC_mgL_mod",1.89480709735994
2022-06-19,"CCR dam","Q_m3day_mod",47534.269323
2022-06-19,"CCR dam","DOC_mgL_mod",1.54676175835156
2022-06-20,"SMB","Q_m3day_mod",4302.319342
2022-06-20,"SMB","DOC_mgL_mod",1.33154434727221
2022-06-20,"CCS","Q_m3day_mod",8187.652598
2022-06-20,"CCS","DOC_mgL_mod",2.00297091305583
2022-06-20,"HPB","Q_m3day_mod",2937.837545
2022-06-20,"HPB","DOC_mgL_mod",1.96283249555925
2022-06-20,"CCR dam","Q_m3day_mod",41958.061063
2022-06-20,"CCR dam","DOC_mgL_mod",1.55655738957853
2022-06-21,"SMB","Q_m3day_mod",3845.286631
2022-06-21,"SMB","DOC_mgL_mod",1.53018814060938
2022-06-21,"CCS","Q_m3day_mod",7315.120703
2022-06-21,"CCS","DOC_mgL_mod",2.22344519801699
2022-06-21,"HPB","Q_m3day_mod",2556.010037
2022-06-21,"HPB","DOC_mgL_mod",2.12792865492179
2022-06-21,"CCR dam","Q_m3day_mod",37727.412367
2022-06-21,"CCR dam","DOC_mgL_mod",1.72759582252746
2022-06-22,"SMB","Q_m3day_mod",3596.257041
2022-06-22,"SMB","DOC_mgL_mod",1.71354853942433
2022-06-22,"CCS","Q_m3day_mod",6840.719884
2022-06-22,"CCS","DOC_mgL_mod",2.5110003466413
2022-06-22,"HPB","Q_m3day_mod",2286.015518
2022-06-22,"HPB","DOC_mgL_mod",2.353613069393
2022-06-22,"CCR dam","Q_m3day_mod",35098.937132
2022-06-22,"CCR dam","DOC_mgL_mod",1.88939766895503
2022-06-23,"SMB","Q_m3day_mod",3367.120095
2022-06-23,"SMB","DOC_mgL_mod",1.8140941895926
2022-06-23,"CCS","Q_m3day_mod",6542.141531
2022-06-23,"CCS","DOC_mgL_mod",2.63562625759403
2022-06-23,"HPB","Q_m3day_mod",2081.725471
2022-06-23,"HPB","DOC_mgL_mod",2.55812117120414
2022-06-23,"CCR dam","Q_m3day_mod",33048.373807
2022-06-23,"CCR dam","DOC_mgL_mod",2.0870869593405
2022-06-24,"SMB","Q_m3day_mod",3039.052796
2022-06-24,"SMB","DOC_mgL_mod",1.80721539528002
2022-06-24,"CCS","Q_m3day_mod",5997.047943
2022-06-24,"CCS","DOC_mgL_mod",2.60900698955776
2022-06-24,"HPB","Q_m3day_mod",1890.391848
2022-06-24,"HPB","DOC_mgL_mod",2.67300983409658
2022-06-24,"CCR dam","Q_m3day_mod",30258.009866
2022-06-24,"CCR dam","DOC_mgL_mod",2.07240563003655
2022-06-25,"SMB","Q_m3day_mod",2775.981343
2022-06-25,"SMB","DOC_mgL_mod",2.06979741217951
2022-06-25,"CCS","Q_m3day_mod",5521.495021
2022-06-25,"CCS","DOC_mgL_mod",3.01518156526107
2022-06-25,"HPB","Q_m3day_mod",1725.6918
2022-06-25,"HPB","DOC_mgL_mod",2.8993775134123
2022-06-25,"CCR dam","Q_m3day_mod",27819.909511
2022-06-25,"CCR dam","DOC_mgL_mod",2.30065521869123
2022-06-26,"SMB","Q_m3day_mod",2727.553931
2022-06-26,"SMB","DOC_mgL_mod",2.08702417770818
2022-06-26,"CCS","Q_m3day_mod",5901.696195
2022-06-26,"CCS","DOC_mgL_mod",3.14666993799738
2022-06-26,"HPB","Q_m3day_mod",1603.55562
2022-06-26,"HPB","DOC_mgL_mod",3.09221079590616
2022-06-26,"CCR dam","Q_m3day_mod",27847.384791
2022-06-26,"CCR dam","DOC_mgL_mod",2.40601480185149
2022-06-27,"SMB","Q_m3day_mod",2764.031554
2022-06-27,"SMB","DOC_mgL_mod",2.03981209687739
2022-06-27,"CCS","Q_m3day_mod",6113.382278
2022-06-27,"CCS","DOC_mgL_mod",2.81557887553388
2022-06-27,"HPB","Q_m3day_mod",1641.447084
2022-06-27,"HPB","DOC_mgL_mod",2.9942311560986
2022-06-27,"CCR dam","Q_m3day_mod",28215.867777
2022-06-27,"CCR dam","DOC_mgL_mod",2.27162710381877
2022-06-28,"SMB","Q_m3day_mod",2540.761577
2022-06-28,"SMB","DOC_mgL_mod",1.76671004498585
2022-06-28,"CCS","Q_m3day_mod",5254.359382
2022-06-28,"CCS","DOC_mgL_mod",2.49709032940298
2022-06-28,"HPB","Q_m3day_mod",1628.748313
2022-06-28,"HPB","DOC_mgL_mod",2.71395768438779
2022-06-28,"CCR dam","Q_m3day_mod",25750.56893
2022-06-28,"CCR dam","DOC_mgL_mod",2.05137021025034
2022-06-29,"SMB","Q_m3day_mod",2172.051554
2022-06-29,"SMB","DOC_mgL_mod",1.90566333123049
2022-06-29,"CCS","Q_m3day_mod",4406.886318
2022-06-29,"CCS","DOC_mgL_mod",2.77654314567231
2022-06-29,"HPB","Q_m3day_mod",1436.236843
2022-06-29,"HPB","DOC_mgL_mod",2.82473188163437
2022-06-29,"CCR dam","Q_m3day_mod",22461.924589
2022-06-29,"CCR dam","DOC_mgL_mod",2.16772787243017
2022-06-30,"SMB","Q_m3day_mod",2013.192486
2022-06-30,"SMB","DOC_mgL_mod",2.13113501557148
2022-06-30,"CCS","Q_m3day_mod",4168.501738
2022-06-30,"CCS","DOC_mgL_mod",3.10939536904662
2022-06-30,"HPB","Q_m3day_mod",1304.874804
2022-06-30,"HPB","DOC_mgL_mod",3.08537415823993
2022-06-30,"CCR dam","Q_m3day_mod",20881.269138
2022-06-30,"CCR dam","DOC_mgL_mod",2.3420664556735
2022-07-01,"SMB","Q_m3day_mod",1897.573097
2022-07-01,"SMB","DOC_mgL_mod",2.17024261490149
2022-07-01,"CCS","Q_m3day_mod",3956.502179
2022-07-01,"CCS","DOC_mgL_mod",3.07053034482861
2022-07-01,"HPB","Q_m3day_mod",1207.212967
2022-07-01,"HPB","DOC_mgL_mod",3.1790529963716
2022-07-01,"CCR dam","Q_m3day_mod",19653.961311
2022-07-01,"CCR dam","DOC_mgL_mod",2.47322660459266
2022-07-02,"SMB","Q_m3day_mod",1882.800366
2022-07-02,"SMB","DOC_mgL_mod",2.3171017378058
2022-07-02,"CCS","Q_m3day_mod",3971.534575
2022-07-02,"CCS","DOC_mgL_mod",3.35567014420364
2022-07-02,"HPB","Q_m3day_mod",1122.27788
2022-07-02,"HPB","DOC_mgL_mod",3.3934376395265
2022-07-02,"CCR dam","Q_m3day_mod",19373.105273
2022-07-02,"CCR dam","DOC_mgL_mod",2.58184112950182
2022-07-03,"SMB","Q_m3day_mod",2003.571174
2022-07-03,"SMB","DOC_mgL_mod",2.16343949057035
2022-07-03,"CCS","Q_m3day_mod",4386.544185
2022-07-03,"CCS","DOC_mgL_mod",3.04868694717138
2022-07-03,"HPB","Q_m3day_mod",1158.500151
2022-07-03,"HPB","DOC_mgL_mod",3.26461243594607
2022-07-03,"CCR dam","Q_m3day_mod",20486.529631
2022-07-03,"CCR dam","DOC_mgL_mod",2.45755434945975
2022-07-04,"SMB","Q_m3day_mod",1956.218252
2022-07-04,"SMB","DOC_mgL_mod",1.89940411618243
2022-07-04,"CCS","Q_m3day_mod",4205.035676
2022-07-04,"CCS","DOC_mgL_mod",2.67096188127561
2022-07-04,"HPB","Q_m3day_mod",1224.994419
2022-07-04,"HPB","DOC_mgL_mod",2.8936156320562
2022-07-04,"CCR dam","Q_m3day_mod",20047.053072
2022-07-04,"CCR dam","DOC_mgL_mod",2.21408951433338
2022-07-05,"SMB","Q_m3day_mod",1899.363278
2022-07-05,"SMB","DOC_mgL_mod",2.35081727214482
2022-07-05,"CCS","Q_m3day_mod",4173.420411
2022-07-05,"CCS","DOC_mgL_mod",3.35870308274102
2022-07-05,"HPB","Q_m3day_mod",1180.50279
2022-07-05,"HPB","DOC_mgL_mod",2.98189130073975
2022-07-05,"CCR dam","Q_m3day_mod",19671.078719
2022-07-05,"CCR dam","DOC_mgL_mod",2.57875740952648
2022-07-06,"SMB","Q_m3day_mod",1988.23957
2022-07-06,"SMB","DOC_mgL_mod",2.01376537335488
2022-07-06,"CCS","Q_m3day_mod",4389.857074
2022-07-06,"CCS","DOC_mgL_mod",2.8664805682464
2022-07-06,"HPB","Q_m3day_mod",1215.193659
2022-07-06,"HPB","DOC_mgL_mod",2.87986361192821
2022-07-06,"CCR dam","Q_m3day_mod",20336.902831
2022-07-06,"CCR dam","DOC_mgL_mod",2.30449446454357
2022-07-07,"SMB","Q_m3day_mod",1957.651025
2022-07-07,"SMB","DOC_mgL_mod",2.03382980375678
2022-07-07,"CCS","Q_m3day_mod",4130.921133
2022-07-07,"CCS","DOC_mgL_mod",3.02792515211159
2022-07-07,"HPB","Q_m3day_mod",1244.134043
2022-07-07,"HPB","DOC_mgL_mod",2.7943741428511
2022-07-07,"CCR dam","Q_m3day_mod",19656.850373
2022-07-07,"CCR dam","DOC_mgL_mod",2.35483503825112
2022-07-08,"SMB","Q_m3day_mod",1839.520312
2022-07-08,"SMB","DOC_mgL_mod",2.15042420254613
2022-07-08,"CCS","Q_m3day_mod",3981.709684
2022-07-08,"CCS","DOC_mgL_mod",3.12289217116112
2022-07-08,"HPB","Q_m3day_mod",1154.753694
2022-07-08,"HPB","DOC_mgL_mod",2.99320713842202
2022-07-08,"CCR dam","Q_m3day_mod",18631.731314
2022-07-08,"CCR dam","DOC_mgL_mod",2.45756978931926
2022-07-09,"SMB","Q_m3day_mod",1824.955579
2022-07-09,"SMB","DOC_mgL_mod",2.15516533402702
2022-07-09,"CCS","Q_m3day_mod",4331.608741
2022-07-09,"CCS","DOC_mgL_mod",2.86002285542068
2022-07-09,"HPB","Q_m3day_mod",1079.884015
2022-07-09,"HPB","DOC_mgL_mod",3.18344743717685
2022-07-09,"CCR dam","Q_m3day_mod",19096.059267
2022-07-09,"CCR dam","DOC_mgL_mod",2.41849898737016
2022-07-10,"SMB","Q_m3day_mod",2163.792393
2022-07-10,"SMB","DOC_mgL_mod",1.82206805641543
2022-07-10,"CCS","Q_m3day_mod",6011.56278
2022-07-10,"CCS","DOC_mgL_mod",2.52924082413059
2022-07-10,"HPB","Q_m3day_mod",1153.244034
2022-07-10,"HPB","DOC_mgL_mod",2.96324793300426
2022-07-10,"CCR dam","Q_m3day_mod",23805.769706
2022-07-10,"CCR dam","DOC_mgL_mod",2.17322315719792
2022-07-11,"SMB","Q_m3day_mod",2665.273231
2022-07-11,"SMB","DOC_mgL_mod",1.29480233390751
2022-07-11,"CCS","Q_m3day_mod",6370.310583
2022-07-11,"CCS","DOC_mgL_mod",1.60870649342404
2022-07-11,"HPB","Q_m3day_mod",1597.820184
2022-07-11,"HPB","DOC_mgL_mod",1.95919167334789
2022-07-11,"CCR dam","Q_m3day_mod",27789.575721
2022-07-11,"CCR dam","DOC_mgL_mod",1.43545336569696
2022-07-12,"SMB","Q_m3day_mod",2856.347643
2022-07-12,"SMB","DOC_mgL_mod",1.50724020255401
2022-07-12,"CCS","Q_m3day_mod",5908.794373
2022-07-12,"CCS","DOC_mgL_mod",2.59120541915666
2022-07-12,"HPB","Q_m3day_mod",1828.685237
2022-07-12,"HPB","DOC_mgL_mod",1.70176853677963
2022-07-12,"CCR dam","Q_m3day_mod",28687.617063
2022-07-12,"CCR dam","DOC_mgL_mod",1.77372766403899
2022-07-13,"SMB","Q_m3day_mod",3009.666648
2022-07-13,"SMB","DOC_mgL_mod",1.24099989694274
2022-07-13,"CCS","Q_m3day_mod",6348.374067
2022-07-13,"CCS","DOC_mgL_mod",1.84367365194204
2022-07-13,"HPB","Q_m3day_mod",1873.636269
2022-07-13,"HPB","DOC_mgL_mod",1.65249096168089
2022-07-13,"CCR dam","Q_m3day_mod",30102.783036
2022-07-13,"CCR dam","DOC_mgL_mod",1.45296831683945
2022-07-14,"SMB","Q_m3day_mod",2958.434244
2022-07-14,"SMB","DOC_mgL_mod",1.11910177037553
2022-07-14,"CCS","Q_m3day_mod",5766.653719
2022-07-14,"CCS","DOC_mgL_mod",1.73666228076144
2022-07-14,"HPB","Q_m3day_mod",1903.299968
2022-07-14,"HPB","DOC_mgL_mod",1.51798142624673
2022-07-14,"CCR dam","Q_m3day_mod",28805.044535
2022-07-14,"CCR dam","DOC_mgL_mod",1.35790694412825
2022-07-15,"SMB","Q_m3day_mod",2589.975797
2022-07-15,"SMB","DOC_mgL_mod",1.19800887853625
2022-07-15,"CCS","Q_m3day_mod",4942.681751
2022-07-15,"CCS","DOC_mgL_mod",1.90413938710415
2022-07-15,"HPB","Q_m3day_mod",1661.777593
2022-07-15,"HPB","DOC_mgL_mod",1.61345297426934
2022-07-15,"CCR dam","Q_m3day_mod",25451.343242
2022-07-15,"CCR dam","DOC_mgL_mod",1.4287104477847
2022-07-16,"SMB","Q_m3day_mod",2322.748774
2022-07-16,"SMB","DOC_mgL_mod",1.33452443703668
2022-07-16,"CCS","Q_m3day_mod",4490.561669
2022-07-16,"CCS","DOC_mgL_mod",2.13721394057533
2022-07-16,"HPB","Q_m3day_mod",1458.869826
2022-07-16,"HPB","DOC_mgL_mod",1.82933593692684
2022-07-16,"CCR dam","Q_m3day_mod",23104.526029
2022-07-16,"CCR dam","DOC_mgL_mod",1.56882162198455
2022-07-17,"SMB","Q_m3day_mod",2115.400009
2022-07-17,"SMB","DOC_mgL_mod",1.46404840069186
2022-07-17,"CCS","Q_m3day_mod",4226.588163
2022-07-17,"CCS","DOC_mgL_mod",2.31488155994251
2022-07-17,"HPB","Q_m3day_mod",1305.482648
2022-07-17,"HPB","DOC_mgL_mod",2.03496998146237
2022-07-17,"CCR dam","Q_m3day_mod",21419.01564
2022-07-17,"CCR dam","DOC_mgL_mod",1.7560214079007
2022-07-18,"SMB","Q_m3day_mod",1949.586024
2022-07-18,"SMB","DOC_mgL_mod",1.62290863857773
2022-07-18,"CCS","Q_m3day_mod",3993.735143
2022-07-18,"CCS","DOC_mgL_mod",2.43829914887273
2022-07-18,"HPB","Q_m3day_mod",1178.534256
2022-07-18,"HPB","DOC_mgL_mod",2.24382446800935
2022-07-18,"CCR dam","Q_m3day_mod",20035.811444
2022-07-18,"CCR dam","DOC_mgL_mod",1.86755400970822
2022-07-19,"SMB","Q_m3day_mod",1822.852907
2022-07-19,"SMB","DOC_mgL_mod",1.78318886154647
2022-07-19,"CCS","Q_m3day_mod",3693.586447
2022-07-19,"CCS","DOC_mgL_mod",2.63289898301925
2022-07-19,"HPB","Q_m3day_mod",1073.458168
2022-07-19,"HPB","DOC_mgL_mod",2.45240017587718
2022-07-19,"CCR dam","Q_m3day_mod",18764.925334
2022-07-19,"CCR dam","DOC_mgL_mod",1.99476626385387
2022-07-20,"SMB","Q_m3day_mod",1672.626895
2022-07-20,"SMB","DOC_mgL_mod",1.78666982393584
2022-07-20,"CCS","Q_m3day_mod",3357.737585
2022-07-20,"CCS","DOC_mgL_mod",2.71013078587557
2022-07-20,"HPB","Q_m3day_mod",973.699198
2022-07-20,"HPB","DOC_mgL_mod",2.57669925697114
2022-07-20,"CCR dam","Q_m3day_mod",17240.961413
2022-07-20,"CCR dam","DOC_mgL_mod",2.02821287991708
2022-07-21,"SMB","Q_m3day_mod",1526.757315
2022-07-21,"SMB","DOC_mgL_mod",1.95522495335154
2022-07-21,"CCS","Q_m3day_mod",3119.085893
2022-07-21,"CCS","DOC_mgL_mod",2.98591584826228
2022-07-21,"HPB","Q_m3day_mod",886.860082
2022-07-21,"HPB","DOC_mgL_mod",2.81577562310443
2022-07-21,"CCR dam","Q_m3day_mod",15880.281269
2022-07-21,"CCR dam","DOC_mgL_mod",2.18245000909751
2022-07-22,"SMB","Q_m3day_mod",1423.581363
2022-07-22,"SMB","DOC_mgL_mod",2.05066185598835
2022-07-22,"CCS","Q_m3day_mod",2947.31022
2022-07-22,"CCS","DOC_mgL_mod",3.05836485716118
2022-07-22,"HPB","Q_m3day_mod",815.537459
2022-07-22,"HPB","DOC_mgL_mod",2.95628848606941
2022-07-22,"CCR dam","Q_m3day_mod",14825.039944
2022-07-22,"CCR dam","DOC_mgL_mod",2.30668316100154
2022-07-23,"SMB","Q_m3day_mod",1327.294397
2022-07-23,"SMB","DOC_mgL_mod",2.15130268496116
2022-07-23,"CCS","Q_m3day_mod",2756.350954
2022-07-23,"CCS","DOC_mgL_mod",3.19229232664688
2022-07-23,"HPB","Q_m3day_mod",748.021895
2022-07-23,"HPB","DOC_mgL_mod",3.11865603880485
2022-07-23,"CCR dam","Q_m3day_mod",13753.718617
2022-07-23,"CCR dam","DOC_mgL_mod",2.38136106401921
2022-07-24,"SMB","Q_m3day_mod",1254.243677
2022-07-24,"SMB","DOC_mgL_mod",2.30445411286694
2022-07-24,"CCS","Q_m3day_mod",2627.883548
2022-07-24,"CCS","DOC_mgL_mod",3.40194640923259
2022-07-24,"HPB","Q_m3day_mod",696.268983
2022-07-24,"HPB","DOC_mgL_mod",3.33796572408856
2022-07-24,"CCR dam","Q_m3day_mod",12943.747666
2022-07-24,"CCR dam","DOC_mgL_mod",2.50780305963978
2022-07-25,"SMB","Q_m3day_mod",1251.838784
2022-07-25,"SMB","DOC_mgL_mod",2.34407979486279
2022-07-25,"CCS","Q_m3day_mod",2727.994413
2022-07-25,"CCS","DOC_mgL_mod",3.49541918215065
2022-07-25,"HPB","Q_m3day_mod",658.402343
2022-07-25,"HPB","DOC_mgL_mod",3.51764392187164
2022-07-25,"CCR dam","Q_m3day_mod",12911.683493
2022-07-25,"CCR dam","DOC_mgL_mod",2.67551632741994
2022-07-26,"SMB","Q_m3day_mod",1275.297327
2022-07-26,"SMB","DOC_mgL_mod",2.29232739542941
2022-07-26,"CCS","Q_m3day_mod",2782.479938
2022-07-26,"CCS","DOC_mgL_mod",3.2333782095359
2022-07-26,"HPB","Q_m3day_mod",680.898351
2022-07-26,"HPB","DOC_mgL_mod",3.38996708775992
2022-07-26,"CCR dam","Q_m3day_mod",13092.500666
2022-07-26,"CCR dam","DOC_mgL_mod",2.55037603982811
2022-07-27,"SMB","Q_m3day_mod",1304.029296
2022-07-27,"SMB","DOC_mgL_mod",2.23167762329168
2022-07-27,"CCS","Q_m3day_mod",2881.991533
2022-07-27,"CCS","DOC_mgL_mod",3.11154592139463
2022-07-27,"HPB","Q_m3day_mod",699.738491
2022-07-27,"HPB","DOC_mgL_mod",3.28395111824712
2022-07-27,"CCR dam","Q_m3day_mod",13404.87923
2022-07-27,"CCR dam","DOC_mgL_mod",2.46651905121267
2022-07-28,"SMB","Q_m3day_mod",1352.723104
2022-07-28,"SMB","DOC_mgL_mod",2.14318140307301
2022-07-28,"CCS","Q_m3day_mod",2967.085813
2022-07-28,"CCS","DOC_mgL_mod",3.01916748101818
2022-07-28,"HPB","Q_m3day_mod",742.409807
2022-07-28,"HPB","DOC_mgL_mod",3.08415241610622
2022-07-28,"CCR dam","Q_m3day_mod",13796.612164
2022-07-28,"CCR dam","DOC_mgL_mod",2.37662765396556
2022-07-29,"SMB","Q_m3day_mod",1335.223215
2022-07-29,"SMB","DOC_mgL_mod",2.16092707764971
2022-07-29,"CCS","Q_m3day_mod",2844.84978
2022-07-29,"CCS","DOC_mgL_mod",3.13411240997055
2022-07-29,"HPB","Q_m3day_mod",778.080645
2022-07-29,"HPB","DOC_mgL_mod",2.93611467484839
2022-07-29,"CCR dam","Q_m3day_mod",13501.978341
2022-07-29,"CCR dam","DOC_mgL_mod",2.4066821305235
2022-07-30,"SMB","Q_m3day_mod",1232.317776
2022-07-30,"SMB","DOC_mgL_mod",2.15094763024825
2022-07-30,"CCS","Q_m3day_mod",2632.358142
2022-07-30,"CCS","DOC_mgL_mod",3.08050901988549
2022-07-30,"HPB","Q_m3day_mod",712.717286
2022-07-30,"HPB","DOC_mgL_mod",2.98876432751485
2022-07-30,"CCR dam","Q_m3day_mod",12547.663502
2022-07-30,"CCR dam","DOC_mgL_mod",2.38336722970243
2022-07-31,"SMB","Q_m3day_mod",1563.835106
2022-07-31,"SMB","DOC_mgL_mod",3.65167464145673
2022-07-31,"CCS","Q_m3day_mod",4645.24506
2022-07-31,"CCS","DOC_mgL_mod",5.62839197120851
2022-07-31,"HPB","Q_m3day_mod",655.555712
2022-07-31,"HPB","DOC_mgL_mod",3.25363956252127
2022-07-31,"CCR dam","Q_m3day_mod",17429.664331
2022-07-31,"CCR dam","DOC_mgL_mod",3.87365348625313
2022-08-01,"SMB","Q_m3day_mod",2761.97
2022-08-01,"SMB","DOC_mgL_mod",1.21342049334352
2022-08-01,"CCS","Q_m3day_mod",7060.943563
2022-08-01,"CCS","DOC_mgL_mod",1.75929744929474
2022-08-01,"HPB","Q_m3day_mod",1390.5763
2022-08-01,"HPB","DOC_mgL_mod",1.55406934520601
2022-08-01,"CCR dam","Q_m3day_mod",28298.400228
2022-08-01,"CCR dam","DOC_mgL_mod",1.36215367969316
2022-08-02,"SMB","Q_m3day_mod",3443.403119
2022-08-02,"SMB","DOC_mgL_mod",0.915760627212233
2022-08-02,"CCS","Q_m3day_mod",6682.483516
2022-08-02,"CCS","DOC_mgL_mod",1.41300266246702
2022-08-02,"HPB","Q_m3day_mod",2113.755087
2022-08-02,"HPB","DOC_mgL_mod",0.980897935031202
2022-08-02,"CCR dam","Q_m3day_mod",32137.737054
2022-08-02,"CCR dam","DOC_mgL_mod",1.04228527178863
2022-08-03,"SMB","Q_m3day_mod",3130.521237
2022-08-03,"SMB","DOC_mgL_mod",0.963464155538006
2022-08-03,"CCS","Q_m3day_mod",5761.119021
2022-08-03,"CCS","DOC_mgL_mod",1.56936993786159
2022-08-03,"HPB","Q_m3day_mod",1932.281501
2022-08-03,"HPB","DOC_mgL_mod",1.02043309889349
2022-08-03,"CCR dam","Q_m3day_mod",29004.230417
2022-08-03,"CCR dam","DOC_mgL_mod",1.09356943949147
2022-08-04,"SMB","Q_m3day_mod",2787.438485
2022-08-04,"SMB","DOC_mgL_mod",1.07632617406443
2022-08-04,"CCS","Q_m3day_mod",5192.589213
2022-08-04,"CCS","DOC_mgL_mod",1.74986401336192
2022-08-04,"HPB","Q_m3day_mod",1668.648535
2022-08-04,"HPB","DOC_mgL_mod",1.1776560244905
2022-08-04,"CCR dam","Q_m3day_mod",26134.899427
2022-08-04,"CCR dam","DOC_mgL_mod",1.2144798983695
2022-08-05,"SMB","Q_m3day_mod",2708.151446
2022-08-05,"SMB","DOC_mgL_mod",1.63126032206398
2022-08-05,"CCS","Q_m3day_mod",5413.785817
2022-08-05,"CCS","DOC_mgL_mod",2.50400929372415
2022-08-05,"HPB","Q_m3day_mod",1457.753825
2022-08-05,"HPB","DOC_mgL_mod",1.35296026405556
2022-08-05,"CCR dam","Q_m3day_mod",25884.249968
2022-08-05,"CCR dam","DOC_mgL_mod",1.61365231952391
2022-08-06,"SMB","Q_m3day_mod",3477.075019
2022-08-06,"SMB","DOC_mgL_mod",1.58904653187179
2022-08-06,"CCS","Q_m3day_mod",8722.906896
2022-08-06,"CCS","DOC_mgL_mod",3.36299932462331
2022-08-06,"HPB","Q_m3day_mod",1564.926437
2022-08-06,"HPB","DOC_mgL_mod",1.36634218033854
2022-08-06,"CCR dam","Q_m3day_mod",35109.803817
2022-08-06,"CCR dam","DOC_mgL_mod",2.03047275261282
2022-08-07,"SMB","Q_m3day_mod",4546.131316
2022-08-07,"SMB","DOC_mgL_mod",1.11822088862864
2022-08-07,"CCS","Q_m3day_mod",10253.997374
2022-08-07,"CCS","DOC_mgL_mod",1.39688937665609
2022-08-07,"HPB","Q_m3day_mod",2316.052988
2022-08-07,"HPB","DOC_mgL_mod",1.08860117323015
2022-08-07,"CCR dam","Q_m3day_mod",43362.844649
2022-08-07,"CCR dam","DOC_mgL_mod",1.10885737292396
2022-08-08,"SMB","Q_m3day_mod",4661.042904
2022-08-08,"SMB","DOC_mgL_mod",1.07495213049856
2022-08-08,"CCS","Q_m3day_mod",8444.333633
2022-08-08,"CCS","DOC_mgL_mod",1.67241260397509
2022-08-08,"HPB","Q_m3day_mod",2672.08297
2022-08-08,"HPB","DOC_mgL_mod",0.936258352786104
2022-08-08,"CCR dam","Q_m3day_mod",41334.92757
2022-08-08,"CCR dam","DOC_mgL_mod",1.18213198552848
2022-08-09,"SMB","Q_m3day_mod",4175.515619
2022-08-09,"SMB","DOC_mgL_mod",1.17895188263694
2022-08-09,"CCS","Q_m3day_mod",7573.577627
2022-08-09,"CCS","DOC_mgL_mod",1.82700312606171
2022-08-09,"HPB","Q_m3day_mod",2311.798603
2022-08-09,"HPB","DOC_mgL_mod",1.07015766719018
2022-08-09,"CCR dam","Q_m3day_mod",37389.488381
2022-08-09,"CCR dam","DOC_mgL_mod",1.28265782915528
2022-08-10,"SMB","Q_m3day_mod",4102.19964
2022-08-10,"SMB","DOC_mgL_mod",1.55768942537375
2022-08-10,"CCS","Q_m3day_mod",8322.218332
2022-08-10,"CCS","DOC_mgL_mod",2.42779859815867
2022-08-10,"HPB","Q_m3day_mod",2019.354462
2022-08-10,"HPB","DOC_mgL_mod",1.27783410419404
2022-08-10,"CCR dam","Q_m3day_mod",37417.410319
2022-08-10,"CCR dam","DOC_mgL_mod",1.63546085841559
2022-08-11,"SMB","Q_m3day_mod",4279.46001
2022-08-11,"SMB","DOC_mgL_mod",1.30645314757831
2022-08-11,"CCS","Q_m3day_mod",8670.732049
2022-08-11,"CCS","DOC_mgL_mod",1.80770203846949
2022-08-11,"HPB","Q_m3day_mod",2119.826371
2022-08-11,"HPB","DOC_mgL_mod",1.36330835371045
2022-08-11,"CCR dam","Q_m3day_mod",38678.601151
2022-08-11,"CCR dam","DOC_mgL_mod",1.38022002894021
2022-08-12,"SMB","Q_m3day_mod",4092.201842
2022-08-12,"SMB","DOC_mgL_mod",1.33785189767773
2022-08-12,"CCS","Q_m3day_mod",7509.305476
2022-08-12,"CCS","DOC_mgL_mod",2.04786182279422
2022-08-12,"HPB","Q_m3day_mod",2198.827077
2022-08-12,"HPB","DOC_mgL_mod",1.30007858730766
2022-08-12,"CCR dam","Q_m3day_mod",36272.757299
2022-08-12,"CCR dam","DOC_mgL_mod",1.45574182753004
2022-08-13,"SMB","Q_m3day_mod",3563.663225
2022-08-13,"SMB","DOC_mgL_mod",1.22402699823017
2022-08-13,"CCS","Q_m3day_mod",6578.352179
2022-08-13,"CCS","DOC_mgL_mod",1.91113665822482
2022-08-13,"HPB","Q_m3day_mod",1906.841806
2022-08-13,"HPB","DOC_mgL_mod",1.37884484791918
2022-08-13,"CCR dam","Q_m3day_mod",32084.53773
2022-08-13,"CCR dam","DOC_mgL_mod",1.37404067875283
2022-08-14,"SMB","Q_m3day_mod",3308.699874
2022-08-14,"SMB","DOC_mgL_mod",1.48527554240176
2022-08-14,"CCS","Q_m3day_mod",6415.698485
2022-08-14,"CCS","DOC_mgL_mod",2.67293889201528
2022-08-14,"HPB","Q_m3day_mod",1657.474566
2022-08-14,"HPB","DOC_mgL_mod",1.57223166705292
2022-08-14,"CCR dam","Q_m3day_mod",30448.123465
2022-08-14,"CCR dam","DOC_mgL_mod",1.73758688481461
2022-08-15,"SMB","Q_m3day_mod",3728.831188
2022-08-15,"SMB","DOC_mgL_mod",1.768719383496
2022-08-15,"CCS","Q_m3day_mod",7915.843086
2022-08-15,"CCS","DOC_mgL_mod",2.41951738960986
2022-08-15,"HPB","Q_m3day_mod",1679.711693
2022-08-15,"HPB","DOC_mgL_mod",1.63130614105929
2022-08-15,"CCR dam","Q_m3day_mod",34533.183512
2022-08-15,"CCR dam","DOC_mgL_mod",1.72552119266078
2022-08-16,"SMB","Q_m3day_mod",4535.729292
2022-08-16,"SMB","DOC_mgL_mod",1.88694285946376
2022-08-16,"CCS","Q_m3day_mod",9908.562583
2022-08-16,"CCS","DOC_mgL_mod",2.3640371450233
2022-08-16,"HPB","Q_m3day_mod",2031.355792
2022-08-16,"HPB","DOC_mgL_mod",1.64284120642121
2022-08-16,"CCR dam","Q_m3day_mod",41876.079716
2022-08-16,"CCR dam","DOC_mgL_mod",1.80193109077422
2022-08-17,"SMB","Q_m3day_mod",4865.194582
2022-08-17,"SMB","DOC_mgL_mod",1.38869964728576
2022-08-17,"CCS","Q_m3day_mod",9796.33287
2022-08-17,"CCS","DOC_mgL_mod",1.96640112740473
2022-08-17,"HPB","Q_m3day_mod",2444.464728
2022-08-17,"HPB","DOC_mgL_mod",1.57427675511954
2022-08-17,"CCR dam","Q_m3day_mod",44152.171518
2022-08-17,"CCR dam","DOC_mgL_mod",1.47961691925768
2022-08-18,"SMB","Q_m3day_mod",4370.961536
2022-08-18,"SMB","DOC_mgL_mod",1.26035311787287
2022-08-18,"CCS","Q_m3day_mod",8066.950286
2022-08-18,"CCS","DOC_mgL_mod",1.89330905218374
2022-08-18,"HPB","Q_m3day_mod",2451.198654
2022-08-18,"HPB","DOC_mgL_mod",1.45239023944079
2022-08-18,"CCR dam","Q_m3day_mod",39325.329491
2022-08-18,"CCR dam","DOC_mgL_mod",1.39368317339956
2022-08-19,"SMB","Q_m3day_mod",3893.293285
2022-08-19,"SMB","DOC_mgL_mod",1.55224961430051
2022-08-19,"CCS","Q_m3day_mod",7132.282804
2022-08-19,"CCS","DOC_mgL_mod",2.28803322140393
2022-08-19,"HPB","Q_m3day_mod",2135.705743
2022-08-19,"HPB","DOC_mgL_mod",1.64882967213148
2022-08-19,"CCR dam","Q_m3day_mod",35251.361871
2022-08-19,"CCR dam","DOC_mgL_mod",1.64897345562755
2022-08-20,"SMB","Q_m3day_mod",3495.204947
2022-08-20,"SMB","DOC_mgL_mod",1.42095244064668
2022-08-20,"CCS","Q_m3day_mod",6444.411634
2022-08-20,"CCS","DOC_mgL_mod",2.16348222178137
2022-08-20,"HPB","Q_m3day_mod",1868.090195
2022-08-20,"HPB","DOC_mgL_mod",1.74106636216245
2022-08-20,"CCR dam","Q_m3day_mod",31886.507233
2022-08-20,"CCR dam","DOC_mgL_mod",1.59249583621525
2022-08-21,"SMB","Q_m3day_mod",3215.902478
2022-08-21,"SMB","DOC_mgL_mod",1.6932917080827
2022-08-21,"CCS","Q_m3day_mod",6138.774418
2022-08-21,"CCS","DOC_mgL_mod",2.62798384522752
2022-08-21,"HPB","Q_m3day_mod",1640.849733
2022-08-21,"HPB","DOC_mgL_mod",1.9627848517924
2022-08-21,"CCR dam","Q_m3day_mod",29855.058032
2022-08-21,"CCR dam","DOC_mgL_mod",1.85606204284065
2022-08-22,"SMB","Q_m3day_mod",3176.923457
2022-08-22,"SMB","DOC_mgL_mod",1.68589834552001
2022-08-22,"CCS","Q_m3day_mod",6106.920384
2022-08-22,"CCS","DOC_mgL_mod",2.47623663796564
2022-08-22,"HPB","Q_m3day_mod",1578.0779
2022-08-22,"HPB","DOC_mgL_mod",2.02004222985443
2022-08-22,"CCR dam","Q_m3day_mod",29510.419047
2022-08-22,"CCR dam","DOC_mgL_mod",1.83449851775329
2022-08-23,"SMB","Q_m3day_mod",2890.058271
2022-08-23,"SMB","DOC_mgL_mod",1.54487784720518
2022-08-23,"CCS","Q_m3day_mod",5465.655024
2022-08-23,"CCS","DOC_mgL_mod",2.33305064882558
2022-08-23,"HPB","Q_m3day_mod",1506.68592
2022-08-23,"HPB","DOC_mgL_mod",1.95992871560119
2022-08-23,"CCR dam","Q_m3day_mod",27017.745647
2022-08-23,"CCR dam","DOC_mgL_mod",1.73031534943001
2022-08-24,"SMB","Q_m3day_mod",2511.929497
2022-08-24,"SMB","DOC_mgL_mod",1.63454786645232
2022-08-24,"CCS","Q_m3day_mod",4783.514764
2022-08-24,"CCS","DOC_mgL_mod",2.49859791171745
2022-08-24,"HPB","Q_m3day_mod",1316.919714
2022-08-24,"HPB","DOC_mgL_mod",2.08466542858664
2022-08-24,"CCR dam","Q_m3day_mod",23869.678632
2022-08-24,"CCR dam","DOC_mgL_mod",1.8145158411113
2022-08-25,"SMB","Q_m3day_mod",2340.776534
2022-08-25,"SMB","DOC_mgL_mod",1.94083798005128
2022-08-25,"CCS","Q_m3day_mod",4431.201553
2022-08-25,"CCS","DOC_mgL_mod",2.78517685381394
2022-08-25,"HPB","Q_m3day_mod",1170.515328
2022-08-25,"HPB","DOC_mgL_mod",2.32616518115344
2022-08-25,"CCR dam","Q_m3day_mod",22156.781624
2022-08-25,"CCR dam","DOC_mgL_mod",2.03792232853394
2022-08-26,"SMB","Q_m3day_mod",2233.229366
2022-08-26,"SMB","DOC_mgL_mod",2.00671282055853
2022-08-26,"CCS","Q_m3day_mod",4219.959282
2022-08-26,"CCS","DOC_mgL_mod",2.97869224795994
2022-08-26,"HPB","Q_m3day_mod",1062.838499
2022-08-26,"HPB","DOC_mgL_mod",2.54126662003801
2022-08-26,"CCR dam","Q_m3day_mod",20978.179234
2022-08-26,"CCR dam","DOC_mgL_mod",2.21403437743171
2022-08-27,"SMB","Q_m3day_mod",2018.229203
2022-08-27,"SMB","DOC_mgL_mod",1.95407538159579
2022-08-27,"CCS","Q_m3day_mod",3886.028871
2022-08-27,"CCS","DOC_mgL_mod",2.91812808819454
2022-08-27,"HPB","Q_m3day_mod",961.721664
2022-08-27,"HPB","DOC_mgL_mod",2.66504446758517
2022-08-27,"CCR dam","Q_m3day_mod",19160.230633
2022-08-27,"CCR dam","DOC_mgL_mod",2.19940932899939
2022-08-28,"SMB","Q_m3day_mod",1794.446631
2022-08-28,"SMB","DOC_mgL_mod",2.03937243759689
2022-08-28,"CCS","Q_m3day_mod",3515.135461
2022-08-28,"CCS","DOC_mgL_mod",3.07040798846756
2022-08-28,"HPB","Q_m3day_mod",862.99586
2022-08-28,"HPB","DOC_mgL_mod",2.80431241002709
2022-08-28,"CCR dam","Q_m3day_mod",17267.036857
2022-08-28,"CCR dam","DOC_mgL_mod",2.27312076328187
2022-08-29,"SMB","Q_m3day_mod",1699.601901
2022-08-29,"SMB","DOC_mgL_mod",2.33637829992048
2022-08-29,"CCS","Q_m3day_mod",3312.499296
2022-08-29,"CCS","DOC_mgL_mod",3.33021353795331
2022-08-29,"HPB","Q_m3day_mod",787.378221
2022-08-29,"HPB","DOC_mgL_mod",3.05332295951325
2022-08-29,"CCR dam","Q_m3day_mod",16223.070425
2022-08-29,"CCR dam","DOC_mgL_mod",2.47983205065819
2022-08-30,"SMB","Q_m3day_mod",1712.109962
2022-08-30,"SMB","DOC_mgL_mod",2.29272306517892
2022-08-30,"CCS","Q_m3day_mod",3433.294858
2022-08-30,"CCS","DOC_mgL_mod",3.31035068937269
2022-08-30,"HPB","Q_m3day_mod",733.759129
2022-08-30,"HPB","DOC_mgL_mod",3.25369989366088
2022-08-30,"CCR dam","Q_m3day_mod",16276.202499
2022-08-30,"CCR dam","DOC_mgL_mod",2.56197168857797
2022-08-31,"SMB","Q_m3day_mod",1670.931276
2022-08-31,"SMB","DOC_mgL_mod",2.02763635384846
2022-08-31,"CCS","Q_m3day_mod",3399.937066
2022-08-31,"CCS","DOC_mgL_mod",2.94042236839451
2022-08-31,"HPB","Q_m3day_mod",755.413139
2022-08-31,"HPB","DOC_mgL_mod",2.93540830244945
2022-08-31,"CCR dam","Q_m3day_mod",16012.166981
2022-08-31,"CCR dam","DOC_mgL_mod",2.31537930150193
2022-09-01,"SMB","Q_m3day_mod",1541.668963
2022-09-01,"SMB","DOC_mgL_mod",2.06179022623289
2022-09-01,"CCS","Q_m3day_mod",3050.688721
2022-09-01,"CCS","DOC_mgL_mod",3.07967965899855
2022-09-01,"HPB","Q_m3day_mod",757.847141
2022-09-01,"HPB","DOC_mgL_mod",2.7225226412776
2022-09-01,"CCR dam","Q_m3day_mod",14778.406586
2022-09-01,"CCR dam","DOC_mgL_mod",2.33738527891927
2022-09-02,"SMB","Q_m3day_mod",1406.288145
2022-09-02,"SMB","DOC_mgL_mod",2.11687129027174
2022-09-02,"CCS","Q_m3day_mod",2789.877069
2022-09-02,"CCS","DOC_mgL_mod",3.17366349162247
2022-09-02,"HPB","Q_m3day_mod",675.493765
2022-09-02,"HPB","DOC_mgL_mod",2.8417183095687
2022-09-02,"CCR dam","Q_m3day_mod",13523.907425
2022-09-02,"CCR dam","DOC_mgL_mod",2.37953787974854
2022-09-03,"SMB","Q_m3day_mod",1286.919595
2022-09-03,"SMB","DOC_mgL_mod",2.18181307589772
2022-09-03,"CCS","Q_m3day_mod",2565.521184
2022-09-03,"CCS","DOC_mgL_mod",3.27501018210263
2022-09-03,"HPB","Q_m3day_mod",604.426289
2022-09-03,"HPB","DOC_mgL_mod",2.974407355733
2022-09-03,"CCR dam","Q_m3day_mod",12419.319692
2022-09-03,"CCR dam","DOC_mgL_mod",2.42788741636332
2022-09-04,"SMB","Q_m3day_mod",1200.924377
2022-09-04,"SMB","DOC_mgL_mod",2.32715236156789
2022-09-04,"CCS","Q_m3day_mod",2439.031915
2022-09-04,"CCS","DOC_mgL_mod",3.5017512265722
2022-09-04,"HPB","Q_m3day_mod",553.668183
2022-09-04,"HPB","DOC_mgL_mod",3.23031565640824
2022-09-04,"CCR dam","Q_m3day_mod",11628.367064
2022-09-04,"CCR dam","DOC_mgL_mod",2.55866535999813
2022-09-05,"SMB","Q_m3day_mod",1514.96028
2022-09-05,"SMB","DOC_mgL_mod",3.64691013549213
2022-09-05,"CCS","Q_m3day_mod",3874.289217
2022-09-05,"CCS","DOC_mgL_mod",4.51670719966284
2022-09-05,"HPB","Q_m3day_mod",520.354336
2022-09-05,"HPB","DOC_mgL_mod",3.41826497242833
2022-09-05,"CCR dam","Q_m3day_mod",15879.394023
2022-09-05,"CCR dam","DOC_mgL_mod",3.63138227544944
2022-09-06,"SMB","Q_m3day_mod",2666.759563
2022-09-06,"SMB","DOC_mgL_mod",1.10824239312946
2022-09-06,"CCS","Q_m3day_mod",6050.480726
2022-09-06,"CCS","DOC_mgL_mod",1.69688996047551
2022-09-06,"HPB","Q_m3day_mod",1287.163394
2022-09-06,"HPB","DOC_mgL_mod",1.37504143471625
2022-09-06,"CCR dam","Q_m3day_mod",26775.019518
2022-09-06,"CCR dam","DOC_mgL_mod",1.31543246780165
2022-09-07,"SMB","Q_m3day_mod",3394.304182
2022-09-07,"SMB","DOC_mgL_mod",0.872379681144322
2022-09-07,"CCS","Q_m3day_mod",6376.86417
2022-09-07,"CCS","DOC_mgL_mod",1.40732698090384
2022-09-07,"HPB","Q_m3day_mod",2042.606395
2022-09-07,"HPB","DOC_mgL_mod",0.862076024196527
2022-09-07,"CCR dam","Q_m3day_mod",32104.045406
2022-09-07,"CCR dam","DOC_mgL_mod",1.0464740369985
2022-09-08,"SMB","Q_m3day_mod",3151.889084
2022-09-08,"SMB","DOC_mgL_mod",0.934130586937875
2022-09-08,"CCS","Q_m3day_mod",5789.816848
2022-09-08,"CCS","DOC_mgL_mod",1.58138974692486
2022-09-08,"HPB","Q_m3day_mod",1874.997943
2022-09-08,"HPB","DOC_mgL_mod",0.934466091838267
2022-09-08,"CCR dam","Q_m3day_mod",29812.35942
2022-09-08,"CCR dam","DOC_mgL_mod",1.12227447444346
2022-09-09,"SMB","Q_m3day_mod",2824.012519
2022-09-09,"SMB","DOC_mgL_mod",1.03483429352319
2022-09-09,"CCS","Q_m3day_mod",5260.335046
2022-09-09,"CCS","DOC_mgL_mod",1.67923429263635
2022-09-09,"HPB","Q_m3day_mod",1626.154846
2022-09-09,"HPB","DOC_mgL_mod",1.07175279419854
2022-09-09,"CCR dam","Q_m3day_mod",27173.844827
2022-09-09,"CCR dam","DOC_mgL_mod",1.20636075640751
2022-09-10,"SMB","Q_m3day_mod",2732.811263
2022-09-10,"SMB","DOC_mgL_mod",1.09584296601313
2022-09-10,"CCS","Q_m3day_mod",5739.443999
2022-09-10,"CCS","DOC_mgL_mod",2.5108512257478
2022-09-10,"HPB","Q_m3day_mod",1419.332821
2022-09-10,"HPB","DOC_mgL_mod",1.22870265113104
2022-09-10,"CCR dam","Q_m3day_mod",27407.546373
2022-09-10,"CCR dam","DOC_mgL_mod",1.48184625676707
2022-09-11,"SMB","Q_m3day_mod",3187.104155
2022-09-11,"SMB","DOC_mgL_mod",1.13868258566529
2022-09-11,"CCS","Q_m3day_mod",7252.925866
2022-09-11,"CCS","DOC_mgL_mod",2.26198644562294
2022-09-11,"HPB","Q_m3day_mod",1567.757959
2022-09-11,"HPB","DOC_mgL_mod",1.15890720858397
2022-09-11,"CCR dam","Q_m3day_mod",32602.692783
2022-09-11,"CCR dam","DOC_mgL_mod",1.38637934911832
2022-09-12,"SMB","Q_m3day_mod",3758.78441
2022-09-12,"SMB","DOC_mgL_mod",1.07849415071933
2022-09-12,"CCS","Q_m3day_mod",7760.048289
2022-09-12,"CCS","DOC_mgL_mod",1.68103335368304
2022-09-12,"HPB","Q_m3day_mod",2002.471936
2022-09-12,"HPB","DOC_mgL_mod",1.0008080332967
2022-09-12,"CCR dam","Q_m3day_mod",36968.014784
2022-09-12,"CCR dam","DOC_mgL_mod",1.13841817706194
2022-09-13,"SMB","Q_m3day_mod",3722.575883
2022-09-13,"SMB","DOC_mgL_mod",0.923670089762949
2022-09-13,"CCS","Q_m3day_mod",6916.467598
2022-09-13,"CCS","DOC_mgL_mod",1.43083139764316
2022-09-13,"HPB","Q_m3day_mod",2097.676117
2022-09-13,"HPB","DOC_mgL_mod",0.897302011852958
2022-09-13,"CCR dam","Q_m3day_mod",35590.335339
2022-09-13,"CCR dam","DOC_mgL_mod",0.996729580154519
2022-09-14,"SMB","Q_m3day_mod",3273.953667
2022-09-14,"SMB","DOC_mgL_mod",0.960708769859326
2022-09-14,"CCS","Q_m3day_mod",5882.654194
2022-09-14,"CCS","DOC_mgL_mod",1.54345567503538
2022-09-14,"HPB","Q_m3day_mod",1852.02167
2022-09-14,"HPB","DOC_mgL_mod",0.927476728714519
2022-09-14,"CCR dam","Q_m3day_mod",31518.024073
2022-09-14,"CCR dam","DOC_mgL_mod",1.03577812886963
2022-09-15,"SMB","Q_m3day_mod",2870.010787
2022-09-15,"SMB","DOC_mgL_mod",1.00511294698489
2022-09-15,"CCS","Q_m3day_mod",5165.237437
2022-09-15,"CCS","DOC_mgL_mod",1.61861581427239
2022-09-15,"HPB","Q_m3day_mod",1573.60555
2022-09-15,"HPB","DOC_mgL_mod",0.99641044097741
2022-09-15,"CCR dam","Q_m3day_mod",27956.452057
2022-09-15,"CCR dam","DOC_mgL_mod",1.07316514766715
2022-09-16,"SMB","Q_m3day_mod",2524.392189
2022-09-16,"SMB","DOC_mgL_mod",1.05870276878756
2022-09-16,"CCS","Q_m3day_mod",4552.835402
2022-09-16,"CCS","DOC_mgL_mod",1.70720799539241
2022-09-16,"HPB","Q_m3day_mod",1340.090888
2022-09-16,"HPB","DOC_mgL_mod",1.07740602740372
2022-09-16,"CCR dam","Q_m3day_mod",24864.539031
2022-09-16,"CCR dam","DOC_mgL_mod",1.11862882176591
2022-09-17,"SMB","Q_m3day_mod",2227.811728
2022-09-17,"SMB","DOC_mgL_mod",1.1100130091424
2022-09-17,"CCS","Q_m3day_mod",4025.666736
2022-09-17,"CCS","DOC_mgL_mod",1.79103002628681
2022-09-17,"HPB","Q_m3day_mod",1144.185426
2022-09-17,"HPB","DOC_mgL_mod",1.15883402276442
2022-09-17,"CCR dam","Q_m3day_mod",22177.973013
2022-09-17,"CCR dam","DOC_mgL_mod",1.15826410217663
2022-09-18,"SMB","Q_m3day_mod",1970.029954
2022-09-18,"SMB","DOC_mgL_mod",1.16176050793185
2022-09-18,"CCS","Q_m3day_mod",3565.027042
2022-09-18,"CCS","DOC_mgL_mod",1.877897396325
2022-09-18,"HPB","Q_m3day_mod",978.527113
2022-09-18,"HPB","DOC_mgL_mod",1.24370084776588
2022-09-18,"CCR dam","Q_m3day_mod",19818.825307
2022-09-18,"CCR dam","DOC_mgL_mod",1.19799128516533
2022-09-19,"SMB","Q_m3day_mod",1749.600518
2022-09-19,"SMB","DOC_mgL_mod",1.22645654132117
2022-09-19,"CCS","Q_m3day_mod",3171.098379
2022-09-19,"CCS","DOC_mgL_mod",1.98299997301976
2022-09-19,"HPB","Q_m3day_mod",839.291121
2022-09-19,"HPB","DOC_mgL_mod",1.34007494164829
2022-09-19,"CCR dam","Q_m3day_mod",17774.970698
2022-09-19,"CCR dam","DOC_mgL_mod",1.24766787955917
2022-09-20,"SMB","Q_m3day_mod",1563.193945
2022-09-20,"SMB","DOC_mgL_mod",1.29672585189037
2022-09-20,"CCS","Q_m3day_mod",2840.100183
2022-09-20,"CCS","DOC_mgL_mod",2.09973895839857
2022-09-20,"HPB","Q_m3day_mod",723.379138
2022-09-20,"HPB","DOC_mgL_mod",1.45220527496053
2022-09-20,"CCR dam","Q_m3day_mod",16016.752335
2022-09-20,"CCR dam","DOC_mgL_mod",1.30269917169197
2022-09-21,"SMB","Q_m3day_mod",1403.593586
2022-09-21,"SMB","DOC_mgL_mod",1.37063251014315
2022-09-21,"CCS","Q_m3day_mod",2557.244511
2022-09-21,"CCS","DOC_mgL_mod",2.2154647221374
2022-09-21,"HPB","Q_m3day_mod",626.678758
2022-09-21,"HPB","DOC_mgL_mod",1.57191190450403
2022-09-21,"CCR dam","Q_m3day_mod",14483.544262
2022-09-21,"CCR dam","DOC_mgL_mod",1.35415542254101
2022-09-22,"SMB","Q_m3day_mod",1277.637901
2022-09-22,"SMB","DOC_mgL_mod",1.50298139910926
2022-09-22,"CCS","Q_m3day_mod",2344.208512
2022-09-22,"CCS","DOC_mgL_mod",2.42036660602314
2022-09-22,"HPB","Q_m3day_mod",550.588325
2022-09-22,"HPB","DOC_mgL_mod",1.78217981647177
2022-09-22,"CCR dam","Q_m3day_mod",13246.534594
2022-09-22,"CCR dam","DOC_mgL_mod",1.46458380207511
2022-09-23,"SMB","Q_m3day_mod",1162.878037
2022-09-23,"SMB","DOC_mgL_mod",1.5303247145255
2022-09-23,"CCS","Q_m3day_mod",2138.381395
2022-09-23,"CCS","DOC_mgL_mod",2.44178330966072
2022-09-23,"HPB","Q_m3day_mod",484.189445
2022-09-23,"HPB","DOC_mgL_mod",1.84559124373312
2022-09-23,"CCR dam","Q_m3day_mod",12114.728182
2022-09-23,"CCR dam","DOC_mgL_mod",1.84274708145491
2022-09-24,"SMB","Q_m3day_mod",1045.599717
2022-09-24,"SMB","DOC_mgL_mod",1.58273665638339
2022-09-24,"CCS","Q_m3day_mod",1914.157363
2022-09-24,"CCS","DOC_mgL_mod",2.54391519429116
2022-09-24,"HPB","Q_m3day_mod",420.67033
2022-09-24,"HPB","DOC_mgL_mod",1.95270034851281
2022-09-24,"CCR dam","Q_m3day_mod",10967.572293
2022-09-24,"CCR dam","DOC_mgL_mod",1.86798130458423
2022-09-25,"SMB","Q_m3day_mod",944.253333
2022-09-25,"SMB","DOC_mgL_mod",1.64138366880406
2022-09-25,"CCS","Q_m3day_mod",1729.835395
2022-09-25,"CCS","DOC_mgL_mod",2.64649053501417
2022-09-25,"HPB","Q_m3day_mod",367.068527
2022-09-25,"HPB","DOC_mgL_mod",2.06404320793213
2022-09-25,"CCR dam","Q_m3day_mod",9967.563692
2022-09-25,"CCR dam","DOC_mgL_mod",1.90152283804438
2022-09-26,"SMB","Q_m3day_mod",854.447031
2022-09-26,"SMB","DOC_mgL_mod",1.68211363356004
2022-09-26,"CCS","Q_m3day_mod",1565.309125
2022-09-26,"CCS","DOC_mgL_mod",2.71745940278729
2022-09-26,"HPB","Q_m3day_mod",320.536339
2022-09-26,"HPB","DOC_mgL_mod",2.15054742981887
2022-09-26,"CCR dam","Q_m3day_mod",9079.295726
2022-09-26,"CCR dam","DOC_mgL_mod",1.92523743333349
2022-09-27,"SMB","Q_m3day_mod",773.580803
2022-09-27,"SMB","DOC_mgL_mod",1.72883814439744
2022-09-27,"CCS","Q_m3day_mod",1414.940864
2022-09-27,"CCS","DOC_mgL_mod",2.79933324478499
2022-09-27,"HPB","Q_m3day_mod",279.613003
2022-09-27,"HPB","DOC_mgL_mod",2.2403872254825
2022-09-27,"CCR dam","Q_m3day_mod",8275.199524
2022-09-27,"CCR dam","DOC_mgL_mod",1.94000881228782
2022-09-28,"SMB","Q_m3day_mod",702.887128
2022-09-28,"SMB","DOC_mgL_mod",1.77601915054561
2022-09-28,"CCS","Q_m3day_mod",1282.701247
2022-09-28,"CCS","DOC_mgL_mod",2.87831559268766
2022-09-28,"HPB","Q_m3day_mod",244.489934
2022-09-28,"HPB","DOC_mgL_mod",2.33382328124805
2022-09-28,"CCR dam","Q_m3day_mod",7555.088317
2022-09-28,"CCR dam","DOC_mgL_mod",1.95463896388493
2022-09-29,"SMB","Q_m3day_mod",640.453506
2022-09-29,"SMB","DOC_mgL_mod",1.81813197849837
2022-09-29,"CCS","Q_m3day_mod",1164.818563
2022-09-29,"CCS","DOC_mgL_mod",2.95014443378166
2022-09-29,"HPB","Q_m3day_mod",214.463009
2022-09-29,"HPB","DOC_mgL_mod",2.42753565021556
2022-09-29,"CCR dam","Q_m3day_mod",6911.810954
2022-09-29,"CCR dam","DOC_mgL_mod",1.96628641761894
2022-09-30,"SMB","Q_m3day_mod",595.256602
2022-09-30,"SMB","DOC_mgL_mod",1.95545248232291
2022-09-30,"CCS","Q_m3day_mod",1569.914011
2022-09-30,"CCS","DOC_mgL_mod",3.56611442459443
2022-09-30,"HPB","Q_m3day_mod",193.016032
2022-09-30,"HPB","DOC_mgL_mod",2.68925484904798
2022-09-30,"CCR dam","Q_m3day_mod",7541.15371
2022-09-30,"CCR dam","DOC_mgL_mod",2.9249158481879
2022-10-01,"SMB","Q_m3day_mod",2230.948427
2022-10-01,"SMB","DOC_mgL_mod",3.14793830059255
2022-10-01,"CCS","Q_m3day_mod",6427.180499
2022-10-01,"CCS","DOC_mgL_mod",2.88132564549593
2022-10-01,"HPB","Q_m3day_mod",808.231802
2022-10-01,"HPB","DOC_mgL_mod",0.696670557390416
2022-10-01,"CCR dam","Q_m3day_mod",31850.38696
2022-10-01,"CCR dam","DOC_mgL_mod",2.26029781334876
2022-10-02,"SMB","Q_m3day_mod",6871.94789
2022-10-02,"SMB","DOC_mgL_mod",0.573700654182347
2022-10-02,"CCS","Q_m3day_mod",14106.948961
2022-10-02,"CCS","DOC_mgL_mod",0.939577369751852
2022-10-02,"HPB","Q_m3day_mod",3815.271735
2022-10-02,"HPB","DOC_mgL_mod",0.189971737360406
2022-10-02,"CCR dam","Q_m3day_mod",72861.774837
2022-10-02,"CCR dam","DOC_mgL_mod",0.538188372266867
2022-10-03,"SMB","Q_m3day_mod",9613.575515
2022-10-03,"SMB","DOC_mgL_mod",0.406900220827984
2022-10-03,"CCS","Q_m3day_mod",16325.574711
2022-10-03,"CCS","DOC_mgL_mod",0.514892991444655
2022-10-03,"HPB","Q_m3day_mod",5981.886345
2022-10-03,"HPB","DOC_mgL_mod",0.14379382194698
2022-10-03,"CCR dam","Q_m3day_mod",87605.147162
2022-10-03,"CCR dam","DOC_mgL_mod",0.393848776216271
2022-10-04,"SMB","Q_m3day_mod",8692.005452
2022-10-04,"SMB","DOC_mgL_mod",0.375575121072761
2022-10-04,"CCS","Q_m3day_mod",14168.554158
2022-10-04,"CCS","DOC_mgL_mod",0.515494871145765
2022-10-04,"HPB","Q_m3day_mod",5300.127853
2022-10-04,"HPB","DOC_mgL_mod",0.152109745719374
2022-10-04,"CCR dam","Q_m3day_mod",79266.381972
2022-10-04,"CCR dam","DOC_mgL_mod",0.379301278196606
2022-10-05,"SMB","Q_m3day_mod",7470.686181
2022-10-05,"SMB","DOC_mgL_mod",0.39862308867609
2022-10-05,"CCS","Q_m3day_mod",12185.530031
2022-10-05,"CCS","DOC_mgL_mod",0.558489617003677
2022-10-05,"HPB","Q_m3day_mod",4442.468471
2022-10-05,"HPB","DOC_mgL_mod",0.168124952349268
2022-10-05,"CCR dam","Q_m3day_mod",69243.100465
2022-10-05,"CCR dam","DOC_mgL_mod",0.400554854039493
2022-10-06,"SMB","Q_m3day_mod",6457.964038
2022-10-06,"SMB","DOC_mgL_mod",0.423903413504886
2022-10-06,"CCS","Q_m3day_mod",10543.773725
2022-10-06,"CCS","DOC_mgL_mod",0.602705081287203
2022-10-06,"HPB","Q_m3day_mod",3716.676918
2022-10-06,"HPB","DOC_mgL_mod",0.186792587926525
2022-10-06,"CCR dam","Q_m3day_mod",60746.925062
2022-10-06,"CCR dam","DOC_mgL_mod",0.422320306317005
2022-10-07,"SMB","Q_m3day_mod",5599.646383
2022-10-07,"SMB","DOC_mgL_mod",0.457135294787774
2022-10-07,"CCS","Q_m3day_mod",9136.987159
2022-10-07,"CCS","DOC_mgL_mod",0.652608228099185
2022-10-07,"HPB","Q_m3day_mod",3111.499981
2022-10-07,"HPB","DOC_mgL_mod",0.207609578642
2022-10-07,"CCR dam","Q_m3day_mod",53392.068957
2022-10-07,"CCR dam","DOC_mgL_mod",0.446530926141874
2022-10-08,"SMB","Q_m3day_mod",4894.612426
2022-10-08,"SMB","DOC_mgL_mod",0.526440252207213
2022-10-08,"CCS","Q_m3day_mod",7941.57497
2022-10-08,"CCS","DOC_mgL_mod",0.717956453416192
2022-10-08,"HPB","Q_m3day_mod",2607.892735
2022-10-08,"HPB","DOC_mgL_mod",0.235259637701318
2022-10-08,"CCR dam","Q_m3day_mod",47151.54233
2022-10-08,"CCR dam","DOC_mgL_mod",0.489111254062344
2022-10-09,"SMB","Q_m3day_mod",4292.507805
2022-10-09,"SMB","DOC_mgL_mod",0.563130717475772
2022-10-09,"CCS","Q_m3day_mod",6922.997007
2022-10-09,"CCS","DOC_mgL_mod",0.785234486524168
2022-10-09,"HPB","Q_m3day_mod",2188.592955
2022-10-09,"HPB","DOC_mgL_mod",0.265014834610943
2022-10-09,"CCR dam","Q_m3day_mod",41751.276103
2022-10-09,"CCR dam","DOC_mgL_mod",0.51633870894909
2022-10-10,"SMB","Q_m3day_mod",3753.375038
2022-10-10,"SMB","DOC_mgL_mod",0.604691771278306
2022-10-10,"CCS","Q_m3day_mod",6044.556422
2022-10-10,"CCS","DOC_mgL_mod",0.857121124908907
2022-10-10,"HPB","Q_m3day_mod",1838.413631
2022-10-10,"HPB","DOC_mgL_mod",0.298820347465102
2022-10-10,"CCR dam","Q_m3day_mod",36953.887317
2022-10-10,"CCR dam","DOC_mgL_mod",0.546126577344296
2022-10-11,"SMB","Q_m3day_mod",3293.631581
2022-10-11,"SMB","DOC_mgL_mod",0.656203933818182
2022-10-11,"CCS","Q_m3day_mod",5289.658189
2022-10-11,"CCS","DOC_mgL_mod",0.93669530675983
2022-10-11,"HPB","Q_m3day_mod",1546.198953
2022-10-11,"HPB","DOC_mgL_mod",0.337075444908803
2022-10-11,"CCR dam","Q_m3day_mod",32795.174354
2022-10-11,"CCR dam","DOC_mgL_mod",0.579396218324493
2022-10-12,"SMB","Q_m3day_mod",2907.356085
2022-10-12,"SMB","DOC_mgL_mod",0.722609800305902
2022-10-12,"CCS","Q_m3day_mod",4643.240077
2022-10-12,"CCS","DOC_mgL_mod",1.02488110049968
2022-10-12,"HPB","Q_m3day_mod",1302.472965
2022-10-12,"HPB","DOC_mgL_mod",0.38176730984969
2022-10-12,"CCR dam","Q_m3day_mod",29219.389924
2022-10-12,"CCR dam","DOC_mgL_mod",0.623414453463248
2022-10-13,"SMB","Q_m3day_mod",2705.942617
2022-10-13,"SMB","DOC_mgL_mod",0.891192586586917
2022-10-13,"CCS","Q_m3day_mod",4229.583196
2022-10-13,"CCS","DOC_mgL_mod",1.26324835152858
2022-10-13,"HPB","Q_m3day_mod",1101.104382
2022-10-13,"HPB","DOC_mgL_mod",0.44882148148603
2022-10-13,"CCR dam","Q_m3day_mod",27018.843932
2022-10-13,"CCR dam","DOC_mgL_mod",0.731931390172405
2022-10-14,"SMB","Q_m3day_mod",2585.091236
2022-10-14,"SMB","DOC_mgL_mod",0.776010135373033
2022-10-14,"CCS","Q_m3day_mod",4034.522919
2022-10-14,"CCS","DOC_mgL_mod",1.12159357893091
2022-10-14,"HPB","Q_m3day_mod",1047.795894
2022-10-14,"HPB","DOC_mgL_mod",0.446828244585581
2022-10-14,"CCR dam","Q_m3day_mod",25708.239486
2022-10-14,"CCR dam","DOC_mgL_mod",0.763254909410875
2022-10-15,"SMB","Q_m3day_mod",2353.345673
2022-10-15,"SMB","DOC_mgL_mod",0.82493108525158
2022-10-15,"CCS","Q_m3day_mod",3723.884028
2022-10-15,"CCS","DOC_mgL_mod",1.1662970617086
2022-10-15,"HPB","Q_m3day_mod",1001.59484
2022-10-15,"HPB","DOC_mgL_mod",0.444166725140078
2022-10-15,"CCR dam","Q_m3day_mod",23648.299467
2022-10-15,"CCR dam","DOC_mgL_mod",0.782242292973919
2022-10-16,"SMB","Q_m3day_mod",2160.054135
2022-10-16,"SMB","DOC_mgL_mod",1.08355663965801
2022-10-16,"CCS","Q_m3day_mod",3388.501517
2022-10-16,"CCS","DOC_mgL_mod",1.40573140549077
2022-10-16,"HPB","Q_m3day_mod",849.47208
2022-10-16,"HPB","DOC_mgL_mod",0.520279136190091
2022-10-16,"CCR dam","Q_m3day_mod",21715.211256
2022-10-16,"CCR dam","DOC_mgL_mod",0.917686674334972
2022-10-17,"SMB","Q_m3day_mod",2136.73224
2022-10-17,"SMB","DOC_mgL_mod",1.00696566454204
2022-10-17,"CCS","Q_m3day_mod",3313.542506
2022-10-17,"CCS","DOC_mgL_mod",1.32126900200386
2022-10-17,"HPB","Q_m3day_mod",772.106413
2022-10-17,"HPB","DOC_mgL_mod",0.569279690725739
2022-10-17,"CCR dam","Q_m3day_mod",21198.339431
2022-10-17,"CCR dam","DOC_mgL_mod",0.903568416872757
2022-10-18,"SMB","Q_m3day_mod",2161.895566
2022-10-18,"SMB","DOC_mgL_mod",0.910440370457747
2022-10-18,"CCS","Q_m3day_mod",3361.680416
2022-10-18,"CCS","DOC_mgL_mod",1.26049935616485
2022-10-18,"HPB","Q_m3day_mod",846.966348
2022-10-18,"HPB","DOC_mgL_mod",0.504416498965789
2022-10-18,"CCR dam","Q_m3day_mod",21164.137432
2022-10-18,"CCR dam","DOC_mgL_mod",0.845713181437632
2022-10-19,"SMB","Q_m3day_mod",2046.563494
2022-10-19,"SMB","DOC_mgL_mod",0.95320766041183
2022-10-19,"CCS","Q_m3day_mod",3198.774994
2022-10-19,"CCS","DOC_mgL_mod",1.30306727038269
2022-10-19,"HPB","Q_m3day_mod",860.782424
2022-10-19,"HPB","DOC_mgL_mod",0.483908463261095
2022-10-19,"CCR dam","Q_m3day_mod",19991.011854
2022-10-19,"CCR dam","DOC_mgL_mod",0.863092880240958
2022-10-20,"SMB","Q_m3day_mod",1835.478861
2022-10-20,"SMB","DOC_mgL_mod",1.00952837941728
2022-10-20,"CCS","Q_m3day_mod",2854.881763
2022-10-20,"CCS","DOC_mgL_mod",1.4203166143522
2022-10-20,"HPB","Q_m3day_mod",731.460467
2022-10-20,"HPB","DOC_mgL_mod",0.552801304024541
2022-10-20,"CCR dam","Q_m3day_mod",18020.326144
2022-10-20,"CCR dam","DOC_mgL_mod",0.906391475352867
2022-10-21,"SMB","Q_m3day_mod",1649.781884
2022-10-21,"SMB","DOC_mgL_mod",1.10627169427689
2022-10-21,"CCS","Q_m3day_mod",2555.231481
2022-10-21,"CCS","DOC_mgL_mod",1.55324636124425
2022-10-21,"HPB","Q_m3day_mod",622.169384
2022-10-21,"HPB","DOC_mgL_mod",0.631819260331846
2022-10-21,"CCR dam","Q_m3day_mod",16263.927496
2022-10-21,"CCR dam","DOC_mgL_mod",0.963879727320201
2022-10-22,"SMB","Q_m3day_mod",1496.733798
2022-10-22,"SMB","DOC_mgL_mod",1.19844357252899
2022-10-22,"CCS","Q_m3day_mod",2298.971045
2022-10-22,"CCS","DOC_mgL_mod",1.68944450537871
2022-10-22,"HPB","Q_m3day_mod",530.935179
2022-10-22,"HPB","DOC_mgL_mod",0.721740082700378
2022-10-22,"CCR dam","Q_m3day_mod",14742.948239
2022-10-22,"CCR dam","DOC_mgL_mod",1.02012160364338
2022-10-23,"SMB","Q_m3day_mod",1363.878562
2022-10-23,"SMB","DOC_mgL_mod",1.29358804306802
2022-10-23,"CCS","Q_m3day_mod",2077.512333
2022-10-23,"CCS","DOC_mgL_mod",1.82946061962078
2022-10-23,"HPB","Q_m3day_mod",454.690355
2022-10-23,"HPB","DOC_mgL_mod",0.820866103482666
2022-10-23,"CCR dam","Q_m3day_mod",13405.117205
2022-10-23,"CCR dam","DOC_mgL_mod",1.07748405173306
2022-10-24,"SMB","Q_m3day_mod",1249.123046
2022-10-24,"SMB","DOC_mgL_mod",1.39042026769235
2022-10-24,"CCS","Q_m3day_mod",1886.538857
2022-10-24,"CCS","DOC_mgL_mod",1.97513609972784
2022-10-24,"HPB","Q_m3day_mod",390.876808
2022-10-24,"HPB","DOC_mgL_mod",0.93111663969585
2022-10-24,"CCR dam","Q_m3day_mod",12230.940547
2022-10-24,"CCR dam","DOC_mgL_mod",1.13746035691526
2022-10-25,"SMB","Q_m3day_mod",1150.158842
2022-10-25,"SMB","DOC_mgL_mod",1.48934037408374
2022-10-25,"CCS","Q_m3day_mod",1723.839813
2022-10-25,"CCS","DOC_mgL_mod",2.13013179780876
2022-10-25,"HPB","Q_m3day_mod",337.638556
2022-10-25,"HPB","DOC_mgL_mod",1.05650019424914
2022-10-25,"CCR dam","Q_m3day_mod",11206.408587
2022-10-25,"CCR dam","DOC_mgL_mod",1.20318743470066
2022-10-26,"SMB","Q_m3day_mod",1143.995226
2022-10-26,"SMB","DOC_mgL_mod",2.00019803229494
2022-10-26,"CCS","Q_m3day_mod",1758.583039
2022-10-26,"CCS","DOC_mgL_mod",2.09397220281049
2022-10-26,"HPB","Q_m3day_mod",293.764079
2022-10-26,"HPB","DOC_mgL_mod",1.20908383764647
2022-10-26,"CCR dam","Q_m3day_mod",11119.230402
2022-10-26,"CCR dam","DOC_mgL_mod",1.35456676905363
2022-10-27,"SMB","Q_m3day_mod",1309.426569
2022-10-27,"SMB","DOC_mgL_mod",1.2945811854838
2022-10-27,"CCS","Q_m3day_mod",2037.200972
2022-10-27,"CCS","DOC_mgL_mod",1.76376511173194
2022-10-27,"HPB","Q_m3day_mod",426.470044
2022-10-27,"HPB","DOC_mgL_mod",0.815240143807146
2022-10-27,"CCR dam","Q_m3day_mod",12345.977815
2022-10-27,"CCR dam","DOC_mgL_mod",1.1973510904936
2022-10-28,"SMB","Q_m3day_mod",1374.218205
2022-10-28,"SMB","DOC_mgL_mod",1.22241794926592
2022-10-28,"CCS","Q_m3day_mod",2103.006856
2022-10-28,"CCS","DOC_mgL_mod",1.68869682467645
2022-10-28,"HPB","Q_m3day_mod",538.49454
2022-10-28,"HPB","DOC_mgL_mod",0.635685925432039
2022-10-28,"CCR dam","Q_m3day_mod",12603.268323
2022-10-28,"CCR dam","DOC_mgL_mod",1.1331282992633
2022-10-29,"SMB","Q_m3day_mod",1256.951477
2022-10-29,"SMB","DOC_mgL_mod",1.321672340101
2022-10-29,"CCS","Q_m3day_mod",1908.872578
2022-10-29,"CCS","DOC_mgL_mod",1.83979383457831
2022-10-29,"HPB","Q_m3day_mod",462.0008
2022-10-29,"HPB","DOC_mgL_mod",0.730960206129513
2022-10-29,"CCR dam","Q_m3day_mod",11493.707848
2022-10-29,"CCR dam","DOC_mgL_mod",1.20150696212476
2022-10-30,"SMB","Q_m3day_mod",1153.394091
2022-10-30,"SMB","DOC_mgL_mod",1.42600522478314
2022-10-30,"CCS","Q_m3day_mod",1741.119175
2022-10-30,"CCS","DOC_mgL_mod",1.99733771813753
2022-10-30,"HPB","Q_m3day_mod",396.5431
2022-10-30,"HPB","DOC_mgL_mod",0.840821338210147
2022-10-30,"CCR dam","Q_m3day_mod",10506.29409
2022-10-30,"CCR dam","DOC_mgL_mod",1.27239442238
2022-10-31,"SMB","Q_m3day_mod",1230.971708
2022-10-31,"SMB","DOC_mgL_mod",2.34790855160743
2022-10-31,"CCS","Q_m3day_mod",1909.707368
2022-10-31,"CCS","DOC_mgL_mod",1.8193263838316
2022-10-31,"HPB","Q_m3day_mod",342.126302
2022-10-31,"HPB","DOC_mgL_mod",0.969463025967527
2022-10-31,"CCR dam","Q_m3day_mod",11186.835982
2022-10-31,"CCR dam","DOC_mgL_mod",1.52219358783837
2022-11-01,"SMB","Q_m3day_mod",1635.383669
2022-11-01,"SMB","DOC_mgL_mod",0.996850482796401
2022-11-01,"CCS","Q_m3day_mod",2593.536169
2022-11-01,"CCS","DOC_mgL_mod",1.33665072476574
2022-11-01,"HPB","Q_m3day_mod",639.680663
2022-11-01,"HPB","DOC_mgL_mod",0.516168956009227
2022-11-01,"CCR dam","Q_m3day_mod",14809.023651
2022-11-01,"CCR dam","DOC_mgL_mod",0.923217514010573
2022-11-02,"SMB","Q_m3day_mod",1818.976684
2022-11-02,"SMB","DOC_mgL_mod",0.890683214496882
2022-11-02,"CCS","Q_m3day_mod",2886.998032
2022-11-02,"CCS","DOC_mgL_mod",1.19311858263158
2022-11-02,"HPB","Q_m3day_mod",891.467876
2022-11-02,"HPB","DOC_mgL_mod",0.368969212301712
2022-11-02,"CCR dam","Q_m3day_mod",16493.364989
2022-11-02,"CCR dam","DOC_mgL_mod",0.81520720659291
2022-11-03,"SMB","Q_m3day_mod",1639.204102
2022-11-03,"SMB","DOC_mgL_mod",0.981631267294132
2022-11-03,"CCS","Q_m3day_mod",2608.037979
2022-11-03,"CCS","DOC_mgL_mod",1.31191264373838
2022-11-03,"HPB","Q_m3day_mod",760.44585
2022-11-03,"HPB","DOC_mgL_mod",0.431114062888239
2022-11-03,"CCR dam","Q_m3day_mod",15004.545747
2022-11-03,"CCR dam","DOC_mgL_mod",0.881653481755351
2022-11-04,"SMB","Q_m3day_mod",1484.709502
2022-11-04,"SMB","DOC_mgL_mod",1.07549254439944
2022-11-04,"CCS","Q_m3day_mod",2339.997115
2022-11-04,"CCS","DOC_mgL_mod",1.45126546448755
2022-11-04,"HPB","Q_m3day_mod",651.301212
2022-11-04,"HPB","DOC_mgL_mod",0.497999073276713
2022-11-04,"CCR dam","Q_m3day_mod",13645.304746
2022-11-04,"CCR dam","DOC_mgL_mod",0.953492079670406
2022-11-05,"SMB","Q_m3day_mod",1393.737396
2022-11-05,"SMB","DOC_mgL_mod",1.37722070564289
2022-11-05,"CCS","Q_m3day_mod",2222.71816
2022-11-05,"CCS","DOC_mgL_mod",1.52156627901038
2022-11-05,"HPB","Q_m3day_mod",557.211898
2022-11-05,"HPB","DOC_mgL_mod",0.580189692934374
2022-11-05,"CCR dam","Q_m3day_mod",12897.54464
2022-11-05,"CCR dam","DOC_mgL_mod",1.05817505431794
2022-11-06,"SMB","Q_m3day_mod",1545.709901
2022-11-06,"SMB","DOC_mgL_mod",1.52214137884338
2022-11-06,"CCS","Q_m3day_mod",2492.948093
2022-11-06,"CCS","DOC_mgL_mod",1.366598048939
2022-11-06,"HPB","Q_m3day_mod",596.921927
2022-11-06,"HPB","DOC_mgL_mod",0.539369028740671
2022-11-06,"CCR dam","Q_m3day_mod",14085.62368
2022-11-06,"CCR dam","DOC_mgL_mod",1.07094867381833
2022-11-07,"SMB","Q_m3day_mod",1815.496842
2022-11-07,"SMB","DOC_mgL_mod",0.868150780292021
2022-11-07,"CCS","Q_m3day_mod",2911.354607
2022-11-07,"CCS","DOC_mgL_mod",1.18211432977804
2022-11-07,"HPB","Q_m3day_mod",825.26587
2022-11-07,"HPB","DOC_mgL_mod",0.386464182748767
2022-11-07,"CCR dam","Q_m3day_mod",16114.482952
2022-11-07,"CCR dam","DOC_mgL_mod",0.787455609826134
2022-11-08,"SMB","Q_m3day_mod",1813.395396
2022-11-08,"SMB","DOC_mgL_mod",0.862248797724421
2022-11-08,"CCS","Q_m3day_mod",2907.984762
2022-11-08,"CCS","DOC_mgL_mod",1.17217842560346
2022-11-08,"HPB","Q_m3day_mod",895.464602
2022-11-08,"HPB","DOC_mgL_mod",0.35026543684638
2022-11-08,"CCR dam","Q_m3day_mod",16007.847554
2022-11-08,"CCR dam","DOC_mgL_mod",0.770974358568033
2022-11-09,"SMB","Q_m3day_mod",1625.174677
2022-11-09,"SMB","DOC_mgL_mod",0.953623645466142
2022-11-09,"CCS","Q_m3day_mod",2594.994406
2022-11-09,"CCS","DOC_mgL_mod",1.30309529461082
2022-11-09,"HPB","Q_m3day_mod",758.136082
2022-11-09,"HPB","DOC_mgL_mod",0.409458944601452
2022-11-09,"CCR dam","Q_m3day_mod",14364.746289
2022-11-09,"CCR dam","DOC_mgL_mod",0.835684790979743
2022-11-10,"SMB","Q_m3day_mod",1462.201601
2022-11-10,"SMB","DOC_mgL_mod",1.05135707617106
2022-11-10,"CCS","Q_m3day_mod",2325.704951
2022-11-10,"CCS","DOC_mgL_mod",1.44269762101908
2022-11-10,"HPB","Q_m3day_mod",642.415158
2022-11-10,"HPB","DOC_mgL_mod",0.480069618780695
2022-11-10,"CCR dam","Q_m3day_mod",12925.174094
2022-11-10,"CCR dam","DOC_mgL_mod",0.905094965446583
2022-11-11,"SMB","Q_m3day_mod",1957.740966
2022-11-11,"SMB","DOC_mgL_mod",3.17683958603949
2022-11-11,"CCS","Q_m3day_mod",4339.004876
2022-11-11,"CCS","DOC_mgL_mod",3.46071286599771
2022-11-11,"HPB","Q_m3day_mod",548.890591
2022-11-11,"HPB","DOC_mgL_mod",0.604991970066399
2022-11-11,"CCR dam","Q_m3day_mod",18505.951507
2022-11-11,"CCR dam","DOC_mgL_mod",2.17941563203298
2022-11-12,"SMB","Q_m3day_mod",3819.622448
2022-11-12,"SMB","DOC_mgL_mod",1.03847829307762
2022-11-12,"CCS","Q_m3day_mod",7810.341048
2022-11-12,"CCS","DOC_mgL_mod",1.26187857091385
2022-11-12,"HPB","Q_m3day_mod",1657.340816
2022-11-12,"HPB","DOC_mgL_mod",0.257355877488991
2022-11-12,"CCR dam","Q_m3day_mod",35029.909346
2022-11-12,"CCR dam","DOC_mgL_mod",0.772879248204264
2022-11-13,"SMB","Q_m3day_mod",5126.323467
2022-11-13,"SMB","DOC_mgL_mod",0.654104061436122
2022-11-13,"CCS","Q_m3day_mod",8723.565107
2022-11-13,"CCS","DOC_mgL_mod",0.74879042225047
2022-11-13,"HPB","Q_m3day_mod",2870.397047
2022-11-13,"HPB","DOC_mgL_mod",0.178080276571578
2022-11-13,"CCR dam","Q_m3day_mod",44616.764308
2022-11-13,"CCR dam","DOC_mgL_mod",0.468895499807655
2022-11-14,"SMB","Q_m3day_mod",4823.475951
2022-11-14,"SMB","DOC_mgL_mod",0.671889946777512
2022-11-14,"CCS","Q_m3day_mod",7792.12537
2022-11-14,"CCS","DOC_mgL_mod",0.82268876533746
2022-11-14,"HPB","Q_m3day_mod",2695.092734
2022-11-14,"HPB","DOC_mgL_mod",0.189043328109837
2022-11-14,"CCR dam","Q_m3day_mod",41395.830366
2022-11-14,"CCR dam","DOC_mgL_mod",0.500922673048524
2022-11-15,"SMB","Q_m3day_mod",4891.058345
2022-11-15,"SMB","DOC_mgL_mod",1.33826495991227
2022-11-15,"CCS","Q_m3day_mod",8471.902081
2022-11-15,"CCS","DOC_mgL_mod",2.08972316142614
2022-11-15,"HPB","Q_m3day_mod",2271.190844
2022-11-15,"HPB","DOC_mgL_mod",0.253114528670581
2022-11-15,"CCR dam","Q_m3day_mod",41388.887815
2022-11-15,"CCR dam","DOC_mgL_mod",0.942793393589525
2022-11-16,"SMB","Q_m3day_mod",5631.895524
2022-11-16,"SMB","DOC_mgL_mod",1.05834278611877
2022-11-16,"CCS","Q_m3day_mod",9959.047012
2022-11-16,"CCS","DOC_mgL_mod",1.42948717712108
2022-11-16,"HPB","Q_m3day_mod",2506.073515
2022-11-16,"HPB","DOC_mgL_mod",0.314296366521395
2022-11-16,"CCR dam","Q_m3day_mod",47481.061557
2022-11-16,"CCR dam","DOC_mgL_mod",0.789276793127534
2022-11-17,"SMB","Q_m3day_mod",5751.487906
2022-11-17,"SMB","DOC_mgL_mod",0.791718782065018
2022-11-17,"CCS","Q_m3day_mod",9627.624669
2022-11-17,"CCS","DOC_mgL_mod",1.00286460388187
2022-11-17,"HPB","Q_m3day_mod",2931.148729
2022-11-17,"HPB","DOC_mgL_mod",0.311052998088928
2022-11-17,"CCR dam","Q_m3day_mod",49347.221595
2022-11-17,"CCR dam","DOC_mgL_mod",0.623361133732336
2022-11-18,"SMB","Q_m3day_mod",5187.811411
2022-11-18,"SMB","DOC_mgL_mod",0.84520420127508
2022-11-18,"CCS","Q_m3day_mod",8478.679531
2022-11-18,"CCS","DOC_mgL_mod",1.11315258059846
2022-11-18,"HPB","Q_m3day_mod",2703.50822
2022-11-18,"HPB","DOC_mgL_mod",0.337456381027759
2022-11-18,"CCR dam","Q_m3day_mod",45027.177978
2022-11-18,"CCR dam","DOC_mgL_mod",0.672936465501005
2022-11-19,"SMB","Q_m3day_mod",4585.559876
2022-11-19,"SMB","DOC_mgL_mod",0.921819606396085
2022-11-19,"CCS","Q_m3day_mod",7505.322267
2022-11-19,"CCS","DOC_mgL_mod",1.22924621645697
2022-11-19,"HPB","Q_m3day_mod",2284.143441
2022-11-19,"HPB","DOC_mgL_mod",0.396311713069862
2022-11-19,"CCR dam","Q_m3day_mod",40122.426412
2022-11-19,"CCR dam","DOC_mgL_mod",0.737587495235556
2022-11-20,"SMB","Q_m3day_mod",4067.58468
2022-11-20,"SMB","DOC_mgL_mod",1.00299079698569
2022-11-20,"CCS","Q_m3day_mod",6667.860608
2022-11-20,"CCS","DOC_mgL_mod",1.35201521597255
2022-11-20,"HPB","Q_m3day_mod",1932.345282
2022-11-20,"HPB","DOC_mgL_mod",0.461251624283988
2022-11-20,"CCR dam","Q_m3day_mod",35829.498504
2022-11-20,"CCR dam","DOC_mgL_mod",0.805729948935151
2022-11-21,"SMB","Q_m3day_mod",3622.375234
2022-11-21,"SMB","DOC_mgL_mod",1.08772607625442
2022-11-21,"CCS","Q_m3day_mod",5947.621557
2022-11-21,"CCS","DOC_mgL_mod",1.48281357774358
2022-11-21,"HPB","Q_m3day_mod",1638.412303
2022-11-21,"HPB","DOC_mgL_mod",0.535396858528106
2022-11-21,"CCR dam","Q_m3day_mod",32098.963183
2022-11-21,"CCR dam","DOC_mgL_mod",0.87786137637379
2022-11-22,"SMB","Q_m3day_mod",3239.233302
2022-11-22,"SMB","DOC_mgL_mod",1.17638609038973
2022-11-22,"CCS","Q_m3day_mod",5327.790851
2022-11-22,"CCS","DOC_mgL_mod",1.6189051412146
2022-11-22,"HPB","Q_m3day_mod",1392.983741
2022-11-22,"HPB","DOC_mgL_mod",0.618024083599121
2022-11-22,"CCR dam","Q_m3day_mod",28851.385877
2022-11-22,"CCR dam","DOC_mgL_mod",0.953219721133883
2022-11-23,"SMB","Q_m3day_mod",2909.191021
2022-11-23,"SMB","DOC_mgL_mod",1.26814670242309
2022-11-23,"CCS","Q_m3day_mod",4793.838353
2022-11-23,"CCS","DOC_mgL_mod",1.761522683533
2022-11-23,"HPB","Q_m3day_mod",1188.016044
2022-11-23,"HPB","DOC_mgL_mod",0.712075989438405
2022-11-23,"CCR dam","Q_m3day_mod",26014.554292
2022-11-23,"CCR dam","DOC_mgL_mod",1.03064460374957
2022-11-24,"SMB","Q_m3day_mod",2624.505922
2022-11-24,"SMB","DOC_mgL_mod",1.36281803367941
2022-11-24,"CCS","Q_m3day_mod",4333.959047
2022-11-24,"CCS","DOC_mgL_mod",1.90842966218735
2022-11-24,"HPB","Q_m3day_mod",1016.97852
2022-11-24,"HPB","DOC_mgL_mod",0.817866339989167
2022-11-24,"CCR dam","Q_m3day_mod",23536.864283
2022-11-24,"CCR dam","DOC_mgL_mod",1.11167569670266
2022-11-25,"SMB","Q_m3day_mod",2378.635858
2022-11-25,"SMB","DOC_mgL_mod",1.45955421815557
2022-11-25,"CCS","Q_m3day_mod",3938.094299
2022-11-25,"CCS","DOC_mgL_mod",2.05889762519371
2022-11-25,"HPB","Q_m3day_mod",874.44716
2022-11-25,"HPB","DOC_mgL_mod",0.939348925325574
2022-11-25,"CCR dam","Q_m3day_mod",21378.258582
2022-11-25,"CCR dam","DOC_mgL_mod",1.19596785219575
2022-11-26,"SMB","Q_m3day_mod",2165.692985
2022-11-26,"SMB","DOC_mgL_mod",1.55674512654895
2022-11-26,"CCS","Q_m3day_mod",3595.281024
2022-11-26,"CCS","DOC_mgL_mod",2.21036907739649
2022-11-26,"HPB","Q_m3day_mod",755.324602
2022-11-26,"HPB","DOC_mgL_mod",1.06823225122488
2022-11-26,"CCR dam","Q_m3day_mod",19515.78016
2022-11-26,"CCR dam","DOC_mgL_mod",1.36132144255513
2022-11-27,"SMB","Q_m3day_mod",2058.26369
2022-11-27,"SMB","DOC_mgL_mod",1.593225404467
2022-11-27,"CCS","Q_m3day_mod",3466.478064
2022-11-27,"CCS","DOC_mgL_mod",2.25145864358771
2022-11-27,"HPB","Q_m3day_mod",655.759902
2022-11-27,"HPB","DOC_mgL_mod",1.21609036717222
2022-11-27,"CCR dam","Q_m3day_mod",18628.689341
2022-11-27,"CCR dam","DOC_mgL_mod",1.38711046853567
2022-11-28,"SMB","Q_m3day_mod",2071.999173
2022-11-28,"SMB","DOC_mgL_mod",1.53977233271801
2022-11-28,"CCS","Q_m3day_mod",3505.959561
2022-11-28,"CCS","DOC_mgL_mod",2.18700868238565
2022-11-28,"HPB","Q_m3day_mod",698.664525
2022-11-28,"HPB","DOC_mgL_mod",1.1219891263264
2022-11-28,"CCR dam","Q_m3day_mod",18781.850102
2022-11-28,"CCR dam","DOC_mgL_mod",1.35970630482673
2022-11-29,"SMB","Q_m3day_mod",2004.825586
2022-11-29,"SMB","DOC_mgL_mod",1.54969291179028
2022-11-29,"CCS","Q_m3day_mod",3368.647565
2022-11-29,"CCS","DOC_mgL_mod",2.23473452023171
2022-11-29,"HPB","Q_m3day_mod",734.925165
2022-11-29,"HPB","DOC_mgL_mod",1.05153155287586
2022-11-29,"CCR dam","Q_m3day_mod",18170.390921
2022-11-29,"CCR dam","DOC_mgL_mod",1.37124842873929
2022-11-30,"SMB","Q_m3day_mod",2057.689159
2022-11-30,"SMB","DOC_mgL_mod",1.50459751729683
2022-11-30,"CCS","Q_m3day_mod",3839.648325
2022-11-30,"CCS","DOC_mgL_mod",2.7137224865509
2022-11-30,"HPB","Q_m3day_mod",642.129711
2022-11-30,"HPB","DOC_mgL_mod",1.24127459973582
2022-11-30,"CCR dam","Q_m3day_mod",19011.197895
2022-11-30,"CCR dam","DOC_mgL_mod",1.45289319234663
2022-12-01,"SMB","Q_m3day_mod",2443.339525
2022-12-01,"SMB","DOC_mgL_mod",1.29337612217442
2022-12-01,"CCS","Q_m3day_mod",4528.136114
2022-12-01,"CCS","DOC_mgL_mod",1.75719916532527
2022-12-01,"HPB","Q_m3day_mod",937.393526
2022-12-01,"HPB","DOC_mgL_mod",0.913623015570091
2022-12-01,"CCR dam","Q_m3day_mod",22408.766125
2022-12-01,"CCR dam","DOC_mgL_mod",1.15315229119961
2022-12-02,"SMB","Q_m3day_mod",2555.42988
2022-12-02,"SMB","DOC_mgL_mod",1.20612661850851
2022-12-02,"CCS","Q_m3day_mod",4379.965859
2022-12-02,"CCS","DOC_mgL_mod",1.78445340708305
2022-12-02,"HPB","Q_m3day_mod",1184.656281
2022-12-02,"HPB","DOC_mgL_mod",0.715082183403373
2022-12-02,"CCR dam","Q_m3day_mod",23038.994353
2022-12-02,"CCR dam","DOC_mgL_mod",1.09352906702368
2022-12-03,"SMB","Q_m3day_mod",2718.469776
2022-12-03,"SMB","DOC_mgL_mod",1.68544047848189
2022-12-03,"CCS","Q_m3day_mod",5125.917705
2022-12-03,"CCS","DOC_mgL_mod",2.67080370538255
2022-12-03,"HPB","Q_m3day_mod",1025.82327
2022-12-03,"HPB","DOC_mgL_mod",0.898976584923834
2022-12-03,"CCR dam","Q_m3day_mod",24217.384441
2022-12-03,"CCR dam","DOC_mgL_mod",1.37262552365987
2022-12-04,"SMB","Q_m3day_mod",3208.631317
2022-12-04,"SMB","DOC_mgL_mod",1.14360100537534
2022-12-04,"CCS","Q_m3day_mod",6041.531223
2022-12-04,"CCS","DOC_mgL_mod",1.64104754805469
2022-12-04,"HPB","Q_m3day_mod",1355.512867
2022-12-04,"HPB","DOC_mgL_mod",0.82999285907922
2022-12-04,"CCR dam","Q_m3day_mod",28606.079234
2022-12-04,"CCR dam","DOC_mgL_mod",1.07769225372761
2022-12-05,"SMB","Q_m3day_mod",3227.514082
2022-12-05,"SMB","DOC_mgL_mod",1.10977703241513
2022-12-05,"CCS","Q_m3day_mod",5692.9942
2022-12-05,"CCS","DOC_mgL_mod",1.70593973203064
2022-12-05,"HPB","Q_m3day_mod",1630.334469
2022-12-05,"HPB","DOC_mgL_mod",0.689005858220618
2022-12-05,"CCR dam","Q_m3day_mod",29198.13437
2022-12-05,"CCR dam","DOC_mgL_mod",1.03356740597122
2022-12-06,"SMB","Q_m3day_mod",3348.924485
2022-12-06,"SMB","DOC_mgL_mod",1.73860593933339
2022-12-06,"CCS","Q_m3day_mod",6442.860951
2022-12-06,"CCS","DOC_mgL_mod",2.8092861444093
2022-12-06,"HPB","Q_m3day_mod",1407.999926
2022-12-06,"HPB","DOC_mgL_mod",0.862316096456954
2022-12-06,"CCR dam","Q_m3day_mod",29863.103807
2022-12-06,"CCR dam","DOC_mgL_mod",1.44205740563061
2022-12-07,"SMB","Q_m3day_mod",4014.330933
2022-12-07,"SMB","DOC_mgL_mod",1.50463977704152
2022-12-07,"CCS","Q_m3day_mod",8051.793223
2022-12-07,"CCS","DOC_mgL_mod",2.22528193456565
2022-12-07,"HPB","Q_m3day_mod",1639.946527
2022-12-07,"HPB","DOC_mgL_mod",0.931703549380424
2022-12-07,"CCR dam","Q_m3day_mod",35478.013527
2022-12-07,"CCR dam","DOC_mgL_mod",1.32948283488601
2022-12-08,"SMB","Q_m3day_mod",4312.977609
2022-12-08,"SMB","DOC_mgL_mod",1.11898262349639
2022-12-08,"CCS","Q_m3day_mod",8173.071929
2022-12-08,"CCS","DOC_mgL_mod",1.67567227096161
2022-12-08,"HPB","Q_m3day_mod",2072.563817
2022-12-08,"HPB","DOC_mgL_mod",0.83993071080426
2022-12-08,"CCR dam","Q_m3day_mod",38795.441133
2022-12-08,"CCR dam","DOC_mgL_mod",1.07692576188962
2022-12-09,"SMB","Q_m3day_mod",4320.038049
2022-12-09,"SMB","DOC_mgL_mod",1.42868602776049
2022-12-09,"CCS","Q_m3day_mod",8109.866067
2022-12-09,"CCS","DOC_mgL_mod",2.09246365597224
2022-12-09,"HPB","Q_m3day_mod",2119.40725
2022-12-09,"HPB","DOC_mgL_mod",1.02503943024636
2022-12-09,"CCR dam","Q_m3day_mod",39213.978794
2022-12-09,"CCR dam","DOC_mgL_mod",1.28282162501952
2022-12-10,"SMB","Q_m3day_mod",4266.210306
2022-12-10,"SMB","DOC_mgL_mod",1.17176830053816
2022-12-10,"CCS","Q_m3day_mod",8001.938236
2022-12-10,"CCS","DOC_mgL_mod",1.75221672380826
2022-12-10,"HPB","Q_m3day_mod",2086.388543
2022-12-10,"HPB","DOC_mgL_mod",0.954896443754101
2022-12-10,"CCR dam","Q_m3day_mod",38936.431517
2022-12-10,"CCR dam","DOC_mgL_mod",1.1410570581077
2022-12-11,"SMB","Q_m3day_mod",3942.349413
2022-12-11,"SMB","DOC_mgL_mod",1.23726323798585
2022-12-11,"CCS","Q_m3day_mod",7135.022508
2022-12-11,"CCS","DOC_mgL_mod",1.89665414297247
2022-12-11,"HPB","Q_m3day_mod",1989.031547
2022-12-11,"HPB","DOC_mgL_mod",0.996744874655324
2022-12-11,"CCR dam","Q_m3day_mod",36439.907876
2022-12-11,"CCR dam","DOC_mgL_mod",1.19995500945816
2022-12-12,"SMB","Q_m3day_mod",3562.380617
2022-12-12,"SMB","DOC_mgL_mod",1.33420835980256
2022-12-12,"CCS","Q_m3day_mod",6435.487627
2022-12-12,"CCS","DOC_mgL_mod",2.04612311656924
2022-12-12,"HPB","Q_m3day_mod",1743.093781
2022-12-12,"HPB","DOC_mgL_mod",1.12217025918011
2022-12-12,"CCR dam","Q_m3day_mod",33211.492496
2022-12-12,"CCR dam","DOC_mgL_mod",1.28879483525636
2022-12-13,"SMB","Q_m3day_mod",3215.504884
2022-12-13,"SMB","DOC_mgL_mod",1.43921131111552
2022-12-13,"CCS","Q_m3day_mod",5845.027355
2022-12-13,"CCS","DOC_mgL_mod",2.19458339900276
2022-12-13,"HPB","Q_m3day_mod",1512.139577
2022-12-13,"HPB","DOC_mgL_mod",1.2773424023674
2022-12-13,"CCR dam","Q_m3day_mod",30203.975112
2022-12-13,"CCR dam","DOC_mgL_mod",1.381295668709
2022-12-14,"SMB","Q_m3day_mod",2915.266266
2022-12-14,"SMB","DOC_mgL_mod",1.54537067592851
2022-12-14,"CCS","Q_m3day_mod",5342.416731
2022-12-14,"CCS","DOC_mgL_mod",2.34276744593401
2022-12-14,"HPB","Q_m3day_mod",1318.98444
2022-12-14,"HPB","DOC_mgL_mod",1.44538702821998
2022-12-14,"CCR dam","Q_m3day_mod",27547.229859
2022-12-14,"CCR dam","DOC_mgL_mod",1.48525968706914
2022-12-15,"SMB","Q_m3day_mod",4341.471889
2022-12-15,"SMB","DOC_mgL_mod",3.79768668818853
2022-12-15,"CCS","Q_m3day_mod",9503.668775
2022-12-15,"CCS","DOC_mgL_mod",4.30193970012386
2022-12-15,"HPB","Q_m3day_mod",1369.130319
2022-12-15,"HPB","DOC_mgL_mod",3.1424693035375
2022-12-15,"CCR dam","Q_m3day_mod",38210.031105
2022-12-15,"CCR dam","DOC_mgL_mod",2.96201538514817
2022-12-16,"SMB","Q_m3day_mod",5735.00391
2022-12-16,"SMB","DOC_mgL_mod",1.18011427824816
2022-12-16,"CCS","Q_m3day_mod",12041.75266
2022-12-16,"CCS","DOC_mgL_mod",1.65798871341375
2022-12-16,"HPB","Q_m3day_mod",2273.786882
2022-12-16,"HPB","DOC_mgL_mod",1.38459986066539
2022-12-16,"CCR dam","Q_m3day_mod",50558.390805
2022-12-16,"CCR dam","DOC_mgL_mod",1.24356291802274
2022-12-17,"SMB","Q_m3day_mod",5282.968287
2022-12-17,"SMB","DOC_mgL_mod",1.26008933583439
2022-12-17,"CCS","Q_m3day_mod",9696.296386
2022-12-17,"CCS","DOC_mgL_mod",2.0108987208923
2022-12-17,"HPB","Q_m3day_mod",2858.364044
2022-12-17,"HPB","DOC_mgL_mod",1.1744028921181
2022-12-17,"CCR dam","Q_m3day_mod",48913.561966
2022-12-17,"CCR dam","DOC_mgL_mod",1.31546032253234
2022-12-18,"SMB","Q_m3day_mod",4751.63286
2022-12-18,"SMB","DOC_mgL_mod",1.36881556122583
2022-12-18,"CCS","Q_m3day_mod",8771.664721
2022-12-18,"CCS","DOC_mgL_mod",2.14972648861689
2022-12-18,"HPB","Q_m3day_mod",2502.352665
2022-12-18,"HPB","DOC_mgL_mod",1.3295639925318
2022-12-18,"CCR dam","Q_m3day_mod",44645.880546
2022-12-18,"CCR dam","DOC_mgL_mod",1.40763222119113
2022-12-19,"SMB","Q_m3day_mod",4279.786519
2022-12-19,"SMB","DOC_mgL_mod",1.46889569657061
2022-12-19,"CCS","Q_m3day_mod",7960.138716
2022-12-19,"CCS","DOC_mgL_mod",2.29464342917614
2022-12-19,"HPB","Q_m3day_mod",2183.004676
2022-12-19,"HPB","DOC_mgL_mod",1.50239348365006
2022-12-19,"CCR dam","Q_m3day_mod",40572.253165
2022-12-19,"CCR dam","DOC_mgL_mod",1.51275281040951
2022-12-20,"SMB","Q_m3day_mod",3866.898576
2022-12-20,"SMB","DOC_mgL_mod",1.57369346012038
2022-12-20,"CCS","Q_m3day_mod",7258.146852
2022-12-20,"CCS","DOC_mgL_mod",2.44124572860048
2022-12-20,"HPB","Q_m3day_mod",1914.698453
2022-12-20,"HPB","DOC_mgL_mod",1.6890111311956
2022-12-20,"CCR dam","Q_m3day_mod",37020.433118
2022-12-20,"CCR dam","DOC_mgL_mod",1.61865043039878
2022-12-21,"SMB","Q_m3day_mod",3511.224548
2022-12-21,"SMB","DOC_mgL_mod",1.68169307296606
2022-12-21,"CCS","Q_m3day_mod",6650.336926
2022-12-21,"CCS","DOC_mgL_mod",2.58851847531191
2022-12-21,"HPB","Q_m3day_mod",1689.486555
2022-12-21,"HPB","DOC_mgL_mod",1.88304842710039
2022-12-21,"CCR dam","Q_m3day_mod",33913.056958
2022-12-21,"CCR dam","DOC_mgL_mod",1.72633980099483
2022-12-22,"SMB","Q_m3day_mod",7774.088598
2022-12-22,"SMB","DOC_mgL_mod",5.62724741923503
2022-12-22,"CCS","Q_m3day_mod",17770.813457
2022-12-22,"CCS","DOC_mgL_mod",6.15776538675531
2022-12-22,"HPB","Q_m3day_mod",2240.129927
2022-12-22,"HPB","DOC_mgL_mod",5.12074315946586
2022-12-22,"CCR dam","Q_m3day_mod",65224.42248
2022-12-22,"CCR dam","DOC_mgL_mod",4.70299909660465
2022-12-23,"SMB","Q_m3day_mod",10251.277317
2022-12-23,"SMB","DOC_mgL_mod",1.00148105280254
2022-12-23,"CCS","Q_m3day_mod",22614.211006
2022-12-23,"CCS","DOC_mgL_mod",1.50442878555318
2022-12-23,"HPB","Q_m3day_mod",3844.963663
2022-12-23,"HPB","DOC_mgL_mod",1.79233943517245
2022-12-23,"CCR dam","Q_m3day_mod",87727.208925
2022-12-23,"CCR dam","DOC_mgL_mod",1.3062412608837
2022-12-24,"SMB","Q_m3day_mod",7872.879888
2022-12-24,"SMB","DOC_mgL_mod",1.32683594168914
2022-12-24,"CCS","Q_m3day_mod",15197.660743
2022-12-24,"CCS","DOC_mgL_mod",2.17679882183431
2022-12-24,"HPB","Q_m3day_mod",4677.32062
2022-12-24,"HPB","DOC_mgL_mod",1.72742551909986
2022-12-24,"CCR dam","Q_m3day_mod",74952.24719
2022-12-24,"CCR dam","DOC_mgL_mod",1.61419309675003
2022-12-25,"SMB","Q_m3day_mod",7076.064875
2022-12-25,"SMB","DOC_mgL_mod",1.45496404878566
2022-12-25,"CCS","Q_m3day_mod",13682.345068
2022-12-25,"CCS","DOC_mgL_mod",2.33320310526757
2022-12-25,"HPB","Q_m3day_mod",4310.642495
2022-12-25,"HPB","DOC_mgL_mod",1.90842711023754
2022-12-25,"CCR dam","Q_m3day_mod",69314.332923
2022-12-25,"CCR dam","DOC_mgL_mod",1.70787476424979
2022-12-26,"SMB","Q_m3day_mod",6381.832342
2022-12-26,"SMB","DOC_mgL_mod",1.5723368246392
2022-12-26,"CCS","Q_m3day_mod",12429.698595
2022-12-26,"CCS","DOC_mgL_mod",2.47780827222866
2022-12-26,"HPB","Q_m3day_mod",3841.666771
2022-12-26,"HPB","DOC_mgL_mod",2.12929347796366
2022-12-26,"CCR dam","Q_m3day_mod",63318.441553
2022-12-26,"CCR dam","DOC_mgL_mod",1.82193681920357
2022-12-27,"SMB","Q_m3day_mod",5772.327612
2022-12-27,"SMB","DOC_mgL_mod",1.68856147037415
2022-12-27,"CCS","Q_m3day_mod",11342.61106
2022-12-27,"CCS","DOC_mgL_mod",2.62645080946644
2022-12-27,"HPB","Q_m3day_mod",3432.849175
2022-12-27,"HPB","DOC_mgL_mod",2.35482876989491
2022-12-27,"CCR dam","Q_m3day_mod",58025.500387
2022-12-27,"CCR dam","DOC_mgL_mod",1.93909745283659
2022-12-28,"SMB","Q_m3day_mod",5245.827482
2022-12-28,"SMB","DOC_mgL_mod",1.8088825895552
2022-12-28,"CCS","Q_m3day_mod",10402.640236
2022-12-28,"CCS","DOC_mgL_mod",2.77484747575
2022-12-28,"HPB","Q_m3day_mod",3084.956727
2022-12-28,"HPB","DOC_mgL_mod",2.58491113674542
2022-12-28,"CCR dam","Q_m3day_mod",53382.266785
2022-12-28,"CCR dam","DOC_mgL_mod",2.05765147520608
2022-12-29,"SMB","Q_m3day_mod",4799.658601
2022-12-29,"SMB","DOC_mgL_mod",1.94028071039463
2022-12-29,"CCS","Q_m3day_mod",9586.652239
2022-12-29,"CCS","DOC_mgL_mod",2.92163200476349
2022-12-29,"HPB","Q_m3day_mod",2789.636374
2022-12-29,"HPB","DOC_mgL_mod",2.81329354361222
2022-12-29,"CCR dam","Q_m3day_mod",49290.869592
2022-12-29,"CCR dam","DOC_mgL_mod",2.17878485181828
2022-12-30,"SMB","Q_m3day_mod",4420.760761
2022-12-30,"SMB","DOC_mgL_mod",2.06533976698044
2022-12-30,"CCS","Q_m3day_mod",8878.241805
2022-12-30,"CCS","DOC_mgL_mod",3.06672994473594
2022-12-30,"HPB","Q_m3day_mod",2539.377613
2022-12-30,"HPB","DOC_mgL_mod",3.04380016600548
2022-12-30,"CCR dam","Q_m3day_mod",45699.107132
2022-12-30,"CCR dam","DOC_mgL_mod",2.29794205161759
2022-12-31,"SMB","Q_m3day_mod",5338.893003
2022-12-31,"SMB","DOC_mgL_mod",2.49819953172041
2022-12-31,"CCS","Q_m3day_mod",11362.413864
2022-12-31,"CCS","DOC_mgL_mod",3.01953268122922
2022-12-31,"HPB","Q_m3day_mod",2598.745251
2022-12-31,"HPB","DOC_mgL_mod",3.27121367387926
2022-12-31,"CCR dam","Q_m3day_mod",52163.08471
2022-12-31,"CCR dam","DOC_mgL_mod",2.50403711218711
2023-01-01,"SMB","Q_m3day_mod",6037.171873
2023-01-01,"SMB","DOC_mgL_mod",1.8687110848136
2023-01-01,"CCS","Q_m3day_mod",12292.518514
2023-01-01,"CCS","DOC_mgL_mod",2.36019575377961
2023-01-01,"HPB","Q_m3day_mod",3059.833295
2023-01-01,"HPB","DOC_mgL_mod",3.09951820430792
2023-01-01,"CCR dam","Q_m3day_mod",57546.180675
2023-01-01,"CCR dam","DOC_mgL_mod",2.08317213399497
2023-01-02,"SMB","Q_m3day_mod",5385.872651
2023-01-02,"SMB","DOC_mgL_mod",2.01912126495989
2023-01-02,"CCS","Q_m3day_mod",9976.681702
2023-01-02,"CCS","DOC_mgL_mod",2.83685406083731
2023-01-02,"HPB","Q_m3day_mod",3204.74456
2023-01-02,"HPB","DOC_mgL_mod",2.91917056877694
2023-01-02,"CCR dam","Q_m3day_mod",52838.29303
2023-01-02,"CCR dam","DOC_mgL_mod",2.22250934437501
2023-01-03,"SMB","Q_m3day_mod",4918.093022
2023-01-03,"SMB","DOC_mgL_mod",2.14149467138729
2023-01-03,"CCS","Q_m3day_mod",9208.52924
2023-01-03,"CCS","DOC_mgL_mod",3.00604572983905
2023-01-03,"HPB","Q_m3day_mod",2929.583098
2023-01-03,"HPB","DOC_mgL_mod",3.13783248076345
2023-01-03,"CCR dam","Q_m3day_mod",49028.242986
2023-01-03,"CCR dam","DOC_mgL_mod",2.332388293675
2023-01-04,"SMB","Q_m3day_mod",5010.661008
2023-01-04,"SMB","DOC_mgL_mod",2.38149217856647
2023-01-04,"CCS","Q_m3day_mod",9792.109858
2023-01-04,"CCS","DOC_mgL_mod",3.0843230353799
2023-01-04,"HPB","Q_m3day_mod",2782.430195
2023-01-04,"HPB","DOC_mgL_mod",3.35100985345654
2023-01-04,"CCR dam","Q_m3day_mod",49349.447355
2023-01-04,"CCR dam","DOC_mgL_mod",2.43555311035965
2023-01-05,"SMB","Q_m3day_mod",4956.710484
2023-01-05,"SMB","DOC_mgL_mod",2.08999497417489
2023-01-05,"CCS","Q_m3day_mod",9793.59233
2023-01-05,"CCS","DOC_mgL_mod",2.85519031809649
2023-01-05,"HPB","Q_m3day_mod",2814.416718
2023-01-05,"HPB","DOC_mgL_mod",3.42461474818457
2023-01-05,"CCR dam","Q_m3day_mod",49187.366396
2023-01-05,"CCR dam","DOC_mgL_mod",2.33797433011888
2023-01-06,"SMB","Q_m3day_mod",4426.566454
2023-01-06,"SMB","DOC_mgL_mod",2.27860580086527
2023-01-06,"CCS","Q_m3day_mod",8585.101795
2023-01-06,"CCS","DOC_mgL_mod",3.18988879269311
2023-01-06,"HPB","Q_m3day_mod",2748.533869
2023-01-06,"HPB","DOC_mgL_mod",3.44810704604783
2023-01-06,"CCR dam","Q_m3day_mod",45309.783654
2023-01-06,"CCR dam","DOC_mgL_mod",2.48568169868225
2023-01-07,"SMB","Q_m3day_mod",4109.351806
2023-01-07,"SMB","DOC_mgL_mod",2.4018581192267
2023-01-07,"CCS","Q_m3day_mod",8042.021038
2023-01-07,"CCS","DOC_mgL_mod",3.33630686530417
2023-01-07,"HPB","Q_m3day_mod",2540.692086
2023-01-07,"HPB","DOC_mgL_mod",3.67129966334693
2023-01-07,"CCR dam","Q_m3day_mod",42381.908625
2023-01-07,"CCR dam","DOC_mgL_mod",2.60371709486691
2023-01-08,"SMB","Q_m3day_mod",4101.744463
2023-01-08,"SMB","DOC_mgL_mod",2.51702905754614
2023-01-08,"CCS","Q_m3day_mod",8254.751853
2023-01-08,"CCS","DOC_mgL_mod",3.30764394693186
2023-01-08,"HPB","Q_m3day_mod",2418.119362
2023-01-08,"HPB","DOC_mgL_mod",3.83429376800135
2023-01-08,"CCR dam","Q_m3day_mod",41875.33125
2023-01-08,"CCR dam","DOC_mgL_mod",2.66551204893454
2023-01-09,"SMB","Q_m3day_mod",4240.418414
2023-01-09,"SMB","DOC_mgL_mod",2.40283363697326
2023-01-09,"CCS","Q_m3day_mod",8740.353535
2023-01-09,"CCS","DOC_mgL_mod",3.18522127148716
2023-01-09,"HPB","Q_m3day_mod",2444.969666
2023-01-09,"HPB","DOC_mgL_mod",3.84296178830384
2023-01-09,"CCR dam","Q_m3day_mod",42997.743371
2023-01-09,"CCR dam","DOC_mgL_mod",2.61801413689823
2023-01-10,"SMB","Q_m3day_mod",4054.45654
2023-01-10,"SMB","DOC_mgL_mod",2.37544561274296
2023-01-10,"CCS","Q_m3day_mod",8249.838165
2023-01-10,"CCS","DOC_mgL_mod",3.23510952169084
2023-01-10,"HPB","Q_m3day_mod",2495.364078
2023-01-10,"HPB","DOC_mgL_mod",3.82499414981159
2023-01-10,"CCR dam","Q_m3day_mod",41676.921589
2023-01-10,"CCR dam","DOC_mgL_mod",2.63491869872136
2023-01-11,"SMB","Q_m3day_mod",3735.30444
2023-01-11,"SMB","DOC_mgL_mod",2.51444136639101
2023-01-11,"CCS","Q_m3day_mod",7521.119966
2023-01-11,"CCS","DOC_mgL_mod",3.4818458046651
2023-01-11,"HPB","Q_m3day_mod",2409.810358
2023-01-11,"HPB","DOC_mgL_mod",3.90470560007444
2023-01-11,"CCR dam","Q_m3day_mod",38937.422994
2023-01-11,"CCR dam","DOC_mgL_mod",2.75957913333292
2023-01-12,"SMB","Q_m3day_mod",3568.068059
2023-01-12,"SMB","DOC_mgL_mod",2.58655884568148
2023-01-12,"CCS","Q_m3day_mod",7478.06607
2023-01-12,"CCS","DOC_mgL_mod",3.47404125034696
2023-01-12,"HPB","Q_m3day_mod",2286.913772
2023-01-12,"HPB","DOC_mgL_mod",4.0761173919766
2023-01-12,"CCR dam","Q_m3day_mod",37679.741314
2023-01-12,"CCR dam","DOC_mgL_mod",2.81531922196572
2023-01-13,"SMB","Q_m3day_mod",5808.694562
2023-01-13,"SMB","DOC_mgL_mod",3.81014352945763
2023-01-13,"CCS","Q_m3day_mod",13400.860041
2023-01-13,"CCS","DOC_mgL_mod",4.26840067167298
2023-01-13,"HPB","Q_m3day_mod",2871.063862
2023-01-13,"HPB","DOC_mgL_mod",4.71259109874861
2023-01-13,"CCR dam","Q_m3day_mod",55777.37986
2023-01-13,"CCR dam","DOC_mgL_mod",3.59988763373225
2023-01-14,"SMB","Q_m3day_mod",6927.83448
2023-01-14,"SMB","DOC_mgL_mod",1.79129135313868
2023-01-14,"CCS","Q_m3day_mod",15611.816753
2023-01-14,"CCS","DOC_mgL_mod",2.44722575241977
2023-01-14,"HPB","Q_m3day_mod",3866.955373
2023-01-14,"HPB","DOC_mgL_mod",3.69745668642347
2023-01-14,"CCR dam","Q_m3day_mod",66377.24797
2023-01-14,"CCR dam","DOC_mgL_mod",2.22129576789081
2023-01-15,"SMB","Q_m3day_mod",5598.649449
2023-01-15,"SMB","DOC_mgL_mod",2.27242125371368
2023-01-15,"CCS","Q_m3day_mod",11707.121705
2023-01-15,"CCS","DOC_mgL_mod",3.24472068858534
2023-01-15,"HPB","Q_m3day_mod",4079.765768
2023-01-15,"HPB","DOC_mgL_mod",3.49731597630288
2023-01-15,"CCR dam","Q_m3day_mod",57311.253794
2023-01-15,"CCR dam","DOC_mgL_mod",2.58198155168422
2023-01-16,"SMB","Q_m3day_mod",5221.709504
2023-01-16,"SMB","DOC_mgL_mod",2.38115505860205
2023-01-16,"CCS","Q_m3day_mod",10970.988116
2023-01-16,"CCS","DOC_mgL_mod",3.37440252496578
2023-01-16,"HPB","Q_m3day_mod",3768.671795
2023-01-16,"HPB","DOC_mgL_mod",3.7034108458362
2023-01-16,"CCR dam","Q_m3day_mod",53924.528314
2023-01-16,"CCR dam","DOC_mgL_mod",2.68238600359619
2023-01-17,"SMB","Q_m3day_mod",5524.927052
2023-01-17,"SMB","DOC_mgL_mod",2.83578404792303
2023-01-17,"CCS","Q_m3day_mod",11899.926612
2023-01-17,"CCS","DOC_mgL_mod",3.27512271888287
2023-01-17,"HPB","Q_m3day_mod",3628.866944
2023-01-17,"HPB","DOC_mgL_mod",3.96156712876161
2023-01-17,"CCR dam","Q_m3day_mod",55448.25218
2023-01-17,"CCR dam","DOC_mgL_mod",2.79366064591434
2023-01-18,"SMB","Q_m3day_mod",5564.141318
2023-01-18,"SMB","DOC_mgL_mod",2.30371395466415
2023-01-18,"CCS","Q_m3day_mod",11956.048936
2023-01-18,"CCS","DOC_mgL_mod",3.13176285915463
2023-01-18,"HPB","Q_m3day_mod",3673.425682
2023-01-18,"HPB","DOC_mgL_mod",3.94204245670649
2023-01-18,"CCR dam","Q_m3day_mod",55728.488728
2023-01-18,"CCR dam","DOC_mgL_mod",2.65104443655532
2023-01-19,"SMB","Q_m3day_mod",5396.799792
2023-01-19,"SMB","DOC_mgL_mod",2.80391353824748
2023-01-19,"CCS","Q_m3day_mod",11592.113089
2023-01-19,"CCS","DOC_mgL_mod",3.36325566362839
2023-01-19,"HPB","Q_m3day_mod",3694.961458
2023-01-19,"HPB","DOC_mgL_mod",4.0471328781043
2023-01-19,"CCR dam","Q_m3day_mod",54764.722994
2023-01-19,"CCR dam","DOC_mgL_mod",2.86997708391988
2023-01-20,"SMB","Q_m3day_mod",5303.02847
2023-01-20,"SMB","DOC_mgL_mod",2.42562529557757
2023-01-20,"CCS","Q_m3day_mod",11508.196282
2023-01-20,"CCS","DOC_mgL_mod",3.31604006960576
2023-01-20,"HPB","Q_m3day_mod",3650.429099
2023-01-20,"HPB","DOC_mgL_mod",4.03625425954342
2023-01-20,"CCR dam","Q_m3day_mod",54249.650086
2023-01-20,"CCR dam","DOC_mgL_mod",2.76121227994164
2023-01-21,"SMB","Q_m3day_mod",4736.581886
2023-01-21,"SMB","DOC_mgL_mod",2.6448165156877
2023-01-21,"CCS","Q_m3day_mod",10238.06249
2023-01-21,"CCS","DOC_mgL_mod",3.64417681924112
2023-01-21,"HPB","Q_m3day_mod",3491.322352
2023-01-21,"HPB","DOC_mgL_mod",4.12389019070445
2023-01-21,"CCR dam","Q_m3day_mod",50035.510013
2023-01-21,"CCR dam","DOC_mgL_mod",2.93405423392022
2023-01-22,"SMB","Q_m3day_mod",4623.764304
2023-01-22,"SMB","DOC_mgL_mod",2.83657408502715
2023-01-22,"CCS","Q_m3day_mod",10202.110462
2023-01-22,"CCS","DOC_mgL_mod",3.62846884846835
2023-01-22,"HPB","Q_m3day_mod",3294.662341
2023-01-22,"HPB","DOC_mgL_mod",4.29141397103188
2023-01-22,"CCR dam","Q_m3day_mod",48659.035277
2023-01-22,"CCR dam","DOC_mgL_mod",3.00689479697018
2023-01-23,"SMB","Q_m3day_mod",4690.148249
2023-01-23,"SMB","DOC_mgL_mod",2.82005371638733
2023-01-23,"CCS","Q_m3day_mod",10506.67894
2023-01-23,"CCS","DOC_mgL_mod",3.53475348510078
2023-01-23,"HPB","Q_m3day_mod",3236.633148
2023-01-23,"HPB","DOC_mgL_mod",4.39994875810992
2023-01-23,"CCR dam","Q_m3day_mod",49060.211064
2023-01-23,"CCR dam","DOC_mgL_mod",3.01005431483685
2023-01-24,"SMB","Q_m3day_mod",4461.648246
2023-01-24,"SMB","DOC_mgL_mod",2.70848111139957
2023-01-24,"CCS","Q_m3day_mod",9938.775331
2023-01-24,"CCS","DOC_mgL_mod",3.62437008588418
2023-01-24,"HPB","Q_m3day_mod",3202.811803
2023-01-24,"HPB","DOC_mgL_mod",4.35295011306663
2023-01-24,"CCR dam","Q_m3day_mod",47410.010107
2023-01-24,"CCR dam","DOC_mgL_mod",3.0019272233605
2023-01-25,"SMB","Q_m3day_mod",5334.005596
2023-01-25,"SMB","DOC_mgL_mod",3.53867645248717
2023-01-25,"CCS","Q_m3day_mod",12675.51893
2023-01-25,"CCS","DOC_mgL_mod",3.97260500955285
2023-01-25,"HPB","Q_m3day_mod",3437.704867
2023-01-25,"HPB","DOC_mgL_mod",4.77650078621482
2023-01-25,"CCR dam","Q_m3day_mod",54863.772603
2023-01-25,"CCR dam","DOC_mgL_mod",3.43984547627847
2023-01-26,"SMB","Q_m3day_mod",5817.634785
2023-01-26,"SMB","DOC_mgL_mod",2.42576932405357
2023-01-26,"CCS","Q_m3day_mod",13739.664491
2023-01-26,"CCS","DOC_mgL_mod",3.10467188103043
2023-01-26,"HPB","Q_m3day_mod",3857.922622
2023-01-26,"HPB","DOC_mgL_mod",4.30206658509804
2023-01-26,"CCR dam","Q_m3day_mod",59554.8271
2023-01-26,"CCR dam","DOC_mgL_mod",2.76000801285174
2023-01-27,"SMB","Q_m3day_mod",5011.301669
2023-01-27,"SMB","DOC_mgL_mod",2.73909473159677
2023-01-27,"CCS","Q_m3day_mod",11131.041311
2023-01-27,"CCS","DOC_mgL_mod",3.74115851666522
2023-01-27,"HPB","Q_m3day_mod",3858.592293
2023-01-27,"HPB","DOC_mgL_mod",4.19683883922587
2023-01-27,"CCR dam","Q_m3day_mod",53376.969616
2023-01-27,"CCR dam","DOC_mgL_mod",3.01221484015841
2023-01-28,"SMB","Q_m3day_mod",4668.403839
2023-01-28,"SMB","DOC_mgL_mod",2.85956837934131
2023-01-28,"CCS","Q_m3day_mod",10509.673868
2023-01-28,"CCS","DOC_mgL_mod",3.87131423020481
2023-01-28,"HPB","Q_m3day_mod",3605.750847
2023-01-28,"HPB","DOC_mgL_mod",4.3861100422838
2023-01-28,"CCR dam","Q_m3day_mod",50337.841557
2023-01-28,"CCR dam","DOC_mgL_mod",3.11953582320741
2023-01-29,"SMB","Q_m3day_mod",5496.57663
2023-01-29,"SMB","DOC_mgL_mod",3.53135074912983
2023-01-29,"CCS","Q_m3day_mod",13121.213794
2023-01-29,"CCS","DOC_mgL_mod",3.85270835409421
2023-01-29,"HPB","Q_m3day_mod",3716.004952
2023-01-29,"HPB","DOC_mgL_mod",4.78855120750657
2023-01-29,"CCR dam","Q_m3day_mod",56832.889995
2023-01-29,"CCR dam","DOC_mgL_mod",3.3512566405959
2023-01-30,"SMB","Q_m3day_mod",5852.715445
2023-01-30,"SMB","DOC_mgL_mod",2.48667479852166
2023-01-30,"CCS","Q_m3day_mod",13899.240179
2023-01-30,"CCS","DOC_mgL_mod",3.21868529673963
2023-01-30,"HPB","Q_m3day_mod",4020.383448
2023-01-30,"HPB","DOC_mgL_mod",4.3305993632675
2023-01-30,"CCR dam","Q_m3day_mod",60310.333187
2023-01-30,"CCR dam","DOC_mgL_mod",2.84306504274063
2023-01-31,"SMB","Q_m3day_mod",5241.083175
2023-01-31,"SMB","DOC_mgL_mod",2.83351732917309
2023-01-31,"CCS","Q_m3day_mod",11933.61544
2023-01-31,"CCS","DOC_mgL_mod",3.72476725293236
2023-01-31,"HPB","Q_m3day_mod",4016.551472
2023-01-31,"HPB","DOC_mgL_mod",4.31764415840156
2023-01-31,"CCR dam","Q_m3day_mod",55844.793336
2023-01-31,"CCR dam","DOC_mgL_mod",3.06792253611143
2023-02-01,"SMB","Q_m3day_mod",5637.678963
2023-02-01,"SMB","DOC_mgL_mod",2.97278899880486
2023-02-01,"CCS","Q_m3day_mod",13369.380231
2023-02-01,"CCS","DOC_mgL_mod",3.84332101505028
2023-02-01,"HPB","Q_m3day_mod",4048.685583
2023-02-01,"HPB","DOC_mgL_mod",4.56484694133879
2023-02-01,"CCR dam","Q_m3day_mod",59449.949112
2023-02-01,"CCR dam","DOC_mgL_mod",3.20310787215733
2023-02-02,"SMB","Q_m3day_mod",5655.218134
2023-02-02,"SMB","DOC_mgL_mod",2.72924397154651
2023-02-02,"CCS","Q_m3day_mod",13314.809044
2023-02-02,"CCS","DOC_mgL_mod",3.43945375774178
2023-02-02,"HPB","Q_m3day_mod",4152.47788
2023-02-02,"HPB","DOC_mgL_mod",4.38418711094976
2023-02-02,"CCR dam","Q_m3day_mod",59771.309696
2023-02-02,"CCR dam","DOC_mgL_mod",2.96104771503517
2023-02-03,"SMB","Q_m3day_mod",5084.532589
2023-02-03,"SMB","DOC_mgL_mod",2.91790636411633
2023-02-03,"CCS","Q_m3day_mod",11547.523206
2023-02-03,"CCS","DOC_mgL_mod",3.85664174087653
2023-02-03,"HPB","Q_m3day_mod",4015.657966
2023-02-03,"HPB","DOC_mgL_mod",4.40863493601636
2023-02-03,"CCR dam","Q_m3day_mod",54836.193926
2023-02-03,"CCR dam","DOC_mgL_mod",3.1437958701627
2023-02-04,"SMB","Q_m3day_mod",4721.09994
2023-02-04,"SMB","DOC_mgL_mod",3.06873402048761
2023-02-04,"CCS","Q_m3day_mod",10829.042262
2023-02-04,"CCS","DOC_mgL_mod",4.01565244163787
2023-02-04,"HPB","Q_m3day_mod",3774.602727
2023-02-04,"HPB","DOC_mgL_mod",4.58171660723224
2023-02-04,"CCR dam","Q_m3day_mod",51604.362616
2023-02-04,"CCR dam","DOC_mgL_mod",3.26335587657828
2023-02-05,"SMB","Q_m3day_mod",4442.301561
2023-02-05,"SMB","DOC_mgL_mod",3.19541116357814
2023-02-05,"CCS","Q_m3day_mod",10296.729838
2023-02-05,"CCS","DOC_mgL_mod",4.13093095275984
2023-02-05,"HPB","Q_m3day_mod",3563.496912
2023-02-05,"HPB","DOC_mgL_mod",4.74565866552377
2023-02-05,"CCR dam","Q_m3day_mod",48792.840841
2023-02-05,"CCR dam","DOC_mgL_mod",3.37845055050542
2023-02-06,"SMB","Q_m3day_mod",4195.831175
2023-02-06,"SMB","DOC_mgL_mod",3.30303089470705
2023-02-06,"CCS","Q_m3day_mod",9828.562214
2023-02-06,"CCS","DOC_mgL_mod",4.23618827387523
2023-02-06,"HPB","Q_m3day_mod",3379.471393
2023-02-06,"HPB","DOC_mgL_mod",4.89049856561399
2023-02-06,"CCR dam","Q_m3day_mod",46279.216869
2023-02-06,"CCR dam","DOC_mgL_mod",3.48502656076784
2023-02-07,"SMB","Q_m3day_mod",3975.683474
2023-02-07,"SMB","DOC_mgL_mod",3.41608935641339
2023-02-07,"CCS","Q_m3day_mod",9412.480765
2023-02-07,"CCS","DOC_mgL_mod",4.33260274503201
2023-02-07,"HPB","Q_m3day_mod",3218.391748
2023-02-07,"HPB","DOC_mgL_mod",5.02509366985861
2023-02-07,"CCR dam","Q_m3day_mod",43987.020747
2023-02-07,"CCR dam","DOC_mgL_mod",3.58893367450367
2023-02-08,"SMB","Q_m3day_mod",3781.400314
2023-02-08,"SMB","DOC_mgL_mod",3.5178713956176
2023-02-08,"CCS","Q_m3day_mod",9039.059758
2023-02-08,"CCS","DOC_mgL_mod",4.41848500499757
2023-02-08,"HPB","Q_m3day_mod",3077.525351
2023-02-08,"HPB","DOC_mgL_mod",5.14344747634867
2023-02-08,"CCR dam","Q_m3day_mod",41917.061352
2023-02-08,"CCR dam","DOC_mgL_mod",3.68943802384709
2023-02-09,"SMB","Q_m3day_mod",3606.207223
2023-02-09,"SMB","DOC_mgL_mod",3.61152290887084
2023-02-09,"CCS","Q_m3day_mod",8701.102794
2023-02-09,"CCS","DOC_mgL_mod",4.49630821819251
2023-02-09,"HPB","Q_m3day_mod",2953.097022
2023-02-09,"HPB","DOC_mgL_mod",5.24844930069487
2023-02-09,"CCR dam","Q_m3day_mod",40088.869467
2023-02-09,"CCR dam","DOC_mgL_mod",3.79178565075598
2023-02-10,"SMB","Q_m3day_mod",3448.154929
2023-02-10,"SMB","DOC_mgL_mod",3.69529799628096
2023-02-10,"CCS","Q_m3day_mod",8396.017011
2023-02-10,"CCS","DOC_mgL_mod",4.56706316218301
2023-02-10,"HPB","Q_m3day_mod",2841.808323
2023-02-10,"HPB","DOC_mgL_mod",5.33811864692748
2023-02-10,"CCR dam","Q_m3day_mod",38457.569212
2023-02-10,"CCR dam","DOC_mgL_mod",3.87192698475433
2023-02-11,"SMB","Q_m3day_mod",3304.507474
2023-02-11,"SMB","DOC_mgL_mod",3.77094622967102
2023-02-11,"CCS","Q_m3day_mod",8119.333626
2023-02-11,"CCS","DOC_mgL_mod",4.62944642151843
2023-02-11,"HPB","Q_m3day_mod",2741.543929
2023-02-11,"HPB","DOC_mgL_mod",5.41860731935038
2023-02-11,"CCR dam","Q_m3day_mod",36914.504183
2023-02-11,"CCR dam","DOC_mgL_mod",3.94469608146762
2023-02-12,"SMB","Q_m3day_mod",6856.300389
2023-02-12,"SMB","DOC_mgL_mod",4.87814245327693
2023-02-12,"CCS","Q_m3day_mod",20605.865995
2023-02-12,"CCS","DOC_mgL_mod",5.37815299909699
2023-02-12,"HPB","Q_m3day_mod",3900.075899
2023-02-12,"HPB","DOC_mgL_mod",6.2538244464047
2023-02-12,"CCR dam","Q_m3day_mod",70966.518463
2023-02-12,"CCR dam","DOC_mgL_mod",4.69043863513674
2023-02-13,"SMB","Q_m3day_mod",10738.934772
2023-02-13,"SMB","DOC_mgL_mod",2.7590567061878
2023-02-13,"CCS","Q_m3day_mod",30899.440031
2023-02-13,"CCS","DOC_mgL_mod",3.29906302178062
2023-02-13,"HPB","Q_m3day_mod",6235.426971
2023-02-13,"HPB","DOC_mgL_mod",4.85598983691473
2023-02-13,"CCR dam","Q_m3day_mod",106762.448546
2023-02-13,"CCR dam","DOC_mgL_mod",3.0502597536407
2023-02-14,"SMB","Q_m3day_mod",9932.629898
2023-02-14,"SMB","DOC_mgL_mod",2.52667120971188
2023-02-14,"CCS","Q_m3day_mod",23875.876958
2023-02-14,"CCS","DOC_mgL_mod",2.99751419082514
2023-02-14,"HPB","Q_m3day_mod",7389.783672
2023-02-14,"HPB","DOC_mgL_mod",4.10122966316787
2023-02-14,"CCR dam","Q_m3day_mod",97816.973845
2023-02-14,"CCR dam","DOC_mgL_mod",2.74666644692703
2023-02-15,"SMB","Q_m3day_mod",8517.871381
2023-02-15,"SMB","DOC_mgL_mod",2.85596235395891
2023-02-15,"CCS","Q_m3day_mod",18577.13261
2023-02-15,"CCS","DOC_mgL_mod",3.71891946138183
2023-02-15,"HPB","Q_m3day_mod",7143.601369
2023-02-15,"HPB","DOC_mgL_mod",4.13424664597911
2023-02-15,"CCR dam","Q_m3day_mod",85319.656278
2023-02-15,"CCR dam","DOC_mgL_mod",3.07736589027612
2023-02-16,"SMB","Q_m3day_mod",8580.102606
2023-02-16,"SMB","DOC_mgL_mod",2.91944061164063
2023-02-16,"CCS","Q_m3day_mod",20420.73862
2023-02-16,"CCS","DOC_mgL_mod",3.78986340504857
2023-02-16,"HPB","Q_m3day_mod",6938.370241
2023-02-16,"HPB","DOC_mgL_mod",4.24886810245386
2023-02-16,"CCR dam","Q_m3day_mod",88056.838928
2023-02-16,"CCR dam","DOC_mgL_mod",3.18184258498187
2023-02-17,"SMB","Q_m3day_mod",10987.09836
2023-02-17,"SMB","DOC_mgL_mod",3.23072651549467
2023-02-17,"CCS","Q_m3day_mod",29053.554459
2023-02-17,"CCS","DOC_mgL_mod",3.85684994784823
2023-02-17,"HPB","Q_m3day_mod",7822.867305
2023-02-17,"HPB","DOC_mgL_mod",4.49724872330555
2023-02-17,"CCR dam","Q_m3day_mod",112062.248311
2023-02-17,"CCR dam","DOC_mgL_mod",3.40466665402918
2023-02-18,"SMB","Q_m3day_mod",11468.549633
2023-02-18,"SMB","DOC_mgL_mod",2.80217124469936
2023-02-18,"CCS","Q_m3day_mod",28537.351965
2023-02-18,"CCS","DOC_mgL_mod",3.08663151745937
2023-02-18,"HPB","Q_m3day_mod",8713.818344
2023-02-18,"HPB","DOC_mgL_mod",4.62853807685482
2023-02-18,"CCR dam","Q_m3day_mod",114993.691146
2023-02-18,"CCR dam","DOC_mgL_mod",2.88359645381758
2023-02-19,"SMB","Q_m3day_mod",9561.96631
2023-02-19,"SMB","DOC_mgL_mod",3.23251714113182
2023-02-19,"CCS","Q_m3day_mod",21044.284492
2023-02-19,"CCS","DOC_mgL_mod",3.99048492391955
2023-02-19,"HPB","Q_m3day_mod",8459.48105
2023-02-19,"HPB","DOC_mgL_mod",4.57886361717188
2023-02-19,"CCR dam","Q_m3day_mod",96276.632264
2023-02-19,"CCR dam","DOC_mgL_mod",3.3323122387608
2023-02-20,"SMB","Q_m3day_mod",8835.617332
2023-02-20,"SMB","DOC_mgL_mod",3.36749758188826
2023-02-20,"CCS","Q_m3day_mod",19557.063904
2023-02-20,"CCS","DOC_mgL_mod",4.08811263247177
2023-02-20,"HPB","Q_m3day_mod",7842.673473
2023-02-20,"HPB","DOC_mgL_mod",4.73747123706115
2023-02-20,"CCR dam","Q_m3day_mod",90246.620843
2023-02-20,"CCR dam","DOC_mgL_mod",3.42864693558219
2023-02-21,"SMB","Q_m3day_mod",8195.112983
2023-02-21,"SMB","DOC_mgL_mod",3.50020555659251
2023-02-21,"CCS","Q_m3day_mod",18225.116337
2023-02-21,"CCS","DOC_mgL_mod",4.19436773881154
2023-02-21,"HPB","Q_m3day_mod",7303.311817
2023-02-21,"HPB","DOC_mgL_mod",4.89133298633742
2023-02-21,"CCR dam","Q_m3day_mod",84518.059701
2023-02-21,"CCR dam","DOC_mgL_mod",3.55219938865265
2023-02-22,"SMB","Q_m3day_mod",7627.45816
2023-02-22,"SMB","DOC_mgL_mod",3.62570982624702
2023-02-22,"CCS","Q_m3day_mod",17040.741485
2023-02-22,"CCS","DOC_mgL_mod",4.30595992930175
2023-02-22,"HPB","Q_m3day_mod",6839.736411
2023-02-22,"HPB","DOC_mgL_mod",5.04207442037345
2023-02-22,"CCR dam","Q_m3day_mod",79307.16131
2023-02-22,"CCR dam","DOC_mgL_mod",3.66473840696342
2023-02-23,"SMB","Q_m3day_mod",7133.409142
2023-02-23,"SMB","DOC_mgL_mod",3.74821343732761
2023-02-23,"CCS","Q_m3day_mod",16056.383527
2023-02-23,"CCS","DOC_mgL_mod",4.3993107091157
2023-02-23,"HPB","Q_m3day_mod",6442.094934
2023-02-23,"HPB","DOC_mgL_mod",5.17969858281508
2023-02-23,"CCR dam","Q_m3day_mod",74667.059919
2023-02-23,"CCR dam","DOC_mgL_mod",3.76966228890414
2023-02-24,"SMB","Q_m3day_mod",6693.708263
2023-02-24,"SMB","DOC_mgL_mod",3.85114184651462
2023-02-24,"CCS","Q_m3day_mod",15192.743447
2023-02-24,"CCS","DOC_mgL_mod",4.49656576103704
2023-02-24,"HPB","Q_m3day_mod",6093.532909
2023-02-24,"HPB","DOC_mgL_mod",5.2992115546479
2023-02-24,"CCR dam","Q_m3day_mod",70569.116751
2023-02-24,"CCR dam","DOC_mgL_mod",3.87884973770939
2023-02-25,"SMB","Q_m3day_mod",6437.234389
2023-02-25,"SMB","DOC_mgL_mod",3.91221267987916
2023-02-25,"CCS","Q_m3day_mod",14971.19614
2023-02-25,"CCS","DOC_mgL_mod",4.4590411731791
2023-02-25,"HPB","Q_m3day_mod",5833.593948
2023-02-25,"HPB","DOC_mgL_mod",5.36540429090558
2023-02-25,"CCR dam","Q_m3day_mod",68332.188523
2023-02-25,"CCR dam","DOC_mgL_mod",3.9222818088109
2023-02-26,"SMB","Q_m3day_mod",6139.878685
2023-02-26,"SMB","DOC_mgL_mod",3.94312839749537
2023-02-26,"CCS","Q_m3day_mod",14380.540067
2023-02-26,"CCS","DOC_mgL_mod",4.47133207100851
2023-02-26,"HPB","Q_m3day_mod",5593.4272
2023-02-26,"HPB","DOC_mgL_mod",5.42735051597704
2023-02-26,"CCR dam","Q_m3day_mod",65647.645856
2023-02-26,"CCR dam","DOC_mgL_mod",3.94703567235866
2023-02-27,"SMB","Q_m3day_mod",5769.941354
2023-02-27,"SMB","DOC_mgL_mod",4.08330666717553
2023-02-27,"CCS","Q_m3day_mod",13425.27085
2023-02-27,"CCS","DOC_mgL_mod",4.66029406028706
2023-02-27,"HPB","Q_m3day_mod",5340.774229
2023-02-27,"HPB","DOC_mgL_mod",5.52270864397178
2023-02-27,"CCR dam","Q_m3day_mod",62086.966068
2023-02-27,"CCR dam","DOC_mgL_mod",4.06375147601293
2023-02-28,"SMB","Q_m3day_mod",5803.328417
2023-02-28,"SMB","DOC_mgL_mod",4.0910367799369
2023-02-28,"CCS","Q_m3day_mod",14114.891224
2023-02-28,"CCS","DOC_mgL_mod",4.55777086617667
2023-02-28,"HPB","Q_m3day_mod",5240.182744
2023-02-28,"HPB","DOC_mgL_mod",5.55355250412236
2023-02-28,"CCR dam","Q_m3day_mod",62765.172718
2023-02-28,"CCR dam","DOC_mgL_mod",4.07281759820107
2023-03-01,"SMB","Q_m3day_mod",5636.078024
2023-03-01,"SMB","DOC_mgL_mod",3.94715259534526
2023-03-01,"CCS","Q_m3day_mod",13719.233629
2023-03-01,"CCS","DOC_mgL_mod",4.34187663909197
2023-03-01,"HPB","Q_m3day_mod",5117.527343
2023-03-01,"HPB","DOC_mgL_mod",5.46448081772369
2023-03-01,"CCR dam","Q_m3day_mod",60987.537844
2023-03-01,"CCR dam","DOC_mgL_mod",3.9471391781015
2023-03-02,"SMB","Q_m3day_mod",5772.262324
2023-03-02,"SMB","DOC_mgL_mod",4.04461694385045
2023-03-02,"CCS","Q_m3day_mod",14535.781903
2023-03-02,"CCS","DOC_mgL_mod",4.58100709300385
2023-03-02,"HPB","Q_m3day_mod",5100.436454
2023-03-02,"HPB","DOC_mgL_mod",5.47070633104686
2023-03-02,"CCR dam","Q_m3day_mod",62410.917212
2023-03-02,"CCR dam","DOC_mgL_mod",4.07813266283903
2023-03-03,"SMB","Q_m3day_mod",7854.224463
2023-03-03,"SMB","DOC_mgL_mod",3.67682769139622
2023-03-03,"CCS","Q_m3day_mod",23638.186847
2023-03-03,"CCS","DOC_mgL_mod",4.35250388136506
2023-03-03,"HPB","Q_m3day_mod",6004.97
2023-03-03,"HPB","DOC_mgL_mod",5.3705613849861
2023-03-03,"CCR dam","Q_m3day_mod",86078.324125
2023-03-03,"CCR dam","DOC_mgL_mod",3.92018087515246
2023-03-04,"SMB","Q_m3day_mod",13642.449313
2023-03-04,"SMB","DOC_mgL_mod",4.20178654762358
2023-03-04,"CCS","Q_m3day_mod",41759.189735
2023-03-04,"CCS","DOC_mgL_mod",4.47166482838846
2023-03-04,"HPB","Q_m3day_mod",9686.10142
2023-03-04,"HPB","DOC_mgL_mod",6.7037105213379
2023-03-04,"CCR dam","Q_m3day_mod",141916.441439
2023-03-04,"CCR dam","DOC_mgL_mod",4.23042597399158
2023-03-05,"SMB","Q_m3day_mod",15126.134098
2023-03-05,"SMB","DOC_mgL_mod",3.02199357111636
2023-03-05,"CCS","Q_m3day_mod",40086.123256
2023-03-05,"CCS","DOC_mgL_mod",2.88919183479946
2023-03-05,"HPB","Q_m3day_mod",12288.365292
2023-03-05,"HPB","DOC_mgL_mod",4.75211052181342
2023-03-05,"CCR dam","Q_m3day_mod",149295.102408
2023-03-05,"CCR dam","DOC_mgL_mod",2.8538839729358
2023-03-06,"SMB","Q_m3day_mod",12037.781924
2023-03-06,"SMB","DOC_mgL_mod",3.65767217565354
2023-03-06,"CCS","Q_m3day_mod",26239.233215
2023-03-06,"CCS","DOC_mgL_mod",4.1607656407272
2023-03-06,"HPB","Q_m3day_mod",11457.875138
2023-03-06,"HPB","DOC_mgL_mod",4.73237832904721
2023-03-06,"CCR dam","Q_m3day_mod",116270.15075
2023-03-06,"CCR dam","DOC_mgL_mod",3.53844471127083
2023-03-07,"SMB","Q_m3day_mod",11195.089539
2023-03-07,"SMB","DOC_mgL_mod",3.77081664715036
2023-03-07,"CCS","Q_m3day_mod",24210.38892
2023-03-07,"CCS","DOC_mgL_mod",4.25931199786773
2023-03-07,"HPB","Q_m3day_mod",10465.45765
2023-03-07,"HPB","DOC_mgL_mod",4.85382691314985
2023-03-07,"CCR dam","Q_m3day_mod",109046.933907
2023-03-07,"CCR dam","DOC_mgL_mod",3.61198876380986
2023-03-08,"SMB","Q_m3day_mod",10380.38245
2023-03-08,"SMB","DOC_mgL_mod",3.90238608212359
2023-03-08,"CCS","Q_m3day_mod",22458.905334
2023-03-08,"CCS","DOC_mgL_mod",4.36331729185604
2023-03-08,"HPB","Q_m3day_mod",9636.712841
2023-03-08,"HPB","DOC_mgL_mod",4.9784860036383
2023-03-08,"CCR dam","Q_m3day_mod",101515.013256
2023-03-08,"CCR dam","DOC_mgL_mod",3.72467764001057
2023-03-09,"SMB","Q_m3day_mod",9665.445536
2023-03-09,"SMB","DOC_mgL_mod",4.03173137284336
2023-03-09,"CCS","Q_m3day_mod",20952.349409
2023-03-09,"CCS","DOC_mgL_mod",4.46478426709594
2023-03-09,"HPB","Q_m3day_mod",8941.713611
2023-03-09,"HPB","DOC_mgL_mod",5.09915235306903
2023-03-09,"CCR dam","Q_m3day_mod",94903.368018
2023-03-09,"CCR dam","DOC_mgL_mod",3.83791753239903
2023-03-10,"SMB","Q_m3day_mod",9960.726014
2023-03-10,"SMB","DOC_mgL_mod",3.92185870237711
2023-03-10,"CCS","Q_m3day_mod",23623.518787
2023-03-10,"CCS","DOC_mgL_mod",3.99466823087891
2023-03-10,"HPB","Q_m3day_mod",8697.820629
2023-03-10,"HPB","DOC_mgL_mod",5.01312821451149
2023-03-10,"CCR dam","Q_m3day_mod",99557.449998
2023-03-10,"CCR dam","DOC_mgL_mod",3.73918074445939
2023-03-11,"SMB","Q_m3day_mod",9719.706543
2023-03-11,"SMB","DOC_mgL_mod",3.75228406728658
2023-03-11,"CCS","Q_m3day_mod",23025.247649
2023-03-11,"CCS","DOC_mgL_mod",3.76323856841397
2023-03-11,"HPB","Q_m3day_mod",8421.88028
2023-03-11,"HPB","DOC_mgL_mod",4.99156585018566
2023-03-11,"CCR dam","Q_m3day_mod",97369.263225
2023-03-11,"CCR dam","DOC_mgL_mod",3.55598048636667
2023-03-12,"SMB","Q_m3day_mod",9093.262025
2023-03-12,"SMB","DOC_mgL_mod",4.02989927038861
2023-03-12,"CCS","Q_m3day_mod",20750.318285
2023-03-12,"CCS","DOC_mgL_mod",4.14175912000957
2023-03-12,"HPB","Q_m3day_mod",8034.368293
2023-03-12,"HPB","DOC_mgL_mod",5.03979137168488
2023-03-12,"CCR dam","Q_m3day_mod",90990.595051
2023-03-12,"CCR dam","DOC_mgL_mod",3.79373714180591
2023-03-13,"SMB","Q_m3day_mod",8827.885982
2023-03-13,"SMB","DOC_mgL_mod",3.92371175507101
2023-03-13,"CCS","Q_m3day_mod",20276.353495
2023-03-13,"CCS","DOC_mgL_mod",3.99131431694346
2023-03-13,"HPB","Q_m3day_mod",7747.918091
2023-03-13,"HPB","DOC_mgL_mod",5.06221020141655
2023-03-13,"CCR dam","Q_m3day_mod",89020.729959
2023-03-13,"CCR dam","DOC_mgL_mod",3.69364641417161
2023-03-14,"SMB","Q_m3day_mod",8047.298853
2023-03-14,"SMB","DOC_mgL_mod",4.15529242927695
2023-03-14,"CCS","Q_m3day_mod",17435.357865
2023-03-14,"CCS","DOC_mgL_mod",4.47470425351089
2023-03-14,"HPB","Q_m3day_mod",7282.677352
2023-03-14,"HPB","DOC_mgL_mod",5.18866457671953
2023-03-14,"CCR dam","Q_m3day_mod",80904.901946
2023-03-14,"CCR dam","DOC_mgL_mod",3.92746906994688
2023-03-15,"SMB","Q_m3day_mod",7556.347442
2023-03-15,"SMB","DOC_mgL_mod",4.2764722305367
2023-03-15,"CCS","Q_m3day_mod",16352.969308
2023-03-15,"CCS","DOC_mgL_mod",4.62652430730044
2023-03-15,"HPB","Q_m3day_mod",6882.524726
2023-03-15,"HPB","DOC_mgL_mod",5.30042411067395
2023-03-15,"CCR dam","Q_m3day_mod",76243.525136
2023-03-15,"CCR dam","DOC_mgL_mod",4.03838489171086
2023-03-16,"SMB","Q_m3day_mod",7144.050812
2023-03-16,"SMB","DOC_mgL_mod",4.37984146857437
2023-03-16,"CCS","Q_m3day_mod",15586.503513
2023-03-16,"CCS","DOC_mgL_mod",4.71484832622704
2023-03-16,"HPB","Q_m3day_mod",6541.359793
2023-03-16,"HPB","DOC_mgL_mod",5.40442371597278
2023-03-16,"CCR dam","Q_m3day_mod",72255.756007
2023-03-16,"CCR dam","DOC_mgL_mod",4.13058995564431
2023-03-17,"SMB","Q_m3day_mod",6954.753518
2023-03-17,"SMB","DOC_mgL_mod",4.41099169375337
2023-03-17,"CCS","Q_m3day_mod",15660.163393
2023-03-17,"CCS","DOC_mgL_mod",4.65845267186734
2023-03-17,"HPB","Q_m3day_mod",6315.480737
2023-03-17,"HPB","DOC_mgL_mod",5.45207584883811
2023-03-17,"CCR dam","Q_m3day_mod",70500.421752
2023-03-17,"CCR dam","DOC_mgL_mod",4.15863185941413
2023-03-18,"SMB","Q_m3day_mod",6780.558957
2023-03-18,"SMB","DOC_mgL_mod",4.40114011090369
2023-03-18,"CCS","Q_m3day_mod",15510.208625
2023-03-18,"CCS","DOC_mgL_mod",4.51407145401953
2023-03-18,"HPB","Q_m3day_mod",6128.140874
2023-03-18,"HPB","DOC_mgL_mod",5.4434061954301
2023-03-18,"CCR dam","Q_m3day_mod",68928.455718
2023-03-18,"CCR dam","DOC_mgL_mod",4.15973485860535
2023-03-19,"SMB","Q_m3day_mod",6400.50215
2023-03-19,"SMB","DOC_mgL_mod",4.50092185345176
2023-03-19,"CCS","Q_m3day_mod",14350.930533
2023-03-19,"CCS","DOC_mgL_mod",4.73650540246818
2023-03-19,"HPB","Q_m3day_mod",5878.335817
2023-03-19,"HPB","DOC_mgL_mod",5.51380543899267
2023-03-19,"CCR dam","Q_m3day_mod",65074.362418
2023-03-19,"CCR dam","DOC_mgL_mod",4.27016861440869
2023-03-20,"SMB","Q_m3day_mod",6070.819373
2023-03-20,"SMB","DOC_mgL_mod",4.62876232572107
2023-03-20,"CCS","Q_m3day_mod",13512.530808
2023-03-20,"CCS","DOC_mgL_mod",4.89968984646477
2023-03-20,"HPB","Q_m3day_mod",5636.408006
2023-03-20,"HPB","DOC_mgL_mod",5.59279597332969
2023-03-20,"CCR dam","Q_m3day_mod",61582.899902
2023-03-20,"CCR dam","DOC_mgL_mod",4.38568499420776
2023-03-21,"SMB","Q_m3day_mod",5822.225581
2023-03-21,"SMB","DOC_mgL_mod",4.69830816745882
2023-03-21,"CCS","Q_m3day_mod",13012.946165
2023-03-21,"CCS","DOC_mgL_mod",4.95962245456658
2023-03-21,"HPB","Q_m3day_mod",5424.357703
2023-03-21,"HPB","DOC_mgL_mod",5.65300846274223
2023-03-21,"CCR dam","Q_m3day_mod",58909.778154
2023-03-21,"CCR dam","DOC_mgL_mod",4.45687300525291
2023-03-22,"SMB","Q_m3day_mod",5596.711428
2023-03-22,"SMB","DOC_mgL_mod",4.7769177210471
2023-03-22,"CCS","Q_m3day_mod",12574.700702
2023-03-22,"CCS","DOC_mgL_mod",5.00660027558245
2023-03-22,"HPB","Q_m3day_mod",5232.589978
2023-03-22,"HPB","DOC_mgL_mod",5.7071851846902
2023-03-22,"CCR dam","Q_m3day_mod",56475.939717
2023-03-22,"CCR dam","DOC_mgL_mod",4.52308011659534
2023-03-23,"SMB","Q_m3day_mod",5388.613923
2023-03-23,"SMB","DOC_mgL_mod",4.83164880097869
2023-03-23,"CCS","Q_m3day_mod",12161.344216
2023-03-23,"CCS","DOC_mgL_mod",5.05177872682623
2023-03-23,"HPB","Q_m3day_mod",5058.39577
2023-03-23,"HPB","DOC_mgL_mod",5.74998108540645
2023-03-23,"CCR dam","Q_m3day_mod",54300.195346
2023-03-23,"CCR dam","DOC_mgL_mod",4.63867207834188
2023-03-24,"SMB","Q_m3day_mod",5189.945115
2023-03-24,"SMB","DOC_mgL_mod",4.88295915244953
2023-03-24,"CCS","Q_m3day_mod",11776.693554
2023-03-24,"CCS","DOC_mgL_mod",5.10438347778715
2023-03-24,"HPB","Q_m3day_mod",4897.284533
2023-03-24,"HPB","DOC_mgL_mod",5.7863066376993
2023-03-24,"CCR dam","Q_m3day_mod",52244.471917
2023-03-24,"CCR dam","DOC_mgL_mod",4.68622977736204
2023-03-25,"SMB","Q_m3day_mod",5448.836466
2023-03-25,"SMB","DOC_mgL_mod",4.78556296609545
2023-03-25,"CCS","Q_m3day_mod",13417.886739
2023-03-25,"CCS","DOC_mgL_mod",4.87369145917188
2023-03-25,"HPB","Q_m3day_mod",4948.973974
2023-03-25,"HPB","DOC_mgL_mod",5.59045372744973
2023-03-25,"CCR dam","Q_m3day_mod",55292.506832
2023-03-25,"CCR dam","DOC_mgL_mod",4.58486175658949
2023-03-26,"SMB","Q_m3day_mod",5517.063383
2023-03-26,"SMB","DOC_mgL_mod",4.43349265759197
2023-03-26,"CCS","Q_m3day_mod",13483.82122
2023-03-26,"CCS","DOC_mgL_mod",4.31194236792173
2023-03-26,"HPB","Q_m3day_mod",4957.032697
2023-03-26,"HPB","DOC_mgL_mod",5.44997615536204
2023-03-26,"CCR dam","Q_m3day_mod",55371.586529
2023-03-26,"CCR dam","DOC_mgL_mod",4.27651643819129
2023-03-27,"SMB","Q_m3day_mod",5186.275407
2023-03-27,"SMB","DOC_mgL_mod",4.59914449737976
2023-03-27,"CCS","Q_m3day_mod",11909.452259
2023-03-27,"CCS","DOC_mgL_mod",4.83704529370497
2023-03-27,"HPB","Q_m3day_mod",4787.723161
2023-03-27,"HPB","DOC_mgL_mod",5.52880338103576
2023-03-27,"CCR dam","Q_m3day_mod",51259.558887
2023-03-27,"CCR dam","DOC_mgL_mod",4.51740133992308
2023-03-28,"SMB","Q_m3day_mod",5020.713834
2023-03-28,"SMB","DOC_mgL_mod",4.64123643976639
2023-03-28,"CCS","Q_m3day_mod",11662.549957
2023-03-28,"CCS","DOC_mgL_mod",4.7916742227079
2023-03-28,"HPB","Q_m3day_mod",4658.995339
2023-03-28,"HPB","DOC_mgL_mod",5.54353420013155
2023-03-28,"CCR dam","Q_m3day_mod",49776.1292
2023-03-28,"CCR dam","DOC_mgL_mod",4.551203631961
2023-03-29,"SMB","Q_m3day_mod",4802.175889
2023-03-29,"SMB","DOC_mgL_mod",4.74965526611514
2023-03-29,"CCS","Q_m3day_mod",11038.070497
2023-03-29,"CCS","DOC_mgL_mod",4.96382406824558
2023-03-29,"HPB","Q_m3day_mod",4505.491177
2023-03-29,"HPB","DOC_mgL_mod",5.60882909481725
2023-03-29,"CCR dam","Q_m3day_mod",47564.797695
2023-03-29,"CCR dam","DOC_mgL_mod",4.6572341465732
2023-03-30,"SMB","Q_m3day_mod",4618.693546
2023-03-30,"SMB","DOC_mgL_mod",4.81783858971794
2023-03-30,"CCS","Q_m3day_mod",10682.800878
2023-03-30,"CCS","DOC_mgL_mod",5.03444280336234
2023-03-30,"HPB","Q_m3day_mod",4365.804243
2023-03-30,"HPB","DOC_mgL_mod",5.66062027165427
2023-03-30,"CCR dam","Q_m3day_mod",45832.700176
2023-03-30,"CCR dam","DOC_mgL_mod",4.72563473607901
2023-03-31,"SMB","Q_m3day_mod",5172.408295
2023-03-31,"SMB","DOC_mgL_mod",4.56777165538901
2023-03-31,"CCS","Q_m3day_mod",13570.427027
2023-03-31,"CCS","DOC_mgL_mod",4.6070569390049
2023-03-31,"HPB","Q_m3day_mod",4552.266986
2023-03-31,"HPB","DOC_mgL_mod",5.48793602766075
2023-03-31,"CCR dam","Q_m3day_mod",52193.539906
2023-03-31,"CCR dam","DOC_mgL_mod",4.53492329560867
2023-04-01,"SMB","Q_m3day_mod",6157.763867
2023-04-01,"SMB","DOC_mgL_mod",3.82286825354812
2023-04-01,"CCS","Q_m3day_mod",17211.413726
2023-04-01,"CCS","DOC_mgL_mod",3.87717017685732
2023-04-01,"HPB","Q_m3day_mod",4983.80478
2023-04-01,"HPB","DOC_mgL_mod",4.96607934952059
2023-04-01,"CCR dam","Q_m3day_mod",62412.878939
2023-04-01,"CCR dam","DOC_mgL_mod",3.89985535257701
2023-04-02,"SMB","Q_m3day_mod",6028.349162
2023-04-02,"SMB","DOC_mgL_mod",3.68072409273629
2023-04-02,"CCS","Q_m3day_mod",15081.963455
2023-04-02,"CCS","DOC_mgL_mod",3.61313698727564
2023-04-02,"HPB","Q_m3day_mod",5014.606068
2023-04-02,"HPB","DOC_mgL_mod",4.71840453250933
2023-04-02,"CCR dam","Q_m3day_mod",59482.301152
2023-04-02,"CCR dam","DOC_mgL_mod",3.62498584997581
2023-04-03,"SMB","Q_m3day_mod",5391.913334
2023-04-03,"SMB","DOC_mgL_mod",4.00305766487307
2023-04-03,"CCS","Q_m3day_mod",12070.092923
2023-04-03,"CCS","DOC_mgL_mod",4.41283346696568
2023-04-03,"HPB","Q_m3day_mod",4748.496346
2023-04-03,"HPB","DOC_mgL_mod",4.88103355486925
2023-04-03,"CCR dam","Q_m3day_mod",52250.123472
2023-04-03,"CCR dam","DOC_mgL_mod",4.01607280626715
2023-04-04,"SMB","Q_m3day_mod",5091.330075
2023-04-04,"SMB","DOC_mgL_mod",4.13427133773094
2023-04-04,"CCS","Q_m3day_mod",11539.20089
2023-04-04,"CCS","DOC_mgL_mod",4.51396162494576
2023-04-04,"HPB","Q_m3day_mod",4525.844628
2023-04-04,"HPB","DOC_mgL_mod",5.01672104683661
2023-04-04,"CCR dam","Q_m3day_mod",49608.792285
2023-04-04,"CCR dam","DOC_mgL_mod",4.10813266384681
2023-04-05,"SMB","Q_m3day_mod",4828.560684
2023-04-05,"SMB","DOC_mgL_mod",4.25144082128305
2023-04-05,"CCS","Q_m3day_mod",11067.669657
2023-04-05,"CCS","DOC_mgL_mod",4.60474983256902
2023-04-05,"HPB","Q_m3day_mod",4329.656777
2023-04-05,"HPB","DOC_mgL_mod",5.13608610228182
2023-04-05,"CCR dam","Q_m3day_mod",47102.963753
2023-04-05,"CCR dam","DOC_mgL_mod",4.2079878675867
2023-04-06,"SMB","Q_m3day_mod",4749.184068
2023-04-06,"SMB","DOC_mgL_mod",4.24183179922181
2023-04-06,"CCS","Q_m3day_mod",11318.45305
2023-04-06,"CCS","DOC_mgL_mod",4.51236487657649
2023-04-06,"HPB","Q_m3day_mod",4225.685619
2023-04-06,"HPB","DOC_mgL_mod",5.16076252855762
2023-04-06,"CCR dam","Q_m3day_mod",46516.739418
2023-04-06,"CCR dam","DOC_mgL_mod",4.1957841938611
2023-04-07,"SMB","Q_m3day_mod",5892.104929
2023-04-07,"SMB","DOC_mgL_mod",4.04297110914537
2023-04-07,"CCS","Q_m3day_mod",16561.617974
2023-04-07,"CCS","DOC_mgL_mod",4.37711521385199
2023-04-07,"HPB","Q_m3day_mod",4767.07395
2023-04-07,"HPB","DOC_mgL_mod",5.05906563501076
2023-04-07,"CCR dam","Q_m3day_mod",59328.367802
2023-04-07,"CCR dam","DOC_mgL_mod",4.2153730039337
2023-04-08,"SMB","Q_m3day_mod",6576.981437
2023-04-08,"SMB","DOC_mgL_mod",3.54499708161484
2023-04-08,"CCS","Q_m3day_mod",17388.001295
2023-04-08,"CCS","DOC_mgL_mod",3.21855393558619
2023-04-08,"HPB","Q_m3day_mod",5319.771374
2023-04-08,"HPB","DOC_mgL_mod",4.64837269527365
2023-04-08,"CCR dam","Q_m3day_mod",64587.156097
2023-04-08,"CCR dam","DOC_mgL_mod",3.34943219477113
2023-04-09,"SMB","Q_m3day_mod",5955.327226
2023-04-09,"SMB","DOC_mgL_mod",3.81010465737924
2023-04-09,"CCS","Q_m3day_mod",13037.987132
2023-04-09,"CCS","DOC_mgL_mod",4.20990598044717
2023-04-09,"HPB","Q_m3day_mod",5168.593181
2023-04-09,"HPB","DOC_mgL_mod",4.67192118907065
2023-04-09,"CCR dam","Q_m3day_mod",56239.289392
2023-04-09,"CCR dam","DOC_mgL_mod",3.77178485527191
2023-04-10,"SMB","Q_m3day_mod",5578.642602
2023-04-10,"SMB","DOC_mgL_mod",3.96202473914998
2023-04-10,"CCS","Q_m3day_mod",12349.47864
2023-04-10,"CCS","DOC_mgL_mod",4.35914191758949
2023-04-10,"HPB","Q_m3day_mod",4884.586416
2023-04-10,"HPB","DOC_mgL_mod",4.81925960463957
2023-04-10,"CCR dam","Q_m3day_mod",53296.527306
2023-04-10,"CCR dam","DOC_mgL_mod",3.87434998934262
2023-04-11,"SMB","Q_m3day_mod",5258.579165
2023-04-11,"SMB","DOC_mgL_mod",4.08809857671887
2023-04-11,"CCS","Q_m3day_mod",11810.74805
2023-04-11,"CCS","DOC_mgL_mod",4.46638178857774
2023-04-11,"HPB","Q_m3day_mod",4634.184726
2023-04-11,"HPB","DOC_mgL_mod",4.95420475390001
2023-04-11,"CCR dam","Q_m3day_mod",50365.853763
2023-04-11,"CCR dam","DOC_mgL_mod",3.9932232846959
2023-04-12,"SMB","Q_m3day_mod",4971.130368
2023-04-12,"SMB","DOC_mgL_mod",4.19874122279305
2023-04-12,"CCS","Q_m3day_mod",11323.398967
2023-04-12,"CCS","DOC_mgL_mod",4.56478572826392
2023-04-12,"HPB","Q_m3day_mod",4416.529496
2023-04-12,"HPB","DOC_mgL_mod",5.07883849079132
2023-04-12,"CCR dam","Q_m3day_mod",47708.09787
2023-04-12,"CCR dam","DOC_mgL_mod",4.10183613971026
2023-04-13,"SMB","Q_m3day_mod",4714.634586
2023-04-13,"SMB","DOC_mgL_mod",4.30546623067597
2023-04-13,"CCS","Q_m3day_mod",10884.973424
2023-04-13,"CCS","DOC_mgL_mod",4.65441834596435
2023-04-13,"HPB","Q_m3day_mod",4227.53755
2023-04-13,"HPB","DOC_mgL_mod",5.18889536534099
2023-04-13,"CCR dam","Q_m3day_mod",45289.835191
2023-04-13,"CCR dam","DOC_mgL_mod",4.20337144520743
2023-04-14,"SMB","Q_m3day_mod",4863.994747
2023-04-14,"SMB","DOC_mgL_mod",4.09973921380142
2023-04-14,"CCS","Q_m3day_mod",12260.335983
2023-04-14,"CCS","DOC_mgL_mod",4.23184242845721
2023-04-14,"HPB","Q_m3day_mod",4293.952223
2023-04-14,"HPB","DOC_mgL_mod",5.17395137304955
2023-04-14,"CCR dam","Q_m3day_mod",47458.348659
2023-04-14,"CCR dam","DOC_mgL_mod",4.06237059332318
2023-04-15,"SMB","Q_m3day_mod",4995.538808
2023-04-15,"SMB","DOC_mgL_mod",3.93074916534609
2023-04-15,"CCS","Q_m3day_mod",12728.975878
2023-04-15,"CCS","DOC_mgL_mod",3.93612891407822
2023-04-15,"HPB","Q_m3day_mod",4362.858769
2023-04-15,"HPB","DOC_mgL_mod",4.85708594341161
2023-04-15,"CCR dam","Q_m3day_mod",48614.578263
2023-04-15,"CCR dam","DOC_mgL_mod",3.9282434780545
2023-04-16,"SMB","Q_m3day_mod",4761.10177
2023-04-16,"SMB","DOC_mgL_mod",4.05550877355012
2023-04-16,"CCS","Q_m3day_mod",11338.381204
2023-04-16,"CCS","DOC_mgL_mod",4.33570887373739
2023-04-16,"HPB","Q_m3day_mod",4201.487846
2023-04-16,"HPB","DOC_mgL_mod",4.93929549736939
2023-04-16,"CCR dam","Q_m3day_mod",45530.098762
2023-04-16,"CCR dam","DOC_mgL_mod",4.10836578628549
2023-04-17,"SMB","Q_m3day_mod",5693.199452
2023-04-17,"SMB","DOC_mgL_mod",3.85469017641576
2023-04-17,"CCS","Q_m3day_mod",16645.572906
2023-04-17,"CCS","DOC_mgL_mod",4.71873034611429
2023-04-17,"HPB","Q_m3day_mod",4725.941137
2023-04-17,"HPB","DOC_mgL_mod",4.9944126081484
2023-04-17,"CCR dam","Q_m3day_mod",57524.197656
2023-04-17,"CCR dam","DOC_mgL_mod",4.26929031620112
2023-04-18,"SMB","Q_m3day_mod",6504.835257
2023-04-18,"SMB","DOC_mgL_mod",3.63219652251371
2023-04-18,"CCS","Q_m3day_mod",18137.714038
2023-04-18,"CCS","DOC_mgL_mod",3.30733133592918
2023-04-18,"HPB","Q_m3day_mod",5397.592042
2023-04-18,"HPB","DOC_mgL_mod",4.66427988704968
2023-04-18,"CCR dam","Q_m3day_mod",63805.902144
2023-04-18,"CCR dam","DOC_mgL_mod",3.44165026464797
2023-04-19,"SMB","Q_m3day_mod",6080.557238
2023-04-19,"SMB","DOC_mgL_mod",3.75841047218179
2023-04-19,"CCS","Q_m3day_mod",13707.511796
2023-04-19,"CCS","DOC_mgL_mod",4.29333790667781
2023-04-19,"HPB","Q_m3day_mod",5318.428782
2023-04-19,"HPB","DOC_mgL_mod",4.63394566519552
2023-04-19,"CCR dam","Q_m3day_mod",55766.101484
2023-04-19,"CCR dam","DOC_mgL_mod",3.86152329586432
2023-04-20,"SMB","Q_m3day_mod",5689.788267
2023-04-20,"SMB","DOC_mgL_mod",3.88920623432401
2023-04-20,"CCS","Q_m3day_mod",13053.033666
2023-04-20,"CCS","DOC_mgL_mod",4.40140901112114
2023-04-20,"HPB","Q_m3day_mod",5027.484911
2023-04-20,"HPB","DOC_mgL_mod",4.77521274056391
2023-04-20,"CCR dam","Q_m3day_mod",52822.474429
2023-04-20,"CCR dam","DOC_mgL_mod",3.96569835594439
2023-04-21,"SMB","Q_m3day_mod",5345.53588
2023-04-21,"SMB","DOC_mgL_mod",4.01309250963254
2023-04-21,"CCS","Q_m3day_mod",12449.882857
2023-04-21,"CCS","DOC_mgL_mod",4.50514761016116
2023-04-21,"HPB","Q_m3day_mod",4763.760598
2023-04-21,"HPB","DOC_mgL_mod",4.91202685748399
2023-04-21,"CCR dam","Q_m3day_mod",49886.209305
2023-04-21,"CCR dam","DOC_mgL_mod",4.08601100063079
2023-04-22,"SMB","Q_m3day_mod",6930.232593
2023-04-22,"SMB","DOC_mgL_mod",4.20867981104426
2023-04-22,"CCS","Q_m3day_mod",20475.836032
2023-04-22,"CCS","DOC_mgL_mod",4.65879194631754
2023-04-22,"HPB","Q_m3day_mod",5473.441898
2023-04-22,"HPB","DOC_mgL_mod",5.05917127029673
2023-04-22,"CCR dam","Q_m3day_mod",68106.485822
2023-04-22,"CCR dam","DOC_mgL_mod",4.33507611553536
2023-04-23,"SMB","Q_m3day_mod",7934.365816
2023-04-23,"SMB","DOC_mgL_mod",3.27981096454149
2023-04-23,"CCS","Q_m3day_mod",22686.332606
2023-04-23,"CCS","DOC_mgL_mod",3.13090137721134
2023-04-23,"HPB","Q_m3day_mod",6451.725461
2023-04-23,"HPB","DOC_mgL_mod",4.71829283251642
2023-04-23,"CCR dam","Q_m3day_mod",77309.092986
2023-04-23,"CCR dam","DOC_mgL_mod",3.2603965492862
2023-04-24,"SMB","Q_m3day_mod",6944.89748
2023-04-24,"SMB","DOC_mgL_mod",3.62561579526729
2023-04-24,"CCS","Q_m3day_mod",16110.023389
2023-04-24,"CCS","DOC_mgL_mod",4.27977404719831
2023-04-24,"HPB","Q_m3day_mod",6377.772442
2023-04-24,"HPB","DOC_mgL_mod",4.59921395232495
2023-04-24,"CCR dam","Q_m3day_mod",65187.883144
2023-04-24,"CCR dam","DOC_mgL_mod",3.76564919983284
2023-04-25,"SMB","Q_m3day_mod",6480.713533
2023-04-25,"SMB","DOC_mgL_mod",3.77103074770332
2023-04-25,"CCS","Q_m3day_mod",15210.522717
2023-04-25,"CCS","DOC_mgL_mod",4.38769207618416
2023-04-25,"HPB","Q_m3day_mod",5968.593985
2023-04-25,"HPB","DOC_mgL_mod",4.74301151513157
2023-04-25,"CCR dam","Q_m3day_mod",61548.697744
2023-04-25,"CCR dam","DOC_mgL_mod",3.86208821165794
2023-04-26,"SMB","Q_m3day_mod",6080.481997
2023-04-26,"SMB","DOC_mgL_mod",3.91911200654115
2023-04-26,"CCS","Q_m3day_mod",14402.818302
2023-04-26,"CCS","DOC_mgL_mod",4.4893394226199
2023-04-26,"HPB","Q_m3day_mod",5613.553229
2023-04-26,"HPB","DOC_mgL_mod",4.8769235603876
2023-04-26,"CCR dam","Q_m3day_mod",57933.064475
2023-04-26,"CCR dam","DOC_mgL_mod",3.98772621634219
2023-04-27,"SMB","Q_m3day_mod",5801.910115
2023-04-27,"SMB","DOC_mgL_mod",4.00782665348134
2023-04-27,"CCS","Q_m3day_mod",14110.444121
2023-04-27,"CCS","DOC_mgL_mod",4.46344491072876
2023-04-27,"HPB","Q_m3day_mod",5345.612832
2023-04-27,"HPB","DOC_mgL_mod",4.96027692863784
2023-04-27,"CCR dam","Q_m3day_mod",55657.006627
2023-04-27,"CCR dam","DOC_mgL_mod",4.100145046056
2023-04-28,"SMB","Q_m3day_mod",13823.569072
2023-04-28,"SMB","DOC_mgL_mod",5.42166784928262
2023-04-28,"CCS","Q_m3day_mod",44547.411471
2023-04-28,"CCS","DOC_mgL_mod",5.70311027309387
2023-04-28,"HPB","Q_m3day_mod",10195.987426
2023-04-28,"HPB","DOC_mgL_mod",7.33990018555364
2023-04-28,"CCR dam","Q_m3day_mod",135099.722054
2023-04-28,"CCR dam","DOC_mgL_mod",5.57688193983736
2023-04-29,"SMB","Q_m3day_mod",17375.133464
2023-04-29,"SMB","DOC_mgL_mod",2.67697281844603
2023-04-29,"CCS","Q_m3day_mod",52574.877653
2023-04-29,"CCS","DOC_mgL_mod",2.51883229998241
2023-04-29,"HPB","Q_m3day_mod",13806.35011
2023-04-29,"HPB","DOC_mgL_mod",4.12216621674532
2023-04-29,"CCR dam","Q_m3day_mod",166696.586614
2023-04-29,"CCR dam","DOC_mgL_mod",2.5772135394398
2023-04-30,"SMB","Q_m3day_mod",13355.460426
2023-04-30,"SMB","DOC_mgL_mod",3.68828167871358
2023-04-30,"CCS","Q_m3day_mod",32187.508448
2023-04-30,"CCS","DOC_mgL_mod",3.98887040938323
2023-04-30,"HPB","Q_m3day_mod",12215.212207
2023-04-30,"HPB","DOC_mgL_mod",4.45536344991309
2023-04-30,"CCR dam","Q_m3day_mod",123952.668813
2023-04-30,"CCR dam","DOC_mgL_mod",3.59320460192696
2023-05-01,"SMB","Q_m3day_mod",12973.324706
2023-05-01,"SMB","DOC_mgL_mod",3.7325204677568
2023-05-01,"CCS","Q_m3day_mod",30211.320619
2023-05-01,"CCS","DOC_mgL_mod",3.84848121888716
2023-05-01,"HPB","Q_m3day_mod",11447.287888
2023-05-01,"HPB","DOC_mgL_mod",4.47054800234792
2023-05-01,"CCR dam","Q_m3day_mod",120012.125203
2023-05-01,"CCR dam","DOC_mgL_mod",3.45075549074309
2023-05-02,"SMB","Q_m3day_mod",11601.801084
2023-05-02,"SMB","DOC_mgL_mod",4.02448547962021
2023-05-02,"CCS","Q_m3day_mod",25256.281085
2023-05-02,"CCS","DOC_mgL_mod",4.3297467125889
2023-05-02,"HPB","Q_m3day_mod",10468.858229
2023-05-02,"HPB","DOC_mgL_mod",4.58575891944099
2023-05-02,"CCR dam","Q_m3day_mod",106523.876612
2023-05-02,"CCR dam","DOC_mgL_mod",3.72349103895941
2023-05-03,"SMB","Q_m3day_mod",10773.961769
2023-05-03,"SMB","DOC_mgL_mod",4.17294872248029
2023-05-03,"CCS","Q_m3day_mod",23390.587323
2023-05-03,"CCS","DOC_mgL_mod",4.42208648169736
2023-05-03,"HPB","Q_m3day_mod",9641.700116
2023-05-03,"HPB","DOC_mgL_mod",4.70721443873623
2023-05-03,"CCR dam","Q_m3day_mod",99293.707225
2023-05-03,"CCR dam","DOC_mgL_mod",3.83658049081368
2023-05-04,"SMB","Q_m3day_mod",10035.103998
2023-05-04,"SMB","DOC_mgL_mod",4.30732357219364
2023-05-04,"CCS","Q_m3day_mod",21767.92107
2023-05-04,"CCS","DOC_mgL_mod",4.51633758151991
2023-05-04,"HPB","Q_m3day_mod",8943.800441
2023-05-04,"HPB","DOC_mgL_mod",4.82270040398814
2023-05-04,"CCR dam","Q_m3day_mod",92696.827737
2023-05-04,"CCR dam","DOC_mgL_mod",3.95172422770824
2023-05-05,"SMB","Q_m3day_mod",9278.115347
2023-05-05,"SMB","DOC_mgL_mod",4.3741922235449
2023-05-05,"CCS","Q_m3day_mod",19934.913095
2023-05-05,"CCS","DOC_mgL_mod",4.45225718201206
2023-05-05,"HPB","Q_m3day_mod",8289.012323
2023-05-05,"HPB","DOC_mgL_mod",4.87920012952308
2023-05-05,"CCR dam","Q_m3day_mod",85803.836024
2023-05-05,"CCR dam","DOC_mgL_mod",3.9690976042696
2023-05-06,"SMB","Q_m3day_mod",8509.461727
2023-05-06,"SMB","DOC_mgL_mod",4.47049428276957
2023-05-06,"CCS","Q_m3day_mod",17938.098748
2023-05-06,"CCS","DOC_mgL_mod",4.46039466746278
2023-05-06,"HPB","Q_m3day_mod",7643.332651
2023-05-06,"HPB","DOC_mgL_mod",4.94296686080476
2023-05-06,"CCR dam","Q_m3day_mod",78558.928294
2023-05-06,"CCR dam","DOC_mgL_mod",4.01917779247652
2023-05-07,"SMB","Q_m3day_mod",8350.929166
2023-05-07,"SMB","DOC_mgL_mod",4.62349030060016
2023-05-07,"CCS","Q_m3day_mod",18489.028189
2023-05-07,"CCS","DOC_mgL_mod",4.64912104202104
2023-05-07,"HPB","Q_m3day_mod",7310.843322
2023-05-07,"HPB","DOC_mgL_mod",5.08606167062925
2023-05-07,"CCR dam","Q_m3day_mod",77701.955606
2023-05-07,"CCR dam","DOC_mgL_mod",4.19685061278971
2023-05-08,"SMB","Q_m3day_mod",7981.264314
2023-05-08,"SMB","DOC_mgL_mod",4.39222767481949
2023-05-08,"CCS","Q_m3day_mod",17470.049098
2023-05-08,"CCS","DOC_mgL_mod",4.00247129288291
2023-05-08,"HPB","Q_m3day_mod",6937.470319
2023-05-08,"HPB","DOC_mgL_mod",4.91152083298736
2023-05-08,"CCR dam","Q_m3day_mod",73915.016794
2023-05-08,"CCR dam","DOC_mgL_mod",3.92552437360135
2023-05-09,"SMB","Q_m3day_mod",7325.000848
2023-05-09,"SMB","DOC_mgL_mod",4.81591753120846
2023-05-09,"CCS","Q_m3day_mod",15293.297775
2023-05-09,"CCS","DOC_mgL_mod",5.01727496115533
2023-05-09,"HPB","Q_m3day_mod",6507.007614
2023-05-09,"HPB","DOC_mgL_mod",5.23489167689177
2023-05-09,"CCR dam","Q_m3day_mod",67210.071182
2023-05-09,"CCR dam","DOC_mgL_mod",4.44249045937575
2023-05-10,"SMB","Q_m3day_mod",7080.234376
2023-05-10,"SMB","DOC_mgL_mod",4.86470195347669
2023-05-10,"CCS","Q_m3day_mod",15300.472527
2023-05-10,"CCS","DOC_mgL_mod",4.86439747979425
2023-05-10,"HPB","Q_m3day_mod",6288.006718
2023-05-10,"HPB","DOC_mgL_mod",5.25571957571182
2023-05-10,"CCR dam","Q_m3day_mod",65330.644627
2023-05-10,"CCR dam","DOC_mgL_mod",4.47051918234549
2023-05-11,"SMB","Q_m3day_mod",6475.007589
2023-05-11,"SMB","DOC_mgL_mod",4.67398371106373
2023-05-11,"CCS","Q_m3day_mod",13374.627946
2023-05-11,"CCS","DOC_mgL_mod",4.21395049100082
2023-05-11,"HPB","Q_m3day_mod",5780.79724
2023-05-11,"HPB","DOC_mgL_mod",5.02946545137778
2023-05-11,"CCR dam","Q_m3day_mod",59209.425026
2023-05-11,"CCR dam","DOC_mgL_mod",4.19993776144257
2023-05-12,"SMB","Q_m3day_mod",6408.637382
2023-05-12,"SMB","DOC_mgL_mod",5.0266473323143
2023-05-12,"CCS","Q_m3day_mod",14365.211495
2023-05-12,"CCS","DOC_mgL_mod",5.27611445375382
2023-05-12,"HPB","Q_m3day_mod",5615.814096
2023-05-12,"HPB","DOC_mgL_mod",5.50801708732347
2023-05-12,"CCR dam","Q_m3day_mod",59849.792203
2023-05-12,"CCR dam","DOC_mgL_mod",4.74091370338588
2023-05-13,"SMB","Q_m3day_mod",6840.792328
2023-05-13,"SMB","DOC_mgL_mod",4.67420270443269
2023-05-13,"CCS","Q_m3day_mod",16528.16241
2023-05-13,"CCS","DOC_mgL_mod",4.10684493025864
2023-05-13,"HPB","Q_m3day_mod",5797.781106
2023-05-13,"HPB","DOC_mgL_mod",5.03703562898878
2023-05-13,"CCR dam","Q_m3day_mod",64512.491799
2023-05-13,"CCR dam","DOC_mgL_mod",4.19252756261063
2023-05-14,"SMB","Q_m3day_mod",6950.049622
2023-05-14,"SMB","DOC_mgL_mod",4.56485086085908
2023-05-14,"CCS","Q_m3day_mod",16401.828027
2023-05-14,"CCS","DOC_mgL_mod",4.11210201015236
2023-05-14,"HPB","Q_m3day_mod",5780.730615
2023-05-14,"HPB","DOC_mgL_mod",4.94495971250167
2023-05-14,"CCR dam","Q_m3day_mod",64794.732817
2023-05-14,"CCR dam","DOC_mgL_mod",4.16075795483899
2023-05-15,"SMB","Q_m3day_mod",7637.62124
2023-05-15,"SMB","DOC_mgL_mod",4.32605243985626
2023-05-15,"CCS","Q_m3day_mod",19481.796375
2023-05-15,"CCS","DOC_mgL_mod",3.89587738928413
2023-05-15,"HPB","Q_m3day_mod",6029.911857
2023-05-15,"HPB","DOC_mgL_mod",4.73614385703615
2023-05-15,"CCR dam","Q_m3day_mod",72821.840771
2023-05-15,"CCR dam","DOC_mgL_mod",4.01836587625141
2023-05-16,"SMB","Q_m3day_mod",7773.250337
2023-05-16,"SMB","DOC_mgL_mod",4.00101613246165
2023-05-16,"CCS","Q_m3day_mod",19199.154433
2023-05-16,"CCS","DOC_mgL_mod",3.3725646734059
2023-05-16,"HPB","Q_m3day_mod",6236.157396
2023-05-16,"HPB","DOC_mgL_mod",4.71616704524884
2023-05-16,"CCR dam","Q_m3day_mod",74140.681197
2023-05-16,"CCR dam","DOC_mgL_mod",3.55952219131591
2023-05-17,"SMB","Q_m3day_mod",7603.252598
2023-05-17,"SMB","DOC_mgL_mod",4.29774752039614
2023-05-17,"CCS","Q_m3day_mod",17987.938381
2023-05-17,"CCS","DOC_mgL_mod",3.94713326764536
2023-05-17,"HPB","Q_m3day_mod",6274.341495
2023-05-17,"HPB","DOC_mgL_mod",4.61536720994177
2023-05-17,"CCR dam","Q_m3day_mod",72550.211749
2023-05-17,"CCR dam","DOC_mgL_mod",3.86291498320627
2023-05-18,"SMB","Q_m3day_mod",7088.946134
2023-05-18,"SMB","DOC_mgL_mod",3.74781660035111
2023-05-18,"CCS","Q_m3day_mod",15565.175053
2023-05-18,"CCS","DOC_mgL_mod",2.83742199169727
2023-05-18,"HPB","Q_m3day_mod",5861.089902
2023-05-18,"HPB","DOC_mgL_mod",4.22993170460329
2023-05-18,"CCR dam","Q_m3day_mod",66399.919038
2023-05-18,"CCR dam","DOC_mgL_mod",3.1305896605241
2023-05-19,"SMB","Q_m3day_mod",5918.55445
2023-05-19,"SMB","DOC_mgL_mod",4.0884544029159
2023-05-19,"CCS","Q_m3day_mod",10661.575225
2023-05-19,"CCS","DOC_mgL_mod",3.72518780403765
2023-05-19,"HPB","Q_m3day_mod",5080.652367
2023-05-19,"HPB","DOC_mgL_mod",4.4206921429781
2023-05-19,"CCR dam","Q_m3day_mod",53219.43418
2023-05-19,"CCR dam","DOC_mgL_mod",3.57116724234966
2023-05-20,"SMB","Q_m3day_mod",5623.461774
2023-05-20,"SMB","DOC_mgL_mod",4.51358629614115
2023-05-20,"CCS","Q_m3day_mod",10829.816554
2023-05-20,"CCS","DOC_mgL_mod",4.57871190640668
2023-05-20,"HPB","Q_m3day_mod",4737.430418
2023-05-20,"HPB","DOC_mgL_mod",4.80640938038575
2023-05-20,"CCR dam","Q_m3day_mod",51472.956031
2023-05-20,"CCR dam","DOC_mgL_mod",4.02645808558537
2023-05-21,"SMB","Q_m3day_mod",5573.681867
2023-05-21,"SMB","DOC_mgL_mod",4.60992403461839
2023-05-21,"CCS","Q_m3day_mod",11364.901755
2023-05-21,"CCS","DOC_mgL_mod",4.37209322800697
2023-05-21,"HPB","Q_m3day_mod",4586.836935
2023-05-21,"HPB","DOC_mgL_mod",4.88186964509999
2023-05-21,"CCR dam","Q_m3day_mod",51331.280469
2023-05-21,"CCR dam","DOC_mgL_mod",4.05698626835866
2023-05-22,"SMB","Q_m3day_mod",4978.914077
2023-05-22,"SMB","DOC_mgL_mod",4.17907191773376
2023-05-22,"CCS","Q_m3day_mod",9523.546286
2023-05-22,"CCS","DOC_mgL_mod",3.47952842406126
2023-05-22,"HPB","Q_m3day_mod",4207.358802
2023-05-22,"HPB","DOC_mgL_mod",4.64490691659342
2023-05-22,"CCR dam","Q_m3day_mod",45402.954513
2023-05-22,"CCR dam","DOC_mgL_mod",3.61039279840401
2023-05-23,"SMB","Q_m3day_mod",4194.608839
2023-05-23,"SMB","DOC_mgL_mod",4.36976144940603
2023-05-23,"CCS","Q_m3day_mod",7478.848923
2023-05-23,"CCS","DOC_mgL_mod",3.9337323567968
2023-05-23,"HPB","Q_m3day_mod",3707.467639
2023-05-23,"HPB","DOC_mgL_mod",4.72626377521835
2023-05-23,"CCR dam","Q_m3day_mod",38344.217312
2023-05-23,"CCR dam","DOC_mgL_mod",3.83381146637708
2023-05-24,"SMB","Q_m3day_mod",3701.675176
2023-05-24,"SMB","DOC_mgL_mod",4.38918846940988
2023-05-24,"CCS","Q_m3day_mod",6644.236563
2023-05-24,"CCS","DOC_mgL_mod",3.99137052820797
2023-05-24,"HPB","Q_m3day_mod",3310.894323
2023-05-24,"HPB","DOC_mgL_mod",4.77753998069844
2023-05-24,"CCR dam","Q_m3day_mod",34258.871515
2023-05-24,"CCR dam","DOC_mgL_mod",3.86633284000627
2023-05-25,"SMB","Q_m3day_mod",3287.689727
2023-05-25,"SMB","DOC_mgL_mod",4.39681393328757
2023-05-25,"CCS","Q_m3day_mod",5926.066158
2023-05-25,"CCS","DOC_mgL_mod",4.00103531885005
2023-05-25,"HPB","Q_m3day_mod",2967.021752
2023-05-25,"HPB","DOC_mgL_mod",4.80859299072641
2023-05-25,"CCR dam","Q_m3day_mod",30718.996199
2023-05-25,"CCR dam","DOC_mgL_mod",3.85858636890806
2023-05-26,"SMB","Q_m3day_mod",2926.434926
2023-05-26,"SMB","DOC_mgL_mod",4.37716208421168
2023-05-26,"CCS","Q_m3day_mod",5259.276761
2023-05-26,"CCS","DOC_mgL_mod",3.99993211157803
2023-05-26,"HPB","Q_m3day_mod",2652.341163
2023-05-26,"HPB","DOC_mgL_mod",4.81785306440233
2023-05-26,"CCR dam","Q_m3day_mod",27532.793937
2023-05-26,"CCR dam","DOC_mgL_mod",3.87038090808488
2023-05-27,"SMB","Q_m3day_mod",2614.264947
2023-05-27,"SMB","DOC_mgL_mod",4.39416058926333
2023-05-27,"CCS","Q_m3day_mod",4708.929752
2023-05-27,"CCS","DOC_mgL_mod",4.0972367429787
2023-05-27,"HPB","Q_m3day_mod",2373.4195
2023-05-27,"HPB","DOC_mgL_mod",4.86354392891775
2023-05-27,"CCR dam","Q_m3day_mod",24812.030719
2023-05-27,"CCR dam","DOC_mgL_mod",3.89703048069969
2023-05-28,"SMB","Q_m3day_mod",2579.752749
2023-05-28,"SMB","DOC_mgL_mod",4.93420154506443
2023-05-28,"CCS","Q_m3day_mod",5318.593434
2023-05-28,"CCS","DOC_mgL_mod",4.67967335891687
2023-05-28,"HPB","Q_m3day_mod",2218.054683
2023-05-28,"HPB","DOC_mgL_mod",5.16554893250123
2023-05-28,"CCR dam","Q_m3day_mod",25328.745014
2023-05-28,"CCR dam","DOC_mgL_mod",4.47239687309365
2023-05-29,"SMB","Q_m3day_mod",4506.017447
2023-05-29,"SMB","DOC_mgL_mod",4.6267042338862
2023-05-29,"CCS","Q_m3day_mod",14465.218219
2023-05-29,"CCS","DOC_mgL_mod",5.05898555362817
2023-05-29,"HPB","Q_m3day_mod",2829.24012
2023-05-29,"HPB","DOC_mgL_mod",5.92046955703428
2023-05-29,"CCR dam","Q_m3day_mod",53249.378853
2023-05-29,"CCR dam","DOC_mgL_mod",4.47468505985354
2023-05-30,"SMB","Q_m3day_mod",7097.647374
2023-05-30,"SMB","DOC_mgL_mod",2.08576718734012
2023-05-30,"CCS","Q_m3day_mod",19472.759092
2023-05-30,"CCS","DOC_mgL_mod",1.92411767757107
2023-05-30,"HPB","Q_m3day_mod",4665.497435
2023-05-30,"HPB","DOC_mgL_mod",3.01728169313633
2023-05-30,"CCR dam","Q_m3day_mod",77056.140448
2023-05-30,"CCR dam","DOC_mgL_mod",1.8819019374304
2023-05-31,"SMB","Q_m3day_mod",7313.046343
2023-05-31,"SMB","DOC_mgL_mod",1.68864101508402
2023-05-31,"CCS","Q_m3day_mod",14265.928144
2023-05-31,"CCS","DOC_mgL_mod",1.83969242905784
2023-05-31,"HPB","Q_m3day_mod",5515.946066
2023-05-31,"HPB","DOC_mgL_mod",2.20340624338512
2023-05-31,"CCR dam","Q_m3day_mod",69321.638929
2023-05-31,"CCR dam","DOC_mgL_mod",1.74691195809768
2023-06-01,"SMB","Q_m3day_mod",6294.365348
2023-06-01,"SMB","DOC_mgL_mod",1.71250307283561
2023-06-01,"CCS","Q_m3day_mod",11505.73061
2023-06-01,"CCS","DOC_mgL_mod",1.96695375262223
2023-06-01,"HPB","Q_m3day_mod",4806.278508
2023-06-01,"HPB","DOC_mgL_mod",2.25805266630629
2023-06-01,"CCR dam","Q_m3day_mod",59979.120378
2023-06-01,"CCR dam","DOC_mgL_mod",1.78114982891922
2023-06-02,"SMB","Q_m3day_mod",5492.483068
2023-06-02,"SMB","DOC_mgL_mod",1.80507848221918
2023-06-02,"CCS","Q_m3day_mod",10022.093757
2023-06-02,"CCS","DOC_mgL_mod",2.08216870705533
2023-06-02,"HPB","Q_m3day_mod",4146.383272
2023-06-02,"HPB","DOC_mgL_mod",2.37720884766294
2023-06-02,"CCR dam","Q_m3day_mod",52863.997545
2023-06-02,"CCR dam","DOC_mgL_mod",1.85083940950005
2023-06-03,"SMB","Q_m3day_mod",5050.226429
2023-06-03,"SMB","DOC_mgL_mod",2.13613194411486
2023-06-03,"CCS","Q_m3day_mod",9394.113769
2023-06-03,"CCS","DOC_mgL_mod",2.55291883723407
2023-06-03,"HPB","Q_m3day_mod",3662.322865
2023-06-03,"HPB","DOC_mgL_mod",2.65712127486062
2023-06-03,"CCR dam","Q_m3day_mod",48862.341356
2023-06-03,"CCR dam","DOC_mgL_mod",2.11704959544059
2023-06-04,"SMB","Q_m3day_mod",4760.614754
2023-06-04,"SMB","DOC_mgL_mod",2.25743114184366
2023-06-04,"CCS","Q_m3day_mod",9139.805895
2023-06-04,"CCS","DOC_mgL_mod",2.69171361871684
2023-06-04,"HPB","Q_m3day_mod",3351.133171
2023-06-04,"HPB","DOC_mgL_mod",2.86978747464405
2023-06-04,"CCR dam","Q_m3day_mod",46297.293969
2023-06-04,"CCR dam","DOC_mgL_mod",2.2829390432791
2023-06-05,"SMB","Q_m3day_mod",4198.847557
2023-06-05,"SMB","DOC_mgL_mod",2.10324687431847
2023-06-05,"CCS","Q_m3day_mod",7972.245225
2023-06-05,"CCS","DOC_mgL_mod",2.29426083666412
2023-06-05,"HPB","Q_m3day_mod",3024.829372
2023-06-05,"HPB","DOC_mgL_mod",2.88062033536747
2023-06-05,"CCR dam","Q_m3day_mod",41255.665548
2023-06-05,"CCR dam","DOC_mgL_mod",2.11723187202914
2023-06-06,"SMB","Q_m3day_mod",3591.804677
2023-06-06,"SMB","DOC_mgL_mod",2.18043900052531
2023-06-06,"CCS","Q_m3day_mod",6599.956808
2023-06-06,"CCS","DOC_mgL_mod",2.44686298256151
2023-06-06,"HPB","Q_m3day_mod",2633.419376
2023-06-06,"HPB","DOC_mgL_mod",2.94576931828575
2023-06-06,"CCR dam","Q_m3day_mod",35731.596246
2023-06-06,"CCR dam","DOC_mgL_mod",2.18793024139669
2023-06-07,"SMB","Q_m3day_mod",3162.073659
2023-06-07,"SMB","DOC_mgL_mod",2.22707367361805
2023-06-07,"CCS","Q_m3day_mod",5800.488071
2023-06-07,"CCS","DOC_mgL_mod",2.54962165579463
2023-06-07,"HPB","Q_m3day_mod",2289.30726
2023-06-07,"HPB","DOC_mgL_mod",3.0485650056428
2023-06-07,"CCR dam","Q_m3day_mod",31807.447682
2023-06-07,"CCR dam","DOC_mgL_mod",2.23319678806538
2023-06-08,"SMB","Q_m3day_mod",2785.144915
2023-06-08,"SMB","DOC_mgL_mod",2.23115428088955
2023-06-08,"CCS","Q_m3day_mod",5093.684017
2023-06-08,"CCS","DOC_mgL_mod",2.53138199326195
2023-06-08,"HPB","Q_m3day_mod",1990.22326
2023-06-08,"HPB","DOC_mgL_mod",3.10110334053678
2023-06-08,"CCR dam","Q_m3day_mod",28338.299388
2023-06-08,"CCR dam","DOC_mgL_mod",2.23509283788642
2023-06-09,"SMB","Q_m3day_mod",2444.408396
2023-06-09,"SMB","DOC_mgL_mod",2.23482541171897
2023-06-09,"CCS","Q_m3day_mod",4442.490896
2023-06-09,"CCS","DOC_mgL_mod",2.58852303115671
2023-06-09,"HPB","Q_m3day_mod",1723.554736
2023-06-09,"HPB","DOC_mgL_mod",3.16754721272745
2023-06-09,"CCR dam","Q_m3day_mod",25194.187715
2023-06-09,"CCR dam","DOC_mgL_mod",2.25045397936141
2023-06-10,"SMB","Q_m3day_mod",2154.126523
2023-06-10,"SMB","DOC_mgL_mod",2.26955517598443
2023-06-10,"CCS","Q_m3day_mod",3926.025092
2023-06-10,"CCS","DOC_mgL_mod",2.69081316406421
2023-06-10,"HPB","Q_m3day_mod",1500.992598
2023-06-10,"HPB","DOC_mgL_mod",3.27163105703736
2023-06-10,"CCR dam","Q_m3day_mod",22527.990126
2023-06-10,"CCR dam","DOC_mgL_mod",2.29672863449479
2023-06-11,"SMB","Q_m3day_mod",1954.331116
2023-06-11,"SMB","DOC_mgL_mod",2.50233696836867
2023-06-11,"CCS","Q_m3day_mod",3657.149105
2023-06-11,"CCS","DOC_mgL_mod",3.13240988297085
2023-06-11,"HPB","Q_m3day_mod",1355.796181
2023-06-11,"HPB","DOC_mgL_mod",3.60284168701313
2023-06-11,"CCR dam","Q_m3day_mod",20643.583364
2023-06-11,"CCR dam","DOC_mgL_mod",2.48945345843495
2023-06-12,"SMB","Q_m3day_mod",1826.698503
2023-06-12,"SMB","DOC_mgL_mod",2.67718673441098
2023-06-12,"CCS","Q_m3day_mod",3579.202621
2023-06-12,"CCS","DOC_mgL_mod",3.24291783088745
2023-06-12,"HPB","Q_m3day_mod",1271.070295
2023-06-12,"HPB","DOC_mgL_mod",3.81735535720312
2023-06-12,"CCR dam","Q_m3day_mod",19412.124494
2023-06-12,"CCR dam","DOC_mgL_mod",2.92553295841232
2023-06-13,"SMB","Q_m3day_mod",1671.118875
2023-06-13,"SMB","DOC_mgL_mod",2.60836441093995
2023-06-13,"CCS","Q_m3day_mod",3233.999841
2023-06-13,"CCS","DOC_mgL_mod",2.98288048060544
2023-06-13,"HPB","Q_m3day_mod",1158.882744
2023-06-13,"HPB","DOC_mgL_mod",3.74280834058221
2023-06-13,"CCR dam","Q_m3day_mod",17862.740799
2023-06-13,"CCR dam","DOC_mgL_mod",2.84659563569587
2023-06-14,"SMB","Q_m3day_mod",1530.472263
2023-06-14,"SMB","DOC_mgL_mod",2.84761188122231
2023-06-14,"CCS","Q_m3day_mod",2899.925318
2023-06-14,"CCS","DOC_mgL_mod",3.52888053236411
2023-06-14,"HPB","Q_m3day_mod",1057.750914
2023-06-14,"HPB","DOC_mgL_mod",4.07778896043573
2023-06-14,"CCR dam","Q_m3day_mod",16405.092281
2023-06-14,"CCR dam","DOC_mgL_mod",3.03946050079522
2023-06-15,"SMB","Q_m3day_mod",1449.174711
2023-06-15,"SMB","DOC_mgL_mod",3.00727853371987
2023-06-15,"CCS","Q_m3day_mod",2843.679654
2023-06-15,"CCS","DOC_mgL_mod",3.6966118828517
2023-06-15,"HPB","Q_m3day_mod",1006.975379
2023-06-15,"HPB","DOC_mgL_mod",4.26331873601847
2023-06-15,"CCR dam","Q_m3day_mod",15526.902767
2023-06-15,"CCR dam","DOC_mgL_mod",3.21287192614001
2023-06-16,"SMB","Q_m3day_mod",1345.698964
2023-06-16,"SMB","DOC_mgL_mod",2.94715690960434
2023-06-16,"CCS","Q_m3day_mod",2614.742392
2023-06-16,"CCS","DOC_mgL_mod",3.44380808891555
2023-06-16,"HPB","Q_m3day_mod",933.62561
2023-06-16,"HPB","DOC_mgL_mod",4.18856869189782
2023-06-16,"CCR dam","Q_m3day_mod",14389.731019
2023-06-16,"CCR dam","DOC_mgL_mod",3.15327575894836
2023-06-17,"SMB","Q_m3day_mod",1216.244045
2023-06-17,"SMB","DOC_mgL_mod",2.93875889028505
2023-06-17,"CCS","Q_m3day_mod",2310.359781
2023-06-17,"CCS","DOC_mgL_mod",3.62150261998523
2023-06-17,"HPB","Q_m3day_mod",836.731616
2023-06-17,"HPB","DOC_mgL_mod",4.24308814452638
2023-06-17,"CCR dam","Q_m3day_mod",13064.037727
2023-06-17,"CCR dam","DOC_mgL_mod",3.17359845909759
2023-06-18,"SMB","Q_m3day_mod",1096.001315
2023-06-18,"SMB","DOC_mgL_mod",2.93689246166644
2023-06-18,"CCS","Q_m3day_mod",2104.10723
2023-06-18,"CCS","DOC_mgL_mod",3.68481315469839
2023-06-18,"HPB","Q_m3day_mod",748.1026
2023-06-18,"HPB","DOC_mgL_mod",4.28941564967158
2023-06-18,"CCR dam","Q_m3day_mod",11910.637672
2023-06-18,"CCR dam","DOC_mgL_mod",3.1749206920212
2023-06-19,"SMB","Q_m3day_mod",1018.781687
2023-06-19,"SMB","DOC_mgL_mod",3.16580484431107
2023-06-19,"CCS","Q_m3day_mod",2136.27796
2023-06-19,"CCS","DOC_mgL_mod",4.12656319311556
2023-06-19,"HPB","Q_m3day_mod",693.959819
2023-06-19,"HPB","DOC_mgL_mod",4.60281980677616
2023-06-19,"CCR dam","Q_m3day_mod",11428.104406
2023-06-19,"CCR dam","DOC_mgL_mod",3.31970103283986
2023-06-20,"SMB","Q_m3day_mod",1449.494795
2023-06-20,"SMB","DOC_mgL_mod",4.35708566997648
2023-06-20,"CCS","Q_m3day_mod",3981.210709
2023-06-20,"CCS","DOC_mgL_mod",3.20315625876611
2023-06-20,"HPB","Q_m3day_mod",779.766981
2023-06-20,"HPB","DOC_mgL_mod",4.08123333963021
2023-06-20,"CCR dam","Q_m3day_mod",17295.417971
2023-06-20,"CCR dam","DOC_mgL_mod",3.50681377586235
2023-06-21,"SMB","Q_m3day_mod",3340.251924
2023-06-21,"SMB","DOC_mgL_mod",2.00325279417457
2023-06-21,"CCS","Q_m3day_mod",8090.377885
2023-06-21,"CCS","DOC_mgL_mod",1.90303719045628
2023-06-21,"HPB","Q_m3day_mod",1872.98708
2023-06-21,"HPB","DOC_mgL_mod",1.69083120423874
2023-06-21,"CCR dam","Q_m3day_mod",36275.602301
2023-06-21,"CCR dam","DOC_mgL_mod",1.86131327165142
2023-06-22,"SMB","Q_m3day_mod",6360.466023
2023-06-22,"SMB","DOC_mgL_mod",1.24631936894791
2023-06-22,"CCS","Q_m3day_mod",15869.154287
2023-06-22,"CCS","DOC_mgL_mod",3.14615127542745
2023-06-22,"HPB","Q_m3day_mod",3286.545141
2023-06-22,"HPB","DOC_mgL_mod",1.04345835911949
2023-06-22,"CCR dam","Q_m3day_mod",70780.927002
2023-06-22,"CCR dam","DOC_mgL_mod",2.22635541345124
2023-06-23,"SMB","Q_m3day_mod",9236.154185
2023-06-23,"SMB","DOC_mgL_mod",1.02217057131122
2023-06-23,"CCS","Q_m3day_mod",19504.100425
2023-06-23,"CCS","DOC_mgL_mod",1.02329866874647
2023-06-23,"HPB","Q_m3day_mod",5005.323136
2023-06-23,"HPB","DOC_mgL_mod",0.871087616429966
2023-06-23,"CCR dam","Q_m3day_mod",91890.218401
2023-06-23,"CCR dam","DOC_mgL_mod",0.830160612603026
2023-06-24,"SMB","Q_m3day_mod",10163.449896
2023-06-24,"SMB","DOC_mgL_mod",0.95921690958863
2023-06-24,"CCS","Q_m3day_mod",17134.589723
2023-06-24,"CCS","DOC_mgL_mod",1.19871209827858
2023-06-24,"HPB","Q_m3day_mod",5976.898737
2023-06-24,"HPB","DOC_mgL_mod",0.762786388160954
2023-06-24,"CCR dam","Q_m3day_mod",89138.560771
2023-06-24,"CCR dam","DOC_mgL_mod",0.943213007622995
2023-06-25,"SMB","Q_m3day_mod",9177.314216
2023-06-25,"SMB","DOC_mgL_mod",0.977318395000893
2023-06-25,"CCS","Q_m3day_mod",15334.648443
2023-06-25,"CCS","DOC_mgL_mod",1.25710087659686
2023-06-25,"HPB","Q_m3day_mod",5322.841598
2023-06-25,"HPB","DOC_mgL_mod",0.865530171277511
2023-06-25,"CCR dam","Q_m3day_mod",81683.581693
2023-06-25,"CCR dam","DOC_mgL_mod",0.973710730498195
2023-06-26,"SMB","Q_m3day_mod",8074.719045
2023-06-26,"SMB","DOC_mgL_mod",1.07580052650612
2023-06-26,"CCS","Q_m3day_mod",13351.441342
2023-06-26,"CCS","DOC_mgL_mod",1.40963582267296
2023-06-26,"HPB","Q_m3day_mod",4647.628951
2023-06-26,"HPB","DOC_mgL_mod",0.977318122399311
2023-06-26,"CCR dam","Q_m3day_mod",72570.529387
2023-06-26,"CCR dam","DOC_mgL_mod",1.06549381206321
2023-06-27,"SMB","Q_m3day_mod",7163.556577
2023-06-27,"SMB","DOC_mgL_mod",1.17392386164719
2023-06-27,"CCS","Q_m3day_mod",11865.568883
2023-06-27,"CCS","DOC_mgL_mod",1.55074064981095
2023-06-27,"HPB","Q_m3day_mod",3998.232633
2023-06-27,"HPB","DOC_mgL_mod",1.12062188753588
2023-06-27,"CCR dam","Q_m3day_mod",64707.821985
2023-06-27,"CCR dam","DOC_mgL_mod",1.16102316065306
2023-06-28,"SMB","Q_m3day_mod",6198.358962
2023-06-28,"SMB","DOC_mgL_mod",1.0489403791971
2023-06-28,"CCS","Q_m3day_mod",10281.372116
2023-06-28,"CCS","DOC_mgL_mod",1.41518173215004
2023-06-28,"HPB","Q_m3day_mod",3425.805311
2023-06-28,"HPB","DOC_mgL_mod",1.18980024548161
2023-06-28,"CCR dam","Q_m3day_mod",56715.252336
2023-06-28,"CCR dam","DOC_mgL_mod",1.09111848138106
2023-06-29,"SMB","Q_m3day_mod",5290.588321
2023-06-29,"SMB","DOC_mgL_mod",1.09712637760159
2023-06-29,"CCS","Q_m3day_mod",8794.064832
2023-06-29,"CCS","DOC_mgL_mod",1.51276687790514
2023-06-29,"HPB","Q_m3day_mod",2918.503178
2023-06-29,"HPB","DOC_mgL_mod",1.28265030794494
2023-06-29,"CCR dam","Q_m3day_mod",49348.794063
2023-06-29,"CCR dam","DOC_mgL_mod",1.1420895093819
2023-06-30,"SMB","Q_m3day_mod",4761.531958
2023-06-30,"SMB","DOC_mgL_mod",1.37393407367739
2023-06-30,"CCS","Q_m3day_mod",7898.999981
2023-06-30,"CCS","DOC_mgL_mod",1.7805583028017
2023-06-30,"HPB","Q_m3day_mod",2516.494864
2023-06-30,"HPB","DOC_mgL_mod",1.47139859213319
2023-06-30,"CCR dam","Q_m3day_mod",44586.560856
2023-06-30,"CCR dam","DOC_mgL_mod",1.32999134406259
2023-07-01,"SMB","Q_m3day_mod",4375.727797
2023-07-01,"SMB","DOC_mgL_mod",1.46357481477498
2023-07-01,"CCS","Q_m3day_mod",7237.52087
2023-07-01,"CCS","DOC_mgL_mod",1.91625423250766
2023-07-01,"HPB","Q_m3day_mod",2202.916305
2023-07-01,"HPB","DOC_mgL_mod",1.66397243130851
2023-07-01,"CCR dam","Q_m3day_mod",40953.286403
2023-07-01,"CCR dam","DOC_mgL_mod",1.46483384531517
2023-07-02,"SMB","Q_m3day_mod",3958.978334
2023-07-02,"SMB","DOC_mgL_mod",1.58399932279094
2023-07-02,"CCS","Q_m3day_mod",6540.543773
2023-07-02,"CCS","DOC_mgL_mod",2.0930996680297
2023-07-02,"HPB","Q_m3day_mod",1942.129389
2023-07-02,"HPB","DOC_mgL_mod",1.86931726617314
2023-07-02,"CCR dam","Q_m3day_mod",37258.391386
2023-07-02,"CCR dam","DOC_mgL_mod",1.57259714712258
2023-07-03,"SMB","Q_m3day_mod",3528.600312
2023-07-03,"SMB","DOC_mgL_mod",1.56226903377319
2023-07-03,"CCS","Q_m3day_mod",5849.05121
2023-07-03,"CCS","DOC_mgL_mod",2.17014683993509
2023-07-03,"HPB","Q_m3day_mod",1710.014255
2023-07-03,"HPB","DOC_mgL_mod",2.01165048182595
2023-07-03,"CCR dam","Q_m3day_mod",33500.32481
2023-07-03,"CCR dam","DOC_mgL_mod",1.59595616768589
2023-07-04,"SMB","Q_m3day_mod",3190.117567
2023-07-04,"SMB","DOC_mgL_mod",1.81269871048611
2023-07-04,"CCS","Q_m3day_mod",5331.156345
2023-07-04,"CCS","DOC_mgL_mod",2.43047645979326
2023-07-04,"HPB","Q_m3day_mod",1512.4419
2023-07-04,"HPB","DOC_mgL_mod",2.25388889318657
2023-07-04,"CCR dam","Q_m3day_mod",30452.745212
2023-07-04,"CCR dam","DOC_mgL_mod",1.76765968471007
2023-07-05,"SMB","Q_m3day_mod",2858.651052
2023-07-05,"SMB","DOC_mgL_mod",1.6502210008107
2023-07-05,"CCS","Q_m3day_mod",4825.750676
2023-07-05,"CCS","DOC_mgL_mod",2.39050269575096
2023-07-05,"HPB","Q_m3day_mod",1341.372159
2023-07-05,"HPB","DOC_mgL_mod",2.3688690559739
2023-07-05,"CCR dam","Q_m3day_mod",27579.955519
2023-07-05,"CCR dam","DOC_mgL_mod",1.73799518882393
2023-07-06,"SMB","Q_m3day_mod",2589.199645
2023-07-06,"SMB","DOC_mgL_mod",2.02571246683452
2023-07-06,"CCS","Q_m3day_mod",4373.256774
2023-07-06,"CCS","DOC_mgL_mod",2.75994313248619
2023-07-06,"HPB","Q_m3day_mod",1195.282623
2023-07-06,"HPB","DOC_mgL_mod",2.6360142274067
2023-07-06,"CCR dam","Q_m3day_mod",25082.906193
2023-07-06,"CCR dam","DOC_mgL_mod",1.97604335074348
2023-07-07,"SMB","Q_m3day_mod",2454.558145
2023-07-07,"SMB","DOC_mgL_mod",2.10156072713446
2023-07-07,"CCS","Q_m3day_mod",4110.223878
2023-07-07,"CCS","DOC_mgL_mod",2.90585631209259
2023-07-07,"HPB","Q_m3day_mod",1086.819798
2023-07-07,"HPB","DOC_mgL_mod",2.87700132602848
2023-07-07,"CCR dam","Q_m3day_mod",23472.434565
2023-07-07,"CCR dam","DOC_mgL_mod",2.11379692475458
2023-07-08,"SMB","Q_m3day_mod",2196.170645
2023-07-08,"SMB","DOC_mgL_mod",1.95566269396156
2023-07-08,"CCS","Q_m3day_mod",3743.633501
2023-07-08,"CCS","DOC_mgL_mod",2.88108598160555
2023-07-08,"HPB","Q_m3day_mod",982.57159
2023-07-08,"HPB","DOC_mgL_mod",2.99764111844512
2023-07-08,"CCR dam","Q_m3day_mod",21248.734907
2023-07-08,"CCR dam","DOC_mgL_mod",2.07308624220675
2023-07-09,"SMB","Q_m3day_mod",2145.920425
2023-07-09,"SMB","DOC_mgL_mod",2.21399495743184
2023-07-09,"CCS","Q_m3day_mod",3878.984367
2023-07-09,"CCS","DOC_mgL_mod",3.5440926539831
2023-07-09,"HPB","Q_m3day_mod",892.715006
2023-07-09,"HPB","DOC_mgL_mod",3.27748271322326
2023-07-09,"CCR dam","Q_m3day_mod",20922.012003
2023-07-09,"CCR dam","DOC_mgL_mod",2.34198794996265
2023-07-10,"SMB","Q_m3day_mod",2249.389104
2023-07-10,"SMB","DOC_mgL_mod",1.72286155076885
2023-07-10,"CCS","Q_m3day_mod",4096.70074
2023-07-10,"CCS","DOC_mgL_mod",2.48328609914524
2023-07-10,"HPB","Q_m3day_mod",1009.817609
2023-07-10,"HPB","DOC_mgL_mod",2.70061244297434
2023-07-10,"CCR dam","Q_m3day_mod",21711.654842
2023-07-10,"CCR dam","DOC_mgL_mod",1.88289240490865
2023-07-11,"SMB","Q_m3day_mod",2128.453669
2023-07-11,"SMB","DOC_mgL_mod",1.71217962273625
2023-07-11,"CCS","Q_m3day_mod",3765.086608
2023-07-11,"CCS","DOC_mgL_mod",2.54850073823322
2023-07-11,"HPB","Q_m3day_mod",1091.059972
2023-07-11,"HPB","DOC_mgL_mod",2.32450375330972
2023-07-11,"CCR dam","Q_m3day_mod",20505.593701
2023-07-11,"CCR dam","DOC_mgL_mod",1.86520666300605
2023-07-12,"SMB","Q_m3day_mod",1920.940088
2023-07-12,"SMB","DOC_mgL_mod",1.78317482226442
2023-07-12,"CCS","Q_m3day_mod",3402.705655
2023-07-12,"CCS","DOC_mgL_mod",2.67550676521857
2023-07-12,"HPB","Q_m3day_mod",957.822386
2023-07-12,"HPB","DOC_mgL_mod",2.4589872135229
2023-07-12,"CCR dam","Q_m3day_mod",18591.813281
2023-07-12,"CCR dam","DOC_mgL_mod",1.9208083396844
2023-07-13,"SMB","Q_m3day_mod",1841.628034
2023-07-13,"SMB","DOC_mgL_mod",2.2770515666466
2023-07-13,"CCS","Q_m3day_mod",3340.744985
2023-07-13,"CCS","DOC_mgL_mod",2.89272663534358
2023-07-13,"HPB","Q_m3day_mod",855.000141
2023-07-13,"HPB","DOC_mgL_mod",2.73806621512592
2023-07-13,"CCR dam","Q_m3day_mod",17879.40558
2023-07-13,"CCR dam","DOC_mgL_mod",2.16846358938069
2023-07-14,"SMB","Q_m3day_mod",1950.430012
2023-07-14,"SMB","DOC_mgL_mod",1.91675065344513
2023-07-14,"CCS","Q_m3day_mod",3557.464988
2023-07-14,"CCS","DOC_mgL_mod",2.64240885903555
2023-07-14,"HPB","Q_m3day_mod",905.344816
2023-07-14,"HPB","DOC_mgL_mod",2.57297325707557
2023-07-14,"CCR dam","Q_m3day_mod",18685.128682
2023-07-14,"CCR dam","DOC_mgL_mod",2.06162615498117
2023-07-15,"SMB","Q_m3day_mod",1956.190149
2023-07-15,"SMB","DOC_mgL_mod",1.89119294046706
2023-07-15,"CCS","Q_m3day_mod",3504.843459
2023-07-15,"CCS","DOC_mgL_mod",2.67815613159458
2023-07-15,"HPB","Q_m3day_mod",965.52082
2023-07-15,"HPB","DOC_mgL_mod",2.39826107530234
2023-07-15,"CCR dam","Q_m3day_mod",18613.262849
2023-07-15,"CCR dam","DOC_mgL_mod",2.03308792805411
2023-07-16,"SMB","Q_m3day_mod",4176.795782
2023-07-16,"SMB","DOC_mgL_mod",3.99060209547013
2023-07-16,"CCS","Q_m3day_mod",11349.382564
2023-07-16,"CCS","DOC_mgL_mod",5.97082348910765
2023-07-16,"HPB","Q_m3day_mod",940.085259
2023-07-16,"HPB","DOC_mgL_mod",3.0449919011016
2023-07-16,"CCR dam","Q_m3day_mod",40857.774922
2023-07-16,"CCR dam","DOC_mgL_mod",3.83493228153331
2023-07-17,"SMB","Q_m3day_mod",7133.553086
2023-07-17,"SMB","DOC_mgL_mod",0.841760470218501
2023-07-17,"CCS","Q_m3day_mod",16547.568614
2023-07-17,"CCS","DOC_mgL_mod",1.07137250272531
2023-07-17,"HPB","Q_m3day_mod",2992.067608
2023-07-17,"HPB","DOC_mgL_mod",1.37815167978651
2023-07-17,"CCR dam","Q_m3day_mod",66379.26881
2023-07-17,"CCR dam","DOC_mgL_mod",0.916266646053163
2023-07-18,"SMB","Q_m3day_mod",7418.356038
2023-07-18,"SMB","DOC_mgL_mod",0.900701444602193
2023-07-18,"CCS","Q_m3day_mod",13063.73284
2023-07-18,"CCS","DOC_mgL_mod",1.43791749495085
2023-07-18,"HPB","Q_m3day_mod",4693.878829
2023-07-18,"HPB","DOC_mgL_mod",0.876288491851906
2023-07-18,"CCR dam","Q_m3day_mod",66275.684044
2023-07-18,"CCR dam","DOC_mgL_mod",1.04754693974804
2023-07-19,"SMB","Q_m3day_mod",6646.488371
2023-07-19,"SMB","DOC_mgL_mod",0.98788497526734
2023-07-19,"CCS","Q_m3day_mod",11767.88434
2023-07-19,"CCS","DOC_mgL_mod",1.59468766498771
2023-07-19,"HPB","Q_m3day_mod",4036.304361
2023-07-19,"HPB","DOC_mgL_mod",1.00515239613765
2023-07-19,"CCR dam","Q_m3day_mod",60233.766366
2023-07-19,"CCR dam","DOC_mgL_mod",1.14552873185343
2023-07-20,"SMB","Q_m3day_mod",5902.477243
2023-07-20,"SMB","DOC_mgL_mod",1.09144037914591
2023-07-20,"CCS","Q_m3day_mod",10598.886418
2023-07-20,"CCS","DOC_mgL_mod",1.76874807981361
2023-07-20,"HPB","Q_m3day_mod",3474.406273
2023-07-20,"HPB","DOC_mgL_mod",1.15144421396225
2023-07-20,"CCR dam","Q_m3day_mod",53966.967645
2023-07-20,"CCR dam","DOC_mgL_mod",1.25559602395555
2023-07-21,"SMB","Q_m3day_mod",5263.226177
2023-07-21,"SMB","DOC_mgL_mod",1.20056953425507
2023-07-21,"CCS","Q_m3day_mod",9559.001579
2023-07-21,"CCS","DOC_mgL_mod",1.92733099244109
2023-07-21,"HPB","Q_m3day_mod",3005.875503
2023-07-21,"HPB","DOC_mgL_mod",1.31418683044505
2023-07-21,"CCR dam","Q_m3day_mod",48516.955421
2023-07-21,"CCR dam","DOC_mgL_mod",1.36609808725368
2023-07-22,"SMB","Q_m3day_mod",4714.193896
2023-07-22,"SMB","DOC_mgL_mod",1.31571995909266
2023-07-22,"CCS","Q_m3day_mod",8614.441303
2023-07-22,"CCS","DOC_mgL_mod",2.09334759686852
2023-07-22,"HPB","Q_m3day_mod",2614.874925
2023-07-22,"HPB","DOC_mgL_mod",1.49224881186239
2023-07-22,"CCR dam","Q_m3day_mod",43725.028062
2023-07-22,"CCR dam","DOC_mgL_mod",1.48164364601752
2023-07-23,"SMB","Q_m3day_mod",4758.055173
2023-07-23,"SMB","DOC_mgL_mod",1.84372410176758
2023-07-23,"CCS","Q_m3day_mod",9601.382709
2023-07-23,"CCS","DOC_mgL_mod",2.23997216357601
2023-07-23,"HPB","Q_m3day_mod",2310.398989
2023-07-23,"HPB","DOC_mgL_mod",1.7852665360563
2023-07-23,"CCR dam","Q_m3day_mod",44211.557722
2023-07-23,"CCR dam","DOC_mgL_mod",1.69808583701275
2023-07-24,"SMB","Q_m3day_mod",4890.042105
2023-07-24,"SMB","DOC_mgL_mod",1.15156063671562
2023-07-24,"CCS","Q_m3day_mod",9804.933933
2023-07-24,"CCS","DOC_mgL_mod",1.66591229595387
2023-07-24,"HPB","Q_m3day_mod",2512.855325
2023-07-24,"HPB","DOC_mgL_mod",1.78290407546642
2023-07-24,"CCR dam","Q_m3day_mod",45144.698248
2023-07-24,"CCR dam","DOC_mgL_mod",1.32701119566469
2023-07-25,"SMB","Q_m3day_mod",4449.404767
2023-07-25,"SMB","DOC_mgL_mod",1.18317803744107
2023-07-25,"CCS","Q_m3day_mod",8096.38129
2023-07-25,"CCS","DOC_mgL_mod",1.89498362916157
2023-07-25,"HPB","Q_m3day_mod",2647.050906
2023-07-25,"HPB","DOC_mgL_mod",1.57855974379965
2023-07-25,"CCR dam","Q_m3day_mod",41088.620218
2023-07-25,"CCR dam","DOC_mgL_mod",1.37616643489111
2023-07-26,"SMB","Q_m3day_mod",3946.159131
2023-07-26,"SMB","DOC_mgL_mod",1.27581702431858
2023-07-26,"CCS","Q_m3day_mod",7206.722056
2023-07-26,"CCS","DOC_mgL_mod",2.02875313996985
2023-07-26,"HPB","Q_m3day_mod",2289.071242
2023-07-26,"HPB","DOC_mgL_mod",1.72254665021037
2023-07-26,"CCR dam","Q_m3day_mod",36842.22011
2023-07-26,"CCR dam","DOC_mgL_mod",1.45251181498356
2023-07-27,"SMB","Q_m3day_mod",3591.844982
2023-07-27,"SMB","DOC_mgL_mod",1.52695398255915
2023-07-27,"CCS","Q_m3day_mod",6566.309547
2023-07-27,"CCS","DOC_mgL_mod",2.28892803368778
2023-07-27,"HPB","Q_m3day_mod",2003.426186
2023-07-27,"HPB","DOC_mgL_mod",1.95038431029073
2023-07-27,"CCR dam","Q_m3day_mod",33620.864043
2023-07-27,"CCR dam","DOC_mgL_mod",1.63887697619931
2023-07-28,"SMB","Q_m3day_mod",3310.545919
2023-07-28,"SMB","DOC_mgL_mod",1.63429269141033
2023-07-28,"CCS","Q_m3day_mod",6105.408971
2023-07-28,"CCS","DOC_mgL_mod",2.48712413404681
2023-07-28,"HPB","Q_m3day_mod",1779.222674
2023-07-28,"HPB","DOC_mgL_mod",2.17618348539549
2023-07-28,"CCR dam","Q_m3day_mod",31076.780811
2023-07-28,"CCR dam","DOC_mgL_mod",1.85224944469233
2023-07-29,"SMB","Q_m3day_mod",2993.124552
2023-07-29,"SMB","DOC_mgL_mod",1.69155339580402
2023-07-29,"CCS","Q_m3day_mod",5582.721768
2023-07-29,"CCS","DOC_mgL_mod",2.5873598220129
2023-07-29,"HPB","Q_m3day_mod",1583.3807
2023-07-29,"HPB","DOC_mgL_mod",2.35503881031264
2023-07-29,"CCR dam","Q_m3day_mod",28349.309696
2023-07-29,"CCR dam","DOC_mgL_mod",1.92838734298047
2023-07-30,"SMB","Q_m3day_mod",2654.961336
2023-07-30,"SMB","DOC_mgL_mod",1.6725079720709
2023-07-30,"CCS","Q_m3day_mod",4986.868741
2023-07-30,"CCS","DOC_mgL_mod",2.63106985193457
2023-07-30,"HPB","Q_m3day_mod",1400.637643
2023-07-30,"HPB","DOC_mgL_mod",2.49763742784114
2023-07-30,"CCR dam","Q_m3day_mod",25427.151371
2023-07-30,"CCR dam","DOC_mgL_mod",1.92235847762909
2023-07-31,"SMB","Q_m3day_mod",2418.763944
2023-07-31,"SMB","DOC_mgL_mod",1.96836446640863
2023-07-31,"CCS","Q_m3day_mod",4574.04393
2023-07-31,"CCS","DOC_mgL_mod",2.97682318062039
2023-07-31,"HPB","Q_m3day_mod",1251.719547
2023-07-31,"HPB","DOC_mgL_mod",2.77391609671811
2023-07-31,"CCR dam","Q_m3day_mod",23253.674493
2023-07-31,"CCR dam","DOC_mgL_mod",2.14974885001716
2023-08-01,"SMB","Q_m3day_mod",2209.178153
2023-08-01,"SMB","DOC_mgL_mod",1.86574993709889
2023-08-01,"CCS","Q_m3day_mod",4182.192582
2023-08-01,"CCS","DOC_mgL_mod",2.85706116246944
2023-08-01,"HPB","Q_m3day_mod",1121.259858
2023-08-01,"HPB","DOC_mgL_mod",2.86240604896425
2023-08-01,"CCR dam","Q_m3day_mod",21267.358607
2023-08-01,"CCR dam","DOC_mgL_mod",2.18262506678764
2023-08-02,"SMB","Q_m3day_mod",1952.356647
2023-08-02,"SMB","DOC_mgL_mod",1.94033503346891
2023-08-02,"CCS","Q_m3day_mod",3701.007135
2023-08-02,"CCS","DOC_mgL_mod",2.9661655867086
2023-08-02,"HPB","Q_m3day_mod",986.821276
2023-08-02,"HPB","DOC_mgL_mod",2.96548024568534
2023-08-02,"CCR dam","Q_m3day_mod",18981.578096
2023-08-02,"CCR dam","DOC_mgL_mod",2.2357429811878
2023-08-03,"SMB","Q_m3day_mod",2169.841609
2023-08-03,"SMB","DOC_mgL_mod",3.44210331713664
2023-08-03,"CCS","Q_m3day_mod",5221.553156
2023-08-03,"CCS","DOC_mgL_mod",4.83673712504096
2023-08-03,"HPB","Q_m3day_mod",887.280128
2023-08-03,"HPB","DOC_mgL_mod",3.27681293455047
2023-08-03,"CCR dam","Q_m3day_mod",22576.30199
2023-08-03,"CCR dam","DOC_mgL_mod",3.42253129118424
2023-08-04,"SMB","Q_m3day_mod",3157.411545
2023-08-04,"SMB","DOC_mgL_mod",1.32082465037037
2023-08-04,"CCS","Q_m3day_mod",6958.313549
2023-08-04,"CCS","DOC_mgL_mod",1.76620094990778
2023-08-04,"HPB","Q_m3day_mod",1578.316174
2023-08-04,"HPB","DOC_mgL_mod",1.82907395080651
2023-08-04,"CCR dam","Q_m3day_mod",31713.508607
2023-08-04,"CCR dam","DOC_mgL_mod",1.47111190307408
2023-08-05,"SMB","Q_m3day_mod",3580.568075
2023-08-05,"SMB","DOC_mgL_mod",1.03421103088509
2023-08-05,"CCS","Q_m3day_mod",6480.652757
2023-08-05,"CCS","DOC_mgL_mod",1.66311487501906
2023-08-05,"HPB","Q_m3day_mod",2146.376061
2023-08-05,"HPB","DOC_mgL_mod",1.2598947822499
2023-08-05,"CCR dam","Q_m3day_mod",34206.449506
2023-08-05,"CCR dam","DOC_mgL_mod",1.238046643589
2023-08-06,"SMB","Q_m3day_mod",3167.217566
2023-08-06,"SMB","DOC_mgL_mod",1.1635781007158
2023-08-06,"CCS","Q_m3day_mod",5796.407417
2023-08-06,"CCS","DOC_mgL_mod",1.93594397231101
2023-08-06,"HPB","Q_m3day_mod",1859.066917
2023-08-06,"HPB","DOC_mgL_mod",1.44598237719057
2023-08-06,"CCR dam","Q_m3day_mod",30820.194084
2023-08-06,"CCR dam","DOC_mgL_mod",1.37339466080696
2023-08-07,"SMB","Q_m3day_mod",2861.460235
2023-08-07,"SMB","DOC_mgL_mod",1.31777683082148
2023-08-07,"CCS","Q_m3day_mod",5331.708357
2023-08-07,"CCS","DOC_mgL_mod",2.08574799208583
2023-08-07,"HPB","Q_m3day_mod",1626.979996
2023-08-07,"HPB","DOC_mgL_mod",1.64220519402133
2023-08-07,"CCR dam","Q_m3day_mod",28250.350945
2023-08-07,"CCR dam","DOC_mgL_mod",1.51779884375521
2023-08-08,"SMB","Q_m3day_mod",2610.120851
2023-08-08,"SMB","DOC_mgL_mod",1.46825462067465
2023-08-08,"CCS","Q_m3day_mod",4827.391511
2023-08-08,"CCS","DOC_mgL_mod",2.28499179626618
2023-08-08,"HPB","Q_m3day_mod",1434.08446
2023-08-08,"HPB","DOC_mgL_mod",1.85261124717857
2023-08-08,"CCR dam","Q_m3day_mod",25836.012827
2023-08-08,"CCR dam","DOC_mgL_mod",1.65208348075264
2023-08-09,"SMB","Q_m3day_mod",2341.494584
2023-08-09,"SMB","DOC_mgL_mod",1.45912402417925
2023-08-09,"CCS","Q_m3day_mod",4310.038964
2023-08-09,"CCS","DOC_mgL_mod",2.28971665509983
2023-08-09,"HPB","Q_m3day_mod",1255.961931
2023-08-09,"HPB","DOC_mgL_mod",1.95280839288432
2023-08-09,"CCR dam","Q_m3day_mod",23261.31875
2023-08-09,"CCR dam","DOC_mgL_mod",1.65874172546645
2023-08-10,"SMB","Q_m3day_mod",2126.848172
2023-08-10,"SMB","DOC_mgL_mod",1.72916621337463
2023-08-10,"CCS","Q_m3day_mod",4101.184926
2023-08-10,"CCS","DOC_mgL_mod",2.65854629740732
2023-08-10,"HPB","Q_m3day_mod",1103.444969
2023-08-10,"HPB","DOC_mgL_mod",2.2080530234399
2023-08-10,"CCR dam","Q_m3day_mod",21617.872204
2023-08-10,"CCR dam","DOC_mgL_mod",1.88480622031158
2023-08-11,"SMB","Q_m3day_mod",2061.952536
2023-08-11,"SMB","DOC_mgL_mod",1.56069499361163
2023-08-11,"CCS","Q_m3day_mod",3996.402216
2023-08-11,"CCS","DOC_mgL_mod",2.32829517578268
2023-08-11,"HPB","Q_m3day_mod",1072.629691
2023-08-11,"HPB","DOC_mgL_mod",2.1135299712676
2023-08-11,"CCR dam","Q_m3day_mod",21010.558615
2023-08-11,"CCR dam","DOC_mgL_mod",1.73112865138355
2023-08-12,"SMB","Q_m3day_mod",1961.324508
2023-08-12,"SMB","DOC_mgL_mod",1.57573873542807
2023-08-12,"CCS","Q_m3day_mod",3653.990755
2023-08-12,"CCS","DOC_mgL_mod",2.48067431139409
2023-08-12,"HPB","Q_m3day_mod",1036.85535
2023-08-12,"HPB","DOC_mgL_mod",2.07645743449171
2023-08-12,"CCR dam","Q_m3day_mod",19681.491412
2023-08-12,"CCR dam","DOC_mgL_mod",1.76180042833839
2023-08-13,"SMB","Q_m3day_mod",1775.921386
2023-08-13,"SMB","DOC_mgL_mod",1.67090673235465
2023-08-13,"CCS","Q_m3day_mod",3334.827721
2023-08-13,"CCS","DOC_mgL_mod",2.62188566591923
2023-08-13,"HPB","Q_m3day_mod",911.339579
2023-08-13,"HPB","DOC_mgL_mod",2.24262618138743
2023-08-13,"CCR dam","Q_m3day_mod",17894.055422
2023-08-13,"CCR dam","DOC_mgL_mod",1.83345246375308
2023-08-14,"SMB","Q_m3day_mod",1625.18707
2023-08-14,"SMB","DOC_mgL_mod",1.81842512443814
2023-08-14,"CCS","Q_m3day_mod",3135.209753
2023-08-14,"CCS","DOC_mgL_mod",2.81752472591265
2023-08-14,"HPB","Q_m3day_mod",811.552807
2023-08-14,"HPB","DOC_mgL_mod",2.50640621590506
2023-08-14,"CCR dam","Q_m3day_mod",16608.100632
2023-08-14,"CCR dam","DOC_mgL_mod",1.96651265088505
2023-08-15,"SMB","Q_m3day_mod",1507.873252
2023-08-15,"SMB","DOC_mgL_mod",1.95330144366803
2023-08-15,"CCS","Q_m3day_mod",2974.665268
2023-08-15,"CCS","DOC_mgL_mod",2.95114314018339
2023-08-15,"HPB","Q_m3day_mod",736.642073
2023-08-15,"HPB","DOC_mgL_mod",2.74887095676383
2023-08-15,"CCR dam","Q_m3day_mod",15666.119426
2023-08-15,"CCR dam","DOC_mgL_mod",2.17409551617955
2023-08-16,"SMB","Q_m3day_mod",1385.435738
2023-08-16,"SMB","DOC_mgL_mod",1.97945738281511
2023-08-16,"CCS","Q_m3day_mod",2683.489336
2023-08-16,"CCS","DOC_mgL_mod",2.97872247627967
2023-08-16,"HPB","Q_m3day_mod",662.107676
2023-08-16,"HPB","DOC_mgL_mod",2.81411478455658
2023-08-16,"CCR dam","Q_m3day_mod",14400.894312
2023-08-16,"CCR dam","DOC_mgL_mod",2.17214912645628
2023-08-17,"SMB","Q_m3day_mod",1275.078574
2023-08-17,"SMB","DOC_mgL_mod",2.14243189063265
2023-08-17,"CCS","Q_m3day_mod",2458.36345
2023-08-17,"CCS","DOC_mgL_mod",3.3285017315076
2023-08-17,"HPB","Q_m3day_mod",595.886027
2023-08-17,"HPB","DOC_mgL_mod",3.11205652754801
2023-08-17,"CCR dam","Q_m3day_mod",13219.547598
2023-08-17,"CCR dam","DOC_mgL_mod",2.33219024867874
2023-08-18,"SMB","Q_m3day_mod",1180.280506
2023-08-18,"SMB","DOC_mgL_mod",2.17107966027866
2023-08-18,"CCS","Q_m3day_mod",2290.245806
2023-08-18,"CCS","DOC_mgL_mod",3.28448107198499
2023-08-18,"HPB","Q_m3day_mod",539.766849
2023-08-18,"HPB","DOC_mgL_mod",3.18425446687631
2023-08-18,"CCR dam","Q_m3day_mod",12229.681828
2023-08-18,"CCR dam","DOC_mgL_mod",2.39921695532765
2023-08-19,"SMB","Q_m3day_mod",1074.771225
2023-08-19,"SMB","DOC_mgL_mod",2.20886542622129
2023-08-19,"CCS","Q_m3day_mod",2071.216394
2023-08-19,"CCS","DOC_mgL_mod",3.37990517083557
2023-08-19,"HPB","Q_m3day_mod",479.855985
2023-08-19,"HPB","DOC_mgL_mod",3.2893577434488
2023-08-19,"CCR dam","Q_m3day_mod",11140.53516
2023-08-19,"CCR dam","DOC_mgL_mod",2.41987477377164
2023-08-20,"SMB","Q_m3day_mod",984.209094
2023-08-20,"SMB","DOC_mgL_mod",2.30059345499199
2023-08-20,"CCS","Q_m3day_mod",1905.927931
2023-08-20,"CCS","DOC_mgL_mod",3.53717834255297
2023-08-20,"HPB","Q_m3day_mod",429.766686
2023-08-20,"HPB","DOC_mgL_mod",3.47188381185972
2023-08-20,"CCR dam","Q_m3day_mod",10227.309091
2023-08-20,"CCR dam","DOC_mgL_mod",2.49373122226682
2023-08-21,"SMB","Q_m3day_mod",914.310919
2023-08-21,"SMB","DOC_mgL_mod",2.39314762027905
2023-08-21,"CCS","Q_m3day_mod",1785.466579
2023-08-21,"CCS","DOC_mgL_mod",3.66940052368239
2023-08-21,"HPB","Q_m3day_mod",391.251474
2023-08-21,"HPB","DOC_mgL_mod",3.65121691528758
2023-08-21,"CCR dam","Q_m3day_mod",9494.786419
2023-08-21,"CCR dam","DOC_mgL_mod",2.56053784962975
2023-08-22,"SMB","Q_m3day_mod",855.575668
2023-08-22,"SMB","DOC_mgL_mod",2.47510778906349
2023-08-22,"CCS","Q_m3day_mod",1684.218265
2023-08-22,"CCS","DOC_mgL_mod",3.78582879220824
2023-08-22,"HPB","Q_m3day_mod",358.579224
2023-08-22,"HPB","DOC_mgL_mod",3.79332071955178
2023-08-22,"CCR dam","Q_m3day_mod",8850.265049
2023-08-22,"CCR dam","DOC_mgL_mod",2.61654310597359
2023-08-23,"SMB","Q_m3day_mod",797.841942
2023-08-23,"SMB","DOC_mgL_mod",2.51373473168449
2023-08-23,"CCS","Q_m3day_mod",1575.355553
2023-08-23,"CCS","DOC_mgL_mod",3.81387045518606
2023-08-23,"HPB","Q_m3day_mod",327.570462
2023-08-23,"HPB","DOC_mgL_mod",3.89203285368264
2023-08-23,"CCR dam","Q_m3day_mod",8215.727392
2023-08-23,"CCR dam","DOC_mgL_mod",2.62490330691829
2023-08-24,"SMB","Q_m3day_mod",745.193606
2023-08-24,"SMB","DOC_mgL_mod",2.60346839315205
2023-08-24,"CCS","Q_m3day_mod",1475.49885
2023-08-24,"CCS","DOC_mgL_mod",3.96048224639416
2023-08-24,"HPB","Q_m3day_mod",300.564806
2023-08-24,"HPB","DOC_mgL_mod",4.05942404314629
2023-08-24,"CCR dam","Q_m3day_mod",7644.984789
2023-08-24,"CCR dam","DOC_mgL_mod",2.7025272868728
2023-08-25,"SMB","Q_m3day_mod",709.931602
2023-08-25,"SMB","DOC_mgL_mod",2.72583865058031
2023-08-25,"CCS","Q_m3day_mod",1459.852325
2023-08-25,"CCS","DOC_mgL_mod",4.20575622263711
2023-08-25,"HPB","Q_m3day_mod",282.803415
2023-08-25,"HPB","DOC_mgL_mod",4.29717229546185
2023-08-25,"CCR dam","Q_m3day_mod",7316.756406
2023-08-25,"CCR dam","DOC_mgL_mod",2.8189308015074
2023-08-26,"SMB","Q_m3day_mod",686.386912
2023-08-26,"SMB","DOC_mgL_mod",2.81277362118466
2023-08-26,"CCS","Q_m3day_mod",1444.717154
2023-08-26,"CCS","DOC_mgL_mod",4.12103156906241
2023-08-26,"HPB","Q_m3day_mod",272.418355
2023-08-26,"HPB","DOC_mgL_mod",4.44496847505007
2023-08-26,"CCR dam","Q_m3day_mod",7125.45631
2023-08-26,"CCR dam","DOC_mgL_mod",3.31130933564029
2023-08-27,"SMB","Q_m3day_mod",666.093886
2023-08-27,"SMB","DOC_mgL_mod",2.89423764505174
2023-08-27,"CCS","Q_m3day_mod",1398.460503
2023-08-27,"CCS","DOC_mgL_mod",4.23635561196826
2023-08-27,"HPB","Q_m3day_mod",264.162222
2023-08-27,"HPB","DOC_mgL_mod",4.57085419276947
2023-08-27,"CCR dam","Q_m3day_mod",6925.429293
2023-08-27,"CCR dam","DOC_mgL_mod",3.34747623853908
2023-08-28,"SMB","Q_m3day_mod",651.390522
2023-08-28,"SMB","DOC_mgL_mod",2.98850986351932
2023-08-28,"CCS","Q_m3day_mod",1966.025862
2023-08-28,"CCS","DOC_mgL_mod",3.02596477237999
2023-08-28,"HPB","Q_m3day_mod",256.86158
2023-08-28,"HPB","DOC_mgL_mod",4.68924157517056
2023-08-28,"CCR dam","Q_m3day_mod",8773.974274
2023-08-28,"CCR dam","DOC_mgL_mod",3.06103587282982
2023-08-29,"SMB","Q_m3day_mod",1541.125095
2023-08-29,"SMB","DOC_mgL_mod",1.30093073333544
2023-08-29,"CCS","Q_m3day_mod",3541.191249
2023-08-29,"CCS","DOC_mgL_mod",1.76359664329443
2023-08-29,"HPB","Q_m3day_mod",897.928648
2023-08-29,"HPB","DOC_mgL_mod",1.33718642642082
2023-08-29,"CCR dam","Q_m3day_mod",16949.966861
2023-08-29,"CCR dam","DOC_mgL_mod",1.39575966100763
2023-08-30,"SMB","Q_m3day_mod",2457.041389
2023-08-30,"SMB","DOC_mgL_mod",1.25875209666645
2023-08-30,"CCS","Q_m3day_mod",4938.855906
2023-08-30,"CCS","DOC_mgL_mod",1.96712116832509
2023-08-30,"HPB","Q_m3day_mod",1465.306725
2023-08-30,"HPB","DOC_mgL_mod",0.816420193526376
2023-08-30,"CCR dam","Q_m3day_mod",24270.977298
2023-08-30,"CCR dam","DOC_mgL_mod",1.29896252684468
2023-08-31,"SMB","Q_m3day_mod",2745.575727
2023-08-31,"SMB","DOC_mgL_mod",0.722998087606563
2023-08-31,"CCS","Q_m3day_mod",5323.972942
2023-08-31,"CCS","DOC_mgL_mod",1.09144375136834
2023-08-31,"HPB","Q_m3day_mod",1649.549502
2023-08-31,"HPB","DOC_mgL_mod",0.667616218043028
2023-08-31,"CCR dam","Q_m3day_mod",26610.600505
2023-08-31,"CCR dam","DOC_mgL_mod",0.835456531536097
2023-09-01,"SMB","Q_m3day_mod",2825.822448
2023-09-01,"SMB","DOC_mgL_mod",0.649915567519053
2023-09-01,"CCS","Q_m3day_mod",4970.139862
2023-09-01,"CCS","DOC_mgL_mod",1.08352383424336
2023-09-01,"HPB","Q_m3day_mod",1765.361669
2023-09-01,"HPB","DOC_mgL_mod",0.573147144728223
2023-09-01,"CCR dam","Q_m3day_mod",26240.405513
2023-09-01,"CCR dam","DOC_mgL_mod",0.788446656807578
2023-09-02,"SMB","Q_m3day_mod",2462.8563
2023-09-02,"SMB","DOC_mgL_mod",0.693881733985048
2023-09-02,"CCS","Q_m3day_mod",4338.170378
2023-09-02,"CCS","DOC_mgL_mod",1.16157747642986
2023-09-02,"HPB","Q_m3day_mod",1490.117153
2023-09-02,"HPB","DOC_mgL_mod",0.627846675086224
2023-09-02,"CCR dam","Q_m3day_mod",23151.782276
2023-09-02,"CCR dam","DOC_mgL_mod",0.825684164273453
2023-09-03,"SMB","Q_m3day_mod",2152.835399
2023-09-03,"SMB","DOC_mgL_mod",0.753004619281625
2023-09-03,"CCS","Q_m3day_mod",3804.883371
2023-09-03,"CCS","DOC_mgL_mod",1.26448869278627
2023-09-03,"HPB","Q_m3day_mod",1259.186409
2023-09-03,"HPB","DOC_mgL_mod",0.698678522665027
2023-09-03,"CCR dam","Q_m3day_mod",20472.885855
2023-09-03,"CCR dam","DOC_mgL_mod",0.87499877285864
2023-09-04,"SMB","Q_m3day_mod",1892.6123
2023-09-04,"SMB","DOC_mgL_mod",0.824131281404015
2023-09-04,"CCS","Q_m3day_mod",3356.925986
2023-09-04,"CCS","DOC_mgL_mod",1.37965121045716
2023-09-04,"HPB","Q_m3day_mod",1067.872411
2023-09-04,"HPB","DOC_mgL_mod",0.783932885030775
2023-09-04,"CCR dam","Q_m3day_mod",18189.577642
2023-09-04,"CCR dam","DOC_mgL_mod",0.933807278778156
2023-09-05,"SMB","Q_m3day_mod",1671.43413
2023-09-05,"SMB","DOC_mgL_mod",0.898243593960834
2023-09-05,"CCS","Q_m3day_mod",2972.769456
2023-09-05,"CCS","DOC_mgL_mod",1.49697447644928
2023-09-05,"HPB","Q_m3day_mod",908.356233
2023-09-05,"HPB","DOC_mgL_mod",0.876234973773775
2023-09-05,"CCR dam","Q_m3day_mod",16218.539153
2023-09-05,"CCR dam","DOC_mgL_mod",0.990863594334722
2023-09-06,"SMB","Q_m3day_mod",1482.21035
2023-09-06,"SMB","DOC_mgL_mod",0.982396324516288
2023-09-06,"CCS","Q_m3day_mod",2643.242932
2023-09-06,"CCS","DOC_mgL_mod",1.63158518189504
2023-09-06,"HPB","Q_m3day_mod",774.845388
2023-09-06,"HPB","DOC_mgL_mod",0.981272924605702
2023-09-06,"CCR dam","Q_m3day_mod",14508.656596
2023-09-06,"CCR dam","DOC_mgL_mod",1.05638105765254
2023-09-07,"SMB","Q_m3day_mod",1325.593924
2023-09-07,"SMB","DOC_mgL_mod",1.09645418079029
2023-09-07,"CCS","Q_m3day_mod",2410.431642
2023-09-07,"CCS","DOC_mgL_mod",1.79125469678015
2023-09-07,"HPB","Q_m3day_mod",665.861223
2023-09-07,"HPB","DOC_mgL_mod",1.13906588009856
2023-09-07,"CCR dam","Q_m3day_mod",13199.101028
2023-09-07,"CCR dam","DOC_mgL_mod",1.18590879536376
2023-09-08,"SMB","Q_m3day_mod",1216.13745
2023-09-08,"SMB","DOC_mgL_mod",1.1927212668272
2023-09-08,"CCS","Q_m3day_mod",2243.765446
2023-09-08,"CCS","DOC_mgL_mod",1.91540386169223
2023-09-08,"HPB","Q_m3day_mod",598.278257
2023-09-08,"HPB","DOC_mgL_mod",1.26559922768512
2023-09-08,"CCR dam","Q_m3day_mod",12380.521356
2023-09-08,"CCR dam","DOC_mgL_mod",1.44860377719945
2023-09-09,"SMB","Q_m3day_mod",1130.687071
2023-09-09,"SMB","DOC_mgL_mod",1.32497933196938
2023-09-09,"CCS","Q_m3day_mod",2860.432873
2023-09-09,"CCS","DOC_mgL_mod",3.36014457487323
2023-09-09,"HPB","Q_m3day_mod",542.290931
2023-09-09,"HPB","DOC_mgL_mod",1.39211031725699
2023-09-09,"CCR dam","Q_m3day_mod",14191.285576
2023-09-09,"CCR dam","DOC_mgL_mod",1.97962685265886
2023-09-10,"SMB","Q_m3day_mod",2365.554215
2023-09-10,"SMB","DOC_mgL_mod",1.38032050979648
2023-09-10,"CCS","Q_m3day_mod",5457.228483
2023-09-10,"CCS","DOC_mgL_mod",1.75646411541314
2023-09-10,"HPB","Q_m3day_mod",1292.329499
2023-09-10,"HPB","DOC_mgL_mod",0.591306861439986
2023-09-10,"CCR dam","Q_m3day_mod",26313.254965
2023-09-10,"CCR dam","DOC_mgL_mod",1.1828525220996
2023-09-11,"SMB","Q_m3day_mod",3956.581787
2023-09-11,"SMB","DOC_mgL_mod",0.526801949816487
2023-09-11,"CCS","Q_m3day_mod",7342.016015
2023-09-11,"CCS","DOC_mgL_mod",0.795239207878519
2023-09-11,"HPB","Q_m3day_mod",2372.899178
2023-09-11,"HPB","DOC_mgL_mod",0.333519775023497
2023-09-11,"CCR dam","Q_m3day_mod",37820.965487
2023-09-11,"CCR dam","DOC_mgL_mod",0.603864013145043
2023-09-12,"SMB","Q_m3day_mod",4002.820865
2023-09-12,"SMB","DOC_mgL_mod",0.524320740493592
2023-09-12,"CCS","Q_m3day_mod",6939.396034
2023-09-12,"CCS","DOC_mgL_mod",0.845938604921536
2023-09-12,"HPB","Q_m3day_mod",2455.870307
2023-09-12,"HPB","DOC_mgL_mod",0.321403454307084
2023-09-12,"CCR dam","Q_m3day_mod",37278.145809
2023-09-12,"CCR dam","DOC_mgL_mod",0.620472920474917
2023-09-13,"SMB","Q_m3day_mod",3524.789617
2023-09-13,"SMB","DOC_mgL_mod",0.610284366937864
2023-09-13,"CCS","Q_m3day_mod",6121.656865
2023-09-13,"CCS","DOC_mgL_mod",0.932299723075053
2023-09-13,"HPB","Q_m3day_mod",2075.326882
2023-09-13,"HPB","DOC_mgL_mod",0.379588250329425
2023-09-13,"CCR dam","Q_m3day_mod",33344.424293
2023-09-13,"CCR dam","DOC_mgL_mod",0.68542553918971
2023-09-14,"SMB","Q_m3day_mod",3089.382964
2023-09-14,"SMB","DOC_mgL_mod",0.631621596525383
2023-09-14,"CCS","Q_m3day_mod",5291.466735
2023-09-14,"CCS","DOC_mgL_mod",0.95941224886109
2023-09-14,"HPB","Q_m3day_mod",1750.371258
2023-09-14,"HPB","DOC_mgL_mod",0.409497868937242
2023-09-14,"CCR dam","Q_m3day_mod",29448.232524
2023-09-14,"CCR dam","DOC_mgL_mod",0.690882211128251
2023-09-15,"SMB","Q_m3day_mod",2688.518878
2023-09-15,"SMB","DOC_mgL_mod",0.672612349795076
2023-09-15,"CCS","Q_m3day_mod",4568.659626
2023-09-15,"CCS","DOC_mgL_mod",1.02201966927619
2023-09-15,"HPB","Q_m3day_mod",1469.541367
2023-09-15,"HPB","DOC_mgL_mod",0.442777804430462
2023-09-15,"CCR dam","Q_m3day_mod",25847.248643
2023-09-15,"CCR dam","DOC_mgL_mod",0.723339271356581
2023-09-16,"SMB","Q_m3day_mod",2346.974651
2023-09-16,"SMB","DOC_mgL_mod",0.715483228284769
2023-09-16,"CCS","Q_m3day_mod",3975.299634
2023-09-16,"CCS","DOC_mgL_mod",1.08692611823383
2023-09-16,"HPB","Q_m3day_mod",1234.240121
2023-09-16,"HPB","DOC_mgL_mod",0.481228563141159
2023-09-16,"CCR dam","Q_m3day_mod",22829.565279
2023-09-16,"CCR dam","DOC_mgL_mod",0.754055970388327
2023-09-17,"SMB","Q_m3day_mod",2235.699787
2023-09-17,"SMB","DOC_mgL_mod",1.4405337508761
2023-09-17,"CCS","Q_m3day_mod",4234.524267
2023-09-17,"CCS","DOC_mgL_mod",2.18257858905783
2023-09-17,"HPB","Q_m3day_mod",1043.17603
2023-09-17,"HPB","DOC_mgL_mod",0.579684331895548
2023-09-17,"CCR dam","Q_m3day_mod",23193.312744
2023-09-17,"CCR dam","DOC_mgL_mod",1.68415268793825
2023-09-18,"SMB","Q_m3day_mod",3098.028584
2023-09-18,"SMB","DOC_mgL_mod",0.702744000247094
2023-09-18,"CCS","Q_m3day_mod",5657.964212
2023-09-18,"CCS","DOC_mgL_mod",0.94607014103185
2023-09-18,"HPB","Q_m3day_mod",1622.16685
2023-09-18,"HPB","DOC_mgL_mod",0.39053202202967
2023-09-18,"CCR dam","Q_m3day_mod",30866.180971
2023-09-18,"CCR dam","DOC_mgL_mod",0.703189358618499
2023-09-19,"SMB","Q_m3day_mod",3654.387413
2023-09-19,"SMB","DOC_mgL_mod",0.525741467137655
2023-09-19,"CCS","Q_m3day_mod",6097.583818
2023-09-19,"CCS","DOC_mgL_mod",0.777060905011737
2023-09-19,"HPB","Q_m3day_mod",2104.398072
2023-09-19,"HPB","DOC_mgL_mod",0.272772869181758
2023-09-19,"CCR dam","Q_m3day_mod",34491.650892
2023-09-19,"CCR dam","DOC_mgL_mod",0.556955944502374
2023-09-20,"SMB","Q_m3day_mod",3171.406797
2023-09-20,"SMB","DOC_mgL_mod",0.559757266610916
2023-09-20,"CCS","Q_m3day_mod",5267.958857
2023-09-20,"CCS","DOC_mgL_mod",0.824615399990775
2023-09-20,"HPB","Q_m3day_mod",1765.748835
2023-09-20,"HPB","DOC_mgL_mod",0.294499812030175
2023-09-20,"CCR dam","Q_m3day_mod",30272.968367
2023-09-20,"CCR dam","DOC_mgL_mod",0.582138486928509
2023-09-21,"SMB","Q_m3day_mod",2762.063219
2023-09-21,"SMB","DOC_mgL_mod",0.603500668823757
2023-09-21,"CCS","Q_m3day_mod",4571.299686
2023-09-21,"CCS","DOC_mgL_mod",0.887749935194251
2023-09-21,"HPB","Q_m3day_mod",1479.250683
2023-09-21,"HPB","DOC_mgL_mod",0.32349506780657
2023-09-21,"CCR dam","Q_m3day_mod",26688.138614
2023-09-21,"CCR dam","DOC_mgL_mod",0.613118068542118
2023-09-22,"SMB","Q_m3day_mod",2412.601405
2023-09-22,"SMB","DOC_mgL_mod",0.645997302650166
2023-09-22,"CCS","Q_m3day_mod",3974.781323
2023-09-22,"CCS","DOC_mgL_mod",0.944032311485227
2023-09-22,"HPB","Q_m3day_mod",1240.213075
2023-09-22,"HPB","DOC_mgL_mod",0.351248836817819
2023-09-22,"CCR dam","Q_m3day_mod",23589.585038
2023-09-22,"CCR dam","DOC_mgL_mod",0.641619171156189
2023-09-23,"SMB","Q_m3day_mod",2181.098097
2023-09-23,"SMB","DOC_mgL_mod",0.933153810367109
2023-09-23,"CCS","Q_m3day_mod",4047.930963
2023-09-23,"CCS","DOC_mgL_mod",1.69996822151831
2023-09-23,"HPB","Q_m3day_mod",1043.378574
2023-09-23,"HPB","DOC_mgL_mod",0.416097484478342
2023-09-23,"CCR dam","Q_m3day_mod",23072.631988
2023-09-23,"CCR dam","DOC_mgL_mod",1.30759334330349
2023-09-24,"SMB","Q_m3day_mod",2954.677448
2023-09-24,"SMB","DOC_mgL_mod",0.785235627520179
2023-09-24,"CCS","Q_m3day_mod",5369.317553
2023-09-24,"CCS","DOC_mgL_mod",0.838219001870236
2023-09-24,"HPB","Q_m3day_mod",1541.357637
2023-09-24,"HPB","DOC_mgL_mod",0.282539878835401
2023-09-24,"CCR dam","Q_m3day_mod",30220.396551
2023-09-24,"CCR dam","DOC_mgL_mod",0.669715235729767
2023-09-25,"SMB","Q_m3day_mod",3645.676861
2023-09-25,"SMB","DOC_mgL_mod",0.481620853121464
2023-09-25,"CCS","Q_m3day_mod",6009.701847
2023-09-25,"CCS","DOC_mgL_mod",0.648924705299111
2023-09-25,"HPB","Q_m3day_mod",2048.943125
2023-09-25,"HPB","DOC_mgL_mod",0.199926925741289
2023-09-25,"CCR dam","Q_m3day_mod",34905.659104
2023-09-25,"CCR dam","DOC_mgL_mod",0.484930536609185
2023-09-26,"SMB","Q_m3day_mod",3279.990685
2023-09-26,"SMB","DOC_mgL_mod",0.534845116488494
2023-09-26,"CCS","Q_m3day_mod",5332.780754
2023-09-26,"CCS","DOC_mgL_mod",0.735320685565165
2023-09-26,"HPB","Q_m3day_mod",1811.852077
2023-09-26,"HPB","DOC_mgL_mod",0.225709043906679
2023-09-26,"CCR dam","Q_m3day_mod",31593.468735
2023-09-26,"CCR dam","DOC_mgL_mod",0.548071506336925
2023-09-27,"SMB","Q_m3day_mod",2886.539314
2023-09-27,"SMB","DOC_mgL_mod",0.607893677903325
2023-09-27,"CCS","Q_m3day_mod",4683.203203
2023-09-27,"CCS","DOC_mgL_mod",0.832068742501669
2023-09-27,"HPB","Q_m3day_mod",1522.540409
2023-09-27,"HPB","DOC_mgL_mod",0.267305286345277
2023-09-27,"CCR dam","Q_m3day_mod",28247.491761
2023-09-27,"CCR dam","DOC_mgL_mod",0.608814054908186
2023-09-28,"SMB","Q_m3day_mod",2538.223084
2023-09-28,"SMB","DOC_mgL_mod",0.654151327543438
2023-09-28,"CCS","Q_m3day_mod",4086.113267
2023-09-28,"CCS","DOC_mgL_mod",0.878080896331648
2023-09-28,"HPB","Q_m3day_mod",1278.940733
2023-09-28,"HPB","DOC_mgL_mod",0.295146514815085
2023-09-28,"CCR dam","Q_m3day_mod",25102.918137
2023-09-28,"CCR dam","DOC_mgL_mod",0.62328450878141
2023-09-29,"SMB","Q_m3day_mod",2226.697297
2023-09-29,"SMB","DOC_mgL_mod",0.70483491497228
2023-09-29,"CCS","Q_m3day_mod",3547.732399
2023-09-29,"CCS","DOC_mgL_mod",0.945366116380527
2023-09-29,"HPB","Q_m3day_mod",1072.805997
2023-09-29,"HPB","DOC_mgL_mod",0.324141551196045
2023-09-29,"CCR dam","Q_m3day_mod",22210.516019
2023-09-29,"CCR dam","DOC_mgL_mod",0.655323810916813
2023-09-30,"SMB","Q_m3day_mod",1956.789316
2023-09-30,"SMB","DOC_mgL_mod",0.754982147500646
2023-09-30,"CCS","Q_m3day_mod",3092.565798
2023-09-30,"CCS","DOC_mgL_mod",1.01260060562825
2023-09-30,"HPB","Q_m3day_mod",899.876951
2023-09-30,"HPB","DOC_mgL_mod",0.354609038097254
2023-09-30,"CCR dam","Q_m3day_mod",19728.596985
2023-09-30,"CCR dam","DOC_mgL_mod",0.68572641076737
2023-10-01,"SMB","Q_m3day_mod",1723.089903
2023-10-01,"SMB","DOC_mgL_mod",0.807772709698247
2023-10-01,"CCS","Q_m3day_mod",2698.684134
2023-10-01,"CCS","DOC_mgL_mod",1.08052326808544
2023-10-01,"HPB","Q_m3day_mod",754.976273
2023-10-01,"HPB","DOC_mgL_mod",0.383461719730098
2023-10-01,"CCR dam","Q_m3day_mod",17558.340879
2023-10-01,"CCR dam","DOC_mgL_mod",0.716314832174298
2023-10-02,"SMB","Q_m3day_mod",1521.230151
2023-10-02,"SMB","DOC_mgL_mod",0.862887183203089
2023-10-02,"CCS","Q_m3day_mod",2358.78252
2023-10-02,"CCS","DOC_mgL_mod",1.15573138976797
2023-10-02,"HPB","Q_m3day_mod",633.812705
2023-10-02,"HPB","DOC_mgL_mod",0.419003907471372
2023-10-02,"CCR dam","Q_m3day_mod",15661.893997
2023-10-02,"CCR dam","DOC_mgL_mod",0.747167616013842
2023-10-03,"SMB","Q_m3day_mod",1347.62326
2023-10-03,"SMB","DOC_mgL_mod",0.924723575934716
2023-10-03,"CCS","Q_m3day_mod",2067.692869
2023-10-03,"CCS","DOC_mgL_mod",1.24135360646736
2023-10-03,"HPB","Q_m3day_mod",532.82904
2023-10-03,"HPB","DOC_mgL_mod",0.458964286180798
2023-10-03,"CCR dam","Q_m3day_mod",14006.933852
2023-10-03,"CCR dam","DOC_mgL_mod",0.781349445613131
2023-10-04,"SMB","Q_m3day_mod",1197.802011
2023-10-04,"SMB","DOC_mgL_mod",0.986395071263576
2023-10-04,"CCS","Q_m3day_mod",1818.359305
2023-10-04,"CCS","DOC_mgL_mod",1.3333816882797
2023-10-04,"HPB","Q_m3day_mod",448.468133
2023-10-04,"HPB","DOC_mgL_mod",0.503002963646472
2023-10-04,"CCR dam","Q_m3day_mod",12562.321287
2023-10-04,"CCR dam","DOC_mgL_mod",0.821033769505118
2023-10-05,"SMB","Q_m3day_mod",1067.976386
2023-10-05,"SMB","DOC_mgL_mod",1.0541581394104
2023-10-05,"CCS","Q_m3day_mod",1603.521092
2023-10-05,"CCS","DOC_mgL_mod",1.42989512981099
2023-10-05,"HPB","Q_m3day_mod",377.93806
2023-10-05,"HPB","DOC_mgL_mod",0.552147883703483
2023-10-05,"CCR dam","Q_m3day_mod",11295.38645
2023-10-05,"CCR dam","DOC_mgL_mod",0.857471326268788
2023-10-06,"SMB","Q_m3day_mod",956.830033
2023-10-06,"SMB","DOC_mgL_mod",1.13000006553933
2023-10-06,"CCS","Q_m3day_mod",1419.937357
2023-10-06,"CCS","DOC_mgL_mod",1.54442587850022
2023-10-06,"HPB","Q_m3day_mod",319.207812
2023-10-06,"HPB","DOC_mgL_mod",0.61504917053847
2023-10-06,"CCR dam","Q_m3day_mod",10190.056823
2023-10-06,"CCR dam","DOC_mgL_mod",0.902851196985911
2023-10-07,"SMB","Q_m3day_mod",866.860736
2023-10-07,"SMB","DOC_mgL_mod",1.24723378865784
2023-10-07,"CCS","Q_m3day_mod",1333.730839
2023-10-07,"CCS","DOC_mgL_mod",1.6719872816857
2023-10-07,"HPB","Q_m3day_mod",271.24244
2023-10-07,"HPB","DOC_mgL_mod",0.720663403558824
2023-10-07,"CCR dam","Q_m3day_mod",9365.665672
2023-10-07,"CCR dam","DOC_mgL_mod",1.04252365415847
2023-10-08,"SMB","Q_m3day_mod",909.907969
2023-10-08,"SMB","DOC_mgL_mod",1.13845029969179
2023-10-08,"CCS","Q_m3day_mod",1420.988354
2023-10-08,"CCS","DOC_mgL_mod",1.45830399958366
2023-10-08,"HPB","Q_m3day_mod",322.853982
2023-10-08,"HPB","DOC_mgL_mod",0.560345574427513
2023-10-08,"CCR dam","Q_m3day_mod",9660.068234
2023-10-08,"CCR dam","DOC_mgL_mod",1.12477776934924
2023-10-09,"SMB","Q_m3day_mod",946.812605
2023-10-09,"SMB","DOC_mgL_mod",1.09473088394297
2023-10-09,"CCS","Q_m3day_mod",1508.724431
2023-10-09,"CCS","DOC_mgL_mod",1.39540392979823
2023-10-09,"HPB","Q_m3day_mod",366.837685
2023-10-09,"HPB","DOC_mgL_mod",0.493552345910154
2023-10-09,"CCR dam","Q_m3day_mod",10107.747357
2023-10-09,"CCR dam","DOC_mgL_mod",1.27109132690207
2023-10-10,"SMB","Q_m3day_mod",1037.964486
2023-10-10,"SMB","DOC_mgL_mod",0.956215471133181
2023-10-10,"CCS","Q_m3day_mod",1669.606202
2023-10-10,"CCS","DOC_mgL_mod",1.1682497331787
2023-10-10,"HPB","Q_m3day_mod",446.188766
2023-10-10,"HPB","DOC_mgL_mod",0.375028940105588
2023-10-10,"CCR dam","Q_m3day_mod",10797.504632
2023-10-10,"CCR dam","DOC_mgL_mod",0.935942177792622
2023-10-11,"SMB","Q_m3day_mod",1110.137937
2023-10-11,"SMB","DOC_mgL_mod",0.860246612759438
2023-10-11,"CCS","Q_m3day_mod",1722.147164
2023-10-11,"CCS","DOC_mgL_mod",1.08219439021182
2023-10-11,"HPB","Q_m3day_mod",511.54677
2023-10-11,"HPB","DOC_mgL_mod",0.30590497130888
2023-10-11,"CCR dam","Q_m3day_mod",11042.657103
2023-10-11,"CCR dam","DOC_mgL_mod",0.859705133596957
2023-10-12,"SMB","Q_m3day_mod",988.664949
2023-10-12,"SMB","DOC_mgL_mod",0.930497638184197
2023-10-12,"CCS","Q_m3day_mod",1515.918887
2023-10-12,"CCS","DOC_mgL_mod",1.17791658598156
2023-10-12,"HPB","Q_m3day_mod",430.812429
2023-10-12,"HPB","DOC_mgL_mod",0.341119220587761
2023-10-12,"CCR dam","Q_m3day_mod",9902.178101
2023-10-12,"CCR dam","DOC_mgL_mod",0.903712588152326
2023-10-13,"SMB","Q_m3day_mod",882.70608
2023-10-13,"SMB","DOC_mgL_mod",1.01036779989099
2023-10-13,"CCS","Q_m3day_mod",1337.895164
2023-10-13,"CCS","DOC_mgL_mod",1.2861702817247
2023-10-13,"HPB","Q_m3day_mod",362.124668
2023-10-13,"HPB","DOC_mgL_mod",0.382541186064684
2023-10-13,"CCR dam","Q_m3day_mod",8897.652215
2023-10-13,"CCR dam","DOC_mgL_mod",0.944765967119788
2023-10-14,"SMB","Q_m3day_mod",795.540668
2023-10-14,"SMB","DOC_mgL_mod",1.12217066444176
2023-10-14,"CCS","Q_m3day_mod",1227.402669
2023-10-14,"CCS","DOC_mgL_mod",1.42357031162688
2023-10-14,"HPB","Q_m3day_mod",305.464901
2023-10-14,"HPB","DOC_mgL_mod",0.452950566651191
2023-10-14,"CCR dam","Q_m3day_mod",8146.75612
2023-10-14,"CCR dam","DOC_mgL_mod",1.08589638252237
2023-10-15,"SMB","Q_m3day_mod",776.079663
2023-10-15,"SMB","DOC_mgL_mod",1.11934140451764
2023-10-15,"CCS","Q_m3day_mod",1204.789265
2023-10-15,"CCS","DOC_mgL_mod",1.37947859288072
2023-10-15,"HPB","Q_m3day_mod",301.485367
2023-10-15,"HPB","DOC_mgL_mod",0.42938601394873
2023-10-15,"CCR dam","Q_m3day_mod",7972.127977
2023-10-15,"CCR dam","DOC_mgL_mod",1.07389620747429
2023-10-16,"SMB","Q_m3day_mod",759.343943
2023-10-16,"SMB","DOC_mgL_mod",1.14580936349156
2023-10-16,"CCS","Q_m3day_mod",1150.682321
2023-10-16,"CCS","DOC_mgL_mod",1.45821046293802
2023-10-16,"HPB","Q_m3day_mod",298.545752
2023-10-16,"HPB","DOC_mgL_mod",0.433347984800668
2023-10-16,"CCR dam","Q_m3day_mod",7750.359842
2023-10-16,"CCR dam","DOC_mgL_mod",1.09434131742344
2023-10-17,"SMB","Q_m3day_mod",692.740845
2023-10-17,"SMB","DOC_mgL_mod",1.25974093529883
2023-10-17,"CCS","Q_m3day_mod",1037.17381
2023-10-17,"CCS","DOC_mgL_mod",1.61153317205339
2023-10-17,"HPB","Q_m3day_mod",253.439107
2023-10-17,"HPB","DOC_mgL_mod",0.510860780455638
2023-10-17,"CCR dam","Q_m3day_mod",7110.240546
2023-10-17,"CCR dam","DOC_mgL_mod",1.20258983429335
2023-10-18,"SMB","Q_m3day_mod",632.231289
2023-10-18,"SMB","DOC_mgL_mod",1.35208018785669
2023-10-18,"CCS","Q_m3day_mod",931.163873
2023-10-18,"CCS","DOC_mgL_mod",1.72313386131552
2023-10-18,"HPB","Q_m3day_mod",214.884791
2023-10-18,"HPB","DOC_mgL_mod",0.57495274293284
2023-10-18,"CCR dam","Q_m3day_mod",6459.141796
2023-10-18,"CCR dam","DOC_mgL_mod",1.23295621175739
2023-10-19,"SMB","Q_m3day_mod",576.947768
2023-10-19,"SMB","DOC_mgL_mod",1.45190318164122
2023-10-19,"CCS","Q_m3day_mod",835.647396
2023-10-19,"CCS","DOC_mgL_mod",1.87132516356217
2023-10-19,"HPB","Q_m3day_mod",182.107657
2023-10-19,"HPB","DOC_mgL_mod",0.647953534430461
2023-10-19,"CCR dam","Q_m3day_mod",5854.011946
2023-10-19,"CCR dam","DOC_mgL_mod",1.29099480317323
2023-10-20,"SMB","Q_m3day_mod",531.260593
2023-10-20,"SMB","DOC_mgL_mod",1.57587709502858
2023-10-20,"CCS","Q_m3day_mod",958.946233
2023-10-20,"CCS","DOC_mgL_mod",2.67385168402867
2023-10-20,"HPB","Q_m3day_mod",155.076868
2023-10-20,"HPB","DOC_mgL_mod",0.76013786917595
2023-10-20,"CCR dam","Q_m3day_mod",6142.34028
2023-10-20,"CCR dam","DOC_mgL_mod",1.88282795690375
2023-10-21,"SMB","Q_m3day_mod",834.580997
2023-10-21,"SMB","DOC_mgL_mod",0.988627350689606
2023-10-21,"CCS","Q_m3day_mod",1472.569258
2023-10-21,"CCS","DOC_mgL_mod",1.03359281183636
2023-10-21,"HPB","Q_m3day_mod",380.114372
2023-10-21,"HPB","DOC_mgL_mod",0.294686042547215
2023-10-21,"CCR dam","Q_m3day_mod",8735.101959
2023-10-21,"CCR dam","DOC_mgL_mod",0.857496459132058
2023-10-22,"SMB","Q_m3day_mod",1096.023932
2023-10-22,"SMB","DOC_mgL_mod",0.740989841816702
2023-10-22,"CCS","Q_m3day_mod",1711.124642
2023-10-22,"CCS","DOC_mgL_mod",0.872226933892756
2023-10-22,"HPB","Q_m3day_mod",570.904224
2023-10-22,"HPB","DOC_mgL_mod",0.189104048387633
2023-10-22,"CCR dam","Q_m3day_mod",10213.847338
2023-10-22,"CCR dam","DOC_mgL_mod",0.701220976091311
2023-10-23,"SMB","Q_m3day_mod",974.625344
2023-10-23,"SMB","DOC_mgL_mod",0.820616562993872
2023-10-23,"CCS","Q_m3day_mod",1505.441191
2023-10-23,"CCS","DOC_mgL_mod",0.967929540331011
2023-10-23,"HPB","Q_m3day_mod",480.790098
2023-10-23,"HPB","DOC_mgL_mod",0.215285215794939
2023-10-23,"CCR dam","Q_m3day_mod",9125.829352
2023-10-23,"CCR dam","DOC_mgL_mod",0.744752146664949
2023-10-24,"SMB","Q_m3day_mod",867.520298
2023-10-24,"SMB","DOC_mgL_mod",0.909958420361941
2023-10-24,"CCS","Q_m3day_mod",1326.428458
2023-10-24,"CCS","DOC_mgL_mod",1.07755453479572
2023-10-24,"HPB","Q_m3day_mod",403.182962
2023-10-24,"HPB","DOC_mgL_mod",0.248269419678503
2023-10-24,"CCR dam","Q_m3day_mod",8157.990246
2023-10-24,"CCR dam","DOC_mgL_mod",0.796920418382172
2023-10-25,"SMB","Q_m3day_mod",775.600714
2023-10-25,"SMB","DOC_mgL_mod",1.00245382187722
2023-10-25,"CCS","Q_m3day_mod",1172.967852
2023-10-25,"CCS","DOC_mgL_mod",1.19337626995765
2023-10-25,"HPB","Q_m3day_mod",338.465327
2023-10-25,"HPB","DOC_mgL_mod",0.284224948099337
2023-10-25,"CCR dam","Q_m3day_mod",7321.545026
2023-10-25,"CCR dam","DOC_mgL_mod",0.850584129153725
2023-10-26,"SMB","Q_m3day_mod",696.647997
2023-10-26,"SMB","DOC_mgL_mod",1.10290462803125
2023-10-26,"CCS","Q_m3day_mod",1041.415643
2023-10-26,"CCS","DOC_mgL_mod",1.3221810227792
2023-10-26,"HPB","Q_m3day_mod",284.479961
2023-10-26,"HPB","DOC_mgL_mod",0.327190427307462
2023-10-26,"CCR dam","Q_m3day_mod",6597.113075
2023-10-26,"CCR dam","DOC_mgL_mod",0.910315456431676
2023-10-27,"SMB","Q_m3day_mod",629.080654
2023-10-27,"SMB","DOC_mgL_mod",1.20729368352186
2023-10-27,"CCS","Q_m3day_mod",929.015053
2023-10-27,"CCS","DOC_mgL_mod",1.45893653243098
2023-10-27,"HPB","Q_m3day_mod",239.522269
2023-10-27,"HPB","DOC_mgL_mod",0.377721580451461
2023-10-27,"CCR dam","Q_m3day_mod",5969.495523
2023-10-27,"CCR dam","DOC_mgL_mod",0.971741243066512
2023-10-28,"SMB","Q_m3day_mod",570.832415
2023-10-28,"SMB","DOC_mgL_mod",1.31486909340984
2023-10-28,"CCS","Q_m3day_mod",832.640812
2023-10-28,"CCS","DOC_mgL_mod",1.60502341554692
2023-10-28,"HPB","Q_m3day_mod",201.994169
2023-10-28,"HPB","DOC_mgL_mod",0.432895020845874
2023-10-28,"CCR dam","Q_m3day_mod",5422.055557
2023-10-28,"CCR dam","DOC_mgL_mod",1.03631324705735
2023-10-29,"SMB","Q_m3day_mod",520.957883
2023-10-29,"SMB","DOC_mgL_mod",1.43065173658194
2023-10-29,"CCS","Q_m3day_mod",749.709615
2023-10-29,"CCS","DOC_mgL_mod",1.75535697244593
2023-10-29,"HPB","Q_m3day_mod",170.651733
2023-10-29,"HPB","DOC_mgL_mod",0.497346253143529
2023-10-29,"CCR dam","Q_m3day_mod",4943.59952
2023-10-29,"CCR dam","DOC_mgL_mod",1.1022169125868
2023-10-30,"SMB","Q_m3day_mod",477.968088
2023-10-30,"SMB","DOC_mgL_mod",1.54192930135537
2023-10-30,"CCS","Q_m3day_mod",677.932433
2023-10-30,"CCS","DOC_mgL_mod",1.90857368229792
2023-10-30,"HPB","Q_m3day_mod",144.451001
2023-10-30,"HPB","DOC_mgL_mod",0.566285241595522
2023-10-30,"CCR dam","Q_m3day_mod",4519.891481
2023-10-30,"CCR dam","DOC_mgL_mod",1.16472752103227
2023-10-31,"SMB","Q_m3day_mod",441.758198
2023-10-31,"SMB","DOC_mgL_mod",1.67029384704254
2023-10-31,"CCS","Q_m3day_mod",630.227887
2023-10-31,"CCS","DOC_mgL_mod",2.05582937017828
2023-10-31,"HPB","Q_m3day_mod",122.751255
2023-10-31,"HPB","DOC_mgL_mod",0.665886796839674
2023-10-31,"CCR dam","Q_m3day_mod",4222.506992
2023-10-31,"CCR dam","DOC_mgL_mod",1.30739440111269
2023-11-01,"SMB","Q_m3day_mod",421.669846
2023-11-01,"SMB","DOC_mgL_mod",1.73961739725634
2023-11-01,"CCS","Q_m3day_mod",599.796418
2023-11-01,"CCS","DOC_mgL_mod",2.13705844438704
2023-11-01,"HPB","Q_m3day_mod",113.13449
2023-11-01,"HPB","DOC_mgL_mod",0.703705386394547
2023-11-01,"CCR dam","Q_m3day_mod",4080.278348
2023-11-01,"CCR dam","DOC_mgL_mod",1.64692685813796
2023-11-02,"SMB","Q_m3day_mod",404.085361
2023-11-02,"SMB","DOC_mgL_mod",1.81204436158725
2023-11-02,"CCS","Q_m3day_mod",560.420402
2023-11-02,"CCS","DOC_mgL_mod",2.2696746861118
2023-11-02,"HPB","Q_m3day_mod",105.138652
2023-11-02,"HPB","DOC_mgL_mod",0.746895917973154
2023-11-02,"CCR dam","Q_m3day_mod",3883.320045
2023-11-02,"CCR dam","DOC_mgL_mod",1.65629819985646
2023-11-03,"SMB","Q_m3day_mod",378.519644
2023-11-03,"SMB","DOC_mgL_mod",1.92845552818918
2023-11-03,"CCS","Q_m3day_mod",516.749003
2023-11-03,"CCS","DOC_mgL_mod",2.43888424105968
2023-11-03,"HPB","Q_m3day_mod",90.060639
2023-11-03,"HPB","DOC_mgL_mod",0.85503512805411
2023-11-03,"CCR dam","Q_m3day_mod",3595.762168
2023-11-03,"CCR dam","DOC_mgL_mod",1.71517712013483
2023-11-04,"SMB","Q_m3day_mod",355.96103
2023-11-04,"SMB","DOC_mgL_mod",2.04155803234978
2023-11-04,"CCS","Q_m3day_mod",478.89193
2023-11-04,"CCS","DOC_mgL_mod",2.60812705697505
2023-11-04,"HPB","Q_m3day_mod",77.234796
2023-11-04,"HPB","DOC_mgL_mod",0.972030663484888
2023-11-04,"CCR dam","Q_m3day_mod",3340.08405
2023-11-04,"CCR dam","DOC_mgL_mod",1.77434846287775
2023-11-05,"SMB","Q_m3day_mod",336.188209
2023-11-05,"SMB","DOC_mgL_mod",2.15165755560452
2023-11-05,"CCS","Q_m3day_mod",445.885552
2023-11-05,"CCS","DOC_mgL_mod",2.76779095995467
2023-11-05,"HPB","Q_m3day_mod",66.438596
2023-11-05,"HPB","DOC_mgL_mod",1.0975912254377
2023-11-05,"CCR dam","Q_m3day_mod",3112.909349
2023-11-05,"CCR dam","DOC_mgL_mod",1.83156666667199
2023-11-06,"SMB","Q_m3day_mod",318.830341
2023-11-06,"SMB","DOC_mgL_mod",2.25490647391052
2023-11-06,"CCS","Q_m3day_mod",417.366531
2023-11-06,"CCS","DOC_mgL_mod",2.93219007539443
2023-11-06,"HPB","Q_m3day_mod",57.410308
2023-11-06,"HPB","DOC_mgL_mod",1.24376026688448
2023-11-06,"CCR dam","Q_m3day_mod",2911.275662
2023-11-06,"CCR dam","DOC_mgL_mod",1.89029815068059
2023-11-07,"SMB","Q_m3day_mod",303.504321
2023-11-07,"SMB","DOC_mgL_mod",2.35348510903079
2023-11-07,"CCS","Q_m3day_mod",392.640739
2023-11-07,"CCS","DOC_mgL_mod",3.08032478514666
2023-11-07,"HPB","Q_m3day_mod",49.834368
2023-11-07,"HPB","DOC_mgL_mod",1.39083754408203
2023-11-07,"CCR dam","Q_m3day_mod",2731.568223
2023-11-07,"CCR dam","DOC_mgL_mod",1.94531513262519
2023-11-08,"SMB","Q_m3day_mod",290.363357
2023-11-08,"SMB","DOC_mgL_mod",2.45178526435069
2023-11-08,"CCS","Q_m3day_mod",370.958892
2023-11-08,"CCS","DOC_mgL_mod",3.22890763863938
2023-11-08,"HPB","Q_m3day_mod",43.472144
2023-11-08,"HPB","DOC_mgL_mod",1.56150292472347
2023-11-08,"CCR dam","Q_m3day_mod",2571.834153
2023-11-08,"CCR dam","DOC_mgL_mod",2.00346783403183
2023-11-09,"SMB","Q_m3day_mod",278.85644
2023-11-09,"SMB","DOC_mgL_mod",2.53678595337443
2023-11-09,"CCS","Q_m3day_mod",352.282871
2023-11-09,"CCS","DOC_mgL_mod",3.36684550297082
2023-11-09,"HPB","Q_m3day_mod",38.128578
2023-11-09,"HPB","DOC_mgL_mod",1.72999737886894
2023-11-09,"CCR dam","Q_m3day_mod",2429.826313
2023-11-09,"CCR dam","DOC_mgL_mod",2.05735240138541
2023-11-10,"SMB","Q_m3day_mod",268.991419
2023-11-10,"SMB","DOC_mgL_mod",2.62547111214726
2023-11-10,"CCS","Q_m3day_mod",433.986365
2023-11-10,"CCS","DOC_mgL_mod",3.72677837470769
2023-11-10,"HPB","Q_m3day_mod",33.740956
2023-11-10,"HPB","DOC_mgL_mod",1.95306617868207
2023-11-10,"CCR dam","Q_m3day_mod",2690.84448
2023-11-10,"CCR dam","DOC_mgL_mod",1.97555787393555
2023-11-11,"SMB","Q_m3day_mod",434.883828
2023-11-11,"SMB","DOC_mgL_mod",1.61930969757744
2023-11-11,"CCS","Q_m3day_mod",718.382809
2023-11-11,"CCS","DOC_mgL_mod",1.63410647539591
2023-11-11,"HPB","Q_m3day_mod",156.560896
2023-11-11,"HPB","DOC_mgL_mod",0.415799357714458
2023-11-11,"CCR dam","Q_m3day_mod",4222.513617
2023-11-11,"CCR dam","DOC_mgL_mod",1.41187703362236
2023-11-12,"SMB","Q_m3day_mod",580.105389
2023-11-12,"SMB","DOC_mgL_mod",1.20932560411019
2023-11-12,"CCS","Q_m3day_mod",865.580996
2023-11-12,"CCS","DOC_mgL_mod",1.34718530719683
2023-11-12,"HPB","Q_m3day_mod",261.959718
2023-11-12,"HPB","DOC_mgL_mod",0.245221022874975
2023-11-12,"CCR dam","Q_m3day_mod",5178.514309
2023-11-12,"CCR dam","DOC_mgL_mod",1.10601258551046
2023-11-13,"SMB","Q_m3day_mod",527.999021
2023-11-13,"SMB","DOC_mgL_mod",1.32242991412668
2023-11-13,"CCS","Q_m3day_mod",776.349149
2023-11-13,"CCS","DOC_mgL_mod",1.49035649937964
2023-11-13,"HPB","Q_m3day_mod",221.886162
2023-11-13,"HPB","DOC_mgL_mod",0.284422198442461
2023-11-13,"CCR dam","Q_m3day_mod",4689.877623
2023-11-13,"CCR dam","DOC_mgL_mod",1.17331782241261
2023-11-14,"SMB","Q_m3day_mod",480.706332
2023-11-14,"SMB","DOC_mgL_mod",1.44284972722182
2023-11-14,"CCS","Q_m3day_mod",697.64694
2023-11-14,"CCS","DOC_mgL_mod",1.64039134178672
2023-11-14,"HPB","Q_m3day_mod",186.631705
2023-11-14,"HPB","DOC_mgL_mod",0.328798528631563
2023-11-14,"CCR dam","Q_m3day_mod",4249.975209
2023-11-14,"CCR dam","DOC_mgL_mod",1.24540749997584
2023-11-15,"SMB","Q_m3day_mod",440.380173
2023-11-15,"SMB","DOC_mgL_mod",1.57079596769221
2023-11-15,"CCS","Q_m3day_mod",630.158065
2023-11-15,"CCS","DOC_mgL_mod",1.80391407035313
2023-11-15,"HPB","Q_m3day_mod",157.235458
2023-11-15,"HPB","DOC_mgL_mod",0.385014237691857
2023-11-15,"CCR dam","Q_m3day_mod",3868.686476
2023-11-15,"CCR dam","DOC_mgL_mod",1.32316046589866
2023-11-16,"SMB","Q_m3day_mod",405.604476
2023-11-16,"SMB","DOC_mgL_mod",1.69058020947481
2023-11-16,"CCS","Q_m3day_mod",572.287578
2023-11-16,"CCS","DOC_mgL_mod",1.96541222147583
2023-11-16,"HPB","Q_m3day_mod",132.718351
2023-11-16,"HPB","DOC_mgL_mod",0.443242321478211
2023-11-16,"CCR dam","Q_m3day_mod",3536.228369
2023-11-16,"CCR dam","DOC_mgL_mod",1.39721292983044
2023-11-17,"SMB","Q_m3day_mod",375.592025
2023-11-17,"SMB","DOC_mgL_mod",1.81963847608319
2023-11-17,"CCS","Q_m3day_mod",522.399202
2023-11-17,"CCS","DOC_mgL_mod",2.13563496216826
2023-11-17,"HPB","Q_m3day_mod",112.257185
2023-11-17,"HPB","DOC_mgL_mod",0.516652007619824
2023-11-17,"CCR dam","Q_m3day_mod",3245.503018
2023-11-17,"CCR dam","DOC_mgL_mod",1.47682376920224
2023-11-18,"SMB","Q_m3day_mod",350.213799
2023-11-18,"SMB","DOC_mgL_mod",1.94201428368047
2023-11-18,"CCS","Q_m3day_mod",612.263911
2023-11-18,"CCS","DOC_mgL_mod",3.0216446972652
2023-11-18,"HPB","Q_m3day_mod",95.326469
2023-11-18,"HPB","DOC_mgL_mod",0.608640817273951
2023-11-18,"CCR dam","Q_m3day_mod",3449.342234
2023-11-18,"CCR dam","DOC_mgL_mod",1.56716081887049
2023-11-19,"SMB","Q_m3day_mod",527.703639
2023-11-19,"SMB","DOC_mgL_mod",1.28327578199627
2023-11-19,"CCS","Q_m3day_mod",914.894106
2023-11-19,"CCS","DOC_mgL_mod",1.2027260781151
2023-11-19,"HPB","Q_m3day_mod",225.720959
2023-11-19,"HPB","DOC_mgL_mod",0.251347904294523
2023-11-19,"CCR dam","Q_m3day_mod",4840.050297
2023-11-19,"CCR dam","DOC_mgL_mod",1.1099975558787
2023-11-20,"SMB","Q_m3day_mod",682.20395
2023-11-20,"SMB","DOC_mgL_mod",0.985403998320444
2023-11-20,"CCS","Q_m3day_mod",1042.687065
2023-11-20,"CCS","DOC_mgL_mod",1.04786473015276
2023-11-20,"HPB","Q_m3day_mod",336.95564
2023-11-20,"HPB","DOC_mgL_mod",0.166153176720829
2023-11-20,"CCR dam","Q_m3day_mod",5595.56941
2023-11-20,"CCR dam","DOC_mgL_mod",0.923478491887745
2023-11-21,"SMB","Q_m3day_mod",618.899306
2023-11-21,"SMB","DOC_mgL_mod",1.14677023082653
2023-11-21,"CCS","Q_m3day_mod",1583.248005
2023-11-21,"CCS","DOC_mgL_mod",3.11818362278625
2023-11-21,"HPB","Q_m3day_mod",284.225858
2023-11-21,"HPB","DOC_mgL_mod",0.197169710012803
2023-11-21,"CCR dam","Q_m3day_mod",7235.344084
2023-11-21,"CCR dam","DOC_mgL_mod",1.33641342937409
2023-11-22,"SMB","Q_m3day_mod",1675.976785
2023-11-22,"SMB","DOC_mgL_mod",0.663077800328839
2023-11-22,"CCS","Q_m3day_mod",3679.007889
2023-11-22,"CCS","DOC_mgL_mod",0.951528266755505
2023-11-22,"HPB","Q_m3day_mod",1000.730309
2023-11-22,"HPB","DOC_mgL_mod",0.0558553483364118
2023-11-22,"CCR dam","Q_m3day_mod",17953.000374
2023-11-22,"CCR dam","DOC_mgL_mod",0.519946961819185
2023-11-23,"SMB","Q_m3day_mod",3276.330362
2023-11-23,"SMB","DOC_mgL_mod",0.318268576360371
2023-11-23,"CCS","Q_m3day_mod",5617.771765
2023-11-23,"CCS","DOC_mgL_mod",0.210787310260192
2023-11-23,"HPB","Q_m3day_mod",2099.81285
2023-11-23,"HPB","DOC_mgL_mod",0.0260961304241947
2023-11-23,"CCR dam","Q_m3day_mod",29882.882302
2023-11-23,"CCR dam","DOC_mgL_mod",0.218300294264566
2023-11-24,"SMB","Q_m3day_mod",3532.970347
2023-11-24,"SMB","DOC_mgL_mod",0.287693611938487
2023-11-24,"CCS","Q_m3day_mod",5642.640905
2023-11-24,"CCS","DOC_mgL_mod",0.208180002905927
2023-11-24,"HPB","Q_m3day_mod",2252.071105
2023-11-24,"HPB","DOC_mgL_mod",0.0240224564312768
2023-11-24,"CCR dam","Q_m3day_mod",30944.184027
2023-11-24,"CCR dam","DOC_mgL_mod",0.210433727847478
2023-11-25,"SMB","Q_m3day_mod",3058.198629
2023-11-25,"SMB","DOC_mgL_mod",0.324028135583864
2023-11-25,"CCS","Q_m3day_mod",4861.63573
2023-11-25,"CCS","DOC_mgL_mod",0.239772180545497
2023-11-25,"HPB","Q_m3day_mod",1879.989057
2023-11-25,"HPB","DOC_mgL_mod",0.0284259952476947
2023-11-25,"CCR dam","Q_m3day_mod",27053.692775
2023-11-25,"CCR dam","DOC_mgL_mod",0.235014016492246
2023-11-26,"SMB","Q_m3day_mod",2649.606688
2023-11-26,"SMB","DOC_mgL_mod",0.365389778182806
2023-11-26,"CCS","Q_m3day_mod",4191.086778
2023-11-26,"CCS","DOC_mgL_mod",0.276052742709399
2023-11-26,"HPB","Q_m3day_mod",1567.478719
2023-11-26,"HPB","DOC_mgL_mod",0.0338781888113149
2023-11-26,"CCR dam","Q_m3day_mod",23665.688175
2023-11-26,"CCR dam","DOC_mgL_mod",0.258823489716669
2023-11-27,"SMB","Q_m3day_mod",2300.903534
2023-11-27,"SMB","DOC_mgL_mod",0.410730865520936
2023-11-27,"CCS","Q_m3day_mod",3617.542905
2023-11-27,"CCS","DOC_mgL_mod",0.316808405621384
2023-11-27,"HPB","Q_m3day_mod",1307.215686
2023-11-27,"HPB","DOC_mgL_mod",0.0398651504553626
2023-11-27,"CCR dam","Q_m3day_mod",20745.474998
2023-11-27,"CCR dam","DOC_mgL_mod",0.284669259227342
2023-11-28,"SMB","Q_m3day_mod",2002.818716
2023-11-28,"SMB","DOC_mgL_mod",0.460708746442531
2023-11-28,"CCS","Q_m3day_mod",3126.601011
2023-11-28,"CCS","DOC_mgL_mod",0.362015490949382
2023-11-28,"HPB","Q_m3day_mod",1090.390126
2023-11-28,"HPB","DOC_mgL_mod",0.0466037602398465
2023-11-28,"CCR dam","Q_m3day_mod",18225.993492
2023-11-28,"CCR dam","DOC_mgL_mod",0.312392024198798
2023-11-29,"SMB","Q_m3day_mod",1748.143805
2023-11-29,"SMB","DOC_mgL_mod",0.516366901520439
2023-11-29,"CCS","Q_m3day_mod",2706.561493
2023-11-29,"CCS","DOC_mgL_mod",0.413941084618837
2023-11-29,"HPB","Q_m3day_mod",909.796337
2023-11-29,"HPB","DOC_mgL_mod",0.0547546939617982
2023-11-29,"CCR dam","Q_m3day_mod",16051.474839
2023-11-29,"CCR dam","DOC_mgL_mod",0.348353659466494
2023-11-30,"SMB","Q_m3day_mod",1530.477282
2023-11-30,"SMB","DOC_mgL_mod",0.577240975995095
2023-11-30,"CCS","Q_m3day_mod",2347.521146
2023-11-30,"CCS","DOC_mgL_mod",0.472984876788837
2023-11-30,"HPB","Q_m3day_mod",759.420186
2023-11-30,"HPB","DOC_mgL_mod",0.0646928681982652
2023-11-30,"CCR dam","Q_m3day_mod",14172.159671
2023-11-30,"CCR dam","DOC_mgL_mod",0.38162969692384
2023-12-01,"SMB","Q_m3day_mod",1344.40912
2023-12-01,"SMB","DOC_mgL_mod",0.644849984355953
2023-12-01,"CCS","Q_m3day_mod",2054.827933
2023-12-01,"CCS","DOC_mgL_mod",0.545894370027527
2023-12-01,"HPB","Q_m3day_mod",634.250197
2023-12-01,"HPB","DOC_mgL_mod",0.0775015131765107
2023-12-01,"CCR dam","Q_m3day_mod",12614.56316
2023-12-01,"CCR dam","DOC_mgL_mod",0.417915304171342
2023-12-02,"SMB","Q_m3day_mod",1196.797359
2023-12-02,"SMB","DOC_mgL_mod",0.712007420130011
2023-12-02,"CCS","Q_m3day_mod",1821.759948
2023-12-02,"CCS","DOC_mgL_mod",0.615786948896079
2023-12-02,"HPB","Q_m3day_mod",539.514627
2023-12-02,"HPB","DOC_mgL_mod",0.0907042692653447
2023-12-02,"CCR dam","Q_m3day_mod",11405.184813
2023-12-02,"CCR dam","DOC_mgL_mod",0.527618280515802
2023-12-03,"SMB","Q_m3day_mod",1072.262025
2023-12-03,"SMB","DOC_mgL_mod",0.793782098176982
2023-12-03,"CCS","Q_m3day_mod",1873.304492
2023-12-03,"CCS","DOC_mgL_mod",1.39705798559522
2023-12-03,"HPB","Q_m3day_mod",460.886878
2023-12-03,"HPB","DOC_mgL_mod",0.106238064777362
2023-12-03,"CCR dam","Q_m3day_mod",11198.948251
2023-12-03,"CCR dam","DOC_mgL_mod",0.665017270647267
2023-12-04,"SMB","Q_m3day_mod",1366.231364
2023-12-04,"SMB","DOC_mgL_mod",0.639809202916235
2023-12-04,"CCS","Q_m3day_mod",2369.68713
2023-12-04,"CCS","DOC_mgL_mod",0.516408256814899
2023-12-04,"HPB","Q_m3day_mod",679.314616
2023-12-04,"HPB","DOC_mgL_mod",0.0718758272676412
2023-12-04,"CCR dam","Q_m3day_mod",13675.736157
2023-12-04,"CCR dam","DOC_mgL_mod",0.44386290656046
2023-12-05,"SMB","Q_m3day_mod",1619.529855
2023-12-05,"SMB","DOC_mgL_mod",0.531466892902694
2023-12-05,"CCS","Q_m3day_mod",2534.779736
2023-12-05,"CCS","DOC_mgL_mod",0.479814866249191
2023-12-05,"HPB","Q_m3day_mod",864.011118
2023-12-05,"HPB","DOC_mgL_mod",0.0565343188095411
2023-12-05,"CCR dam","Q_m3day_mod",14945.594669
2023-12-05,"CCR dam","DOC_mgL_mod",0.398796844956775
2023-12-06,"SMB","Q_m3day_mod",1423.041615
2023-12-06,"SMB","DOC_mgL_mod",0.594534756455453
2023-12-06,"CCS","Q_m3day_mod",2205.835011
2023-12-06,"CCS","DOC_mgL_mod",0.545543068270757
2023-12-06,"HPB","Q_m3day_mod",723.866715
2023-12-06,"HPB","DOC_mgL_mod",0.0662404956691509
2023-12-06,"CCR dam","Q_m3day_mod",13252.322643
2023-12-06,"CCR dam","DOC_mgL_mod",0.441278495667244
2023-12-07,"SMB","Q_m3day_mod",1251.193983
2023-12-07,"SMB","DOC_mgL_mod",0.664063935160404
2023-12-07,"CCS","Q_m3day_mod",1920.110705
2023-12-07,"CCS","DOC_mgL_mod",0.620217363977459
2023-12-07,"HPB","Q_m3day_mod",604.559056
2023-12-07,"HPB","DOC_mgL_mod",0.0775528702029732
2023-12-07,"CCR dam","Q_m3day_mod",11749.27306
2023-12-07,"CCR dam","DOC_mgL_mod",0.479194923060202
2023-12-08,"SMB","Q_m3day_mod",1103.889102
2023-12-08,"SMB","DOC_mgL_mod",0.740492408629649
2023-12-08,"CCS","Q_m3day_mod",1677.207881
2023-12-08,"CCS","DOC_mgL_mod",0.702527702944892
2023-12-08,"HPB","Q_m3day_mod",505.034948
2023-12-08,"HPB","DOC_mgL_mod",0.0914277322447792
2023-12-08,"CCR dam","Q_m3day_mod",10438.854643
2023-12-08,"CCR dam","DOC_mgL_mod",0.520305645183223
2023-12-09,"SMB","Q_m3day_mod",978.112302
2023-12-09,"SMB","DOC_mgL_mod",0.824697632726431
2023-12-09,"CCS","Q_m3day_mod",1512.517468
2023-12-09,"CCS","DOC_mgL_mod",0.909393133699663
2023-12-09,"HPB","Q_m3day_mod",422.215556
2023-12-09,"HPB","DOC_mgL_mod",0.109412453765678
2023-12-09,"CCR dam","Q_m3day_mod",9454.979672
2023-12-09,"CCR dam","DOC_mgL_mod",0.577291352213496
2023-12-10,"SMB","Q_m3day_mod",927.881601
2023-12-10,"SMB","DOC_mgL_mod",0.929906681057253
2023-12-10,"CCS","Q_m3day_mod",2074.293609
2023-12-10,"CCS","DOC_mgL_mod",2.77606698252137
2023-12-10,"HPB","Q_m3day_mod",389.986877
2023-12-10,"HPB","DOC_mgL_mod",0.11818695119836
2023-12-10,"CCR dam","Q_m3day_mod",10823.553784
2023-12-10,"CCR dam","DOC_mgL_mod",0.958992786208896
2023-12-11,"SMB","Q_m3day_mod",1765.825401
2023-12-11,"SMB","DOC_mgL_mod",0.724901227083436
2023-12-11,"CCS","Q_m3day_mod",3834.894566
2023-12-11,"CCS","DOC_mgL_mod",1.27814413555379
2023-12-11,"HPB","Q_m3day_mod",955.22678
2023-12-11,"HPB","DOC_mgL_mod",0.0481693048848568
2023-12-11,"CCR dam","Q_m3day_mod",19207.77178
2023-12-11,"CCR dam","DOC_mgL_mod",0.567836817561355
2023-12-12,"SMB","Q_m3day_mod",2987.251195
2023-12-12,"SMB","DOC_mgL_mod",0.446542628297451
2023-12-12,"CCS","Q_m3day_mod",5194.779316
2023-12-12,"CCS","DOC_mgL_mod",0.379837117223172
2023-12-12,"HPB","Q_m3day_mod",1780.33925
2023-12-12,"HPB","DOC_mgL_mod",0.0254720104609276
2023-12-12,"CCR dam","Q_m3day_mod",28023.029024
2023-12-12,"CCR dam","DOC_mgL_mod",0.297243527559642
2023-12-13,"SMB","Q_m3day_mod",3156.580474
2023-12-13,"SMB","DOC_mgL_mod",0.411829513205054
2023-12-13,"CCS","Q_m3day_mod",5045.442476
2023-12-13,"CCS","DOC_mgL_mod",0.384676271552442
2023-12-13,"HPB","Q_m3day_mod",1875.614392
2023-12-13,"HPB","DOC_mgL_mod",0.0236698759560382
2023-12-13,"CCR dam","Q_m3day_mod",28367.392143
2023-12-13,"CCR dam","DOC_mgL_mod",0.290249521651279
2023-12-14,"SMB","Q_m3day_mod",2747.290126
2023-12-14,"SMB","DOC_mgL_mod",0.461614151340636
2023-12-14,"CCS","Q_m3day_mod",4370.829841
2023-12-14,"CCS","DOC_mgL_mod",0.437071006992789
2023-12-14,"HPB","Q_m3day_mod",1565.764008
2023-12-14,"HPB","DOC_mgL_mod",0.0279250192088973
2023-12-14,"CCR dam","Q_m3day_mod",24952.900366
2023-12-14,"CCR dam","DOC_mgL_mod",0.322035870866107
2023-12-15,"SMB","Q_m3day_mod",2394.651648
2023-12-15,"SMB","DOC_mgL_mod",0.517080637191702
2023-12-15,"CCS","Q_m3day_mod",3791.639778
2023-12-15,"CCS","DOC_mgL_mod",0.496352530881165
2023-12-15,"HPB","Q_m3day_mod",1305.497871
2023-12-15,"HPB","DOC_mgL_mod",0.0330405364559955
2023-12-15,"CCR dam","Q_m3day_mod",21978.089063
2023-12-15,"CCR dam","DOC_mgL_mod",0.357041323179026
2023-12-16,"SMB","Q_m3day_mod",2093.34472
2023-12-16,"SMB","DOC_mgL_mod",0.578208638279127
2023-12-16,"CCS","Q_m3day_mod",3296.060026
2023-12-16,"CCS","DOC_mgL_mod",0.562733987053912
2023-12-16,"HPB","Q_m3day_mod",1088.78053
2023-12-16,"HPB","DOC_mgL_mod",0.0393019426973037
2023-12-16,"CCR dam","Q_m3day_mod",19403.356607
2023-12-16,"CCR dam","DOC_mgL_mod",0.394012497674857
2023-12-17,"SMB","Q_m3day_mod",1962.763184
2023-12-17,"SMB","DOC_mgL_mod",1.20215215938144
2023-12-17,"CCS","Q_m3day_mod",3676.70124
2023-12-17,"CCS","DOC_mgL_mod",2.01949397444107
2023-12-17,"HPB","Q_m3day_mod",908.341411
2023-12-17,"HPB","DOC_mgL_mod",0.0469639163021711
2023-12-17,"CCR dam","Q_m3day_mod",19723.872851
2023-12-17,"CCR dam","DOC_mgL_mod",0.846318069787885
2023-12-18,"SMB","Q_m3day_mod",2845.431049
2023-12-18,"SMB","DOC_mgL_mod",0.986740128876692
2023-12-18,"CCS","Q_m3day_mod",5437.145266
2023-12-18,"CCS","DOC_mgL_mod",1.16832375984563
2023-12-18,"HPB","Q_m3day_mod",1416.478437
2023-12-18,"HPB","DOC_mgL_mod",0.0306900753759939
2023-12-18,"CCR dam","Q_m3day_mod",28002.260418
2023-12-18,"CCR dam","DOC_mgL_mod",0.632455728060289
2023-12-19,"SMB","Q_m3day_mod",3819.674811
2023-12-19,"SMB","DOC_mgL_mod",0.468990447783959
2023-12-19,"CCS","Q_m3day_mod",6448.795233
2023-12-19,"CCS","DOC_mgL_mod",0.47009571407801
2023-12-19,"HPB","Q_m3day_mod",2140.833341
2023-12-19,"HPB","DOC_mgL_mod",0.0208829100069588
2023-12-19,"CCR dam","Q_m3day_mod",35186.943533
2023-12-19,"CCR dam","DOC_mgL_mod",0.331324031854779
2023-12-20,"SMB","Q_m3day_mod",3666.836889
2023-12-20,"SMB","DOC_mgL_mod",0.476350067612729
2023-12-20,"CCS","Q_m3day_mod",5891.438091
2023-12-20,"CCS","DOC_mgL_mod",0.501572443664332
2023-12-20,"HPB","Q_m3day_mod",2086.073903
2023-12-20,"HPB","DOC_mgL_mod",0.0211392606640552
2023-12-20,"CCR dam","Q_m3day_mod",33518.165784
2023-12-20,"CCR dam","DOC_mgL_mod",0.344607759100998
2023-12-21,"SMB","Q_m3day_mod",3199.116816
2023-12-21,"SMB","DOC_mgL_mod",0.532452266663338
2023-12-21,"CCS","Q_m3day_mod",5115.789653
2023-12-21,"CCS","DOC_mgL_mod",0.563271400009613
2023-12-21,"HPB","Q_m3day_mod",1740.521632
2023-12-21,"HPB","DOC_mgL_mod",0.0249459237976308
2023-12-21,"CCR dam","Q_m3day_mod",29592.199354
2023-12-21,"CCR dam","DOC_mgL_mod",0.380890242903708
2023-12-22,"SMB","Q_m3day_mod",2797.325313
2023-12-22,"SMB","DOC_mgL_mod",0.594644459930928
2023-12-22,"CCS","Q_m3day_mod",4450.515934
2023-12-22,"CCS","DOC_mgL_mod",0.632381962392048
2023-12-22,"HPB","Q_m3day_mod",1451.1389
2023-12-22,"HPB","DOC_mgL_mod",0.0297190916734435
2023-12-22,"CCR dam","Q_m3day_mod",26157.165452
2023-12-22,"CCR dam","DOC_mgL_mod",0.424191222873946
2023-12-23,"SMB","Q_m3day_mod",2453.922265
2023-12-23,"SMB","DOC_mgL_mod",0.66263549713544
2023-12-23,"CCS","Q_m3day_mod",3880.88324
2023-12-23,"CCS","DOC_mgL_mod",0.709070546528475
2023-12-23,"HPB","Q_m3day_mod",1210.184516
2023-12-23,"HPB","DOC_mgL_mod",0.0354520814245817
2023-12-23,"CCR dam","Q_m3day_mod",23185.950209
2023-12-23,"CCR dam","DOC_mgL_mod",0.467184648563393
2023-12-24,"SMB","Q_m3day_mod",2159.850927
2023-12-24,"SMB","DOC_mgL_mod",0.735913752254995
2023-12-24,"CCS","Q_m3day_mod",3392.743313
2023-12-24,"CCS","DOC_mgL_mod",0.79310509276951
2023-12-24,"HPB","Q_m3day_mod",1009.501258
2023-12-24,"HPB","DOC_mgL_mod",0.0420303587179878
2023-12-24,"CCR dam","Q_m3day_mod",20614.401964
2023-12-24,"CCR dam","DOC_mgL_mod",0.516691680825905
2023-12-25,"SMB","Q_m3day_mod",1907.811263
2023-12-25,"SMB","DOC_mgL_mod",0.815185458940233
2023-12-25,"CCS","Q_m3day_mod",2984.109159
2023-12-25,"CCS","DOC_mgL_mod",0.883075939783341
2023-12-25,"HPB","Q_m3day_mod",842.378695
2023-12-25,"HPB","DOC_mgL_mod",0.0503898309061579
2023-12-25,"CCR dam","Q_m3day_mod",18427.220639
2023-12-25,"CCR dam","DOC_mgL_mod",0.56437105756413
2023-12-26,"SMB","Q_m3day_mod",1858.137776
2023-12-26,"SMB","DOC_mgL_mod",1.60995758153081
2023-12-26,"CCS","Q_m3day_mod",3434.021977
2023-12-26,"CCS","DOC_mgL_mod",2.36712957996308
2023-12-26,"HPB","Q_m3day_mod",708.636245
2023-12-26,"HPB","DOC_mgL_mod",0.0670736366300315
2023-12-26,"CCR dam","Q_m3day_mod",19103.410829
2023-12-26,"CCR dam","DOC_mgL_mod",1.09178618345674
2023-12-27,"SMB","Q_m3day_mod",3397.817289
2023-12-27,"SMB","DOC_mgL_mod",3.07098325556845
2023-12-27,"CCS","Q_m3day_mod",7788.162119
2023-12-27,"CCS","DOC_mgL_mod",4.53758273903748
2023-12-27,"HPB","Q_m3day_mod",1189.422978
2023-12-27,"HPB","DOC_mgL_mod",0.0599987063643225
2023-12-27,"CCR dam","Q_m3day_mod",33482.969465
2023-12-27,"CCR dam","DOC_mgL_mod",2.19632969163238
2023-12-28,"SMB","Q_m3day_mod",5215.218459
2023-12-28,"SMB","DOC_mgL_mod",0.561597950886529
2023-12-28,"CCS","Q_m3day_mod",10170.349537
2023-12-28,"CCS","DOC_mgL_mod",0.454525282851151
2023-12-28,"HPB","Q_m3day_mod",2475.383419
2023-12-28,"HPB","DOC_mgL_mod",0.0423761826934981
2023-12-28,"CCR dam","Q_m3day_mod",48227.020854
2023-12-28,"CCR dam","DOC_mgL_mod",0.370598052367931
2023-12-29,"SMB","Q_m3day_mod",5220.663339
2023-12-29,"SMB","DOC_mgL_mod",0.562486758734856
2023-12-29,"CCS","Q_m3day_mod",8258.022747
2023-12-29,"CCS","DOC_mgL_mod",0.562887405667254
2023-12-29,"HPB","Q_m3day_mod",2961.060549
2023-12-29,"HPB","DOC_mgL_mod",0.0432807090159911
2023-12-29,"CCR dam","Q_m3day_mod",47485.935129
2023-12-29,"CCR dam","DOC_mgL_mod",0.398213490976443
2023-12-30,"SMB","Q_m3day_mod",4574.779923
2023-12-30,"SMB","DOC_mgL_mod",0.615531030431166
2023-12-30,"CCS","Q_m3day_mod",7189.555803
2023-12-30,"CCS","DOC_mgL_mod",0.630504042837874
2023-12-30,"HPB","Q_m3day_mod",2476.769051
2023-12-30,"HPB","DOC_mgL_mod",0.053777642265928
2023-12-30,"CCR dam","Q_m3day_mod",42153.517596
2023-12-30,"CCR dam","DOC_mgL_mod",0.438742744490556
2023-12-31,"SMB","Q_m3day_mod",4002.029026
2023-12-31,"SMB","DOC_mgL_mod",0.675795698239396
2023-12-31,"CCS","Q_m3day_mod",6262.209513
2023-12-31,"CCS","DOC_mgL_mod",0.703699068332337
2023-12-31,"HPB","Q_m3day_mod",2067.560987
2023-12-31,"HPB","DOC_mgL_mod",0.0649769466751889
2023-12-31,"CCR dam","Q_m3day_mod",37353.980918
2023-12-31,"CCR dam","DOC_mgL_mod",0.482528489789812
2024-01-01,"SMB","Q_m3day_mod",3511.972964
2024-01-01,"SMB","DOC_mgL_mod",0.741289305665623
2024-01-01,"CCS","Q_m3day_mod",5467.262097
2024-01-01,"CCS","DOC_mgL_mod",0.785377932101725
2024-01-01,"HPB","Q_m3day_mod",1726.617583
2024-01-01,"HPB","DOC_mgL_mod",0.0788582841623941
2024-01-01,"CCR dam","Q_m3day_mod",33165.4663
2024-01-01,"CCR dam","DOC_mgL_mod",0.528255500511386
2024-01-02,"SMB","Q_m3day_mod",3092.134254
2024-01-02,"SMB","DOC_mgL_mod",0.811188581723205
2024-01-02,"CCS","Q_m3day_mod",4784.846691
2024-01-02,"CCS","DOC_mgL_mod",0.87293747736086
2024-01-02,"HPB","Q_m3day_mod",1442.640588
2024-01-02,"HPB","DOC_mgL_mod",0.0938711978066154
2024-01-02,"CCR dam","Q_m3day_mod",29509.255415
2024-01-02,"CCR dam","DOC_mgL_mod",0.584891748614797
2024-01-03,"SMB","Q_m3day_mod",2731.873365
2024-01-03,"SMB","DOC_mgL_mod",0.88615967014269
2024-01-03,"CCS","Q_m3day_mod",4198.108289
2024-01-03,"CCS","DOC_mgL_mod",0.969101014059145
2024-01-03,"HPB","Q_m3day_mod",1205.911504
2024-01-03,"HPB","DOC_mgL_mod",0.111486207366009
2024-01-03,"CCR dam","Q_m3day_mod",26326.683039
2024-01-03,"CCR dam","DOC_mgL_mod",0.635876535422287
2024-01-04,"SMB","Q_m3day_mod",2422.688234
2024-01-04,"SMB","DOC_mgL_mod",0.965605878284048
2024-01-04,"CCS","Q_m3day_mod",3696.754374
2024-01-04,"CCS","DOC_mgL_mod",1.07496241242021
2024-01-04,"HPB","Q_m3day_mod",1008.705143
2024-01-04,"HPB","DOC_mgL_mod",0.132959468810798
2024-01-04,"CCR dam","Q_m3day_mod",23552.218133
2024-01-04,"CCR dam","DOC_mgL_mod",0.690668280505094
2024-01-05,"SMB","Q_m3day_mod",2159.166748
2024-01-05,"SMB","DOC_mgL_mod",1.05780250743283
2024-01-05,"CCS","Q_m3day_mod",3266.050238
2024-01-05,"CCS","DOC_mgL_mod",1.18764186627309
2024-01-05,"HPB","Q_m3day_mod",844.451027
2024-01-05,"HPB","DOC_mgL_mod",0.157225695457648
2024-01-05,"CCR dam","Q_m3day_mod",21153.402506
2024-01-05,"CCR dam","DOC_mgL_mod",0.761695901897098
2024-01-06,"SMB","Q_m3day_mod",2245.431362
2024-01-06,"SMB","DOC_mgL_mod",2.23831068054709
2024-01-06,"CCS","Q_m3day_mod",3519.659309
2024-01-06,"CCS","DOC_mgL_mod",2.1853510026757
2024-01-06,"HPB","Q_m3day_mod",708.825597
2024-01-06,"HPB","DOC_mgL_mod",0.206667339074664
2024-01-06,"CCR dam","Q_m3day_mod",21797.743188
2024-01-06,"CCR dam","DOC_mgL_mod",1.34346843833455
2024-01-07,"SMB","Q_m3day_mod",2812.941253
2024-01-07,"SMB","DOC_mgL_mod",0.852650583243446
2024-01-07,"CCS","Q_m3day_mod",4480.045978
2024-01-07,"CCS","DOC_mgL_mod",0.956117642772996
2024-01-07,"HPB","Q_m3day_mod",1123.571022
2024-01-07,"HPB","DOC_mgL_mod",0.161353395958266
2024-01-07,"CCR dam","Q_m3day_mod",26768.237341
2024-01-07,"CCR dam","DOC_mgL_mod",0.627407766378262
2024-01-08,"SMB","Q_m3day_mod",2994.663274
2024-01-08,"SMB","DOC_mgL_mod",0.787219057470566
2024-01-08,"CCS","Q_m3day_mod",4685.35421
2024-01-08,"CCS","DOC_mgL_mod",0.895927140586453
2024-01-08,"HPB","Q_m3day_mod",1473.449327
2024-01-08,"HPB","DOC_mgL_mod",0.125891943890379
2024-01-08,"CCR dam","Q_m3day_mod",28424.101207
2024-01-08,"CCR dam","DOC_mgL_mod",0.583838689538339
2024-01-09,"SMB","Q_m3day_mod",6994.24879
2024-01-09,"SMB","DOC_mgL_mod",6.31696002337944
2024-01-09,"CCS","Q_m3day_mod",14660.274797
2024-01-09,"CCS","DOC_mgL_mod",6.99294531784485
2024-01-09,"HPB","Q_m3day_mod",1245.444811
2024-01-09,"HPB","DOC_mgL_mod",0.230533940536045
2024-01-09,"CCR dam","Q_m3day_mod",59345.981267
2024-01-09,"CCR dam","DOC_mgL_mod",4.71459219355063
2024-01-10,"SMB","Q_m3day_mod",10608.238995
2024-01-10,"SMB","DOC_mgL_mod",0.727882168156224
2024-01-10,"CCS","Q_m3day_mod",20062.107997
2024-01-10,"CCS","DOC_mgL_mod",0.506787721485716
2024-01-10,"HPB","Q_m3day_mod",3370.970707
2024-01-10,"HPB","DOC_mgL_mod",0.237206154992554
2024-01-10,"CCR dam","Q_m3day_mod",88645.436348
2024-01-10,"CCR dam","DOC_mgL_mod",0.480683402952885
2024-01-11,"SMB","Q_m3day_mod",9475.085047
2024-01-11,"SMB","DOC_mgL_mod",0.820453954918469
2024-01-11,"CCS","Q_m3day_mod",14296.808683
2024-01-11,"CCS","DOC_mgL_mod",0.77788758642508
2024-01-11,"HPB","Q_m3day_mod",5175.511828
2024-01-11,"HPB","DOC_mgL_mod",0.191077758657573
2024-01-11,"CCR dam","Q_m3day_mod",81713.714336
2024-01-11,"CCR dam","DOC_mgL_mod",0.621674591747443
2024-01-12,"SMB","Q_m3day_mod",8862.1417
2024-01-12,"SMB","DOC_mgL_mod",0.881830855852824
2024-01-12,"CCS","Q_m3day_mod",13434.969873
2024-01-12,"CCS","DOC_mgL_mod",1.16621474764062
2024-01-12,"HPB","Q_m3day_mod",4384.712724
2024-01-12,"HPB","DOC_mgL_mod",0.287767313259449
2024-01-12,"CCR dam","Q_m3day_mod",76107.133684
2024-01-12,"CCR dam","DOC_mgL_mod",0.734317498173618
2024-01-13,"SMB","Q_m3day_mod",9936.456985
2024-01-13,"SMB","DOC_mgL_mod",1.45395386120116
2024-01-13,"CCS","Q_m3day_mod",16208.415136
2024-01-13,"CCS","DOC_mgL_mod",2.43961668480306
2024-01-13,"HPB","Q_m3day_mod",4175.940853
2024-01-13,"HPB","DOC_mgL_mod",0.990002048767045
2024-01-13,"CCR dam","Q_m3day_mod",82230.212139
2024-01-13,"CCR dam","DOC_mgL_mod",1.39768580197412
2024-01-14,"SMB","Q_m3day_mod",10015.150036
2024-01-14,"SMB","DOC_mgL_mod",0.888758627479837
2024-01-14,"CCS","Q_m3day_mod",16626.375506
2024-01-14,"CCS","DOC_mgL_mod",1.06295987322205
2024-01-14,"HPB","Q_m3day_mod",4467.970433
2024-01-14,"HPB","DOC_mgL_mod",0.385993825577314
2024-01-14,"CCR dam","Q_m3day_mod",84765.573693
2024-01-14,"CCR dam","DOC_mgL_mod",0.752035728925459
2024-01-15,"SMB","Q_m3day_mod",8778.145418
2024-01-15,"SMB","DOC_mgL_mod",1.00396810263915
2024-01-15,"CCS","Q_m3day_mod",14103.806794
2024-01-15,"CCS","DOC_mgL_mod",1.29480715857288
2024-01-15,"HPB","Q_m3day_mod",4264.416857
2024-01-15,"HPB","DOC_mgL_mod",0.456631015517065
2024-01-15,"CCR dam","Q_m3day_mod",77205.056288
2024-01-15,"CCR dam","DOC_mgL_mod",0.870201943113438
2024-01-16,"SMB","Q_m3day_mod",8471.219682
2024-01-16,"SMB","DOC_mgL_mod",1.11736955896831
2024-01-16,"CCS","Q_m3day_mod",13891.687586
2024-01-16,"CCS","DOC_mgL_mod",1.54521686923287
2024-01-16,"HPB","Q_m3day_mod",3845.258624
2024-01-16,"HPB","DOC_mgL_mod",0.663678636352757
2024-01-16,"CCR dam","Q_m3day_mod",74547.538986
2024-01-16,"CCR dam","DOC_mgL_mod",1.02043703970276
2024-01-17,"SMB","Q_m3day_mod",7820.73948
2024-01-17,"SMB","DOC_mgL_mod",1.07572308494797
2024-01-17,"CCS","Q_m3day_mod",12871.428794
2024-01-17,"CCS","DOC_mgL_mod",1.4543575775151
2024-01-17,"HPB","Q_m3day_mod",3648.524091
2024-01-17,"HPB","DOC_mgL_mod",0.617997563881236
2024-01-17,"CCR dam","Q_m3day_mod",70420.941094
2024-01-17,"CCR dam","DOC_mgL_mod",0.962640784784625
2024-01-18,"SMB","Q_m3day_mod",6869.169193
2024-01-18,"SMB","DOC_mgL_mod",1.16686964242606
2024-01-18,"CCS","Q_m3day_mod",11215.644103
2024-01-18,"CCS","DOC_mgL_mod",1.60890090968323
2024-01-18,"HPB","Q_m3day_mod",3270.313587
2024-01-18,"HPB","DOC_mgL_mod",0.702886722893342
2024-01-18,"CCR dam","Q_m3day_mod",63460.595941
2024-01-18,"CCR dam","DOC_mgL_mod",1.03936323039453
2024-01-19,"SMB","Q_m3day_mod",6126.785143
2024-01-19,"SMB","DOC_mgL_mod",1.24991326140258
2024-01-19,"CCS","Q_m3day_mod",10036.024184
2024-01-19,"CCS","DOC_mgL_mod",1.73762335365851
2024-01-19,"HPB","Q_m3day_mod",2792.832057
2024-01-19,"HPB","DOC_mgL_mod",0.825779693490535
2024-01-19,"CCR dam","Q_m3day_mod",57192.744883
2024-01-19,"CCR dam","DOC_mgL_mod",1.11923881483484
2024-01-20,"SMB","Q_m3day_mod",5477.054651
2024-01-20,"SMB","DOC_mgL_mod",1.33815590075623
2024-01-20,"CCS","Q_m3day_mod",8992.723939
2024-01-20,"CCS","DOC_mgL_mod",1.87981640653809
2024-01-20,"HPB","Q_m3day_mod",2400.476185
2024-01-20,"HPB","DOC_mgL_mod",0.971226465219025
2024-01-20,"CCR dam","Q_m3day_mod",51709.223668
2024-01-20,"CCR dam","DOC_mgL_mod",1.20875030732051
2024-01-21,"SMB","Q_m3day_mod",4896.102745
2024-01-21,"SMB","DOC_mgL_mod",1.43837974135488
2024-01-21,"CCS","Q_m3day_mod",8040.213013
2024-01-21,"CCS","DOC_mgL_mod",2.04340357319337
2024-01-21,"HPB","Q_m3day_mod",2076.973368
2024-01-21,"HPB","DOC_mgL_mod",1.14650483086984
2024-01-21,"CCR dam","Q_m3day_mod",46758.381529
2024-01-21,"CCR dam","DOC_mgL_mod",1.30008926768129
2024-01-22,"SMB","Q_m3day_mod",4406.557862
2024-01-22,"SMB","DOC_mgL_mod",1.53996843171374
2024-01-22,"CCS","Q_m3day_mod",7253.046022
2024-01-22,"CCS","DOC_mgL_mod",2.20696655604373
2024-01-22,"HPB","Q_m3day_mod",1803.371538
2024-01-22,"HPB","DOC_mgL_mod",1.35279666369005
2024-01-22,"CCR dam","Q_m3day_mod",42393.778128
2024-01-22,"CCR dam","DOC_mgL_mod",1.39443268824762
2024-01-23,"SMB","Q_m3day_mod",3984.008673
2024-01-23,"SMB","DOC_mgL_mod",1.64394421236743
2024-01-23,"CCS","Q_m3day_mod",6578.937509
2024-01-23,"CCS","DOC_mgL_mod",2.37722732258894
2024-01-23,"HPB","Q_m3day_mod",1577.0644
2024-01-23,"HPB","DOC_mgL_mod",1.58176482837353
2024-01-23,"CCR dam","Q_m3day_mod",38551.130741
2024-01-23,"CCR dam","DOC_mgL_mod",1.49230564432746
2024-01-24,"SMB","Q_m3day_mod",3645.30358
2024-01-24,"SMB","DOC_mgL_mod",1.73769807122621
2024-01-24,"CCS","Q_m3day_mod",6085.771318
2024-01-24,"CCS","DOC_mgL_mod",2.52369325061123
2024-01-24,"HPB","Q_m3day_mod",1389.686134
2024-01-24,"HPB","DOC_mgL_mod",1.83560081488156
2024-01-24,"CCR dam","Q_m3day_mod",35433.445892
2024-01-24,"CCR dam","DOC_mgL_mod",1.59906208875927
2024-01-25,"SMB","Q_m3day_mod",4369.351206
2024-01-25,"SMB","DOC_mgL_mod",2.21311369677066
2024-01-25,"CCS","Q_m3day_mod",8252.651354
2024-01-25,"CCS","DOC_mgL_mod",3.09433646286568
2024-01-25,"HPB","Q_m3day_mod",1290.897842
2024-01-25,"HPB","DOC_mgL_mod",2.42230709376304
2024-01-25,"CCR dam","Q_m3day_mod",39957.322905
2024-01-25,"CCR dam","DOC_mgL_mod",2.04541330745091
2024-01-26,"SMB","Q_m3day_mod",5098.489289
2024-01-26,"SMB","DOC_mgL_mod",1.36590185940469
2024-01-26,"CCS","Q_m3day_mod",9663.617219
2024-01-26,"CCS","DOC_mgL_mod",1.95202475144727
2024-01-26,"HPB","Q_m3day_mod",1895.78373
2024-01-26,"HPB","DOC_mgL_mod",1.91424999728213
2024-01-26,"CCR dam","Q_m3day_mod",46690.900165
2024-01-26,"CCR dam","DOC_mgL_mod",1.43032903122441
2024-01-27,"SMB","Q_m3day_mod",4754.59372
2024-01-27,"SMB","DOC_mgL_mod",1.43588314839233
2024-01-27,"CCS","Q_m3day_mod",8434.416709
2024-01-27,"CCS","DOC_mgL_mod",2.21603350235894
2024-01-27,"HPB","Q_m3day_mod",2371.368368
2024-01-27,"HPB","DOC_mgL_mod",1.59636353891012
2024-01-27,"CCR dam","Q_m3day_mod",45951.048595
2024-01-27,"CCR dam","DOC_mgL_mod",1.46486015135951
2024-01-28,"SMB","Q_m3day_mod",6877.945861
2024-01-28,"SMB","DOC_mgL_mod",3.69005376211408
2024-01-28,"CCS","Q_m3day_mod",13066.474033
2024-01-28,"CCS","DOC_mgL_mod",4.19446744864625
2024-01-28,"HPB","Q_m3day_mod",2388.893713
2024-01-28,"HPB","DOC_mgL_mod",3.14205105030556
2024-01-28,"CCR dam","Q_m3day_mod",58367.443684
2024-01-28,"CCR dam","DOC_mgL_mod",2.83528264311093
2024-01-29,"SMB","Q_m3day_mod",7962.550606
2024-01-29,"SMB","DOC_mgL_mod",1.222211384461
2024-01-29,"CCS","Q_m3day_mod",15170.695086
2024-01-29,"CCS","DOC_mgL_mod",1.93338669281327
2024-01-29,"HPB","Q_m3day_mod",3146.796208
2024-01-29,"HPB","DOC_mgL_mod",1.98948441086974
2024-01-29,"CCR dam","Q_m3day_mod",68183.236451
2024-01-29,"CCR dam","DOC_mgL_mod",1.47368921204277
2024-01-30,"SMB","Q_m3day_mod",6381.318571
2024-01-30,"SMB","DOC_mgL_mod",1.49808066994874
2024-01-30,"CCS","Q_m3day_mod",11805.157748
2024-01-30,"CCS","DOC_mgL_mod",2.45087533920517
2024-01-30,"HPB","Q_m3day_mod",3531.319075
2024-01-30,"HPB","DOC_mgL_mod",1.83481041004486
2024-01-30,"CCR dam","Q_m3day_mod",61420.910841
2024-01-30,"CCR dam","DOC_mgL_mod",1.65233140652571
2024-01-31,"SMB","Q_m3day_mod",5822.621986
2024-01-31,"SMB","DOC_mgL_mod",1.58584826942259
2024-01-31,"CCS","Q_m3day_mod",11019.266177
2024-01-31,"CCS","DOC_mgL_mod",2.54520306066657
2024-01-31,"HPB","Q_m3day_mod",3121.774091
2024-01-31,"HPB","DOC_mgL_mod",2.05244191707272
2024-01-31,"CCR dam","Q_m3day_mod",56980.965192
2024-01-31,"CCR dam","DOC_mgL_mod",1.75513699466153
2024-02-01,"SMB","Q_m3day_mod",5315.80397
2024-02-01,"SMB","DOC_mgL_mod",1.67752856394364
2024-02-01,"CCS","Q_m3day_mod",10169.792403
2024-02-01,"CCS","DOC_mgL_mod",2.67255799557741
2024-02-01,"HPB","Q_m3day_mod",2801.696879
2024-02-01,"HPB","DOC_mgL_mod",2.25404434267495
2024-02-01,"CCR dam","Q_m3day_mod",52742.899324
2024-02-01,"CCR dam","DOC_mgL_mod",1.87901008989287
2024-02-02,"SMB","Q_m3day_mod",4795.467736
2024-02-02,"SMB","DOC_mgL_mod",1.79500696780415
2024-02-02,"CCS","Q_m3day_mod",9160.347648
2024-02-02,"CCS","DOC_mgL_mod",2.87952390166754
2024-02-02,"HPB","Q_m3day_mod",2530.653587
2024-02-02,"HPB","DOC_mgL_mod",2.45258854545863
2024-02-02,"CCR dam","Q_m3day_mod",48364.793162
2024-02-02,"CCR dam","DOC_mgL_mod",2.01364802024045
2024-02-03,"SMB","Q_m3day_mod",4353.079681
2024-02-03,"SMB","DOC_mgL_mod",1.91108792157209
2024-02-03,"CCS","Q_m3day_mod",8413.712349
2024-02-03,"CCS","DOC_mgL_mod",3.04747166725369
2024-02-03,"HPB","Q_m3day_mod",2257.703824
2024-02-03,"HPB","DOC_mgL_mod",2.70781576175423
2024-02-03,"CCR dam","Q_m3day_mod",44533.502825
2024-02-03,"CCR dam","DOC_mgL_mod",2.15337271754347
2024-02-04,"SMB","Q_m3day_mod",3968.581577
2024-02-04,"SMB","DOC_mgL_mod",2.02578448849157
2024-02-04,"CCS","Q_m3day_mod",7765.547417
2024-02-04,"CCS","DOC_mgL_mod",3.21220368127462
2024-02-04,"HPB","Q_m3day_mod",2028.404894
2024-02-04,"HPB","DOC_mgL_mod",2.96536259491001
2024-02-04,"CCR dam","Q_m3day_mod",41115.930133
2024-02-04,"CCR dam","DOC_mgL_mod",2.28032540420992
2024-02-05,"SMB","Q_m3day_mod",3635.771347
2024-02-05,"SMB","DOC_mgL_mod",2.14434111937018
2024-02-05,"CCS","Q_m3day_mod",7201.10023
2024-02-05,"CCS","DOC_mgL_mod",3.37375945675457
2024-02-05,"HPB","Q_m3day_mod",1835.173364
2024-02-05,"HPB","DOC_mgL_mod",3.22676871633148
2024-02-05,"CCR dam","Q_m3day_mod",38010.628452
2024-02-05,"CCR dam","DOC_mgL_mod",2.40787310621759
2024-02-06,"SMB","Q_m3day_mod",3348.419404
2024-02-06,"SMB","DOC_mgL_mod",2.26121016708814
2024-02-06,"CCS","Q_m3day_mod",6708.567948
2024-02-06,"CCS","DOC_mgL_mod",3.52972499996209
2024-02-06,"HPB","Q_m3day_mod",1672.076367
2024-02-06,"HPB","DOC_mgL_mod",3.48452326400233
2024-02-06,"CCR dam","Q_m3day_mod",35248.691985
2024-02-06,"CCR dam","DOC_mgL_mod",2.53097193047517
2024-02-07,"SMB","Q_m3day_mod",3098.129355
2024-02-07,"SMB","DOC_mgL_mod",2.37553702789146
2024-02-07,"CCS","Q_m3day_mod",6277.645028
2024-02-07,"CCS","DOC_mgL_mod",3.67997232990409
2024-02-07,"HPB","Q_m3day_mod",1534.403268
2024-02-07,"HPB","DOC_mgL_mod",3.74118272537464
2024-02-07,"CCR dam","Q_m3day_mod",32794.740319
2024-02-07,"CCR dam","DOC_mgL_mod",2.65405821645043
2024-02-08,"SMB","Q_m3day_mod",2879.193561
2024-02-08,"SMB","DOC_mgL_mod",2.4859071987901
2024-02-08,"CCS","Q_m3day_mod",5899.809536
2024-02-08,"CCS","DOC_mgL_mod",3.82201490783854
2024-02-08,"HPB","Q_m3day_mod",1417.923646
2024-02-08,"HPB","DOC_mgL_mod",3.98558696439145
2024-02-08,"CCR dam","Q_m3day_mod",30616.193482
2024-02-08,"CCR dam","DOC_mgL_mod",2.77436677586776
2024-02-09,"SMB","Q_m3day_mod",2687.520414
2024-02-09,"SMB","DOC_mgL_mod",2.59478475537265
2024-02-09,"CCS","Q_m3day_mod",5571.984867
2024-02-09,"CCS","DOC_mgL_mod",3.95552043411535
2024-02-09,"HPB","Q_m3day_mod",1320.240488
2024-02-09,"HPB","DOC_mgL_mod",4.23253039941614
2024-02-09,"CCR dam","Q_m3day_mod",28692.925826
2024-02-09,"CCR dam","DOC_mgL_mod",2.89299496689118
2024-02-10,"SMB","Q_m3day_mod",2609.886964
2024-02-10,"SMB","DOC_mgL_mod",2.640817818959
2024-02-10,"CCS","Q_m3day_mod",5627.259582
2024-02-10,"CCS","DOC_mgL_mod",3.83079182431076
2024-02-10,"HPB","Q_m3day_mod",1239.488772
2024-02-10,"HPB","DOC_mgL_mod",4.46357250261562
2024-02-10,"CCR dam","Q_m3day_mod",27848.37078
2024-02-10,"CCR dam","DOC_mgL_mod",3.05995351301481
2024-02-11,"SMB","Q_m3day_mod",3201.774632
2024-02-11,"SMB","DOC_mgL_mod",2.72998602482525
2024-02-11,"CCS","Q_m3day_mod",7627.141141
2024-02-11,"CCS","DOC_mgL_mod",3.05736835977086
2024-02-11,"HPB","Q_m3day_mod",1266.342018
2024-02-11,"HPB","DOC_mgL_mod",4.59867785892263
2024-02-11,"CCR dam","Q_m3day_mod",32652.571718
2024-02-11,"CCR dam","DOC_mgL_mod",2.94556033229627
2024-02-12,"SMB","Q_m3day_mod",3696.338891
2024-02-12,"SMB","DOC_mgL_mod",1.89315298362885
2024-02-12,"CCS","Q_m3day_mod",8377.377261
2024-02-12,"CCS","DOC_mgL_mod",2.65262495738999
2024-02-12,"HPB","Q_m3day_mod",1766.10873
2024-02-12,"HPB","DOC_mgL_mod",3.73795049413521
2024-02-12,"CCR dam","Q_m3day_mod",37194.566219
2024-02-12,"CCR dam","DOC_mgL_mod",2.37728730264991
2024-02-13,"SMB","Q_m3day_mod",4633.415429
2024-02-13,"SMB","DOC_mgL_mod",2.95330954232034
2024-02-13,"CCS","Q_m3day_mod",10595.928603
2024-02-13,"CCS","DOC_mgL_mod",3.34132111743147
2024-02-13,"HPB","Q_m3day_mod",2459.74754
2024-02-13,"HPB","DOC_mgL_mod",4.67062973462716
2024-02-13,"CCR dam","Q_m3day_mod",45765.349108
2024-02-13,"CCR dam","DOC_mgL_mod",3.07071403887607
2024-02-14,"SMB","Q_m3day_mod",5323.483969
2024-02-14,"SMB","DOC_mgL_mod",1.65760863588317
2024-02-14,"CCS","Q_m3day_mod",12091.114324
2024-02-14,"CCS","DOC_mgL_mod",2.53097185089522
2024-02-14,"HPB","Q_m3day_mod",3081.204161
2024-02-14,"HPB","DOC_mgL_mod",3.2228322049186
2024-02-14,"CCR dam","Q_m3day_mod",52595.600177
2024-02-14,"CCR dam","DOC_mgL_mod",2.19561711647696
2024-02-15,"SMB","Q_m3day_mod",4766.776852
2024-02-15,"SMB","DOC_mgL_mod",1.82527193324551
2024-02-15,"CCS","Q_m3day_mod",9914.234402
2024-02-15,"CCS","DOC_mgL_mod",3.01691676706435
2024-02-15,"HPB","Q_m3day_mod",3275.70054
2024-02-15,"HPB","DOC_mgL_mod",2.98444100143538
2024-02-15,"CCR dam","Q_m3day_mod",48806.562894
2024-02-15,"CCR dam","DOC_mgL_mod",2.32532252366314
2024-02-16,"SMB","Q_m3day_mod",4340.863547
2024-02-16,"SMB","DOC_mgL_mod",1.96222477573309
2024-02-16,"CCS","Q_m3day_mod",9150.957012
2024-02-16,"CCS","DOC_mgL_mod",3.19175360147567
2024-02-16,"HPB","Q_m3day_mod",2955.081481
2024-02-16,"HPB","DOC_mgL_mod",3.22825954591673
2024-02-16,"CCR dam","Q_m3day_mod",45107.875155
2024-02-16,"CCR dam","DOC_mgL_mod",2.452507452853
2024-02-17,"SMB","Q_m3day_mod",3991.453191
2024-02-17,"SMB","DOC_mgL_mod",2.09460128928767
2024-02-17,"CCS","Q_m3day_mod",8596.547023
2024-02-17,"CCS","DOC_mgL_mod",3.32170346112233
2024-02-17,"HPB","Q_m3day_mod",2686.247937
2024-02-17,"HPB","DOC_mgL_mod",3.48104241280242
2024-02-17,"CCR dam","Q_m3day_mod",41971.835938
2024-02-17,"CCR dam","DOC_mgL_mod",2.60002445833443
2024-02-18,"SMB","Q_m3day_mod",3685.900629
2024-02-18,"SMB","DOC_mgL_mod",2.21815231145234
2024-02-18,"CCS","Q_m3day_mod",8051.09052
2024-02-18,"CCS","DOC_mgL_mod",3.46715515502613
2024-02-18,"HPB","Q_m3day_mod",2464.977479
2024-02-18,"HPB","DOC_mgL_mod",3.69491124263533
2024-02-18,"CCR dam","Q_m3day_mod",39201.173708
2024-02-18,"CCR dam","DOC_mgL_mod",2.75333592825496
2024-02-19,"SMB","Q_m3day_mod",3397.69615
2024-02-19,"SMB","DOC_mgL_mod",2.35785298223327
2024-02-19,"CCS","Q_m3day_mod",7463.554462
2024-02-19,"CCS","DOC_mgL_mod",3.6591224917091
2024-02-19,"HPB","Q_m3day_mod",2267.233053
2024-02-19,"HPB","DOC_mgL_mod",3.92482501444901
2024-02-19,"CCR dam","Q_m3day_mod",36426.391377
2024-02-19,"CCR dam","DOC_mgL_mod",2.89314960983323
2024-02-20,"SMB","Q_m3day_mod",3153.246719
2024-02-20,"SMB","DOC_mgL_mod",2.49334311604179
2024-02-20,"CCS","Q_m3day_mod",7010.313149
2024-02-20,"CCS","DOC_mgL_mod",3.8123261303687
2024-02-20,"HPB","Q_m3day_mod",2092.623353
2024-02-20,"HPB","DOC_mgL_mod",4.16176995612454
2024-02-20,"CCR dam","Q_m3day_mod",34006.867279
2024-02-20,"CCR dam","DOC_mgL_mod",3.02325701325298
2024-02-21,"SMB","Q_m3day_mod",2942.33951
2024-02-21,"SMB","DOC_mgL_mod",2.62564159361745
2024-02-21,"CCS","Q_m3day_mod",6612.4813
2024-02-21,"CCS","DOC_mgL_mod",3.95814654326508
2024-02-21,"HPB","Q_m3day_mod",1944.405789
2024-02-21,"HPB","DOC_mgL_mod",4.38628142759556
2024-02-21,"CCR dam","Q_m3day_mod",31858.878377
2024-02-21,"CCR dam","DOC_mgL_mod",3.15713248940409
2024-02-22,"SMB","Q_m3day_mod",2759.606379
2024-02-22,"SMB","DOC_mgL_mod",2.75179861076847
2024-02-22,"CCS","Q_m3day_mod",6262.669088
2024-02-22,"CCS","DOC_mgL_mod",4.09412818076713
2024-02-22,"HPB","Q_m3day_mod",1817.054009
2024-02-22,"HPB","DOC_mgL_mod",4.59362515294393
2024-02-22,"CCR dam","Q_m3day_mod",29955.120206
2024-02-22,"CCR dam","DOC_mgL_mod",3.27900436801873
2024-02-23,"SMB","Q_m3day_mod",2733.604884
2024-02-23,"SMB","DOC_mgL_mod",2.75741715421957
2024-02-23,"CCS","Q_m3day_mod",6495.07458
2024-02-23,"CCS","DOC_mgL_mod",3.90335163788065
2024-02-23,"HPB","Q_m3day_mod",1755.215938
2024-02-23,"HPB","DOC_mgL_mod",4.67031595516426
2024-02-23,"CCR dam","Q_m3day_mod",29755.554844
2024-02-23,"CCR dam","DOC_mgL_mod",3.27617046669379
2024-02-24,"SMB","Q_m3day_mod",2833.41485
2024-02-24,"SMB","DOC_mgL_mod",2.68081075385061
2024-02-24,"CCS","Q_m3day_mod",6741.48091
2024-02-24,"CCS","DOC_mgL_mod",3.69057931516118
2024-02-24,"HPB","Q_m3day_mod",1794.589965
2024-02-24,"HPB","DOC_mgL_mod",4.49016608649096
2024-02-24,"CCR dam","Q_m3day_mod",30402.041803
2024-02-24,"CCR dam","DOC_mgL_mod",3.26235424063567
2024-02-25,"SMB","Q_m3day_mod",2815.803626
2024-02-25,"SMB","DOC_mgL_mod",2.68630984425048
2024-02-25,"CCS","Q_m3day_mod",6297.176266
2024-02-25,"CCS","DOC_mgL_mod",3.85293010313204
2024-02-25,"HPB","Q_m3day_mod",1806.919817
2024-02-25,"HPB","DOC_mgL_mod",4.36578863421697
2024-02-25,"CCR dam","Q_m3day_mod",29547.478206
2024-02-25,"CCR dam","DOC_mgL_mod",3.28678776993832
2024-02-26,"SMB","Q_m3day_mod",2704.632456
2024-02-26,"SMB","DOC_mgL_mod",2.77273460331499
2024-02-26,"CCS","Q_m3day_mod",5947.901984
2024-02-26,"CCS","DOC_mgL_mod",4.00463727614782
2024-02-26,"HPB","Q_m3day_mod",1727.950664
2024-02-26,"HPB","DOC_mgL_mod",4.49030702186761
2024-02-26,"CCR dam","Q_m3day_mod",28206.728018
2024-02-26,"CCR dam","DOC_mgL_mod",3.36785180965969
2024-02-27,"SMB","Q_m3day_mod",2720.871513
2024-02-27,"SMB","DOC_mgL_mod",2.77811905629665
2024-02-27,"CCS","Q_m3day_mod",6253.066538
2024-02-27,"CCS","DOC_mgL_mod",3.81707436742456
2024-02-27,"HPB","Q_m3day_mod",1684.159
2024-02-27,"HPB","DOC_mgL_mod",4.53992942471584
2024-02-27,"CCR dam","Q_m3day_mod",28411.774247
2024-02-27,"CCR dam","DOC_mgL_mod",3.37775983877998
2024-02-28,"SMB","Q_m3day_mod",3352.790102
2024-02-28,"SMB","DOC_mgL_mod",3.00148523881559
2024-02-28,"CCS","Q_m3day_mod",7925.908489
2024-02-28,"CCS","DOC_mgL_mod",3.55122066310297
2024-02-28,"HPB","Q_m3day_mod",1855.896974
2024-02-28,"HPB","DOC_mgL_mod",4.25485364253846
2024-02-28,"CCR dam","Q_m3day_mod",33460.471929
2024-02-28,"CCR dam","DOC_mgL_mod",3.30599341918206
2024-02-29,"SMB","Q_m3day_mod",3816.1028
2024-02-29,"SMB","DOC_mgL_mod",2.3619801332396
2024-02-29,"CCS","Q_m3day_mod",8294.172562
2024-02-29,"CCS","DOC_mgL_mod",3.11214889816275
2024-02-29,"HPB","Q_m3day_mod",2188.359726
2024-02-29,"HPB","DOC_mgL_mod",3.89422538659899
2024-02-29,"CCR dam","Q_m3day_mod",36940.702406
2024-02-29,"CCR dam","DOC_mgL_mod",2.83655407654026
2024-03-01,"SMB","Q_m3day_mod",3686.145106
2024-03-01,"SMB","DOC_mgL_mod",2.40492078989795
2024-03-01,"CCS","Q_m3day_mod",7638.145644
2024-03-01,"CCS","DOC_mgL_mod",3.44366829672357
2024-03-01,"HPB","Q_m3day_mod",2305.641061
2024-03-01,"HPB","DOC_mgL_mod",3.68426904937047
2024-03-01,"CCR dam","Q_m3day_mod",36314.838527
2024-03-01,"CCR dam","DOC_mgL_mod",2.89542248471857
2024-03-02,"SMB","Q_m3day_mod",4242.117201
2024-03-02,"SMB","DOC_mgL_mod",3.05774673008616
2024-03-02,"CCS","Q_m3day_mod",9278.783701
2024-03-02,"CCS","DOC_mgL_mod",3.57849919450342
2024-03-02,"HPB","Q_m3day_mod",2405.522889
2024-03-02,"HPB","DOC_mgL_mod",3.89246680745261
2024-03-02,"CCR dam","Q_m3day_mod",40482.201727
2024-03-02,"CCR dam","DOC_mgL_mod",3.14418175321495
2024-03-03,"SMB","Q_m3day_mod",4537.281488
2024-03-03,"SMB","DOC_mgL_mod",2.22280456407072
2024-03-03,"CCS","Q_m3day_mod",9628.080011
2024-03-03,"CCS","DOC_mgL_mod",3.11741489120452
2024-03-03,"HPB","Q_m3day_mod",2687.74835
2024-03-03,"HPB","DOC_mgL_mod",3.78917542633781
2024-03-03,"CCR dam","Q_m3day_mod",42768.073924
2024-03-03,"CCR dam","DOC_mgL_mod",2.76287167408984
2024-03-04,"SMB","Q_m3day_mod",4074.155524
2024-03-04,"SMB","DOC_mgL_mod",2.4067129843814
2024-03-04,"CCS","Q_m3day_mod",8339.53529
2024-03-04,"CCS","DOC_mgL_mod",3.52985975553081
2024-03-04,"HPB","Q_m3day_mod",2703.489129
2024-03-04,"HPB","DOC_mgL_mod",3.69681198004181
2024-03-04,"CCR dam","Q_m3day_mod",39752.844664
2024-03-04,"CCR dam","DOC_mgL_mod",2.91750945071436
2024-03-05,"SMB","Q_m3day_mod",3752.760351
2024-03-05,"SMB","DOC_mgL_mod",2.5401976434386
2024-03-05,"CCS","Q_m3day_mod",7805.060301
2024-03-05,"CCS","DOC_mgL_mod",3.69384205735171
2024-03-05,"HPB","Q_m3day_mod",2483.840954
2024-03-05,"HPB","DOC_mgL_mod",3.94498809765579
2024-03-05,"CCR dam","Q_m3day_mod",37093.576968
2024-03-05,"CCR dam","DOC_mgL_mod",3.04367249611429
2024-03-06,"SMB","Q_m3day_mod",3741.290653
2024-03-06,"SMB","DOC_mgL_mod",2.63169155064307
2024-03-06,"CCS","Q_m3day_mod",8533.012246
2024-03-06,"CCS","DOC_mgL_mod",3.62567626860054
2024-03-06,"HPB","Q_m3day_mod",2396.330788
2024-03-06,"HPB","DOC_mgL_mod",4.13222083094147
2024-03-06,"CCR dam","Q_m3day_mod",37696.614809
2024-03-06,"CCR dam","DOC_mgL_mod",3.06901297599749
2024-03-07,"SMB","Q_m3day_mod",4008.523725
2024-03-07,"SMB","DOC_mgL_mod",2.64720648497596
2024-03-07,"CCS","Q_m3day_mod",9380.781605
2024-03-07,"CCS","DOC_mgL_mod",3.38375642207481
2024-03-07,"HPB","Q_m3day_mod",2553.404654
2024-03-07,"HPB","DOC_mgL_mod",4.17050622325685
2024-03-07,"CCR dam","Q_m3day_mod",40341.28939
2024-03-07,"CCR dam","DOC_mgL_mod",3.00964847271581
2024-03-08,"SMB","Q_m3day_mod",4014.389297
2024-03-08,"SMB","DOC_mgL_mod",2.54408559917999
2024-03-08,"CCS","Q_m3day_mod",8705.191506
2024-03-08,"CCS","DOC_mgL_mod",3.51198017630377
2024-03-08,"HPB","Q_m3day_mod",2664.694675
2024-03-08,"HPB","DOC_mgL_mod",3.99843558061675
2024-03-08,"CCR dam","Q_m3day_mod",39756.816233
2024-03-08,"CCR dam","DOC_mgL_mod",3.01213505875754
2024-03-09,"SMB","Q_m3day_mod",6878.844912
2024-03-09,"SMB","DOC_mgL_mod",5.29766995276023
2024-03-09,"CCS","Q_m3day_mod",16565.655403
2024-03-09,"CCS","DOC_mgL_mod",5.44797219334021
2024-03-09,"HPB","Q_m3day_mod",3471.990634
2024-03-09,"HPB","DOC_mgL_mod",5.39121558010516
2024-03-09,"CCR dam","Q_m3day_mod",63596.631108
2024-03-09,"CCR dam","DOC_mgL_mod",4.72114945035557
2024-03-10,"SMB","Q_m3day_mod",8513.388633
2024-03-10,"SMB","DOC_mgL_mod",1.95432285747033
2024-03-10,"CCS","Q_m3day_mod",20115.082664
2024-03-10,"CCS","DOC_mgL_mod",2.48520629196655
2024-03-10,"HPB","Q_m3day_mod",4672.192698
2024-03-10,"HPB","DOC_mgL_mod",3.80299596966666
2024-03-10,"CCR dam","Q_m3day_mod",78987.036041
2024-03-10,"CCR dam","DOC_mgL_mod",2.35335833975986
2024-03-11,"SMB","Q_m3day_mod",6867.962051
2024-03-11,"SMB","DOC_mgL_mod",2.3770151725901
2024-03-11,"CCS","Q_m3day_mod",14488.273965
2024-03-11,"CCS","DOC_mgL_mod",3.38817723343624
2024-03-11,"HPB","Q_m3day_mod",4927.129577
2024-03-11,"HPB","DOC_mgL_mod",3.77657005142733
2024-03-11,"CCR dam","Q_m3day_mod",66990.961888
2024-03-11,"CCR dam","DOC_mgL_mod",2.79291108422665
2024-03-12,"SMB","Q_m3day_mod",6295.221013
2024-03-12,"SMB","DOC_mgL_mod",2.51778451737736
2024-03-12,"CCS","Q_m3day_mod",13245.113974
2024-03-12,"CCS","DOC_mgL_mod",3.61190247920172
2024-03-12,"HPB","Q_m3day_mod",4613.279679
2024-03-12,"HPB","DOC_mgL_mod",3.9262067900306
2024-03-12,"CCR dam","Q_m3day_mod",62351.919009
2024-03-12,"CCR dam","DOC_mgL_mod",2.92092212869522
2024-03-13,"SMB","Q_m3day_mod",5767.08749
2024-03-13,"SMB","DOC_mgL_mod",2.66124278964251
2024-03-13,"CCS","Q_m3day_mod",12346.287621
2024-03-13,"CCS","DOC_mgL_mod",3.77879014584476
2024-03-13,"HPB","Q_m3day_mod",4227.130008
2024-03-13,"HPB","DOC_mgL_mod",4.17452739012138
2024-03-13,"CCR dam","Q_m3day_mod",57775.278139
2024-03-13,"CCR dam","DOC_mgL_mod",3.06957068338693
2024-03-14,"SMB","Q_m3day_mod",5304.109232
2024-03-14,"SMB","DOC_mgL_mod",2.79931829277229
2024-03-14,"CCS","Q_m3day_mod",11558.743033
2024-03-14,"CCS","DOC_mgL_mod",3.93838238898757
2024-03-14,"HPB","Q_m3day_mod",3898.935354
2024-03-14,"HPB","DOC_mgL_mod",4.4174238442631
2024-03-14,"CCR dam","Q_m3day_mod",53721.204182
2024-03-14,"CCR dam","DOC_mgL_mod",3.22180789942145
2024-03-15,"SMB","Q_m3day_mod",4912.717497
2024-03-15,"SMB","DOC_mgL_mod",2.93741905754041
2024-03-15,"CCS","Q_m3day_mod",10910.892623
2024-03-15,"CCS","DOC_mgL_mod",4.07360254891586
2024-03-15,"HPB","Q_m3day_mod",3623.576767
2024-03-15,"HPB","DOC_mgL_mod",4.65524841466675
2024-03-15,"CCR dam","Q_m3day_mod",50295.099741
2024-03-15,"CCR dam","DOC_mgL_mod",3.3633316341175
2024-03-16,"SMB","Q_m3day_mod",4574.035727
2024-03-16,"SMB","DOC_mgL_mod",3.07279628732117
2024-03-16,"CCS","Q_m3day_mod",10303.420013
2024-03-16,"CCS","DOC_mgL_mod",4.21298946808255
2024-03-16,"HPB","Q_m3day_mod",3388.807014
2024-03-16,"HPB","DOC_mgL_mod",4.86595428180969
2024-03-16,"CCR dam","Q_m3day_mod",47391.230912
2024-03-16,"CCR dam","DOC_mgL_mod",3.58609170366509
2024-03-17,"SMB","Q_m3day_mod",4268.336261
2024-03-17,"SMB","DOC_mgL_mod",3.19563857342494
2024-03-17,"CCS","Q_m3day_mod",9720.407281
2024-03-17,"CCS","DOC_mgL_mod",4.36297459293671
2024-03-17,"HPB","Q_m3day_mod",3182.332261
2024-03-17,"HPB","DOC_mgL_mod",5.06311996313574
2024-03-17,"CCR dam","Q_m3day_mod",44682.387945
2024-03-17,"CCR dam","DOC_mgL_mod",3.70566587004731
2024-03-18,"SMB","Q_m3day_mod",4002.015029
2024-03-18,"SMB","DOC_mgL_mod",3.31933036326436
2024-03-18,"CCS","Q_m3day_mod",9238.337936
2024-03-18,"CCS","DOC_mgL_mod",4.48666202591271
2024-03-18,"HPB","Q_m3day_mod",3002.083617
2024-03-18,"HPB","DOC_mgL_mod",5.24801504887597
2024-03-18,"CCR dam","Q_m3day_mod",42180.85019
2024-03-18,"CCR dam","DOC_mgL_mod",3.83669364820833
2024-03-19,"SMB","Q_m3day_mod",3768.53236
2024-03-19,"SMB","DOC_mgL_mod",3.433978738609
2024-03-19,"CCS","Q_m3day_mod",8808.638286
2024-03-19,"CCS","DOC_mgL_mod",4.60032058126447
2024-03-19,"HPB","Q_m3day_mod",2844.41253
2024-03-19,"HPB","DOC_mgL_mod",5.41102946132782
2024-03-19,"CCR dam","Q_m3day_mod",39952.575332
2024-03-19,"CCR dam","DOC_mgL_mod",3.94879926235039
2024-03-20,"SMB","Q_m3day_mod",3558.876944
2024-03-20,"SMB","DOC_mgL_mod",3.53244582429147
2024-03-20,"CCS","Q_m3day_mod",8424.942406
2024-03-20,"CCS","DOC_mgL_mod",4.70473483258136
2024-03-20,"HPB","Q_m3day_mod",2703.717119
2024-03-20,"HPB","DOC_mgL_mod",5.55278135219737
2024-03-20,"CCR dam","Q_m3day_mod",37904.273882
2024-03-20,"CCR dam","DOC_mgL_mod",4.0549437902038
2024-03-21,"SMB","Q_m3day_mod",3372.551198
2024-03-21,"SMB","DOC_mgL_mod",3.6363302675057
2024-03-21,"CCS","Q_m3day_mod",8082.253393
2024-03-21,"CCS","DOC_mgL_mod",4.80020708501932
2024-03-21,"HPB","Q_m3day_mod",2579.444156
2024-03-21,"HPB","DOC_mgL_mod",5.68815958502961
2024-03-21,"CCR dam","Q_m3day_mod",36039.386213
2024-03-21,"CCR dam","DOC_mgL_mod",4.16055642884153
2024-03-22,"SMB","Q_m3day_mod",3212.137166
2024-03-22,"SMB","DOC_mgL_mod",3.74573045240871
2024-03-22,"CCS","Q_m3day_mod",7774.661521
2024-03-22,"CCS","DOC_mgL_mod",4.88440427887793
2024-03-22,"HPB","Q_m3day_mod",2473.24756
2024-03-22,"HPB","DOC_mgL_mod",5.81655885672844
2024-03-22,"CCR dam","Q_m3day_mod",34366.426651
2024-03-22,"CCR dam","DOC_mgL_mod",4.26383870188425
2024-03-23,"SMB","Q_m3day_mod",5611.139245
2024-03-23,"SMB","DOC_mgL_mod",4.72983093828034
2024-03-23,"CCS","Q_m3day_mod",14696.674178
2024-03-23,"CCS","DOC_mgL_mod",4.52637849858442
2024-03-23,"HPB","Q_m3day_mod",3072.887236
2024-03-23,"HPB","DOC_mgL_mod",6.29700620748714
2024-03-23,"CCR dam","Q_m3day_mod",54150.244367
2024-03-23,"CCR dam","DOC_mgL_mod",4.58205688451533
2024-03-24,"SMB","Q_m3day_mod",6710.847624
2024-03-24,"SMB","DOC_mgL_mod",1.96558478735621
2024-03-24,"CCS","Q_m3day_mod",17048.123267
2024-03-24,"CCS","DOC_mgL_mod",2.74345564420771
2024-03-24,"HPB","Q_m3day_mod",4016.622727
2024-03-24,"HPB","DOC_mgL_mod",4.38892353058182
2024-03-24,"CCR dam","Q_m3day_mod",64778.129587
2024-03-24,"CCR dam","DOC_mgL_mod",2.72004457559022
2024-03-25,"SMB","Q_m3day_mod",5120.970223
2024-03-25,"SMB","DOC_mgL_mod",2.52175651051428
2024-03-25,"CCS","Q_m3day_mod",11916.177313
2024-03-25,"CCS","DOC_mgL_mod",3.82549191763609
2024-03-25,"HPB","Q_m3day_mod",4137.614948
2024-03-25,"HPB","DOC_mgL_mod",4.14958864364582
2024-03-25,"CCR dam","Q_m3day_mod",53247.53486
2024-03-25,"CCR dam","DOC_mgL_mod",3.24387411462601
2024-03-26,"SMB","Q_m3day_mod",7535.609948
2024-03-26,"SMB","DOC_mgL_mod",4.13556038795123
2024-03-26,"CCS","Q_m3day_mod",20905.259581
2024-03-26,"CCS","DOC_mgL_mod",5.32374637917202
2024-03-26,"HPB","Q_m3day_mod",4784.61416
2024-03-26,"HPB","DOC_mgL_mod",5.50804915897335
2024-03-26,"CCR dam","Q_m3day_mod",76309.409698
2024-03-26,"CCR dam","DOC_mgL_mod",4.43971459536634
2024-03-27,"SMB","Q_m3day_mod",9033.248919
2024-03-27,"SMB","DOC_mgL_mod",2.21222067267158
2024-03-27,"CCS","Q_m3day_mod",24142.428375
2024-03-27,"CCS","DOC_mgL_mod",2.73683073523875
2024-03-27,"HPB","Q_m3day_mod",5881.552747
2024-03-27,"HPB","DOC_mgL_mod",4.31499318151061
2024-03-27,"CCR dam","Q_m3day_mod",89651.974809
2024-03-27,"CCR dam","DOC_mgL_mod",2.70450818865464
2024-03-28,"SMB","Q_m3day_mod",7498.682145
2024-03-28,"SMB","DOC_mgL_mod",2.63709137387367
2024-03-28,"CCS","Q_m3day_mod",16917.184103
2024-03-28,"CCS","DOC_mgL_mod",3.70215158850778
2024-03-28,"HPB","Q_m3day_mod",5956.113351
2024-03-28,"HPB","DOC_mgL_mod",4.22446459917952
2024-03-28,"CCR dam","Q_m3day_mod",75351.875379
2024-03-28,"CCR dam","DOC_mgL_mod",3.13427633767719
2024-03-29,"SMB","Q_m3day_mod",6800.211626
2024-03-29,"SMB","DOC_mgL_mod",2.81462122837764
2024-03-29,"CCS","Q_m3day_mod",15308.061282
2024-03-29,"CCS","DOC_mgL_mod",3.95285130398265
2024-03-29,"HPB","Q_m3day_mod",5517.898743
2024-03-29,"HPB","DOC_mgL_mod",4.39548297814787
2024-03-29,"CCR dam","Q_m3day_mod",69705.286049
2024-03-29,"CCR dam","DOC_mgL_mod",3.28880796556589
2024-03-30,"SMB","Q_m3day_mod",6234.969684
2024-03-30,"SMB","DOC_mgL_mod",2.95048748147209
2024-03-30,"CCS","Q_m3day_mod",14271.430953
2024-03-30,"CCS","DOC_mgL_mod",4.09979070723112
2024-03-30,"HPB","Q_m3day_mod",5077.48571
2024-03-30,"HPB","DOC_mgL_mod",4.61300165825577
2024-03-30,"CCR dam","Q_m3day_mod",64680.209044
2024-03-30,"CCR dam","DOC_mgL_mod",3.42663085472139
2024-03-31,"SMB","Q_m3day_mod",5774.758074
2024-03-31,"SMB","DOC_mgL_mod",3.09322741682009
2024-03-31,"CCS","Q_m3day_mod",13478.019449
2024-03-31,"CCS","DOC_mgL_mod",4.20672341470814
2024-03-31,"HPB","Q_m3day_mod",4709.077999
2024-03-31,"HPB","DOC_mgL_mod",4.82301843478129
2024-03-31,"CCR dam","Q_m3day_mod",60534.911971
2024-03-31,"CCR dam","DOC_mgL_mod",3.55039254212447
2024-04-01,"SMB","Q_m3day_mod",5358.510015
2024-04-01,"SMB","DOC_mgL_mod",3.22472290835123
2024-04-01,"CCS","Q_m3day_mod",12692.347722
2024-04-01,"CCS","DOC_mgL_mod",4.32873343871346
2024-04-01,"HPB","Q_m3day_mod",4396.09758
2024-04-01,"HPB","DOC_mgL_mod",5.01540049982239
2024-04-01,"CCR dam","Q_m3day_mod",56797.603752
2024-04-01,"CCR dam","DOC_mgL_mod",3.72692131386874
2024-04-02,"SMB","Q_m3day_mod",4962.516473
2024-04-02,"SMB","DOC_mgL_mod",3.37959381923446
2024-04-02,"CCS","Q_m3day_mod",11884.054622
2024-04-02,"CCS","DOC_mgL_mod",4.49045478983326
2024-04-02,"HPB","Q_m3day_mod",4119.730986
2024-04-02,"HPB","DOC_mgL_mod",5.20038324657735
2024-04-02,"CCR dam","Q_m3day_mod",53218.911851
2024-04-02,"CCR dam","DOC_mgL_mod",3.87724763290369
2024-04-03,"SMB","Q_m3day_mod",7023.532229
2024-04-03,"SMB","DOC_mgL_mod",3.51307137142775
2024-04-03,"CCS","Q_m3day_mod",20066.548641
2024-04-03,"CCS","DOC_mgL_mod",4.87117948127271
2024-04-03,"HPB","Q_m3day_mod",4711.544119
2024-04-03,"HPB","DOC_mgL_mod",5.60288290489422
2024-04-03,"CCR dam","Q_m3day_mod",74311.970011
2024-04-03,"CCR dam","DOC_mgL_mod",4.2890008157881
2024-04-04,"SMB","Q_m3day_mod",8073.7595
2024-04-04,"SMB","DOC_mgL_mod",2.60997370555811
2024-04-04,"CCS","Q_m3day_mod",22200.788801
2024-04-04,"CCS","DOC_mgL_mod",2.87641085965034
2024-04-04,"HPB","Q_m3day_mod",5540.291131
2024-04-04,"HPB","DOC_mgL_mod",4.72459106950855
2024-04-04,"CCR dam","Q_m3day_mod",83359.953241
2024-04-04,"CCR dam","DOC_mgL_mod",2.89184423248254
2024-04-05,"SMB","Q_m3day_mod",6593.190404
2024-04-05,"SMB","DOC_mgL_mod",3.12851574671436
2024-04-05,"CCS","Q_m3day_mod",15127.70972
2024-04-05,"CCS","DOC_mgL_mod",4.06813596632128
2024-04-05,"HPB","Q_m3day_mod",5446.926649
2024-04-05,"HPB","DOC_mgL_mod",4.67084681683218
2024-04-05,"CCR dam","Q_m3day_mod",67465.343508
2024-04-05,"CCR dam","DOC_mgL_mod",3.4909241953548
2024-04-06,"SMB","Q_m3day_mod",6053.515347
2024-04-06,"SMB","DOC_mgL_mod",3.28264964420185
2024-04-06,"CCS","Q_m3day_mod",13988.640516
2024-04-06,"CCS","DOC_mgL_mod",4.25906076661667
2024-04-06,"HPB","Q_m3day_mod",5063.789979
2024-04-06,"HPB","DOC_mgL_mod",4.87615602195179
2024-04-06,"CCR dam","Q_m3day_mod",63144.206318
2024-04-06,"CCR dam","DOC_mgL_mod",3.62038599153052
2024-04-07,"SMB","Q_m3day_mod",5600.037545
2024-04-07,"SMB","DOC_mgL_mod",3.43193591927963
2024-04-07,"CCS","Q_m3day_mod",13143.751131
2024-04-07,"CCS","DOC_mgL_mod",4.39263110086043
2024-04-07,"HPB","Q_m3day_mod",4725.085768
2024-04-07,"HPB","DOC_mgL_mod",5.07859564423466
2024-04-07,"CCR dam","Q_m3day_mod",59109.072117
2024-04-07,"CCR dam","DOC_mgL_mod",3.75069667074402
2024-04-08,"SMB","Q_m3day_mod",5210.020877
2024-04-08,"SMB","DOC_mgL_mod",3.58402978430138
2024-04-08,"CCS","Q_m3day_mod",12397.250952
2024-04-08,"CCS","DOC_mgL_mod",4.51768704342995
2024-04-08,"HPB","Q_m3day_mod",4432.656271
2024-04-08,"HPB","DOC_mgL_mod",5.26533720936017
2024-04-08,"CCR dam","Q_m3day_mod",55419.128929
2024-04-08,"CCR dam","DOC_mgL_mod",3.87901982861207
2024-04-09,"SMB","Q_m3day_mod",5023.796721
2024-04-09,"SMB","DOC_mgL_mod",3.69040011561407
2024-04-09,"CCS","Q_m3day_mod",12193.803675
2024-04-09,"CCS","DOC_mgL_mod",4.48206658534709
2024-04-09,"HPB","Q_m3day_mod",4214.550786
2024-04-09,"HPB","DOC_mgL_mod",5.41144742537218
2024-04-09,"CCR dam","Q_m3day_mod",53401.019539
2024-04-09,"CCR dam","DOC_mgL_mod",3.95581398676711
2024-04-10,"SMB","Q_m3day_mod",4800.395232
2024-04-10,"SMB","DOC_mgL_mod",3.73678606303557
2024-04-10,"CCS","Q_m3day_mod",11703.203208
2024-04-10,"CCS","DOC_mgL_mod",4.52125704899578
2024-04-10,"HPB","Q_m3day_mod",4034.211178
2024-04-10,"HPB","DOC_mgL_mod",5.4922409914556
2024-04-10,"CCR dam","Q_m3day_mod",51224.723935
2024-04-10,"CCR dam","DOC_mgL_mod",4.08364523868273
2024-04-11,"SMB","Q_m3day_mod",5602.882879
2024-04-11,"SMB","DOC_mgL_mod",3.71925675585767
2024-04-11,"CCS","Q_m3day_mod",14603.052739
2024-04-11,"CCS","DOC_mgL_mod",4.52220581410584
2024-04-11,"HPB","Q_m3day_mod",4206.276823
2024-04-11,"HPB","DOC_mgL_mod",5.59982164540482
2024-04-11,"CCR dam","Q_m3day_mod",58946.669048
2024-04-11,"CCR dam","DOC_mgL_mod",4.26282441498746
2024-04-12,"SMB","Q_m3day_mod",8727.666128
2024-04-12,"SMB","DOC_mgL_mod",3.59838237845113
2024-04-12,"CCS","Q_m3day_mod",25697.333862
2024-04-12,"CCS","DOC_mgL_mod",5.08897929654022
2024-04-12,"HPB","Q_m3day_mod",5572.564863
2024-04-12,"HPB","DOC_mgL_mod",5.85554063563351
2024-04-12,"CCR dam","Q_m3day_mod",90057.511256
2024-04-12,"CCR dam","DOC_mgL_mod",4.38514338773368
2024-04-13,"SMB","Q_m3day_mod",9473.644014
2024-04-13,"SMB","DOC_mgL_mod",2.94635516795343
2024-04-13,"CCS","Q_m3day_mod",25509.78099
2024-04-13,"CCS","DOC_mgL_mod",2.91320219601776
2024-04-13,"HPB","Q_m3day_mod",6837.623257
2024-04-13,"HPB","DOC_mgL_mod",4.95741995806775
2024-04-13,"CCR dam","Q_m3day_mod",95420.997424
2024-04-13,"CCR dam","DOC_mgL_mod",3.00006296023058
2024-04-14,"SMB","Q_m3day_mod",7841.349797
2024-04-14,"SMB","DOC_mgL_mod",3.55685828614234
2024-04-14,"CCS","Q_m3day_mod",17184.734896
2024-04-14,"CCS","DOC_mgL_mod",4.18983652850876
2024-04-14,"HPB","Q_m3day_mod",6764.085343
2024-04-14,"HPB","DOC_mgL_mod",4.88518377938508
2024-04-14,"CCR dam","Q_m3day_mod",77274.017589
2024-04-14,"CCR dam","DOC_mgL_mod",3.67146822246222
2024-04-15,"SMB","Q_m3day_mod",7294.081565
2024-04-15,"SMB","DOC_mgL_mod",3.71847912013306
2024-04-15,"CCS","Q_m3day_mod",16089.696478
2024-04-15,"CCS","DOC_mgL_mod",4.32822272907515
2024-04-15,"HPB","Q_m3day_mod",6303.212112
2024-04-15,"HPB","DOC_mgL_mod",5.08672553458249
2024-04-15,"CCR dam","Q_m3day_mod",72742.845435
2024-04-15,"CCR dam","DOC_mgL_mod",3.7783949521963
2024-04-16,"SMB","Q_m3day_mod",6774.423566
2024-04-16,"SMB","DOC_mgL_mod",3.87812184225624
2024-04-16,"CCS","Q_m3day_mod",15106.34101
2024-04-16,"CCS","DOC_mgL_mod",4.46093795680838
2024-04-16,"HPB","Q_m3day_mod",5892.311681
2024-04-16,"HPB","DOC_mgL_mod",5.27953062977152
2024-04-16,"CCR dam","Q_m3day_mod",67981.664131
2024-04-16,"CCR dam","DOC_mgL_mod",3.95635651815933
2024-04-17,"SMB","Q_m3day_mod",6314.897335
2024-04-17,"SMB","DOC_mgL_mod",4.04042039742836
2024-04-17,"CCS","Q_m3day_mod",14230.210093
2024-04-17,"CCS","DOC_mgL_mod",4.59221681007686
2024-04-17,"HPB","Q_m3day_mod",5534.20319
2024-04-17,"HPB","DOC_mgL_mod",5.46100838050364
2024-04-17,"CCR dam","Q_m3day_mod",63734.076476
2024-04-17,"CCR dam","DOC_mgL_mod",4.09215939762164
2024-04-18,"SMB","Q_m3day_mod",5917.06504
2024-04-18,"SMB","DOC_mgL_mod",4.20540924120043
2024-04-18,"CCS","Q_m3day_mod",13470.308613
2024-04-18,"CCS","DOC_mgL_mod",4.71457498298966
2024-04-18,"HPB","Q_m3day_mod",5223.726837
2024-04-18,"HPB","DOC_mgL_mod",5.6299306831461
2024-04-18,"CCR dam","Q_m3day_mod",60084.495472
2024-04-18,"CCR dam","DOC_mgL_mod",4.23440020593271
2024-04-19,"SMB","Q_m3day_mod",5580.504061
2024-04-19,"SMB","DOC_mgL_mod",4.36486018713427
2024-04-19,"CCS","Q_m3day_mod",12828.512387
2024-04-19,"CCS","DOC_mgL_mod",4.81441714649529
2024-04-19,"HPB","Q_m3day_mod",4954.173202
2024-04-19,"HPB","DOC_mgL_mod",5.78185477819716
2024-04-19,"CCR dam","Q_m3day_mod",56920.951675
2024-04-19,"CCR dam","DOC_mgL_mod",4.39602101926733
2024-04-20,"SMB","Q_m3day_mod",5289.501994
2024-04-20,"SMB","DOC_mgL_mod",4.5207091380482
2024-04-20,"CCS","Q_m3day_mod",12227.013501
2024-04-20,"CCS","DOC_mgL_mod",4.91471036611559
2024-04-20,"HPB","Q_m3day_mod",4717.284681
2024-04-20,"HPB","DOC_mgL_mod",5.91954734308731
2024-04-20,"CCR dam","Q_m3day_mod",54099.330653
2024-04-20,"CCR dam","DOC_mgL_mod",4.52285263138337
2024-04-21,"SMB","Q_m3day_mod",5094.694373
2024-04-21,"SMB","DOC_mgL_mod",4.62793413574605
2024-04-21,"CCS","Q_m3day_mod",11913.576798
2024-04-21,"CCS","DOC_mgL_mod",4.92389153942817
2024-04-21,"HPB","Q_m3day_mod",4531.060038
2024-04-21,"HPB","DOC_mgL_mod",6.01379804537474
2024-04-21,"CCR dam","Q_m3day_mod",52194.000657
2024-04-21,"CCR dam","DOC_mgL_mod",4.60206531356943
2024-04-22,"SMB","Q_m3day_mod",4885.644373
2024-04-22,"SMB","DOC_mgL_mod",4.6947809232205
2024-04-22,"CCS","Q_m3day_mod",11471.706652
2024-04-22,"CCS","DOC_mgL_mod",4.97050541211834
2024-04-22,"HPB","Q_m3day_mod",4363.165344
2024-04-22,"HPB","DOC_mgL_mod",6.09033073581362
2024-04-22,"CCR dam","Q_m3day_mod",50209.730719
2024-04-22,"CCR dam","DOC_mgL_mod",4.66172585768175
2024-04-23,"SMB","Q_m3day_mod",4618.39407
2024-04-23,"SMB","DOC_mgL_mod",4.8296528321153
2024-04-23,"CCS","Q_m3day_mod",10813.036606
2024-04-23,"CCS","DOC_mgL_mod",5.1398753213469
2024-04-23,"HPB","Q_m3day_mod",4186.135875
2024-04-23,"HPB","DOC_mgL_mod",6.19076178457776
2024-04-23,"CCR dam","Q_m3day_mod",47683.679635
2024-04-23,"CCR dam","DOC_mgL_mod",4.76647150009735
2024-04-24,"SMB","Q_m3day_mod",4400.645082
2024-04-24,"SMB","DOC_mgL_mod",4.92995903912798
2024-04-24,"CCS","Q_m3day_mod",10402.444389
2024-04-24,"CCS","DOC_mgL_mod",5.21268347825435
2024-04-24,"HPB","Q_m3day_mod",4026.616427
2024-04-24,"HPB","DOC_mgL_mod",6.27917768140571
2024-04-24,"CCR dam","Q_m3day_mod",45506.254901
2024-04-24,"CCR dam","DOC_mgL_mod",4.85511278571827
2024-04-25,"SMB","Q_m3day_mod",4206.82798
2024-04-25,"SMB","DOC_mgL_mod",5.02994420038064
2024-04-25,"CCS","Q_m3day_mod",10037.391089
2024-04-25,"CCS","DOC_mgL_mod",5.281520818502
2024-04-25,"HPB","Q_m3day_mod",3883.310424
2024-04-25,"HPB","DOC_mgL_mod",6.35858257619428
2024-04-25,"CCR dam","Q_m3day_mod",43544.201583
2024-04-25,"CCR dam","DOC_mgL_mod",4.94225160127906
2024-04-26,"SMB","Q_m3day_mod",4035.931853
2024-04-26,"SMB","DOC_mgL_mod",5.12397402959817
2024-04-26,"CCS","Q_m3day_mod",9715.134272
2024-04-26,"CCS","DOC_mgL_mod",5.34398892968795
2024-04-26,"HPB","Q_m3day_mod",3754.365068
2024-04-26,"HPB","DOC_mgL_mod",6.4270494645461
2024-04-26,"CCR dam","Q_m3day_mod",41810.064832
2024-04-26,"CCR dam","DOC_mgL_mod",5.01765545791345
2024-04-27,"SMB","Q_m3day_mod",3882.427735
2024-04-27,"SMB","DOC_mgL_mod",5.20217538575769
2024-04-27,"CCS","Q_m3day_mod",9421.515308
2024-04-27,"CCS","DOC_mgL_mod",5.39414609419005
2024-04-27,"HPB","Q_m3day_mod",3636.841057
2024-04-27,"HPB","DOC_mgL_mod",6.48466062452946
2024-04-27,"CCR dam","Q_m3day_mod",40256.512926
2024-04-27,"CCR dam","DOC_mgL_mod",5.10851748083671
2024-04-28,"SMB","Q_m3day_mod",3743.515082
2024-04-28,"SMB","DOC_mgL_mod",5.27643125974723
2024-04-28,"CCS","Q_m3day_mod",9147.301845
2024-04-28,"CCS","DOC_mgL_mod",5.43974287097552
2024-04-28,"HPB","Q_m3day_mod",3529.166736
2024-04-28,"HPB","DOC_mgL_mod",6.53576657762083
2024-04-28,"CCR dam","Q_m3day_mod",38812.890354
2024-04-28,"CCR dam","DOC_mgL_mod",5.16700761450331
2024-04-29,"SMB","Q_m3day_mod",3615.519272
2024-04-29,"SMB","DOC_mgL_mod",5.33184545558688
2024-04-29,"CCS","Q_m3day_mod",8894.42394
2024-04-29,"CCS","DOC_mgL_mod",5.48129708330498
2024-04-29,"HPB","Q_m3day_mod",3429.397724
2024-04-29,"HPB","DOC_mgL_mod",6.57683121504282
2024-04-29,"CCR dam","Q_m3day_mod",37427.101244
2024-04-29,"CCR dam","DOC_mgL_mod",5.22827025059467
2024-04-30,"SMB","Q_m3day_mod",3530.338141
2024-04-30,"SMB","DOC_mgL_mod",5.3802976489441
2024-04-30,"CCS","Q_m3day_mod",8789.354738
2024-04-30,"CCS","DOC_mgL_mod",5.44365444634304
2024-04-30,"HPB","Q_m3day_mod",3351.501439
2024-04-30,"HPB","DOC_mgL_mod",6.59650917727086
2024-04-30,"CCR dam","Q_m3day_mod",36434.566253
2024-04-30,"CCR dam","DOC_mgL_mod",5.23898922453298
2024-05-01,"SMB","Q_m3day_mod",3466.844867
2024-05-01,"SMB","DOC_mgL_mod",5.40112716846294
2024-05-01,"CCS","Q_m3day_mod",8688.195403
2024-05-01,"CCS","DOC_mgL_mod",5.39753744302383
2024-05-01,"HPB","Q_m3day_mod",3288.105623
2024-05-01,"HPB","DOC_mgL_mod",6.59544810492239
2024-05-01,"CCR dam","Q_m3day_mod",35676.808213
2024-05-01,"CCR dam","DOC_mgL_mod",5.50087605450335
2024-05-02,"SMB","Q_m3day_mod",3365.711704
2024-05-02,"SMB","DOC_mgL_mod",5.44772149623187
2024-05-02,"CCS","Q_m3day_mod",8394.986046
2024-05-02,"CCS","DOC_mgL_mod",5.4820496124503
2024-05-02,"HPB","Q_m3day_mod",3212.213492
2024-05-02,"HPB","DOC_mgL_mod",6.61607643854576
2024-05-02,"CCR dam","Q_m3day_mod",34556.355032
2024-05-02,"CCR dam","DOC_mgL_mod",5.5597212096614
2024-05-03,"SMB","Q_m3day_mod",3260.109189
2024-05-03,"SMB","DOC_mgL_mod",5.51356379738728
2024-05-03,"CCS","Q_m3day_mod",8127.446937
2024-05-03,"CCS","DOC_mgL_mod",5.56549311864182
2024-05-03,"HPB","Q_m3day_mod",3133.680962
2024-05-03,"HPB","DOC_mgL_mod",6.65488294848313
2024-05-03,"CCR dam","Q_m3day_mod",33329.302428
2024-05-03,"CCR dam","DOC_mgL_mod",5.60652898162721
2024-05-04,"SMB","Q_m3day_mod",3439.903381
2024-05-04,"SMB","DOC_mgL_mod",5.27129631028436
2024-05-04,"CCS","Q_m3day_mod",9003.570439
2024-05-04,"CCS","DOC_mgL_mod",5.13055462973982
2024-05-04,"HPB","Q_m3day_mod",3198.476744
2024-05-04,"HPB","DOC_mgL_mod",6.75244240575288
2024-05-04,"CCR dam","Q_m3day_mod",34956.813769
2024-05-04,"CCR dam","DOC_mgL_mod",5.37422550125552
2024-05-05,"SMB","Q_m3day_mod",5112.318528
2024-05-05,"SMB","DOC_mgL_mod",5.18011932452109
2024-05-05,"CCS","Q_m3day_mod",14427.819479
2024-05-05,"CCS","DOC_mgL_mod",4.81071724670696
2024-05-05,"HPB","Q_m3day_mod",3783.677328
2024-05-05,"HPB","DOC_mgL_mod",6.48245816800792
2024-05-05,"CCR dam","Q_m3day_mod",50504.591559
2024-05-05,"CCR dam","DOC_mgL_mod",5.14221364797316
2024-05-06,"SMB","Q_m3day_mod",7524.878485
2024-05-06,"SMB","DOC_mgL_mod",4.00534175536258
2024-05-06,"CCS","Q_m3day_mod",22019.150482
2024-05-06,"CCS","DOC_mgL_mod",4.30455616702752
2024-05-06,"HPB","Q_m3day_mod",4992.665213
2024-05-06,"HPB","DOC_mgL_mod",5.65150451637142
2024-05-06,"CCR dam","Q_m3day_mod",74833.941815
2024-05-06,"CCR dam","DOC_mgL_mod",4.2672120732252
2024-05-07,"SMB","Q_m3day_mod",7557.569182
2024-05-07,"SMB","DOC_mgL_mod",2.99822991418565
2024-05-07,"CCS","Q_m3day_mod",19739.622089
2024-05-07,"CCS","DOC_mgL_mod",2.75803608369678
2024-05-07,"HPB","Q_m3day_mod",5781.37874
2024-05-07,"HPB","DOC_mgL_mod",4.63909928862401
2024-05-07,"CCR dam","Q_m3day_mod",74416.729233
2024-05-07,"CCR dam","DOC_mgL_mod",2.97532023084151
2024-05-08,"SMB","Q_m3day_mod",6243.749949
2024-05-08,"SMB","DOC_mgL_mod",3.3653509784397
2024-05-08,"CCS","Q_m3day_mod",13328.166237
2024-05-08,"CCS","DOC_mgL_mod",3.57389825074103
2024-05-08,"HPB","Q_m3day_mod",5541.204114
2024-05-08,"HPB","DOC_mgL_mod",4.49434445792733
2024-05-08,"CCR dam","Q_m3day_mod",59919.668157
2024-05-08,"CCR dam","DOC_mgL_mod",3.42023255975022
2024-05-09,"SMB","Q_m3day_mod",5903.948967
2024-05-09,"SMB","DOC_mgL_mod",3.78700936017085
2024-05-09,"CCS","Q_m3day_mod",13137.71562
2024-05-09,"CCS","DOC_mgL_mod",4.04811928787967
2024-05-09,"HPB","Q_m3day_mod",5199.905222
2024-05-09,"HPB","DOC_mgL_mod",4.96339815787512
2024-05-09,"CCR dam","Q_m3day_mod",57857.025377
2024-05-09,"CCR dam","DOC_mgL_mod",3.73376264321181
2024-05-10,"SMB","Q_m3day_mod",5722.711739
2024-05-10,"SMB","DOC_mgL_mod",3.71208457962834
2024-05-10,"CCS","Q_m3day_mod",13067.964497
2024-05-10,"CCS","DOC_mgL_mod",3.86266430487992
2024-05-10,"HPB","Q_m3day_mod",5017.494013
2024-05-10,"HPB","DOC_mgL_mod",4.92171389462901
2024-05-10,"CCR dam","Q_m3day_mod",56433.054715
2024-05-10,"CCR dam","DOC_mgL_mod",3.68359113377476
2024-05-11,"SMB","Q_m3day_mod",5318.381364
2024-05-11,"SMB","DOC_mgL_mod",3.94366604508131
2024-05-11,"CCS","Q_m3day_mod",11835.495555
2024-05-11,"CCS","DOC_mgL_mod",4.17866406777591
2024-05-11,"HPB","Q_m3day_mod",4723.732337
2024-05-11,"HPB","DOC_mgL_mod",5.1276931612478
2024-05-11,"CCR dam","Q_m3day_mod",52323.416523
2024-05-11,"CCR dam","DOC_mgL_mod",3.89928665897259
2024-05-12,"SMB","Q_m3day_mod",4786.668358
2024-05-12,"SMB","DOC_mgL_mod",3.85441785812561
2024-05-12,"CCS","Q_m3day_mod",10351.434441
2024-05-12,"CCS","DOC_mgL_mod",3.70618296610627
2024-05-12,"HPB","Q_m3day_mod",4336.429751
2024-05-12,"HPB","DOC_mgL_mod",5.10217420099976
2024-05-12,"CCR dam","Q_m3day_mod",47106.462594
2024-05-12,"CCR dam","DOC_mgL_mod",3.70867372287581
2024-05-13,"SMB","Q_m3day_mod",4191.548006
2024-05-13,"SMB","DOC_mgL_mod",3.98819958069687
2024-05-13,"CCS","Q_m3day_mod",8671.334788
2024-05-13,"CCS","DOC_mgL_mod",3.91652505990177
2024-05-13,"HPB","Q_m3day_mod",3894.03437
2024-05-13,"HPB","DOC_mgL_mod",5.21688256182495
2024-05-13,"CCR dam","Q_m3day_mod",41160.379552
2024-05-13,"CCR dam","DOC_mgL_mod",3.84046750104176
2024-05-14,"SMB","Q_m3day_mod",4377.266649
2024-05-14,"SMB","DOC_mgL_mod",4.55670206989942
2024-05-14,"CCS","Q_m3day_mod",10976.284198
2024-05-14,"CCS","DOC_mgL_mod",5.00849094359428
2024-05-14,"HPB","Q_m3day_mod",3747.23835
2024-05-14,"HPB","DOC_mgL_mod",5.88908362341029
2024-05-14,"CCR dam","Q_m3day_mod",45601.52467
2024-05-14,"CCR dam","DOC_mgL_mod",4.44453341125535
2024-05-15,"SMB","Q_m3day_mod",5130.162381
2024-05-15,"SMB","DOC_mgL_mod",3.77254920266821
2024-05-15,"CCS","Q_m3day_mod",13448.512501
2024-05-15,"CCS","DOC_mgL_mod",3.52005398340374
2024-05-15,"HPB","Q_m3day_mod",4159.61211
2024-05-15,"HPB","DOC_mgL_mod",5.07785328089162
2024-05-15,"CCR dam","Q_m3day_mod",53814.931977
2024-05-15,"CCR dam","DOC_mgL_mod",3.54660858963033
2024-05-16,"SMB","Q_m3day_mod",5277.346886
2024-05-16,"SMB","DOC_mgL_mod",3.53516462021708
2024-05-16,"CCS","Q_m3day_mod",12170.961024
2024-05-16,"CCS","DOC_mgL_mod",3.71170936386362
2024-05-16,"HPB","Q_m3day_mod",4429.979101
2024-05-16,"HPB","DOC_mgL_mod",4.77054846494184
2024-05-16,"CCR dam","Q_m3day_mod",53151.906698
2024-05-16,"CCR dam","DOC_mgL_mod",3.48710726509035
2024-05-17,"SMB","Q_m3day_mod",4969.961022
2024-05-17,"SMB","DOC_mgL_mod",3.7267133319582
2024-05-17,"CCS","Q_m3day_mod",11081.398306
2024-05-17,"CCS","DOC_mgL_mod",4.00491786094996
2024-05-17,"HPB","Q_m3day_mod",4218.083894
2024-05-17,"HPB","DOC_mgL_mod",4.94161342538722
2024-05-17,"CCR dam","Q_m3day_mod",49862.107458
2024-05-17,"CCR dam","DOC_mgL_mod",3.64825534406516
2024-05-18,"SMB","Q_m3day_mod",8676.634039
2024-05-18,"SMB","DOC_mgL_mod",5.25630904737989
2024-05-18,"CCS","Q_m3day_mod",25740.138433
2024-05-18,"CCS","DOC_mgL_mod",6.2885364980197
2024-05-18,"HPB","Q_m3day_mod",5939.049496
2024-05-18,"HPB","DOC_mgL_mod",7.42488002999462
2024-05-18,"CCR dam","Q_m3day_mod",89198.871138
2024-05-18,"CCR dam","DOC_mgL_mod",5.38522286068889
2024-05-19,"SMB","Q_m3day_mod",10906.482849
2024-05-19,"SMB","DOC_mgL_mod",3.13391773252859
2024-05-19,"CCS","Q_m3day_mod",30149.71273
2024-05-19,"CCS","DOC_mgL_mod",2.63543738249078
2024-05-19,"HPB","Q_m3day_mod",8076.005095
2024-05-19,"HPB","DOC_mgL_mod",5.02277914920013
2024-05-19,"CCR dam","Q_m3day_mod",108658.353676
2024-05-19,"CCR dam","DOC_mgL_mod",2.81528285355907
2024-05-20,"SMB","Q_m3day_mod",8608.375783
2024-05-20,"SMB","DOC_mgL_mod",3.56975471037008
2024-05-20,"CCS","Q_m3day_mod",17136.970516
2024-05-20,"CCS","DOC_mgL_mod",3.06175995057072
2024-05-20,"HPB","Q_m3day_mod",7711.37244
2024-05-20,"HPB","DOC_mgL_mod",4.44814334502562
2024-05-20,"CCR dam","Q_m3day_mod",80514.767455
2024-05-20,"CCR dam","DOC_mgL_mod",3.04697023607643
2024-05-21,"SMB","Q_m3day_mod",7874.117363
2024-05-21,"SMB","DOC_mgL_mod",4.20129247189632
2024-05-21,"CCS","Q_m3day_mod",15169.961994
2024-05-21,"CCS","DOC_mgL_mod",4.36855478123223
2024-05-21,"HPB","Q_m3day_mod",6913.092564
2024-05-21,"HPB","DOC_mgL_mod",5.05453234952518
2024-05-21,"CCR dam","Q_m3day_mod",73567.949282
2024-05-21,"CCR dam","DOC_mgL_mod",3.7455169362376
2024-05-22,"SMB","Q_m3day_mod",7607.165665
2024-05-22,"SMB","DOC_mgL_mod",4.34650978512639
2024-05-22,"CCS","Q_m3day_mod",15447.717399
2024-05-22,"CCS","DOC_mgL_mod",4.31232513382931
2024-05-22,"HPB","Q_m3day_mod",6564.303437
2024-05-22,"HPB","DOC_mgL_mod",5.22811754961839
2024-05-22,"CCR dam","Q_m3day_mod",71608.980361
2024-05-22,"CCR dam","DOC_mgL_mod",3.85852023876159
2024-05-23,"SMB","Q_m3day_mod",7333.811747
2024-05-23,"SMB","DOC_mgL_mod",4.49762703733061
2024-05-23,"CCS","Q_m3day_mod",15571.759859
2024-05-23,"CCS","DOC_mgL_mod",4.34348337069356
2024-05-23,"HPB","Q_m3day_mod",6275.786726
2024-05-23,"HPB","DOC_mgL_mod",5.44888656880721
2024-05-23,"CCR dam","Q_m3day_mod",69620.02626
2024-05-23,"CCR dam","DOC_mgL_mod",3.97408640678671
2024-05-24,"SMB","Q_m3day_mod",7354.247196
2024-05-24,"SMB","DOC_mgL_mod",4.50864909980652
2024-05-24,"CCS","Q_m3day_mod",16149.826913
2024-05-24,"CCS","DOC_mgL_mod",4.11499085148121
2024-05-24,"HPB","Q_m3day_mod",6132.371201
2024-05-24,"HPB","DOC_mgL_mod",5.3678387887922
2024-05-24,"CCR dam","Q_m3day_mod",69993.801802
2024-05-24,"CCR dam","DOC_mgL_mod",3.93557562109919
2024-05-25,"SMB","Q_m3day_mod",7086.380201
2024-05-25,"SMB","DOC_mgL_mod",4.58303098038925
2024-05-25,"CCS","Q_m3day_mod",15220.513173
2024-05-25,"CCS","DOC_mgL_mod",4.22856176191031
2024-05-25,"HPB","Q_m3day_mod",5879.877125
2024-05-25,"HPB","DOC_mgL_mod",5.47572327032259
2024-05-25,"CCR dam","Q_m3day_mod",67048.919473
2024-05-25,"CCR dam","DOC_mgL_mod",3.98822534504351
2024-05-26,"SMB","Q_m3day_mod",6529.868986
2024-05-26,"SMB","DOC_mgL_mod",4.90554405741947
2024-05-26,"CCS","Q_m3day_mod",13630.343769
2024-05-26,"CCS","DOC_mgL_mod",4.61213679312889
2024-05-26,"HPB","Q_m3day_mod",5531.345473
2024-05-26,"HPB","DOC_mgL_mod",5.69506644518351
2024-05-26,"CCR dam","Q_m3day_mod",61754.234575
2024-05-26,"CCR dam","DOC_mgL_mod",4.24000073520464
2024-05-27,"SMB","Q_m3day_mod",6258.318231
2024-05-27,"SMB","DOC_mgL_mod",5.06111048222278
2024-05-27,"CCS","Q_m3day_mod",13334.677322
2024-05-27,"CCS","DOC_mgL_mod",4.65157862482846
2024-05-27,"HPB","Q_m3day_mod",5295.217817
2024-05-27,"HPB","DOC_mgL_mod",5.83676084122075
2024-05-27,"CCR dam","Q_m3day_mod",59510.725733
2024-05-27,"CCR dam","DOC_mgL_mod",4.34952181832435
2024-05-28,"SMB","Q_m3day_mod",5547.258325
2024-05-28,"SMB","DOC_mgL_mod",4.62111704523874
2024-05-28,"CCS","Q_m3day_mod",11191.478982
2024-05-28,"CCS","DOC_mgL_mod",3.476856817815
2024-05-28,"HPB","Q_m3day_mod",4796.73911
2024-05-28,"HPB","DOC_mgL_mod",5.42100151867546
2024-05-28,"CCR dam","Q_m3day_mod",52610.394581
2024-05-28,"CCR dam","DOC_mgL_mod",3.75580912429348
2024-05-29,"SMB","Q_m3day_mod",4559.833466
2024-05-29,"SMB","DOC_mgL_mod",4.86465353732723
2024-05-29,"CCS","Q_m3day_mod",8219.499764
2024-05-29,"CCS","DOC_mgL_mod",4.07656195170857
2024-05-29,"HPB","Q_m3day_mod",4106.93229
2024-05-29,"HPB","DOC_mgL_mod",5.56467172727603
2024-05-29,"CCR dam","Q_m3day_mod",43130.773668
2024-05-29,"CCR dam","DOC_mgL_mod",4.03130259935499
2024-05-30,"SMB","Q_m3day_mod",3940.13906
2024-05-30,"SMB","DOC_mgL_mod",4.83755514963982
2024-05-30,"CCS","Q_m3day_mod",7110.795286
2024-05-30,"CCS","DOC_mgL_mod",4.08224099168645
2024-05-30,"HPB","Q_m3day_mod",3587.519819
2024-05-30,"HPB","DOC_mgL_mod",5.57756082461938
2024-05-30,"CCR dam","Q_m3day_mod",37909.098106
2024-05-30,"CCR dam","DOC_mgL_mod",4.02814911536582
2024-05-31,"SMB","Q_m3day_mod",3414.034973
2024-05-31,"SMB","DOC_mgL_mod",4.83280638027606
2024-05-31,"CCS","Q_m3day_mod",6177.068799
2024-05-31,"CCS","DOC_mgL_mod",4.08906567530688
2024-05-31,"HPB","Q_m3day_mod",3132.779727
2024-05-31,"HPB","DOC_mgL_mod",5.6038156301565
2024-05-31,"CCR dam","Q_m3day_mod",33377.61397
2024-05-31,"CCR dam","DOC_mgL_mod",4.02519185825433
2024-06-01,"SMB","Q_m3day_mod",2978.60329
2024-06-01,"SMB","DOC_mgL_mod",4.79639905319516
2024-06-01,"CCS","Q_m3day_mod",5372.874197
2024-06-01,"CCS","DOC_mgL_mod",4.08094051638931
2024-06-01,"HPB","Q_m3day_mod",2731.400449
2024-06-01,"HPB","DOC_mgL_mod",5.59460990262142
2024-06-01,"CCR dam","Q_m3day_mod",29504.76504
2024-06-01,"CCR dam","DOC_mgL_mod",4.00440741825342
2024-06-02,"SMB","Q_m3day_mod",2819.748736
2024-06-02,"SMB","DOC_mgL_mod",5.36867338806744
2024-06-02,"CCS","Q_m3day_mod",5331.890881
2024-06-02,"CCS","DOC_mgL_mod",4.85697111549722
2024-06-02,"HPB","Q_m3day_mod",2500.037847
2024-06-02,"HPB","DOC_mgL_mod",6.0605882499666
2024-06-02,"CCR dam","Q_m3day_mod",28049.1006
2024-06-02,"CCR dam","DOC_mgL_mod",4.44135452956377
2024-06-03,"SMB","Q_m3day_mod",2916.213304
2024-06-03,"SMB","DOC_mgL_mod",5.23950699320999
2024-06-03,"CCS","Q_m3day_mod",5852.716681
2024-06-03,"CCS","DOC_mgL_mod",4.59667902383467
2024-06-03,"HPB","Q_m3day_mod",2452.278218
2024-06-03,"HPB","DOC_mgL_mod",6.12186655241905
2024-06-03,"CCR dam","Q_m3day_mod",29036.625649
2024-06-03,"CCR dam","DOC_mgL_mod",4.65607476689207
2024-06-04,"SMB","Q_m3day_mod",2952.123611
2024-06-04,"SMB","DOC_mgL_mod",5.16464823599827
2024-06-04,"CCS","Q_m3day_mod",5939.76529
2024-06-04,"CCS","DOC_mgL_mod",4.65184037600247
2024-06-04,"HPB","Q_m3day_mod",2468.344796
2024-06-04,"HPB","DOC_mgL_mod",6.02918199439427
2024-06-04,"CCR dam","Q_m3day_mod",29356.741196
2024-06-04,"CCR dam","DOC_mgL_mod",4.56483569158076
2024-06-05,"SMB","Q_m3day_mod",3004.545303
2024-06-05,"SMB","DOC_mgL_mod",5.0627560798673
2024-06-05,"CCS","Q_m3day_mod",6613.124748
2024-06-05,"CCS","DOC_mgL_mod",4.36124390496678
2024-06-05,"HPB","Q_m3day_mod",2452.523663
2024-06-05,"HPB","DOC_mgL_mod",6.01851481503932
2024-06-05,"CCR dam","Q_m3day_mod",30564.723388
2024-06-05,"CCR dam","DOC_mgL_mod",4.37949325766036
2024-06-06,"SMB","Q_m3day_mod",3250.499158
2024-06-06,"SMB","DOC_mgL_mod",4.67431285518272
2024-06-06,"CCS","Q_m3day_mod",7626.959269
2024-06-06,"CCS","DOC_mgL_mod",3.84423843971101
2024-06-06,"HPB","Q_m3day_mod",2560.989389
2024-06-06,"HPB","DOC_mgL_mod",5.71723181005339
2024-06-06,"CCR dam","Q_m3day_mod",33416.266464
2024-06-06,"CCR dam","DOC_mgL_mod",4.00264344743884
2024-06-07,"SMB","Q_m3day_mod",3231.92234
2024-06-07,"SMB","DOC_mgL_mod",3.93511311908565
2024-06-07,"CCS","Q_m3day_mod",6796.135861
2024-06-07,"CCS","DOC_mgL_mod",3.16102568273833
2024-06-07,"HPB","Q_m3day_mod",2676.462267
2024-06-07,"HPB","DOC_mgL_mod",4.9330006115868
2024-06-07,"CCR dam","Q_m3day_mod",32125.853629
2024-06-07,"CCR dam","DOC_mgL_mod",3.44006423226177
2024-06-08,"SMB","Q_m3day_mod",2870.173425
2024-06-08,"SMB","DOC_mgL_mod",3.94541315913689
2024-06-08,"CCS","Q_m3day_mod",5397.110716
2024-06-08,"CCS","DOC_mgL_mod",3.58043238629756
2024-06-08,"HPB","Q_m3day_mod",2486.91596
2024-06-08,"HPB","DOC_mgL_mod",4.75603928328965
2024-06-08,"CCR dam","Q_m3day_mod",28014.562848
2024-06-08,"CCR dam","DOC_mgL_mod",3.56847438749654
2024-06-09,"SMB","Q_m3day_mod",2553.520367
2024-06-09,"SMB","DOC_mgL_mod",3.98480863183967
2024-06-09,"CCS","Q_m3day_mod",4818.89804
2024-06-09,"CCS","DOC_mgL_mod",3.70491756658956
2024-06-09,"HPB","Q_m3day_mod",2199.522439
2024-06-09,"HPB","DOC_mgL_mod",4.86754297667795
2024-06-09,"CCR dam","Q_m3day_mod",25191.675272
2024-06-09,"CCR dam","DOC_mgL_mod",3.61222503138338
2024-06-10,"SMB","Q_m3day_mod",2264.903177
2024-06-10,"SMB","DOC_mgL_mod",3.92855248310687
2024-06-10,"CCS","Q_m3day_mod",4281.605274
2024-06-10,"CCS","DOC_mgL_mod",3.66573025666541
2024-06-10,"HPB","Q_m3day_mod",1940.359925
2024-06-10,"HPB","DOC_mgL_mod",4.88804879847227
2024-06-10,"CCR dam","Q_m3day_mod",22590.586762
2024-06-10,"CCR dam","DOC_mgL_mod",3.58288524564354
2024-06-11,"SMB","Q_m3day_mod",1997.294543
2024-06-11,"SMB","DOC_mgL_mod",3.91283099800669
2024-06-11,"CCS","Q_m3day_mod",3759.755518
2024-06-11,"CCS","DOC_mgL_mod",3.7180609039803
2024-06-11,"HPB","Q_m3day_mod",1699.799386
2024-06-11,"HPB","DOC_mgL_mod",4.94909756368155
2024-06-11,"CCR dam","Q_m3day_mod",20165.479013
2024-06-11,"CCR dam","DOC_mgL_mod",3.60103025339426
2024-06-12,"SMB","Q_m3day_mod",1768.347287
2024-06-12,"SMB","DOC_mgL_mod",3.91175537229187
2024-06-12,"CCS","Q_m3day_mod",3333.573929
2024-06-12,"CCS","DOC_mgL_mod",3.79207429300723
2024-06-12,"HPB","Q_m3day_mod",1496.16578
2024-06-12,"HPB","DOC_mgL_mod",5.03828325762136
2024-06-12,"CCR dam","Q_m3day_mod",18092.219475
2024-06-12,"CCR dam","DOC_mgL_mod",3.61989197016415
2024-06-13,"SMB","Q_m3day_mod",1624.572774
2024-06-13,"SMB","DOC_mgL_mod",4.25964666572702
2024-06-13,"CCS","Q_m3day_mod",3200.527204
2024-06-13,"CCS","DOC_mgL_mod",4.35019892428947
2024-06-13,"HPB","Q_m3day_mod",1375.168466
2024-06-13,"HPB","DOC_mgL_mod",5.45429246339335
2024-06-13,"CCR dam","Q_m3day_mod",16848.745835
2024-06-13,"CCR dam","DOC_mgL_mod",3.88144023540017
2024-06-14,"SMB","Q_m3day_mod",1553.072986
2024-06-14,"SMB","DOC_mgL_mod",4.45810213841425
2024-06-14,"CCS","Q_m3day_mod",3176.000806
2024-06-14,"CCS","DOC_mgL_mod",4.39083641718698
2024-06-14,"HPB","Q_m3day_mod",1322.174987
2024-06-14,"HPB","DOC_mgL_mod",5.63799426951343
2024-06-14,"CCR dam","Q_m3day_mod",16168.318214
2024-06-14,"CCR dam","DOC_mgL_mod",4.49102244518701
2024-06-15,"SMB","Q_m3day_mod",1456.539604
2024-06-15,"SMB","DOC_mgL_mod",4.37438774922594
2024-06-15,"CCS","Q_m3day_mod",2918.488523
2024-06-15,"CCS","DOC_mgL_mod",4.24337457639541
2024-06-15,"HPB","Q_m3day_mod",1243.326125
2024-06-15,"HPB","DOC_mgL_mod",5.56722476976827
2024-06-15,"CCR dam","Q_m3day_mod",15098.340329
2024-06-15,"CCR dam","DOC_mgL_mod",4.44541973074238
2024-06-16,"SMB","Q_m3day_mod",1367.63693
2024-06-16,"SMB","DOC_mgL_mod",4.6605673334662
2024-06-16,"CCS","Q_m3day_mod",2761.653442
2024-06-16,"CCS","DOC_mgL_mod",4.77608804906666
2024-06-16,"HPB","Q_m3day_mod",1170.637703
2024-06-16,"HPB","DOC_mgL_mod",5.8849992464321
2024-06-16,"CCR dam","Q_m3day_mod",14160.615246
2024-06-16,"CCR dam","DOC_mgL_mod",4.65350260954333
2024-06-17,"SMB","Q_m3day_mod",1321.685005
2024-06-17,"SMB","DOC_mgL_mod",4.82694059164271
2024-06-17,"CCS","Q_m3day_mod",2783.727539
2024-06-17,"CCS","DOC_mgL_mod",4.8909204687794
2024-06-17,"HPB","Q_m3day_mod",1137.79142
2024-06-17,"HPB","DOC_mgL_mod",6.02739560120782
2024-06-17,"CCR dam","Q_m3day_mod",13683.92823
2024-06-17,"CCR dam","DOC_mgL_mod",4.83783741680732
2024-06-18,"SMB","Q_m3day_mod",1255.919264
2024-06-18,"SMB","DOC_mgL_mod",4.75020661837702
2024-06-18,"CCS","Q_m3day_mod",2621.10108
2024-06-18,"CCS","DOC_mgL_mod",4.57731298176414
2024-06-18,"HPB","Q_m3day_mod",1084.932538
2024-06-18,"HPB","DOC_mgL_mod",5.95226778976003
2024-06-18,"CCR dam","Q_m3day_mod",12960.72675
2024-06-18,"CCR dam","DOC_mgL_mod",4.7554462947072
2024-06-19,"SMB","Q_m3day_mod",1161.900292
2024-06-19,"SMB","DOC_mgL_mod",4.70675929565908
2024-06-19,"CCS","Q_m3day_mod",2345.975375
2024-06-19,"CCS","DOC_mgL_mod",4.69016005762635
2024-06-19,"HPB","Q_m3day_mod",1004.080628
2024-06-19,"HPB","DOC_mgL_mod",5.9496038798191
2024-06-19,"CCR dam","Q_m3day_mod",11966.78608
2024-06-19,"CCR dam","DOC_mgL_mod",4.72984472368875
2024-06-20,"SMB","Q_m3day_mod",1070.917489
2024-06-20,"SMB","DOC_mgL_mod",4.72060177551176
2024-06-20,"CCS","Q_m3day_mod",2164.430335
2024-06-20,"CCS","DOC_mgL_mod",4.81116431959451
2024-06-20,"HPB","Q_m3day_mod",924.432444
2024-06-20,"HPB","DOC_mgL_mod",6.01586955985288
2024-06-20,"CCR dam","Q_m3day_mod",11076.475719
2024-06-20,"CCR dam","DOC_mgL_mod",4.74754166704818
2024-06-21,"SMB","Q_m3day_mod",998.145139
2024-06-21,"SMB","DOC_mgL_mod",4.77286700486551
2024-06-21,"CCS","Q_m3day_mod",2057.096388
2024-06-21,"CCS","DOC_mgL_mod",4.99336835158548
2024-06-21,"HPB","Q_m3day_mod",861.045564
2024-06-21,"HPB","DOC_mgL_mod",6.12815769642592
2024-06-21,"CCR dam","Q_m3day_mod",10384.186951
2024-06-21,"CCR dam","DOC_mgL_mod",4.79864049396774
2024-06-22,"SMB","Q_m3day_mod",946.283782
2024-06-22,"SMB","DOC_mgL_mod",4.85537751718543
2024-06-22,"CCS","Q_m3day_mod",2012.814898
2024-06-22,"CCS","DOC_mgL_mod",5.16172153252812
2024-06-22,"HPB","Q_m3day_mod",816.396874
2024-06-22,"HPB","DOC_mgL_mod",6.24994553813051
2024-06-22,"CCR dam","Q_m3day_mod",9888.536859
2024-06-22,"CCR dam","DOC_mgL_mod",4.86101034818421
2024-06-23,"SMB","Q_m3day_mod",903.314436
2024-06-23,"SMB","DOC_mgL_mod",4.8500885465756
2024-06-23,"CCS","Q_m3day_mod",1966.113776
2024-06-23,"CCS","DOC_mgL_mod",5.14706225221017
2024-06-23,"HPB","Q_m3day_mod",779.036082
2024-06-23,"HPB","DOC_mgL_mod",6.28357930152971
2024-06-23,"CCR dam","Q_m3day_mod",9449.671439
2024-06-23,"CCR dam","DOC_mgL_mod",4.84638225737575
2024-06-24,"SMB","Q_m3day_mod",855.3078
2024-06-24,"SMB","DOC_mgL_mod",4.80071618661726
2024-06-24,"CCS","Q_m3day_mod",1871.182636
2024-06-24,"CCS","DOC_mgL_mod",5.10424894729517
2024-06-24,"HPB","Q_m3day_mod",736.748175
2024-06-24,"HPB","DOC_mgL_mod",6.28165247915273
2024-06-24,"CCR dam","Q_m3day_mod",8942.656512
2024-06-24,"CCR dam","DOC_mgL_mod",4.80769555917838
2024-06-25,"SMB","Q_m3day_mod",805.240515
2024-06-25,"SMB","DOC_mgL_mod",4.78048102187208
2024-06-25,"CCS","Q_m3day_mod",1763.820331
2024-06-25,"CCS","DOC_mgL_mod",5.15679621112157
2024-06-25,"HPB","Q_m3day_mod",692.165343
2024-06-25,"HPB","DOC_mgL_mod",6.31285291034862
2024-06-25,"CCR dam","Q_m3day_mod",8420.121071
2024-06-25,"CCR dam","DOC_mgL_mod",4.80264828249047
2024-06-26,"SMB","Q_m3day_mod",775.410017
2024-06-26,"SMB","DOC_mgL_mod",4.97295742311774
2024-06-26,"CCS","Q_m3day_mod",1775.961875
2024-06-26,"CCS","DOC_mgL_mod",5.41281777234098
2024-06-26,"HPB","Q_m3day_mod",666.216949
2024-06-26,"HPB","DOC_mgL_mod",6.53099415517872
2024-06-26,"CCR dam","Q_m3day_mod",8183.389678
2024-06-26,"CCR dam","DOC_mgL_mod",4.92011398506935
2024-06-27,"SMB","Q_m3day_mod",765.521579
2024-06-27,"SMB","DOC_mgL_mod",5.04264165230018
2024-06-27,"CCS","Q_m3day_mod",1918.497553
2024-06-27,"CCS","DOC_mgL_mod",5.00118386129628
2024-06-27,"HPB","Q_m3day_mod",659.067574
2024-06-27,"HPB","DOC_mgL_mod",6.57324251852815
2024-06-27,"CCR dam","Q_m3day_mod",8391.779531
2024-06-27,"CCR dam","DOC_mgL_mod",5.5264464263724
2024-06-28,"SMB","Q_m3day_mod",799.315193
2024-06-28,"SMB","DOC_mgL_mod",4.84997412028424
2024-06-28,"CCS","Q_m3day_mod",1964.13373
2024-06-28,"CCS","DOC_mgL_mod",4.89573487442731
2024-06-28,"HPB","Q_m3day_mod",686.383047
2024-06-28,"HPB","DOC_mgL_mod",6.28790297030748
2024-06-28,"CCR dam","Q_m3day_mod",8845.815912
2024-06-28,"CCR dam","DOC_mgL_mod",5.16676137675428
2024-06-29,"SMB","Q_m3day_mod",829.768218
2024-06-29,"SMB","DOC_mgL_mod",4.68799107463525
2024-06-29,"CCS","Q_m3day_mod",1920.665472
2024-06-29,"CCS","DOC_mgL_mod",5.00210585344453
2024-06-29,"HPB","Q_m3day_mod",708.736281
2024-06-29,"HPB","DOC_mgL_mod",6.07117642394266
2024-06-29,"CCR dam","Q_m3day_mod",9018.00778
2024-06-29,"CCR dam","DOC_mgL_mod",4.98767145663296
2024-06-30,"SMB","Q_m3day_mod",815.229933
2024-06-30,"SMB","DOC_mgL_mod",4.78865144908756
2024-06-30,"CCS","Q_m3day_mod",1880.928368
2024-06-30,"CCS","DOC_mgL_mod",5.11408257945951
2024-06-30,"HPB","Q_m3day_mod",694.176417
2024-06-30,"HPB","DOC_mgL_mod",6.17941620451217
2024-06-30,"CCR dam","Q_m3day_mod",8817.202858
2024-06-30,"CCR dam","DOC_mgL_mod",5.02952134755115
2024-07-01,"SMB","Q_m3day_mod",778.792557
2024-07-01,"SMB","DOC_mgL_mod",4.59602106854753
2024-07-01,"CCS","Q_m3day_mod",1746.96892
2024-07-01,"CCS","DOC_mgL_mod",4.90725616343535
2024-07-01,"HPB","Q_m3day_mod",659.943683
2024-07-01,"HPB","DOC_mgL_mod",6.02046220359079
2024-07-01,"CCR dam","Q_m3day_mod",8314.925777
2024-07-01,"CCR dam","DOC_mgL_mod",4.89582482054187
2024-07-02,"SMB","Q_m3day_mod",717.003743
2024-07-02,"SMB","DOC_mgL_mod",4.50579656179005
2024-07-02,"CCS","Q_m3day_mod",1580.891656
2024-07-02,"CCS","DOC_mgL_mod",5.03384274930982
2024-07-02,"HPB","Q_m3day_mod",602.52147
2024-07-02,"HPB","DOC_mgL_mod",5.99628092920905
2024-07-02,"CCR dam","Q_m3day_mod",7608.762744
2024-07-02,"CCR dam","DOC_mgL_mod",4.89074127450543
2024-07-03,"SMB","Q_m3day_mod",660.840854
2024-07-03,"SMB","DOC_mgL_mod",4.50737114990775
2024-07-03,"CCS","Q_m3day_mod",1474.797508
2024-07-03,"CCS","DOC_mgL_mod",5.14110714106251
2024-07-03,"HPB","Q_m3day_mod",550.175852
2024-07-03,"HPB","DOC_mgL_mod",6.08851331410307
2024-07-03,"CCR dam","Q_m3day_mod",7058.644007
2024-07-03,"CCR dam","DOC_mgL_mod",4.91740056101118
2024-07-04,"SMB","Q_m3day_mod",634.966495
2024-07-04,"SMB","DOC_mgL_mod",4.7354671839811
2024-07-04,"CCS","Q_m3day_mod",1933.674454
2024-07-04,"CCS","DOC_mgL_mod",6.01488527499573
2024-07-04,"HPB","Q_m3day_mod",523.520678
2024-07-04,"HPB","DOC_mgL_mod",6.38124937636179
2024-07-04,"CCR dam","Q_m3day_mod",8036.04239
2024-07-04,"CCR dam","DOC_mgL_mod",4.93295805026235
2024-07-05,"SMB","Q_m3day_mod",1190.07286
2024-07-05,"SMB","DOC_mgL_mod",2.59594862116257
2024-07-05,"CCS","Q_m3day_mod",2898.223705
2024-07-05,"CCS","DOC_mgL_mod",2.80345095031234
2024-07-05,"HPB","Q_m3day_mod",916.149059
2024-07-05,"HPB","DOC_mgL_mod",3.63411495901564
2024-07-05,"CCR dam","Q_m3day_mod",12694.93721
2024-07-05,"CCR dam","DOC_mgL_mod",2.88712416561846
2024-07-06,"SMB","Q_m3day_mod",1659.175864
2024-07-06,"SMB","DOC_mgL_mod",1.76255758262404
2024-07-06,"CCS","Q_m3day_mod",3184.889576
2024-07-06,"CCS","DOC_mgL_mod",2.41178188967139
2024-07-06,"HPB","Q_m3day_mod",1236.189941
2024-07-06,"HPB","DOC_mgL_mod",2.56071813481938
2024-07-06,"CCR dam","Q_m3day_mod",15318.499521
2024-07-06,"CCR dam","DOC_mgL_mod",2.2713523574748
2024-07-07,"SMB","Q_m3day_mod",1494.797285
2024-07-07,"SMB","DOC_mgL_mod",1.95780326159744
2024-07-07,"CCS","Q_m3day_mod",2910.874566
2024-07-07,"CCS","DOC_mgL_mod",2.67714421329689
2024-07-07,"HPB","Q_m3day_mod",1099.088146
2024-07-07,"HPB","DOC_mgL_mod",2.87126743335834
2024-07-07,"CCR dam","Q_m3day_mod",13948.652697
2024-07-07,"CCR dam","DOC_mgL_mod",2.4578983178335
2024-07-08,"SMB","Q_m3day_mod",1359.7678
2024-07-08,"SMB","DOC_mgL_mod",2.15169457608865
2024-07-08,"CCS","Q_m3day_mod",2717.10041
2024-07-08,"CCS","DOC_mgL_mod",2.86385919760691
2024-07-08,"HPB","Q_m3day_mod",991.01693
2024-07-08,"HPB","DOC_mgL_mod",3.17393265925336
2024-07-08,"CCR dam","Q_m3day_mod",12950.212575
2024-07-08,"CCR dam","DOC_mgL_mod",2.66198950792126
2024-07-09,"SMB","Q_m3day_mod",1245.319212
2024-07-09,"SMB","DOC_mgL_mod",2.35212463742188
2024-07-09,"CCS","Q_m3day_mod",2506.640183
2024-07-09,"CCS","DOC_mgL_mod",3.10296868802729
2024-07-09,"HPB","Q_m3day_mod",901.489835
2024-07-09,"HPB","DOC_mgL_mod",3.4781978434621
2024-07-09,"CCR dam","Q_m3day_mod",12028.785761
2024-07-09,"CCR dam","DOC_mgL_mod",2.83291353566905
2024-07-10,"SMB","Q_m3day_mod",1147.505721
2024-07-10,"SMB","DOC_mgL_mod",2.55359859770146
2024-07-10,"CCS","Q_m3day_mod",2318.617251
2024-07-10,"CCS","DOC_mgL_mod",3.35098774782643
2024-07-10,"HPB","Q_m3day_mod",826.485188
2024-07-10,"HPB","DOC_mgL_mod",3.78853976509498
2024-07-10,"CCR dam","Q_m3day_mod",11166.012826
2024-07-10,"CCR dam","DOC_mgL_mod",3.02047745471576
2024-07-11,"SMB","Q_m3day_mod",1049.378928
2024-07-11,"SMB","DOC_mgL_mod",2.60668660958666
2024-07-11,"CCS","Q_m3day_mod",2136.896605
2024-07-11,"CCS","DOC_mgL_mod",3.42476701159811
2024-07-11,"HPB","Q_m3day_mod",750.548127
2024-07-11,"HPB","DOC_mgL_mod",3.9135091999237
2024-07-11,"CCR dam","Q_m3day_mod",10253.557351
2024-07-11,"CCR dam","DOC_mgL_mod",3.08740556241319
2024-07-12,"SMB","Q_m3day_mod",963.22092
2024-07-12,"SMB","DOC_mgL_mod",2.84006082426034
2024-07-12,"CCS","Q_m3day_mod",1986.685494
2024-07-12,"CCS","DOC_mgL_mod",3.76141267582034
2024-07-12,"HPB","Q_m3day_mod",684.445404
2024-07-12,"HPB","DOC_mgL_mod",4.27810601530462
2024-07-12,"CCR dam","Q_m3day_mod",9461.548679
2024-07-12,"CCR dam","DOC_mgL_mod",3.30235366957942
2024-07-13,"SMB","Q_m3day_mod",894.429238
2024-07-13,"SMB","DOC_mgL_mod",2.95352263518022
2024-07-13,"CCS","Q_m3day_mod",1873.994851
2024-07-13,"CCS","DOC_mgL_mod",3.85419842330186
2024-07-13,"HPB","Q_m3day_mod",633.432564
2024-07-13,"HPB","DOC_mgL_mod",4.46569873537477
2024-07-13,"CCR dam","Q_m3day_mod",8838.359497
2024-07-13,"CCR dam","DOC_mgL_mod",3.46841402076995
2024-07-14,"SMB","Q_m3day_mod",828.330313
2024-07-14,"SMB","DOC_mgL_mod",3.08099916174382
2024-07-14,"CCS","Q_m3day_mod",1754.434475
2024-07-14,"CCS","DOC_mgL_mod",4.06248229931756
2024-07-14,"HPB","Q_m3day_mod",582.977675
2024-07-14,"HPB","DOC_mgL_mod",4.66743259079346
2024-07-14,"CCR dam","Q_m3day_mod",8222.998867
2024-07-14,"CCR dam","DOC_mgL_mod",3.58509474181106
2024-07-15,"SMB","Q_m3day_mod",771.968996
2024-07-15,"SMB","DOC_mgL_mod",3.22044669265448
2024-07-15,"CCS","Q_m3day_mod",1666.337443
2024-07-15,"CCS","DOC_mgL_mod",4.25220955681304
2024-07-15,"HPB","Q_m3day_mod",539.586486
2024-07-15,"HPB","DOC_mgL_mod",4.89045235280411
2024-07-15,"CCR dam","Q_m3day_mod",7725.625989
2024-07-15,"CCR dam","DOC_mgL_mod",3.70212071367723
2024-07-16,"SMB","Q_m3day_mod",728.437973
2024-07-16,"SMB","DOC_mgL_mod",3.41611515631407
2024-07-16,"CCS","Q_m3day_mod",1622.40816
2024-07-16,"CCS","DOC_mgL_mod",4.37496505195092
2024-07-16,"HPB","Q_m3day_mod",507.795879
2024-07-16,"HPB","DOC_mgL_mod",5.17719837580643
2024-07-16,"CCR dam","Q_m3day_mod",7386.23321
2024-07-16,"CCR dam","DOC_mgL_mod",3.80241311118851
2024-07-17,"SMB","Q_m3day_mod",695.456938
2024-07-17,"SMB","DOC_mgL_mod",3.5781252066537
2024-07-17,"CCS","Q_m3day_mod",1663.079511
2024-07-17,"CCS","DOC_mgL_mod",4.25846025590294
2024-07-17,"HPB","Q_m3day_mod",486.208117
2024-07-17,"HPB","DOC_mgL_mod",5.39846191008777
2024-07-17,"CCR dam","Q_m3day_mod",7418.418731
2024-07-17,"CCR dam","DOC_mgL_mod",3.95421329850516
2024-07-18,"SMB","Q_m3day_mod",712.872539
2024-07-18,"SMB","DOC_mgL_mod",3.48954808034764
2024-07-18,"CCS","Q_m3day_mod",1790.207274
2024-07-18,"CCS","DOC_mgL_mod",4.05436627669518
2024-07-18,"HPB","Q_m3day_mod",505.667267
2024-07-18,"HPB","DOC_mgL_mod",5.17912898641312
2024-07-18,"CCR dam","Q_m3day_mod",8009.986507
2024-07-18,"CCR dam","DOC_mgL_mod",3.65286632810554
2024-07-19,"SMB","Q_m3day_mod",778.686577
2024-07-19,"SMB","DOC_mgL_mod",3.19984326633641
2024-07-19,"CCS","Q_m3day_mod",1914.142427
2024-07-19,"CCS","DOC_mgL_mod",3.83802317757204
2024-07-19,"HPB","Q_m3day_mod",561.066814
2024-07-19,"HPB","DOC_mgL_mod",4.65559882499128
2024-07-19,"CCR dam","Q_m3day_mod",8764.356646
2024-07-19,"CCR dam","DOC_mgL_mod",3.32704511897153
2024-07-20,"SMB","Q_m3day_mod",800.907467
2024-07-20,"SMB","DOC_mgL_mod",3.17777659076314
2024-07-20,"CCS","Q_m3day_mod",2425.148951
2024-07-20,"CCS","DOC_mgL_mod",4.45958587225762
2024-07-20,"HPB","Q_m3day_mod",576.417556
2024-07-20,"HPB","DOC_mgL_mod",4.52142370209141
2024-07-20,"CCR dam","Q_m3day_mod",10194.214471
2024-07-20,"CCR dam","DOC_mgL_mod",3.20996483771153
2024-07-21,"SMB","Q_m3day_mod",1213.739642
2024-07-21,"SMB","DOC_mgL_mod",2.19595118077226
2024-07-21,"CCS","Q_m3day_mod",3043.38695
2024-07-21,"CCS","DOC_mgL_mod",2.432107096996
2024-07-21,"HPB","Q_m3day_mod",861.880806
2024-07-21,"HPB","DOC_mgL_mod",3.01520811451972
2024-07-21,"CCR dam","Q_m3day_mod",13856.439384
2024-07-21,"CCR dam","DOC_mgL_mod",2.15022627201066
2024-07-22,"SMB","Q_m3day_mod",1602.556612
2024-07-22,"SMB","DOC_mgL_mod",1.92549203996545
2024-07-22,"CCS","Q_m3day_mod",3469.45291
2024-07-22,"CCS","DOC_mgL_mod",2.84503472335643
2024-07-22,"HPB","Q_m3day_mod",1095.823781
2024-07-22,"HPB","DOC_mgL_mod",2.36628191955619
2024-07-22,"CCR dam","Q_m3day_mod",16661.351611
2024-07-22,"CCR dam","DOC_mgL_mod",2.01570321448755
2024-07-23,"SMB","Q_m3day_mod",1874.911478
2024-07-23,"SMB","DOC_mgL_mod",2.61918658967216
2024-07-23,"CCS","Q_m3day_mod",4580.788496
2024-07-23,"CCS","DOC_mgL_mod",3.27609973983833
2024-07-23,"HPB","Q_m3day_mod",1130.939883
2024-07-23,"HPB","DOC_mgL_mod",2.28784662995212
2024-07-23,"CCR dam","Q_m3day_mod",19850.170494
2024-07-23,"CCR dam","DOC_mgL_mod",2.33335476962277
2024-07-24,"SMB","Q_m3day_mod",2408.652728
2024-07-24,"SMB","DOC_mgL_mod",1.11744128520963
2024-07-24,"CCS","Q_m3day_mod",5256.347835
2024-07-24,"CCS","DOC_mgL_mod",1.52720524820443
2024-07-24,"HPB","Q_m3day_mod",1531.669288
2024-07-24,"HPB","DOC_mgL_mod",1.68477622435686
2024-07-24,"CCR dam","Q_m3day_mod",24079.315964
2024-07-24,"CCR dam","DOC_mgL_mod",1.31491235246619
2024-07-25,"SMB","Q_m3day_mod",2546.688872
2024-07-25,"SMB","DOC_mgL_mod",1.29526265900297
2024-07-25,"CCS","Q_m3day_mod",5150.347933
2024-07-25,"CCS","DOC_mgL_mod",2.03557315668444
2024-07-25,"HPB","Q_m3day_mod",1719.771702
2024-07-25,"HPB","DOC_mgL_mod",1.49682600138515
2024-07-25,"CCR dam","Q_m3day_mod",25176.756852
2024-07-25,"CCR dam","DOC_mgL_mod",1.49235067172742
2024-07-26,"SMB","Q_m3day_mod",2432.084437
2024-07-26,"SMB","DOC_mgL_mod",1.10613388214367
2024-07-26,"CCS","Q_m3day_mod",4886.986092
2024-07-26,"CCS","DOC_mgL_mod",1.580754447541
2024-07-26,"HPB","Q_m3day_mod",1620.040504
2024-07-26,"HPB","DOC_mgL_mod",1.58658502281496
2024-07-26,"CCR dam","Q_m3day_mod",24408.873102
2024-07-26,"CCR dam","DOC_mgL_mod",1.30145049577881
2024-07-27,"SMB","Q_m3day_mod",2269.759049
2024-07-27,"SMB","DOC_mgL_mod",1.17929345900363
2024-07-27,"CCS","Q_m3day_mod",4331.462466
2024-07-27,"CCS","DOC_mgL_mod",1.7744641816319
2024-07-27,"HPB","Q_m3day_mod",1529.479759
2024-07-27,"HPB","DOC_mgL_mod",1.67550043400084
2024-07-27,"CCR dam","Q_m3day_mod",22693.284177
2024-07-27,"CCR dam","DOC_mgL_mod",1.39116840708305
2024-07-28,"SMB","Q_m3day_mod",2003.999126
2024-07-28,"SMB","DOC_mgL_mod",1.23323806279943
2024-07-28,"CCS","Q_m3day_mod",3818.353936
2024-07-28,"CCS","DOC_mgL_mod",1.84216002966154
2024-07-28,"HPB","Q_m3day_mod",1323.867756
2024-07-28,"HPB","DOC_mgL_mod",1.79180963449645
2024-07-28,"CCR dam","Q_m3day_mod",20269.126049
2024-07-28,"CCR dam","DOC_mgL_mod",1.43179878253467
2024-07-29,"SMB","Q_m3day_mod",1773.274446
2024-07-29,"SMB","DOC_mgL_mod",1.38770566820653
2024-07-29,"CCS","Q_m3day_mod",3494.204914
2024-07-29,"CCS","DOC_mgL_mod",2.24156945364539
2024-07-29,"HPB","Q_m3day_mod",1148.84323
2024-07-29,"HPB","DOC_mgL_mod",2.05909991740126
2024-07-29,"CCR dam","Q_m3day_mod",18471.462071
2024-07-29,"CCR dam","DOC_mgL_mod",1.62747810024182
2024-07-30,"SMB","Q_m3day_mod",1659.255196
2024-07-30,"SMB","DOC_mgL_mod",1.47871286220158
2024-07-30,"CCS","Q_m3day_mod",3321.064738
2024-07-30,"CCS","DOC_mgL_mod",2.16003226854291
2024-07-30,"HPB","Q_m3day_mod",1067.068294
2024-07-30,"HPB","DOC_mgL_mod",2.21360339659759
2024-07-30,"CCR dam","Q_m3day_mod",17620.626332
2024-07-30,"CCR dam","DOC_mgL_mod",1.67170958880759
2024-07-31,"SMB","Q_m3day_mod",1553.001665
2024-07-31,"SMB","DOC_mgL_mod",1.49675757108734
2024-07-31,"CCS","Q_m3day_mod",3020.167861
2024-07-31,"CCS","DOC_mgL_mod",2.24094762658624
2024-07-31,"HPB","Q_m3day_mod",991.310324
2024-07-31,"HPB","DOC_mgL_mod",2.254940704118
2024-07-31,"CCR dam","Q_m3day_mod",16345.056765
2024-07-31,"CCR dam","DOC_mgL_mod",1.6939402779737
2024-08-01,"SMB","Q_m3day_mod",1381.906363
2024-08-01,"SMB","DOC_mgL_mod",1.59736293218009
2024-08-01,"CCS","Q_m3day_mod",2701.452319
2024-08-01,"CCS","DOC_mgL_mod",2.42255876736057
2024-08-01,"HPB","Q_m3day_mod",864.825702
2024-08-01,"HPB","DOC_mgL_mod",2.45297982598579
2024-08-01,"CCR dam","Q_m3day_mod",14639.016881
2024-08-01,"CCR dam","DOC_mgL_mod",1.79067147835745
2024-08-02,"SMB","Q_m3day_mod",1241.8047
2024-08-02,"SMB","DOC_mgL_mod",1.77367584451887
2024-08-02,"CCS","Q_m3day_mod",2488.142339
2024-08-02,"CCS","DOC_mgL_mod",2.67144242345534
2024-08-02,"HPB","Q_m3day_mod",764.273087
2024-08-02,"HPB","DOC_mgL_mod",2.76886761550979
2024-08-02,"CCR dam","Q_m3day_mod",13401.239689
2024-08-02,"CCR dam","DOC_mgL_mod",1.94967559765731
2024-08-03,"SMB","Q_m3day_mod",1131.521535
2024-08-03,"SMB","DOC_mgL_mod",1.95437553028984
2024-08-03,"CCS","Q_m3day_mod",2650.021345
2024-08-03,"CCS","DOC_mgL_mod",2.86521843091041
2024-08-03,"HPB","Q_m3day_mod",687.312379
2024-08-03,"HPB","DOC_mgL_mod",3.0741305766588
2024-08-03,"CCR dam","Q_m3day_mod",13409.985565
2024-08-03,"CCR dam","DOC_mgL_mod",2.09101641937524
2024-08-04,"SMB","Q_m3day_mod",1392.670194
2024-08-04,"SMB","DOC_mgL_mod",1.62848534403257
2024-08-04,"CCS","Q_m3day_mod",3427.119603
2024-08-04,"CCS","DOC_mgL_mod",2.67503211500845
2024-08-04,"HPB","Q_m3day_mod",876.369541
2024-08-04,"HPB","DOC_mgL_mod",2.40424832382439
2024-08-04,"CCR dam","Q_m3day_mod",16260.009633
2024-08-04,"CCR dam","DOC_mgL_mod",1.83679657479327
2024-08-05,"SMB","Q_m3day_mod",1830.506511
2024-08-05,"SMB","DOC_mgL_mod",1.21046988179765
2024-08-05,"CCS","Q_m3day_mod",3812.065118
2024-08-05,"CCS","DOC_mgL_mod",1.73695826147742
2024-08-05,"HPB","Q_m3day_mod",1183.651843
2024-08-05,"HPB","DOC_mgL_mod",1.67778980934684
2024-08-05,"CCR dam","Q_m3day_mod",18830.097797
2024-08-05,"CCR dam","DOC_mgL_mod",1.4044573897122
2024-08-06,"SMB","Q_m3day_mod",1838.302261
2024-08-06,"SMB","DOC_mgL_mod",1.12368300024628
2024-08-06,"CCS","Q_m3day_mod",3439.803995
2024-08-06,"CCS","DOC_mgL_mod",1.81735907310033
2024-08-06,"HPB","Q_m3day_mod",1177.083453
2024-08-06,"HPB","DOC_mgL_mod",1.57558582212097
2024-08-06,"CCR dam","Q_m3day_mod",17981.614696
2024-08-06,"CCR dam","DOC_mgL_mod",1.36810349993054
2024-08-07,"SMB","Q_m3day_mod",1627.05223
2024-08-07,"SMB","DOC_mgL_mod",1.26412229557007
2024-08-07,"CCS","Q_m3day_mod",3076.586988
2024-08-07,"CCS","DOC_mgL_mod",2.04869877711386
2024-08-07,"HPB","Q_m3day_mod",1017.923481
2024-08-07,"HPB","DOC_mgL_mod",1.81510598241127
2024-08-07,"CCR dam","Q_m3day_mod",16163.368875
2024-08-07,"CCR dam","DOC_mgL_mod",1.52001294965187
2024-08-08,"SMB","Q_m3day_mod",1969.487686
2024-08-08,"SMB","DOC_mgL_mod",3.78993737968464
2024-08-08,"CCS","Q_m3day_mod",6113.198596
2024-08-08,"CCS","DOC_mgL_mod",6.29163757663076
2024-08-08,"HPB","Q_m3day_mod",893.196958
2024-08-08,"HPB","DOC_mgL_mod",2.08856062852825
2024-08-08,"CCR dam","Q_m3day_mod",24621.810282
2024-08-08,"CCR dam","DOC_mgL_mod",3.885319109535
2024-08-09,"SMB","Q_m3day_mod",3895.731918
2024-08-09,"SMB","DOC_mgL_mod",1.39994155521869
2024-08-09,"CCS","Q_m3day_mod",10766.621776
2024-08-09,"CCS","DOC_mgL_mod",2.64706893145719
2024-08-09,"HPB","Q_m3day_mod",2037.179502
2024-08-09,"HPB","DOC_mgL_mod",0.964478092417013
2024-08-09,"CCR dam","Q_m3day_mod",45863.5167
2024-08-09,"CCR dam","DOC_mgL_mod",1.73310499759387
2024-08-10,"SMB","Q_m3day_mod",5561.919723
2024-08-10,"SMB","DOC_mgL_mod",0.54657171469571
2024-08-10,"CCS","Q_m3day_mod",11050.111766
2024-08-10,"CCS","DOC_mgL_mod",0.771617896774131
2024-08-10,"HPB","Q_m3day_mod",3495.324023
2024-08-10,"HPB","DOC_mgL_mod",0.555240082816208
2024-08-10,"CCR dam","Q_m3day_mod",55306.954299
2024-08-10,"CCR dam","DOC_mgL_mod",0.617971834341599
2024-08-11,"SMB","Q_m3day_mod",5346.831013
2024-08-11,"SMB","DOC_mgL_mod",0.521256421462295
2024-08-11,"CCS","Q_m3day_mod",9197.551364
2024-08-11,"CCS","DOC_mgL_mod",0.845829253039005
2024-08-11,"HPB","Q_m3day_mod",3451.046468
2024-08-11,"HPB","DOC_mgL_mod",0.513357619616961
2024-08-11,"CCR dam","Q_m3day_mod",49560.282968
2024-08-11,"CCR dam","DOC_mgL_mod",0.665139463010824
2024-08-12,"SMB","Q_m3day_mod",4624.156803
2024-08-12,"SMB","DOC_mgL_mod",0.54827271392596
2024-08-12,"CCS","Q_m3day_mod",7948.212337
2024-08-12,"CCS","DOC_mgL_mod",0.895499603963336
2024-08-12,"HPB","Q_m3day_mod",2897.97542
2024-08-12,"HPB","DOC_mgL_mod",0.552342849063916
2024-08-12,"CCR dam","Q_m3day_mod",43500.273463
2024-08-12,"CCR dam","DOC_mgL_mod",0.689115208103169
2024-08-13,"SMB","Q_m3day_mod",4000.501679
2024-08-13,"SMB","DOC_mgL_mod",0.582602930086159
2024-08-13,"CCS","Q_m3day_mod",6880.901591
2024-08-13,"CCS","DOC_mgL_mod",0.95543322529113
2024-08-13,"HPB","Q_m3day_mod",2433.23019
2024-08-13,"HPB","DOC_mgL_mod",0.601176167389243
2024-08-13,"CCR dam","Q_m3day_mod",38140.86085
2024-08-13,"CCR dam","DOC_mgL_mod",0.722918135184146
2024-08-14,"SMB","Q_m3day_mod",3467.06481
2024-08-14,"SMB","DOC_mgL_mod",0.615460949517122
2024-08-14,"CCS","Q_m3day_mod",5964.82758
2024-08-14,"CCS","DOC_mgL_mod",1.01343029935494
2024-08-14,"HPB","Q_m3day_mod",2045.014656
2024-08-14,"HPB","DOC_mgL_mod",0.648835936753306
2024-08-14,"CCR dam","Q_m3day_mod",33518.987319
2024-08-14,"CCR dam","DOC_mgL_mod",0.75296457377439
2024-08-15,"SMB","Q_m3day_mod",3024.960955
2024-08-15,"SMB","DOC_mgL_mod",0.703087752747539
2024-08-15,"CCS","Q_m3day_mod",5217.727805
2024-08-15,"CCS","DOC_mgL_mod",1.16283892658904
2024-08-15,"HPB","Q_m3day_mod",1727.742469
2024-08-15,"HPB","DOC_mgL_mod",0.765394741246011
2024-08-15,"CCR dam","Q_m3day_mod",29756.453123
2024-08-15,"CCR dam","DOC_mgL_mod",0.858192335438715
2024-08-16,"SMB","Q_m3day_mod",2663.074528
2024-08-16,"SMB","DOC_mgL_mod",0.796356608762547
2024-08-16,"CCS","Q_m3day_mod",4713.633148
2024-08-16,"CCS","DOC_mgL_mod",1.40856634182852
2024-08-16,"HPB","Q_m3day_mod",1471.105121
2024-08-16,"HPB","DOC_mgL_mod",0.894931287510622
2024-08-16,"CCR dam","Q_m3day_mod",26974.182499
2024-08-16,"CCR dam","DOC_mgL_mod",1.05040217626801
2024-08-17,"SMB","Q_m3day_mod",2413.859398
2024-08-17,"SMB","DOC_mgL_mod",0.87616619333849
2024-08-17,"CCS","Q_m3day_mod",4368.183589
2024-08-17,"CCS","DOC_mgL_mod",1.39340228632501
2024-08-17,"HPB","Q_m3day_mod",1304.585711
2024-08-17,"HPB","DOC_mgL_mod",1.00527929207098
2024-08-17,"CCR dam","Q_m3day_mod",25057.813842
2024-08-17,"CCR dam","DOC_mgL_mod",1.08785028781363
2024-08-18,"SMB","Q_m3day_mod",2202.781117
2024-08-18,"SMB","DOC_mgL_mod",0.958074764538668
2024-08-18,"CCS","Q_m3day_mod",3938.397174
2024-08-18,"CCS","DOC_mgL_mod",1.53039542070319
2024-08-18,"HPB","Q_m3day_mod",1167.556262
2024-08-18,"HPB","DOC_mgL_mod",1.11793756111087
2024-08-18,"CCR dam","Q_m3day_mod",23113.7827
2024-08-18,"CCR dam","DOC_mgL_mod",1.15808261881773
2024-08-19,"SMB","Q_m3day_mod",1962.597447
2024-08-19,"SMB","DOC_mgL_mod",1.07192129655308
2024-08-19,"CCS","Q_m3day_mod",3478.4363
2024-08-19,"CCS","DOC_mgL_mod",1.71609754647512
2024-08-19,"HPB","Q_m3day_mod",1006.462834
2024-08-19,"HPB","DOC_mgL_mod",1.29345064320577
2024-08-19,"CCR dam","Q_m3day_mod",20862.296261
2024-08-19,"CCR dam","DOC_mgL_mod",1.25978558022549
2024-08-20,"SMB","Q_m3day_mod",1737.002796
2024-08-20,"SMB","DOC_mgL_mod",1.09944440181546
2024-08-20,"CCS","Q_m3day_mod",3053.694247
2024-08-20,"CCS","DOC_mgL_mod",1.71979398564849
2024-08-20,"HPB","Q_m3day_mod",861.338237
2024-08-20,"HPB","DOC_mgL_mod",1.35010028586482
2024-08-20,"CCR dam","Q_m3day_mod",18618.667517
2024-08-20,"CCR dam","DOC_mgL_mod",1.25234525933234
2024-08-21,"SMB","Q_m3day_mod",1523.291081
2024-08-21,"SMB","DOC_mgL_mod",1.1327999103541
2024-08-21,"CCS","Q_m3day_mod",2642.607788
2024-08-21,"CCS","DOC_mgL_mod",1.79933474108115
2024-08-21,"HPB","Q_m3day_mod",729.757919
2024-08-21,"HPB","DOC_mgL_mod",1.42009695683755
2024-08-21,"CCR dam","Q_m3day_mod",16470.475261
2024-08-21,"CCR dam","DOC_mgL_mod",1.28390830652425
2024-08-22,"SMB","Q_m3day_mod",1337.051055
2024-08-22,"SMB","DOC_mgL_mod",1.16948937301426
2024-08-22,"CCS","Q_m3day_mod",2308.443291
2024-08-22,"CCS","DOC_mgL_mod",1.87353660229031
2024-08-22,"HPB","Q_m3day_mod",618.425018
2024-08-22,"HPB","DOC_mgL_mod",1.4968969124079
2024-08-22,"CCR dam","Q_m3day_mod",14678.62567
2024-08-22,"CCR dam","DOC_mgL_mod",1.30638047669486
2024-08-23,"SMB","Q_m3day_mod",1177.327533
2024-08-23,"SMB","DOC_mgL_mod",1.21693238274077
2024-08-23,"CCS","Q_m3day_mod",2023.997678
2024-08-23,"CCS","DOC_mgL_mod",1.96629474591719
2024-08-23,"HPB","Q_m3day_mod",525.400423
2024-08-23,"HPB","DOC_mgL_mod",1.59114736761451
2024-08-23,"CCR dam","Q_m3day_mod",13119.813021
2024-08-23,"CCR dam","DOC_mgL_mod",1.33558153397101
2024-08-24,"SMB","Q_m3day_mod",1041.16505
2024-08-24,"SMB","DOC_mgL_mod",1.27090800829321
2024-08-24,"CCS","Q_m3day_mod",1783.834719
2024-08-24,"CCS","DOC_mgL_mod",2.07465745597477
2024-08-24,"HPB","Q_m3day_mod",447.891048
2024-08-24,"HPB","DOC_mgL_mod",1.69557530428695
2024-08-24,"CCR dam","Q_m3day_mod",11768.067317
2024-08-24,"CCR dam","DOC_mgL_mod",1.36890022516516
2024-08-25,"SMB","Q_m3day_mod",925.891664
2024-08-25,"SMB","DOC_mgL_mod",1.34284716921266
2024-08-25,"CCS","Q_m3day_mod",1582.391575
2024-08-25,"CCS","DOC_mgL_mod",2.20815318736767
2024-08-25,"HPB","Q_m3day_mod",383.369202
2024-08-25,"HPB","DOC_mgL_mod",1.82309297761483
2024-08-25,"CCR dam","Q_m3day_mod",10598.403437
2024-08-25,"CCR dam","DOC_mgL_mod",1.4126240889956
2024-08-26,"SMB","Q_m3day_mod",829.694183
2024-08-26,"SMB","DOC_mgL_mod",1.4319239839723
2024-08-26,"CCS","Q_m3day_mod",1416.07273
2024-08-26,"CCS","DOC_mgL_mod",2.3705159550668
2024-08-26,"HPB","Q_m3day_mod",330.229647
2024-08-26,"HPB","DOC_mgL_mod",1.98174817417287
2024-08-26,"CCR dam","Q_m3day_mod",9593.45496
2024-08-26,"CCR dam","DOC_mgL_mod",1.46781321835695
2024-08-27,"SMB","Q_m3day_mod",748.71553
2024-08-27,"SMB","DOC_mgL_mod",1.52936990635148
2024-08-27,"CCS","Q_m3day_mod",1276.662098
2024-08-27,"CCS","DOC_mgL_mod",2.53271872413651
2024-08-27,"HPB","Q_m3day_mod",286.316532
2024-08-27,"HPB","DOC_mgL_mod",2.15392696919087
2024-08-27,"CCR dam","Q_m3day_mod",8722.610768
2024-08-27,"CCR dam","DOC_mgL_mod",1.52499525128415
2024-08-28,"SMB","Q_m3day_mod",679.66635
2024-08-28,"SMB","DOC_mgL_mod",1.64045343719017
2024-08-28,"CCS","Q_m3day_mod",1158.012457
2024-08-28,"CCS","DOC_mgL_mod",2.71228170389189
2024-08-28,"HPB","Q_m3day_mod",249.697004
2024-08-28,"HPB","DOC_mgL_mod",2.34609783303607
2024-08-28,"CCR dam","Q_m3day_mod",7961.628053
2024-08-28,"CCR dam","DOC_mgL_mod",1.59003157591994
2024-08-29,"SMB","Q_m3day_mod",623.50447
2024-08-29,"SMB","DOC_mgL_mod",1.78833681817871
2024-08-29,"CCS","Q_m3day_mod",1191.971361
2024-08-29,"CCS","DOC_mgL_mod",2.80776041229064
2024-08-29,"HPB","Q_m3day_mod",220.899863
2024-08-29,"HPB","DOC_mgL_mod",2.64636651223274
2024-08-29,"CCR dam","Q_m3day_mod",7700.211875
2024-08-29,"CCR dam","DOC_mgL_mod",2.04433335803503
2024-08-30,"SMB","Q_m3day_mod",866.039592
2024-08-30,"SMB","DOC_mgL_mod",1.28737763296161
2024-08-30,"CCS","Q_m3day_mod",1913.674906
2024-08-30,"CCS","DOC_mgL_mod",1.66639902629313
2024-08-30,"HPB","Q_m3day_mod",409.221868
2024-08-30,"HPB","DOC_mgL_mod",1.42562762555006
2024-08-30,"CCR dam","Q_m3day_mod",10586.343923
2024-08-30,"CCR dam","DOC_mgL_mod",1.6751127801046
2024-08-31,"SMB","Q_m3day_mod",1460.644955
2024-08-31,"SMB","DOC_mgL_mod",0.784418551597982
2024-08-31,"CCS","Q_m3day_mod",3147.807988
2024-08-31,"CCS","DOC_mgL_mod",1.00823144616787
2024-08-31,"HPB","Q_m3day_mod",844.084055
2024-08-31,"HPB","DOC_mgL_mod",0.689623144225844
2024-08-31,"CCR dam","Q_m3day_mod",16259.272872
2024-08-31,"CCR dam","DOC_mgL_mod",0.984564938790579
2024-09-01,"SMB","Q_m3day_mod",2171.262947
2024-09-01,"SMB","DOC_mgL_mod",0.578712496216148
2024-09-01,"CCS","Q_m3day_mod",4160.262551
2024-09-01,"CCS","DOC_mgL_mod",0.76112407839233
2024-09-01,"HPB","Q_m3day_mod",1338.177192
2024-09-01,"HPB","DOC_mgL_mod",0.434335978429978
2024-09-01,"CCR dam","Q_m3day_mod",21653.848093
2024-09-01,"CCR dam","DOC_mgL_mod",0.74720067908994
2024-09-02,"SMB","Q_m3day_mod",2533.264633
2024-09-02,"SMB","DOC_mgL_mod",0.5094872376091
2024-09-02,"CCS","Q_m3day_mod",4418.968551
2024-09-02,"CCS","DOC_mgL_mod",0.714909138533039
2024-09-02,"HPB","Q_m3day_mod",1571.615841
2024-09-02,"HPB","DOC_mgL_mod",0.369184049220843
2024-09-02,"CCR dam","Q_m3day_mod",23738.135471
2024-09-02,"CCR dam","DOC_mgL_mod",0.683088190300774
2024-09-03,"SMB","Q_m3day_mod",2355.374608
2024-09-03,"SMB","DOC_mgL_mod",0.545787067430252
2024-09-03,"CCS","Q_m3day_mod",3970.529607
2024-09-03,"CCS","DOC_mgL_mod",0.791699423285524
2024-09-03,"HPB","Q_m3day_mod",1424.198714
2024-09-03,"HPB","DOC_mgL_mod",0.405501489590588
2024-09-03,"CCR dam","Q_m3day_mod",21985.323118
2024-09-03,"CCR dam","DOC_mgL_mod",0.724628422083853
2024-09-04,"SMB","Q_m3day_mod",2053.219089
2024-09-04,"SMB","DOC_mgL_mod",0.57116018757217
2024-09-04,"CCS","Q_m3day_mod",3415.006893
2024-09-04,"CCS","DOC_mgL_mod",0.800112294238933
2024-09-04,"HPB","Q_m3day_mod",1197.554244
2024-09-04,"HPB","DOC_mgL_mod",0.427594326157304
2024-09-04,"CCR dam","Q_m3day_mod",19358.478585
2024-09-04,"CCR dam","DOC_mgL_mod",0.73273216889012
2024-09-05,"SMB","Q_m3day_mod",1782.865831
2024-09-05,"SMB","DOC_mgL_mod",0.608206731625898
2024-09-05,"CCS","Q_m3day_mod",2943.391681
2024-09-05,"CCS","DOC_mgL_mod",0.860196084790117
2024-09-05,"HPB","Q_m3day_mod",1002.679837
2024-09-05,"HPB","DOC_mgL_mod",0.456182804441893
2024-09-05,"CCR dam","Q_m3day_mod",16982.883039
2024-09-05,"CCR dam","DOC_mgL_mod",0.764797117790478
2024-09-06,"SMB","Q_m3day_mod",1551.53402
2024-09-06,"SMB","DOC_mgL_mod",0.642876332160606
2024-09-06,"CCS","Q_m3day_mod",2549.384243
2024-09-06,"CCS","DOC_mgL_mod",0.910461028530017
2024-09-06,"HPB","Q_m3day_mod",839.707658
2024-09-06,"HPB","DOC_mgL_mod",0.481980360836485
2024-09-06,"CCR dam","Q_m3day_mod",14987.333404
2024-09-06,"CCR dam","DOC_mgL_mod",0.791025306532241
2024-09-07,"SMB","Q_m3day_mod",1352.277884
2024-09-07,"SMB","DOC_mgL_mod",0.68075934014166
2024-09-07,"CCS","Q_m3day_mod",2209.342144
2024-09-07,"CCS","DOC_mgL_mod",0.969662397387374
2024-09-07,"HPB","Q_m3day_mod",703.015103
2024-09-07,"HPB","DOC_mgL_mod",0.505413039469225
2024-09-07,"CCR dam","Q_m3day_mod",13251.609393
2024-09-07,"CCR dam","DOC_mgL_mod",0.818499072703538
2024-09-08,"SMB","Q_m3day_mod",1180.398855
2024-09-08,"SMB","DOC_mgL_mod",0.715521365021995
2024-09-08,"CCS","Q_m3day_mod",1913.838794
2024-09-08,"CCS","DOC_mgL_mod",1.00914769104633
2024-09-08,"HPB","Q_m3day_mod",588.284855
2024-09-08,"HPB","DOC_mgL_mod",0.523847074050546
2024-09-08,"CCR dam","Q_m3day_mod",11737.1393
2024-09-08,"CCR dam","DOC_mgL_mod",0.839847576828197
2024-09-09,"SMB","Q_m3day_mod",1031.324031
2024-09-09,"SMB","DOC_mgL_mod",0.749752916404214
2024-09-09,"CCS","Q_m3day_mod",1656.734024
2024-09-09,"CCS","DOC_mgL_mod",1.06077497929143
2024-09-09,"HPB","Q_m3day_mod",492.174691
2024-09-09,"HPB","DOC_mgL_mod",0.543975959950367
2024-09-09,"CCR dam","Q_m3day_mod",10411.964748
2024-09-09,"CCR dam","DOC_mgL_mod",0.861988031771235
2024-09-10,"SMB","Q_m3day_mod",902.818691
2024-09-10,"SMB","DOC_mgL_mod",0.78841943249046
2024-09-10,"CCS","Q_m3day_mod",1437.833853
2024-09-10,"CCS","DOC_mgL_mod",1.12360409141097
2024-09-10,"HPB","Q_m3day_mod",411.875612
2024-09-10,"HPB","DOC_mgL_mod",0.564065201316168
2024-09-10,"CCR dam","Q_m3day_mod",9259.336067
2024-09-10,"CCR dam","DOC_mgL_mod",0.886295943965979
2024-09-11,"SMB","Q_m3day_mod",792.770606
2024-09-11,"SMB","DOC_mgL_mod",0.834989207458078
2024-09-11,"CCS","Q_m3day_mod",1251.062432
2024-09-11,"CCS","DOC_mgL_mod",1.19317946236595
2024-09-11,"HPB","Q_m3day_mod",344.933193
2024-09-11,"HPB","DOC_mgL_mod",0.592034933558859
2024-09-11,"CCR dam","Q_m3day_mod",8258.086066
2024-09-11,"CCR dam","DOC_mgL_mod",0.913434171031077
2024-09-12,"SMB","Q_m3day_mod",697.066444
2024-09-12,"SMB","DOC_mgL_mod",0.870782556275223
2024-09-12,"CCS","Q_m3day_mod",1089.959577
2024-09-12,"CCS","DOC_mgL_mod",1.26016966957665
2024-09-12,"HPB","Q_m3day_mod",288.999671
2024-09-12,"HPB","DOC_mgL_mod",0.613233916103662
2024-09-12,"CCR dam","Q_m3day_mod",7382.220796
2024-09-12,"CCR dam","DOC_mgL_mod",0.936465352505558
2024-09-13,"SMB","Q_m3day_mod",619.041576
2024-09-13,"SMB","DOC_mgL_mod",0.980272123111809
2024-09-13,"CCS","Q_m3day_mod",961.851151
2024-09-13,"CCS","DOC_mgL_mod",1.45540190760764
2024-09-13,"HPB","Q_m3day_mod",243.778388
2024-09-13,"HPB","DOC_mgL_mod",0.726757205400833
2024-09-13,"CCR dam","Q_m3day_mod",6646.640182
2024-09-13,"CCR dam","DOC_mgL_mod",1.00915527489585
2024-09-14,"SMB","Q_m3day_mod",557.616028
2024-09-14,"SMB","DOC_mgL_mod",1.08763892991971
2024-09-14,"CCS","Q_m3day_mod",870.686034
2024-09-14,"CCS","DOC_mgL_mod",1.65379590779103
2024-09-14,"HPB","Q_m3day_mod",207.785889
2024-09-14,"HPB","DOC_mgL_mod",0.850754114491384
2024-09-14,"CCR dam","Q_m3day_mod",6053.33681
2024-09-14,"CCR dam","DOC_mgL_mod",1.47888169467312
2024-09-15,"SMB","Q_m3day_mod",499.66608
2024-09-15,"SMB","DOC_mgL_mod",1.1214173273479
2024-09-15,"CCS","Q_m3day_mod",772.107286
2024-09-15,"CCS","DOC_mgL_mod",1.63825289948112
2024-09-15,"HPB","Q_m3day_mod",176.621171
2024-09-15,"HPB","DOC_mgL_mod",0.876328127164325
2024-09-15,"CCR dam","Q_m3day_mod",5534.790432
2024-09-15,"CCR dam","DOC_mgL_mod",1.4995680689216
2024-09-16,"SMB","Q_m3day_mod",444.249529
2024-09-16,"SMB","DOC_mgL_mod",1.17027676128386
2024-09-16,"CCS","Q_m3day_mod",669.303984
2024-09-16,"CCS","DOC_mgL_mod",1.76173611421384
2024-09-16,"HPB","Q_m3day_mod",148.989128
2024-09-16,"HPB","DOC_mgL_mod",0.916450091579837
2024-09-16,"CCR dam","Q_m3day_mod",5032.709607
2024-09-16,"CCR dam","DOC_mgL_mod",1.5113321836453
2024-09-17,"SMB","Q_m3day_mod",400.439923
2024-09-17,"SMB","DOC_mgL_mod",1.2956270596426
2024-09-17,"CCS","Q_m3day_mod",955.113719
2024-09-17,"CCS","DOC_mgL_mod",5.80678812341507
2024-09-17,"HPB","Q_m3day_mod",126.60198
2024-09-17,"HPB","DOC_mgL_mod",1.07575963661864
2024-09-17,"CCR dam","Q_m3day_mod",5486.007199
2024-09-17,"CCR dam","DOC_mgL_mod",3.33254393164715
2024-09-18,"SMB","Q_m3day_mod",1315.152079
2024-09-18,"SMB","DOC_mgL_mod",0.394691616497076
2024-09-18,"CCS","Q_m3day_mod",2741.021876
2024-09-18,"CCS","DOC_mgL_mod",1.01346327233763
2024-09-18,"HPB","Q_m3day_mod",791.023313
2024-09-18,"HPB","DOC_mgL_mod",0.172187971911265
2024-09-18,"CCR dam","Q_m3day_mod",14420.672857
2024-09-18,"CCR dam","DOC_mgL_mod",0.638978714195513
2024-09-19,"SMB","Q_m3day_mod",2458.752039
2024-09-19,"SMB","DOC_mgL_mod",0.211839661640643
2024-09-19,"CCS","Q_m3day_mod",4360.781258
2024-09-19,"CCS","DOC_mgL_mod",0.383854841819722
2024-09-19,"HPB","Q_m3day_mod",1603.006307
2024-09-19,"HPB","DOC_mgL_mod",0.0849448310997818
2024-09-19,"CCR dam","Q_m3day_mod",24100.666111
2024-09-19,"CCR dam","DOC_mgL_mod",0.351043990279527
2024-09-20,"SMB","Q_m3day_mod",2521.45347
2024-09-20,"SMB","DOC_mgL_mod",0.206878019446458
2024-09-20,"CCS","Q_m3day_mod",4420.244172
2024-09-20,"CCS","DOC_mgL_mod",0.576627647890036
2024-09-20,"HPB","Q_m3day_mod",1620.535504
2024-09-20,"HPB","DOC_mgL_mod",0.0839064615766666
2024-09-20,"CCR dam","Q_m3day_mod",24957.07791
2024-09-20,"CCR dam","DOC_mgL_mod",0.372232039083297
2024-09-21,"SMB","Q_m3day_mod",2462.626387
2024-09-21,"SMB","DOC_mgL_mod",0.212599931018282
2024-09-21,"CCS","Q_m3day_mod",4278.717408
2024-09-21,"CCS","DOC_mgL_mod",0.316807788582985
2024-09-21,"HPB","Q_m3day_mod",1556.879628
2024-09-21,"HPB","DOC_mgL_mod",0.0873253767053595
2024-09-21,"CCR dam","Q_m3day_mod",24498.960447
2024-09-21,"CCR dam","DOC_mgL_mod",0.331279280913074
2024-09-22,"SMB","Q_m3day_mod",2375.335433
2024-09-22,"SMB","DOC_mgL_mod",0.220466672927368
2024-09-22,"CCS","Q_m3day_mod",3926.7686
2024-09-22,"CCS","DOC_mgL_mod",0.310976562255285
2024-09-22,"HPB","Q_m3day_mod",1477.798531
2024-09-22,"HPB","DOC_mgL_mod",0.0917331403139688
2024-09-22,"CCR dam","Q_m3day_mod",23139.101784
2024-09-22,"CCR dam","DOC_mgL_mod",0.341508718608262
2024-09-23,"SMB","Q_m3day_mod",2058.561979
2024-09-23,"SMB","DOC_mgL_mod",0.254638337512985
2024-09-23,"CCS","Q_m3day_mod",3489.021942
2024-09-23,"CCS","DOC_mgL_mod",0.556635364375705
2024-09-23,"HPB","Q_m3day_mod",1236.433002
2024-09-23,"HPB","DOC_mgL_mod",0.109743673761953
2024-09-23,"CCR dam","Q_m3day_mod",20763.826119
2024-09-23,"CCR dam","DOC_mgL_mod",0.411155677719148
2024-09-24,"SMB","Q_m3day_mod",1875.243114
2024-09-24,"SMB","DOC_mgL_mod",0.29484454355394
2024-09-24,"CCS","Q_m3day_mod",3617.591577
2024-09-24,"CCS","DOC_mgL_mod",1.08229934658541
2024-09-24,"HPB","Q_m3day_mod",1096.77788
2024-09-24,"HPB","DOC_mgL_mod",0.123649102040606
2024-09-24,"CCR dam","Q_m3day_mod",20794.728897
2024-09-24,"CCR dam","DOC_mgL_mod",0.513393564921165
2024-09-25,"SMB","Q_m3day_mod",2354.859547
2024-09-25,"SMB","DOC_mgL_mod",0.293389387439335
2024-09-25,"CCS","Q_m3day_mod",4768.088784
2024-09-25,"CCS","DOC_mgL_mod",0.915703586445634
2024-09-25,"HPB","Q_m3day_mod",1418.691517
2024-09-25,"HPB","DOC_mgL_mod",0.0954991965318137
2024-09-25,"CCR dam","Q_m3day_mod",27133.277576
2024-09-25,"CCR dam","DOC_mgL_mod",0.47366890947845
2024-09-26,"SMB","Q_m3day_mod",3870.601638
2024-09-26,"SMB","DOC_mgL_mod",1.32702703103646
2024-09-26,"CCS","Q_m3day_mod",7416.883828
2024-09-26,"CCS","DOC_mgL_mod",1.64460577823142
2024-09-26,"HPB","Q_m3day_mod",2162.310555
2024-09-26,"HPB","DOC_mgL_mod",0.0626249081968709
2024-09-26,"CCR dam","Q_m3day_mod",43868.000284
2024-09-26,"CCR dam","DOC_mgL_mod",1.20552793967425
2024-09-27,"SMB","Q_m3day_mod",6326.945549
2024-09-27,"SMB","DOC_mgL_mod",1.19779440826669
2024-09-27,"CCS","Q_m3day_mod",11595.541206
2024-09-27,"CCS","DOC_mgL_mod",1.66399822631961
2024-09-27,"HPB","Q_m3day_mod",3354.835814
2024-09-27,"HPB","DOC_mgL_mod",0.0442028189222139
2024-09-27,"CCR dam","Q_m3day_mod",67862.346502
2024-09-27,"CCR dam","DOC_mgL_mod",1.06949617484655
2024-09-28,"SMB","Q_m3day_mod",8519.485359
2024-09-28,"SMB","DOC_mgL_mod",0.584468402746861
2024-09-28,"CCS","Q_m3day_mod",13944.022733
2024-09-28,"CCS","DOC_mgL_mod",0.27674151669787
2024-09-28,"HPB","Q_m3day_mod",4796.109022
2024-09-28,"HPB","DOC_mgL_mod",0.0372373728747153
2024-09-28,"CCR dam","Q_m3day_mod",81053.063198
2024-09-28,"CCR dam","DOC_mgL_mod",0.350211810387204
2024-09-29,"SMB","Q_m3day_mod",8726.397632
2024-09-29,"SMB","DOC_mgL_mod",0.572944783270678
2024-09-29,"CCS","Q_m3day_mod",13053.42407
2024-09-29,"CCS","DOC_mgL_mod",0.321669699649925
2024-09-29,"HPB","Q_m3day_mod",4990.454848
2024-09-29,"HPB","DOC_mgL_mod",0.0386687197615539
2024-09-29,"CCR dam","Q_m3day_mod",77806.083304
2024-09-29,"CCR dam","DOC_mgL_mod",0.399693168958181
2024-09-30,"SMB","Q_m3day_mod",7804.081961
2024-09-30,"SMB","DOC_mgL_mod",0.634720268797033
2024-09-30,"CCS","Q_m3day_mod",11635.513559
2024-09-30,"CCS","DOC_mgL_mod",0.391346026706134
2024-09-30,"HPB","Q_m3day_mod",4236.29238
2024-09-30,"HPB","DOC_mgL_mod",0.0477192039327559
2024-09-30,"CCR dam","Q_m3day_mod",70767.523461
2024-09-30,"CCR dam","DOC_mgL_mod",0.432028118333816
2024-10-01,"SMB","Q_m3day_mod",7199.44813
2024-10-01,"SMB","DOC_mgL_mod",0.751903048991062
2024-10-01,"CCS","Q_m3day_mod",10771.523964
2024-10-01,"CCS","DOC_mgL_mod",0.607069902258447
2024-10-01,"HPB","Q_m3day_mod",3705.226974
2024-10-01,"HPB","DOC_mgL_mod",0.0586249645498775
2024-10-01,"CCR dam","Q_m3day_mod",65651.404365
2024-10-01,"CCR dam","DOC_mgL_mod",0.505172133342528
2024-10-02,"SMB","Q_m3day_mod",6676.637838
2024-10-02,"SMB","DOC_mgL_mod",0.723978313229576
2024-10-02,"CCS","Q_m3day_mod",9962.772287
2024-10-02,"CCS","DOC_mgL_mod",0.480967632498494
2024-10-02,"HPB","Q_m3day_mod",3373.506225
2024-10-02,"HPB","DOC_mgL_mod",0.0694366585910183
2024-10-02,"CCR dam","Q_m3day_mod",61036.6144
2024-10-02,"CCR dam","DOC_mgL_mod",0.48101914381411
2024-10-03,"SMB","Q_m3day_mod",5969.449353
2024-10-03,"SMB","DOC_mgL_mod",0.771453567603457
2024-10-03,"CCS","Q_m3day_mod",8780.069792
2024-10-03,"CCS","DOC_mgL_mod",0.529003653733143
2024-10-03,"HPB","Q_m3day_mod",2996.769162
2024-10-03,"HPB","DOC_mgL_mod",0.077959791819294
2024-10-03,"CCR dam","Q_m3day_mod",54918.376705
2024-10-03,"CCR dam","DOC_mgL_mod",0.511004725262482
2024-10-04,"SMB","Q_m3day_mod",5242.127361
2024-10-04,"SMB","DOC_mgL_mod",0.837773426237822
2024-10-04,"CCS","Q_m3day_mod",7642.088351
2024-10-04,"CCS","DOC_mgL_mod",0.590739702637599
2024-10-04,"HPB","Q_m3day_mod",2504.117758
2024-10-04,"HPB","DOC_mgL_mod",0.0930513348486066
2024-10-04,"CCR dam","Q_m3day_mod",48758.855664
2024-10-04,"CCR dam","DOC_mgL_mod",0.55098975630463
2024-10-05,"SMB","Q_m3day_mod",4514.068571
2024-10-05,"SMB","DOC_mgL_mod",0.71450487498587
2024-10-05,"CCS","Q_m3day_mod",6595.358851
2024-10-05,"CCS","DOC_mgL_mod",0.604546331758044
2024-10-05,"HPB","Q_m3day_mod",2092.478071
2024-10-05,"HPB","DOC_mgL_mod",0.102966957210229
2024-10-05,"CCR dam","Q_m3day_mod",42938.821957
2024-10-05,"CCR dam","DOC_mgL_mod",0.503175658187282
2024-10-06,"SMB","Q_m3day_mod",3848.235272
2024-10-06,"SMB","DOC_mgL_mod",0.748233877733658
2024-10-06,"CCS","Q_m3day_mod",5644.546242
2024-10-06,"CCS","DOC_mgL_mod",0.661054022772589
2024-10-06,"HPB","Q_m3day_mod",1747.85644
2024-10-06,"HPB","DOC_mgL_mod",0.113538329269193
2024-10-06,"CCR dam","Q_m3day_mod",37577.72871
2024-10-06,"CCR dam","DOC_mgL_mod",0.524711063624047
2024-10-07,"SMB","Q_m3day_mod",3351.61291
2024-10-07,"SMB","DOC_mgL_mod",0.786136427669984
2024-10-07,"CCS","Q_m3day_mod",4887.879886
2024-10-07,"CCS","DOC_mgL_mod",0.717357030405555
2024-10-07,"HPB","Q_m3day_mod",1459.274524
2024-10-07,"HPB","DOC_mgL_mod",0.125270603298766
2024-10-07,"CCR dam","Q_m3day_mod",33218.180257
2024-10-07,"CCR dam","DOC_mgL_mod",0.548510179035482
2024-10-08,"SMB","Q_m3day_mod",2929.516309
2024-10-08,"SMB","DOC_mgL_mod",0.819222611127645
2024-10-08,"CCS","Q_m3day_mod",4239.74195
2024-10-08,"CCS","DOC_mgL_mod",0.779665611488454
2024-10-08,"HPB","Q_m3day_mod",1218.762294
2024-10-08,"HPB","DOC_mgL_mod",0.139247251769671
2024-10-08,"CCR dam","Q_m3day_mod",29430.691242
2024-10-08,"CCR dam","DOC_mgL_mod",0.568955375947945
2024-10-09,"SMB","Q_m3day_mod",2560.04972
2024-10-09,"SMB","DOC_mgL_mod",0.836781404386162
2024-10-09,"CCS","Q_m3day_mod",3682.515505
2024-10-09,"CCS","DOC_mgL_mod",0.844013011154993
2024-10-09,"HPB","Q_m3day_mod",1018.241993
2024-10-09,"HPB","DOC_mgL_mod",0.153796740928558
2024-10-09,"CCR dam","Q_m3day_mod",26105.52825
2024-10-09,"CCR dam","DOC_mgL_mod",0.584695312572348
2024-10-10,"SMB","Q_m3day_mod",2249.252745
2024-10-10,"SMB","DOC_mgL_mod",0.906242753079312
2024-10-10,"CCS","Q_m3day_mod",3204.623672
2024-10-10,"CCS","DOC_mgL_mod",0.920471575421852
2024-10-10,"HPB","Q_m3day_mod",851.008962
2024-10-10,"HPB","DOC_mgL_mod",0.170803959171466
2024-10-10,"CCR dam","Q_m3day_mod",23227.72168
2024-10-10,"CCR dam","DOC_mgL_mod",0.617358439090786
2024-10-11,"SMB","Q_m3day_mod",1994.494768
2024-10-11,"SMB","DOC_mgL_mod",0.980091816415334
2024-10-11,"CCS","Q_m3day_mod",2795.644102
2024-10-11,"CCS","DOC_mgL_mod",1.00192653206327
2024-10-11,"HPB","Q_m3day_mod",711.606396
2024-10-11,"HPB","DOC_mgL_mod",0.190119145584521
2024-10-11,"CCR dam","Q_m3day_mod",20752.218051
2024-10-11,"CCR dam","DOC_mgL_mod",0.652075839158211
2024-10-12,"SMB","Q_m3day_mod",1777.070342
2024-10-12,"SMB","DOC_mgL_mod",1.06532980448559
2024-10-12,"CCS","Q_m3day_mod",2443.843809
2024-10-12,"CCS","DOC_mgL_mod",1.08984133527332
2024-10-12,"HPB","Q_m3day_mod",595.280516
2024-10-12,"HPB","DOC_mgL_mod",0.210353096791093
2024-10-12,"CCR dam","Q_m3day_mod",18590.385172
2024-10-12,"CCR dam","DOC_mgL_mod",0.687811461768889
2024-10-13,"SMB","Q_m3day_mod",1590.771041
2024-10-13,"SMB","DOC_mgL_mod",1.15487895658769
2024-10-13,"CCS","Q_m3day_mod",2142.370716
2024-10-13,"CCS","DOC_mgL_mod",1.19003587052391
2024-10-13,"HPB","Q_m3day_mod",498.104764
2024-10-13,"HPB","DOC_mgL_mod",0.231209995012214
2024-10-13,"CCR dam","Q_m3day_mod",16698.454696
2024-10-13,"CCR dam","DOC_mgL_mod",0.725882737095639
2024-10-14,"SMB","Q_m3day_mod",1430.437012
2024-10-14,"SMB","DOC_mgL_mod",1.25163847480199
2024-10-14,"CCS","Q_m3day_mod",1884.412502
2024-10-14,"CCS","DOC_mgL_mod",1.29829164124278
2024-10-14,"HPB","Q_m3day_mod",416.983459
2024-10-14,"HPB","DOC_mgL_mod",0.255460732796118
2024-10-14,"CCR dam","Q_m3day_mod",15041.518331
2024-10-14,"CCR dam","DOC_mgL_mod",0.767347401107256
2024-10-15,"SMB","Q_m3day_mod",1298.364372
2024-10-15,"SMB","DOC_mgL_mod",1.38326962656366
2024-10-15,"CCS","Q_m3day_mod",1674.648398
2024-10-15,"CCS","DOC_mgL_mod",1.46542940173642
2024-10-15,"HPB","Q_m3day_mod",349.914603
2024-10-15,"HPB","DOC_mgL_mod",0.30482523188665
2024-10-15,"CCR dam","Q_m3day_mod",13676.549441
2024-10-15,"CCR dam","DOC_mgL_mod",0.854795286664441
2024-10-16,"SMB","Q_m3day_mod",1203.187593
2024-10-16,"SMB","DOC_mgL_mod",1.60593328192672
2024-10-16,"CCS","Q_m3day_mod",1500.628298
2024-10-16,"CCS","DOC_mgL_mod",1.61851272779344
2024-10-16,"HPB","Q_m3day_mod",294.734083
2024-10-16,"HPB","DOC_mgL_mod",0.36066273339687
2024-10-16,"CCR dam","Q_m3day_mod",12586.329374
2024-10-16,"CCR dam","DOC_mgL_mod",1.1659149831494
2024-10-17,"SMB","Q_m3day_mod",1108.685579
2024-10-17,"SMB","DOC_mgL_mod",1.61592432871358
2024-10-17,"CCS","Q_m3day_mod",1338.99701
2024-10-17,"CCS","DOC_mgL_mod",1.74650277971868
2024-10-17,"HPB","Q_m3day_mod",248.511967
2024-10-17,"HPB","DOC_mgL_mod",0.408381540837428
2024-10-17,"CCR dam","Q_m3day_mod",11510.05913
2024-10-17,"CCR dam","DOC_mgL_mod",1.17627023867426
2024-10-18,"SMB","Q_m3day_mod",1008.978201
2024-10-18,"SMB","DOC_mgL_mod",1.73760840250304
2024-10-18,"CCS","Q_m3day_mod",1195.102946
2024-10-18,"CCS","DOC_mgL_mod",1.89331639384981
2024-10-18,"HPB","Q_m3day_mod",209.400281
2024-10-18,"HPB","DOC_mgL_mod",0.462159742756028
2024-10-18,"CCR dam","Q_m3day_mod",10448.383681
2024-10-18,"CCR dam","DOC_mgL_mod",1.22140135638459
2024-10-19,"SMB","Q_m3day_mod",929.760586
2024-10-19,"SMB","DOC_mgL_mod",1.84721424618445
2024-10-19,"CCS","Q_m3day_mod",1073.040319
2024-10-19,"CCS","DOC_mgL_mod",2.04595294429006
2024-10-19,"HPB","Q_m3day_mod",176.588916
2024-10-19,"HPB","DOC_mgL_mod",0.524373398384755
2024-10-19,"CCR dam","Q_m3day_mod",9541.098378
2024-10-19,"CCR dam","DOC_mgL_mod",1.26816321566284
2024-10-20,"SMB","Q_m3day_mod",860.65794
2024-10-20,"SMB","DOC_mgL_mod",1.95560851968669
2024-10-20,"CCS","Q_m3day_mod",967.579832
2024-10-20,"CCS","DOC_mgL_mod",2.2003879469038
2024-10-20,"HPB","Q_m3day_mod",149.149074
2024-10-20,"HPB","DOC_mgL_mod",0.591617819900109
2024-10-20,"CCR dam","Q_m3day_mod",8740.876701
2024-10-20,"CCR dam","DOC_mgL_mod",1.31491043669396
2024-10-21,"SMB","Q_m3day_mod",800.624686
2024-10-21,"SMB","DOC_mgL_mod",2.0664513959291
2024-10-21,"CCS","Q_m3day_mod",876.945801
2024-10-21,"CCS","DOC_mgL_mod",2.36730593570628
2024-10-21,"HPB","Q_m3day_mod",126.213225
2024-10-21,"HPB","DOC_mgL_mod",0.671068978706471
2024-10-21,"CCR dam","Q_m3day_mod",8034.913297
2024-10-21,"CCR dam","DOC_mgL_mod",1.36830599081946
2024-10-22,"SMB","Q_m3day_mod",748.441145
2024-10-22,"SMB","DOC_mgL_mod",2.1737099982658
2024-10-22,"CCS","Q_m3day_mod",799.284205
2024-10-22,"CCS","DOC_mgL_mod",2.53377958344617
2024-10-22,"HPB","Q_m3day_mod",107.082494
2024-10-22,"HPB","DOC_mgL_mod",0.761338356575819
2024-10-22,"CCR dam","Q_m3day_mod",7409.378364
2024-10-22,"CCR dam","DOC_mgL_mod",1.41955633567102
2024-10-23,"SMB","Q_m3day_mod",702.387226
2024-10-23,"SMB","DOC_mgL_mod",2.27662454669983
2024-10-23,"CCS","Q_m3day_mod",732.007927
2024-10-23,"CCS","DOC_mgL_mod",2.70249395810163
2024-10-23,"HPB","Q_m3day_mod",91.067437
2024-10-23,"HPB","DOC_mgL_mod",0.859812712199202
2024-10-23,"CCR dam","Q_m3day_mod",6848.94803
2024-10-23,"CCR dam","DOC_mgL_mod",1.47323354707949
2024-10-24,"SMB","Q_m3day_mod",662.387854
2024-10-24,"SMB","DOC_mgL_mod",2.38314303389989
2024-10-24,"CCS","Q_m3day_mod",674.238696
2024-10-24,"CCS","DOC_mgL_mod",2.87546237186007
2024-10-24,"HPB","Q_m3day_mod",77.672791
2024-10-24,"HPB","DOC_mgL_mod",0.975345536379657
2024-10-24,"CCR dam","Q_m3day_mod",6353.640456
2024-10-24,"CCR dam","DOC_mgL_mod",1.53269390476822
2024-10-25,"SMB","Q_m3day_mod",628.005697
2024-10-25,"SMB","DOC_mgL_mod",2.48431822745073
2024-10-25,"CCS","Q_m3day_mod",624.160707
2024-10-25,"CCS","DOC_mgL_mod",3.03976520585427
2024-10-25,"HPB","Q_m3day_mod",66.516085
2024-10-25,"HPB","DOC_mgL_mod",1.10854885701707
2024-10-25,"CCR dam","Q_m3day_mod",5908.576692
2024-10-25,"CCR dam","DOC_mgL_mod",1.58057743629606
2024-10-26,"SMB","Q_m3day_mod",597.738473
2024-10-26,"SMB","DOC_mgL_mod",2.57919821065291
2024-10-26,"CCS","Q_m3day_mod",581.06299
2024-10-26,"CCS","DOC_mgL_mod",3.21383573233601
2024-10-26,"HPB","Q_m3day_mod",57.179885
2024-10-26,"HPB","DOC_mgL_mod",1.25170258736967
2024-10-26,"CCR dam","Q_m3day_mod",5512.154467
2024-10-26,"CCR dam","DOC_mgL_mod",1.65119501902377
2024-10-27,"SMB","Q_m3day_mod",571.306454
2024-10-27,"SMB","DOC_mgL_mod",2.67346183349786
2024-10-27,"CCS","Q_m3day_mod",544.504384
2024-10-27,"CCS","DOC_mgL_mod",3.37862293501754
2024-10-27,"HPB","Q_m3day_mod",49.384002
2024-10-27,"HPB","DOC_mgL_mod",1.42022916652239
2024-10-27,"CCR dam","Q_m3day_mod",5164.594781
2024-10-27,"CCR dam","DOC_mgL_mod",1.71070943116457
2024-10-28,"SMB","Q_m3day_mod",548.64442
2024-10-28,"SMB","DOC_mgL_mod",2.76382287821318
2024-10-28,"CCS","Q_m3day_mod",512.619401
2024-10-28,"CCS","DOC_mgL_mod",3.53387132142507
2024-10-28,"HPB","Q_m3day_mod",42.907112
2024-10-28,"HPB","DOC_mgL_mod",1.6068939806529
2024-10-28,"CCR dam","Q_m3day_mod",4849.01199
2024-10-28,"CCR dam","DOC_mgL_mod",1.76968710691928
2024-10-29,"SMB","Q_m3day_mod",528.424725
2024-10-29,"SMB","DOC_mgL_mod",2.84102338322644
2024-10-29,"CCS","Q_m3day_mod",484.768532
2024-10-29,"CCS","DOC_mgL_mod",3.68370032731415
2024-10-29,"HPB","Q_m3day_mod",37.503011
2024-10-29,"HPB","DOC_mgL_mod",1.8113310955219
2024-10-29,"CCR dam","Q_m3day_mod",4559.902571
2024-10-29,"CCR dam","DOC_mgL_mod",1.82777742950157
2024-10-30,"SMB","Q_m3day_mod",509.351426
2024-10-30,"SMB","DOC_mgL_mod",2.90998890812961
2024-10-30,"CCS","Q_m3day_mod",460.194137
2024-10-30,"CCS","DOC_mgL_mod",3.81816033436341
2024-10-30,"HPB","Q_m3day_mod",32.947932
2024-10-30,"HPB","DOC_mgL_mod",2.01746743923109
2024-10-30,"CCR dam","Q_m3day_mod",4293.264756
2024-10-30,"CCR dam","DOC_mgL_mod",1.88152197898135
2024-10-31,"SMB","Q_m3day_mod",492.950759
2024-10-31,"SMB","DOC_mgL_mod",2.98960894793956
2024-10-31,"CCS","Q_m3day_mod",439.812703
2024-10-31,"CCS","DOC_mgL_mod",3.97084256113448
2024-10-31,"HPB","Q_m3day_mod",29.119136
2024-10-31,"HPB","DOC_mgL_mod",2.2509033235052
2024-10-31,"CCR dam","Q_m3day_mod",4067.965198
2024-10-31,"CCR dam","DOC_mgL_mod",1.96565398443706
2024-11-01,"SMB","Q_m3day_mod",479.917342
2024-11-01,"SMB","DOC_mgL_mod",3.06018114261018
2024-11-01,"CCS","Q_m3day_mod",425.320474
2024-11-01,"CCS","DOC_mgL_mod",4.08101680052205
2024-11-01,"HPB","Q_m3day_mod",25.999794
2024-11-01,"HPB","DOC_mgL_mod",2.5210995902506
2024-11-01,"CCR dam","Q_m3day_mod",3874.845303
2024-11-01,"CCR dam","DOC_mgL_mod",2.01819024721979
2024-11-02,"SMB","Q_m3day_mod",467.784268
2024-11-02,"SMB","DOC_mgL_mod",3.1160539156909
2024-11-02,"CCS","Q_m3day_mod",410.469284
2024-11-02,"CCS","DOC_mgL_mod",4.18521937441731
2024-11-02,"HPB","Q_m3day_mod",23.490963
2024-11-02,"HPB","DOC_mgL_mod",2.74059177565432
2024-11-02,"CCR dam","Q_m3day_mod",3699.944675
2024-11-02,"CCR dam","DOC_mgL_mod",2.83193153421949
2024-11-03,"SMB","Q_m3day_mod",456.227815
2024-11-03,"SMB","DOC_mgL_mod",3.17520973595176
2024-11-03,"CCS","Q_m3day_mod",395.070574
2024-11-03,"CCS","DOC_mgL_mod",4.30913136041359
2024-11-03,"HPB","Q_m3day_mod",21.333729
2024-11-03,"HPB","DOC_mgL_mod",2.9862505518843
2024-11-03,"CCR dam","Q_m3day_mod",3535.262733
2024-11-03,"CCR dam","DOC_mgL_mod",2.82822544040887
2024-11-04,"SMB","Q_m3day_mod",446.206102
2024-11-04,"SMB","DOC_mgL_mod",3.22984377295674
2024-11-04,"CCS","Q_m3day_mod",383.260168
2024-11-04,"CCS","DOC_mgL_mod",4.40462939002834
2024-11-04,"HPB","Q_m3day_mod",19.432537
2024-11-04,"HPB","DOC_mgL_mod",3.25274975676105
2024-11-04,"CCR dam","Q_m3day_mod",3372.02214
2024-11-04,"CCR dam","DOC_mgL_mod",2.83883367385008
2024-11-05,"SMB","Q_m3day_mod",436.869088
2024-11-05,"SMB","DOC_mgL_mod",3.27296446298347
2024-11-05,"CCS","Q_m3day_mod",372.91043
2024-11-05,"CCS","DOC_mgL_mod",4.49118036199738
2024-11-05,"HPB","Q_m3day_mod",17.846029
2024-11-05,"HPB","DOC_mgL_mod",3.51808180968438
2024-11-05,"CCR dam","Q_m3day_mod",3223.162739
2024-11-05,"CCR dam","DOC_mgL_mod",2.86836711287757
2024-11-06,"SMB","Q_m3day_mod",427.941133
2024-11-06,"SMB","DOC_mgL_mod",3.31607758770877
2024-11-06,"CCS","Q_m3day_mod",363.65184
2024-11-06,"CCS","DOC_mgL_mod",4.56400000615974
2024-11-06,"HPB","Q_m3day_mod",16.500635
2024-11-06,"HPB","DOC_mgL_mod",3.76761682201927
2024-11-06,"CCR dam","Q_m3day_mod",3089.187535
2024-11-06,"CCR dam","DOC_mgL_mod",2.94210820710177
2024-11-07,"SMB","Q_m3day_mod",420.161653
2024-11-07,"SMB","DOC_mgL_mod",3.35848593017602
2024-11-07,"CCS","Q_m3day_mod",359.927842
2024-11-07,"CCS","DOC_mgL_mod",4.57927619836645
2024-11-07,"HPB","Q_m3day_mod",15.376155
2024-11-07,"HPB","DOC_mgL_mod",4.02972849844451
2024-11-07,"CCR dam","Q_m3day_mod",2975.636952
2024-11-07,"CCR dam","DOC_mgL_mod",2.94197549674736
2024-11-08,"SMB","Q_m3day_mod",413.677017
2024-11-08,"SMB","DOC_mgL_mod",3.39438243435216
2024-11-08,"CCS","Q_m3day_mod",359.381051
2024-11-08,"CCS","DOC_mgL_mod",4.55993713480458
2024-11-08,"HPB","Q_m3day_mod",14.740011
2024-11-08,"HPB","DOC_mgL_mod",4.20691477095913
2024-11-08,"CCR dam","Q_m3day_mod",2902.403523
2024-11-08,"CCR dam","DOC_mgL_mod",3.14909554359716
2024-11-09,"SMB","Q_m3day_mod",407.271622
2024-11-09,"SMB","DOC_mgL_mod",3.41744164045881
2024-11-09,"CCS","Q_m3day_mod",349.396237
2024-11-09,"CCS","DOC_mgL_mod",4.64491550892118
2024-11-09,"HPB","Q_m3day_mod",14.514285
2024-11-09,"HPB","DOC_mgL_mod",4.20116388785255
2024-11-09,"CCR dam","Q_m3day_mod",2848.854912
2024-11-09,"CCR dam","DOC_mgL_mod",3.13097868284842
2024-11-10,"SMB","Q_m3day_mod",400.724098
2024-11-10,"SMB","DOC_mgL_mod",3.4485422935558
2024-11-10,"CCS","Q_m3day_mod",371.803427
2024-11-10,"CCS","DOC_mgL_mod",4.33876043859058
2024-11-10,"HPB","Q_m3day_mod",14.058593
2024-11-10,"HPB","DOC_mgL_mod",4.34288338811715
2024-11-10,"CCR dam","Q_m3day_mod",2928.292521
2024-11-10,"CCR dam","DOC_mgL_mod",3.1357365885237
2024-11-11,"SMB","Q_m3day_mod",512.964651
2024-11-11,"SMB","DOC_mgL_mod",3.21509093615887
2024-11-11,"CCS","Q_m3day_mod",762.869462
2024-11-11,"CCS","DOC_mgL_mod",2.99706452268501
2024-11-11,"HPB","Q_m3day_mod",78.500987
2024-11-11,"HPB","DOC_mgL_mod",0.775557382482338
2024-11-11,"CCR dam","Q_m3day_mod",4858.216601
2024-11-11,"CCR dam","DOC_mgL_mod",2.07916213491198
2024-11-12,"SMB","Q_m3day_mod",1229.441601
2024-11-12,"SMB","DOC_mgL_mod",1.21622450288308
2024-11-12,"CCS","Q_m3day_mod",1906.220792
2024-11-12,"CCS","DOC_mgL_mod",0.833430212631948
2024-11-12,"HPB","Q_m3day_mod",584.341928
2024-11-12,"HPB","DOC_mgL_mod",0.102192119268909
2024-11-12,"CCR dam","Q_m3day_mod",10659.125045
2024-11-12,"CCR dam","DOC_mgL_mod",0.826183571617908
2024-11-13,"SMB","Q_m3day_mod",1730.343147
2024-11-13,"SMB","DOC_mgL_mod",0.851617786076047
2024-11-13,"CCS","Q_m3day_mod",2520.479108
2024-11-13,"CCS","DOC_mgL_mod",0.625784595870572
2024-11-13,"HPB","Q_m3day_mod",946.038178
2024-11-13,"HPB","DOC_mgL_mod",0.0626836753304897
2024-11-13,"CCR dam","Q_m3day_mod",13827.056224
2024-11-13,"CCR dam","DOC_mgL_mod",0.620836052224908
2024-11-14,"SMB","Q_m3day_mod",1737.681588
2024-11-14,"SMB","DOC_mgL_mod",2.08276189665192
2024-11-14,"CCS","Q_m3day_mod",2625.076528
2024-11-14,"CCS","DOC_mgL_mod",1.49257172436993
2024-11-14,"HPB","Q_m3day_mod",793.273167
2024-11-14,"HPB","DOC_mgL_mod",0.0747056530654087
2024-11-14,"CCR dam","Q_m3day_mod",14276.134601
2024-11-14,"CCR dam","DOC_mgL_mod",1.19881539914881
2024-11-15,"SMB","Q_m3day_mod",2249.645728
2024-11-15,"SMB","DOC_mgL_mod",0.656209989700209
2024-11-15,"CCS","Q_m3day_mod",3506.094829
2024-11-15,"CCS","DOC_mgL_mod",0.488508178909841
2024-11-15,"HPB","Q_m3day_mod",1147.681746
2024-11-15,"HPB","DOC_mgL_mod",0.0516859226930669
2024-11-15,"CCR dam","Q_m3day_mod",19152.087926
2024-11-15,"CCR dam","DOC_mgL_mod",0.45249562520205
2024-11-16,"SMB","Q_m3day_mod",2530.758174
2024-11-16,"SMB","DOC_mgL_mod",0.575192057050331
2024-11-16,"CCS","Q_m3day_mod",3882.564665
2024-11-16,"CCS","DOC_mgL_mod",0.39937699273323
2024-11-16,"HPB","Q_m3day_mod",1476.323608
2024-11-16,"HPB","DOC_mgL_mod",0.0394570131401706
2024-11-16,"CCR dam","Q_m3day_mod",21662.740725
2024-11-16,"CCR dam","DOC_mgL_mod",0.391444513307307
2024-11-17,"SMB","Q_m3day_mod",2259.799193
2024-11-17,"SMB","DOC_mgL_mod",0.634979870974757
2024-11-17,"CCS","Q_m3day_mod",3407.851306
2024-11-17,"CCS","DOC_mgL_mod",0.451350091857558
2024-11-17,"HPB","Q_m3day_mod",1263.981099
2024-11-17,"HPB","DOC_mgL_mod",0.0456722573190946
2024-11-17,"CCR dam","Q_m3day_mod",19319.794972
2024-11-17,"CCR dam","DOC_mgL_mod",0.422237865972318
2024-11-18,"SMB","Q_m3day_mod",1983.495028
2024-11-18,"SMB","DOC_mgL_mod",0.713204207739511
2024-11-18,"CCS","Q_m3day_mod",2954.480601
2024-11-18,"CCS","DOC_mgL_mod",0.515982741428059
2024-11-18,"HPB","Q_m3day_mod",1054.464277
2024-11-18,"HPB","DOC_mgL_mod",0.0539918148407791
2024-11-18,"CCR dam","Q_m3day_mod",17000.017634
2024-11-18,"CCR dam","DOC_mgL_mod",0.462354932166654
2024-11-19,"SMB","Q_m3day_mod",1747.149175
2024-11-19,"SMB","DOC_mgL_mod",0.798294742061736
2024-11-19,"CCS","Q_m3day_mod",2566.563273
2024-11-19,"CCS","DOC_mgL_mod",0.589508552513289
2024-11-19,"HPB","Q_m3day_mod",879.815135
2024-11-19,"HPB","DOC_mgL_mod",0.0646237689466435
2024-11-19,"CCR dam","Q_m3day_mod",14998.372265
2024-11-19,"CCR dam","DOC_mgL_mod",0.506507297310372
2024-11-20,"SMB","Q_m3day_mod",1545.4311
2024-11-20,"SMB","DOC_mgL_mod",0.891775764057032
2024-11-20,"CCS","Q_m3day_mod",2285.947404
2024-11-20,"CCS","DOC_mgL_mod",0.764467720010587
2024-11-20,"HPB","Q_m3day_mod",734.429742
2024-11-20,"HPB","DOC_mgL_mod",0.0773495771635022
2024-11-20,"CCR dam","Q_m3day_mod",13455.136226
2024-11-20,"CCR dam","DOC_mgL_mod",0.582291912055146
2024-11-21,"SMB","Q_m3day_mod",1436.031639
2024-11-21,"SMB","DOC_mgL_mod",0.947677588042334
2024-11-21,"CCS","Q_m3day_mod",2114.4129
2024-11-21,"CCS","DOC_mgL_mod",0.70978047854324
2024-11-21,"HPB","Q_m3day_mod",659.995593
2024-11-21,"HPB","DOC_mgL_mod",0.0857231330027987
2024-11-21,"CCR dam","Q_m3day_mod",12534.747204
2024-11-21,"CCR dam","DOC_mgL_mod",0.62244693674478
2024-11-22,"SMB","Q_m3day_mod",1342.346491
2024-11-22,"SMB","DOC_mgL_mod",1.00023802274759
2024-11-22,"CCS","Q_m3day_mod",1914.683386
2024-11-22,"CCS","DOC_mgL_mod",0.774982438793669
2024-11-22,"HPB","Q_m3day_mod",598.472991
2024-11-22,"HPB","DOC_mgL_mod",0.0934611600542555
2024-11-22,"CCR dam","Q_m3day_mod",11568.331284
2024-11-22,"CCR dam","DOC_mgL_mod",0.660830141558384
2024-11-23,"SMB","Q_m3day_mod",1198.597509
2024-11-23,"SMB","DOC_mgL_mod",1.1054077703744
2024-11-23,"CCS","Q_m3day_mod",1674.843768
2024-11-23,"CCS","DOC_mgL_mod",0.877164203652457
2024-11-23,"HPB","Q_m3day_mod",500.542028
2024-11-23,"HPB","DOC_mgL_mod",0.109546325648403
2024-11-23,"CCR dam","Q_m3day_mod",10318.813842
2024-11-23,"CCR dam","DOC_mgL_mod",0.719369019895145
2024-11-24,"SMB","Q_m3day_mod",1074.578886
2024-11-24,"SMB","DOC_mgL_mod",1.21628855454731
2024-11-24,"CCS","Q_m3day_mod",1471.089231
2024-11-24,"CCS","DOC_mgL_mod",0.989191525119662
2024-11-24,"HPB","Q_m3day_mod",418.396172
2024-11-24,"HPB","DOC_mgL_mod",0.129245279041415
2024-11-24,"CCR dam","Q_m3day_mod",9223.663371
2024-11-24,"CCR dam","DOC_mgL_mod",0.782776941177247
2024-11-25,"SMB","Q_m3day_mod",968.015542
2024-11-25,"SMB","DOC_mgL_mod",1.33252715894927
2024-11-25,"CCS","Q_m3day_mod",1296.538648
2024-11-25,"CCS","DOC_mgL_mod",1.111444693317
2024-11-25,"HPB","Q_m3day_mod",349.973969
2024-11-25,"HPB","DOC_mgL_mod",0.152439080404863
2024-11-25,"CCR dam","Q_m3day_mod",8270.116489
2024-11-25,"CCR dam","DOC_mgL_mod",0.844077832432573
2024-11-26,"SMB","Q_m3day_mod",876.732803
2024-11-26,"SMB","DOC_mgL_mod",1.4548343527646
2024-11-26,"CCS","Q_m3day_mod",1160.262898
2024-11-26,"CCS","DOC_mgL_mod",1.26223117409379
2024-11-26,"HPB","Q_m3day_mod",292.994893
2024-11-26,"HPB","DOC_mgL_mod",0.181079640865959
2024-11-26,"CCR dam","Q_m3day_mod",7491.366359
2024-11-26,"CCR dam","DOC_mgL_mod",0.911811633907571
2024-11-27,"SMB","Q_m3day_mod",803.925962
2024-11-27,"SMB","DOC_mgL_mod",1.56580090642725
2024-11-27,"CCS","Q_m3day_mod",1044.396931
2024-11-27,"CCS","DOC_mgL_mod",1.36159247292924
2024-11-27,"HPB","Q_m3day_mod",250.434187
2024-11-27,"HPB","DOC_mgL_mod",0.210258394154469
2024-11-27,"CCR dam","Q_m3day_mod",6864.685852
2024-11-27,"CCR dam","DOC_mgL_mod",1.03323825050691
2024-11-28,"SMB","Q_m3day_mod",741.257446
2024-11-28,"SMB","DOC_mgL_mod",1.68080605020998
2024-11-28,"CCS","Q_m3day_mod",1019.038061
2024-11-28,"CCS","DOC_mgL_mod",1.83935524268902
2024-11-28,"HPB","Q_m3day_mod",215.038893
2024-11-28,"HPB","DOC_mgL_mod",0.244380024779982
2024-11-28,"CCR dam","Q_m3day_mod",6558.738966
2024-11-28,"CCR dam","DOC_mgL_mod",1.14060066100822
2024-11-29,"SMB","Q_m3day_mod",797.232836
2024-11-29,"SMB","DOC_mgL_mod",1.54367199195493
2024-11-29,"CCS","Q_m3day_mod",1120.330628
2024-11-29,"CCS","DOC_mgL_mod",1.25495631812719
2024-11-29,"HPB","Q_m3day_mod",265.012554
2024-11-29,"HPB","DOC_mgL_mod",0.196263985290297
2024-11-29,"CCR dam","Q_m3day_mod",6998.48668
2024-11-29,"CCR dam","DOC_mgL_mod",0.983548489085643
2024-11-30,"SMB","Q_m3day_mod",845.465627
2024-11-30,"SMB","DOC_mgL_mod",1.43878350716202
2024-11-30,"CCS","Q_m3day_mod",1120.321885
2024-11-30,"CCS","DOC_mgL_mod",1.24280621368028
2024-11-30,"HPB","Q_m3day_mod",307.675417
2024-11-30,"HPB","DOC_mgL_mod",0.16667038432908
2024-11-30,"CCR dam","Q_m3day_mod",7092.590086
2024-11-30,"CCR dam","DOC_mgL_mod",0.947736287942018
2024-12-01,"SMB","Q_m3day_mod",770.154046
2024-12-01,"SMB","DOC_mgL_mod",1.56055792505698
2024-12-01,"CCS","Q_m3day_mod",999.587669
2024-12-01,"CCS","DOC_mgL_mod",1.38407069525384
2024-12-01,"HPB","Q_m3day_mod",258.69739
2024-12-01,"HPB","DOC_mgL_mod",0.19719769882487
2024-12-01,"CCR dam","Q_m3day_mod",6420.007459
2024-12-01,"CCR dam","DOC_mgL_mod",1.01458558134052
2024-12-02,"SMB","Q_m3day_mod",704.05275
2024-12-02,"SMB","DOC_mgL_mod",1.68702416118679
2024-12-02,"CCS","Q_m3day_mod",892.910276
2024-12-02,"CCS","DOC_mgL_mod",1.53661239754844
2024-12-02,"HPB","Q_m3day_mod",217.059621
2024-12-02,"HPB","DOC_mgL_mod",0.231749552349951
2024-12-02,"CCR dam","Q_m3day_mod",5834.668957
2024-12-02,"CCR dam","DOC_mgL_mod",1.13333113647633
2024-12-03,"SMB","Q_m3day_mod",646.973424
2024-12-03,"SMB","DOC_mgL_mod",1.81419198449178
2024-12-03,"CCS","Q_m3day_mod",797.760706
2024-12-03,"CCS","DOC_mgL_mod",1.70255816034138
2024-12-03,"HPB","Q_m3day_mod",182.334141
2024-12-03,"HPB","DOC_mgL_mod",0.272884385376845
2024-12-03,"CCR dam","Q_m3day_mod",5311.735269
2024-12-03,"CCR dam","DOC_mgL_mod",1.20654205743325
2024-12-04,"SMB","Q_m3day_mod",597.477427
2024-12-04,"SMB","DOC_mgL_mod",1.94044653004104
2024-12-04,"CCS","Q_m3day_mod",718.493408
2024-12-04,"CCS","DOC_mgL_mod",1.87257528742699
2024-12-04,"HPB","Q_m3day_mod",153.190177
2024-12-04,"HPB","DOC_mgL_mod",0.320106033952817
2024-12-04,"CCR dam","Q_m3day_mod",4840.331601
2024-12-04,"CCR dam","DOC_mgL_mod",1.2854297004599
2024-12-05,"SMB","Q_m3day_mod",554.740447
2024-12-05,"SMB","DOC_mgL_mod",2.06714330314552
2024-12-05,"CCS","Q_m3day_mod",654.116798
2024-12-05,"CCS","DOC_mgL_mod",2.04479231245794
2024-12-05,"HPB","Q_m3day_mod",128.916871
2024-12-05,"HPB","DOC_mgL_mod",0.378751203168746
2024-12-05,"CCR dam","Q_m3day_mod",4442.469782
2024-12-05,"CCR dam","DOC_mgL_mod",1.38162537984372
2024-12-06,"SMB","Q_m3day_mod",517.811683
2024-12-06,"SMB","DOC_mgL_mod",2.18821057384292
2024-12-06,"CCS","Q_m3day_mod",596.176076
2024-12-06,"CCS","DOC_mgL_mod",2.21977374348715
2024-12-06,"HPB","Q_m3day_mod",108.882886
2024-12-06,"HPB","DOC_mgL_mod",0.442172794721845
2024-12-06,"CCR dam","Q_m3day_mod",4104.674178
2024-12-06,"CCR dam","DOC_mgL_mod",1.53123603176281
2024-12-07,"SMB","Q_m3day_mod",485.47979
2024-12-07,"SMB","DOC_mgL_mod",2.30547393126293
2024-12-07,"CCS","Q_m3day_mod",542.625679
2024-12-07,"CCS","DOC_mgL_mod",2.41333952792898
2024-12-07,"HPB","Q_m3day_mod",92.123461
2024-12-07,"HPB","DOC_mgL_mod",0.51204741428462
2024-12-07,"CCR dam","Q_m3day_mod",3793.323206
2024-12-07,"CCR dam","DOC_mgL_mod",1.6112006987258
2024-12-08,"SMB","Q_m3day_mod",457.056002
2024-12-08,"SMB","DOC_mgL_mod",2.4184454315513
2024-12-08,"CCS","Q_m3day_mod",499.051571
2024-12-08,"CCS","DOC_mgL_mod",2.59611045288143
2024-12-08,"HPB","Q_m3day_mod",77.917112
2024-12-08,"HPB","DOC_mgL_mod",0.59303738054357
2024-12-08,"CCR dam","Q_m3day_mod",3507.403343
2024-12-08,"CCR dam","DOC_mgL_mod",1.68745462702834
2024-12-09,"SMB","Q_m3day_mod",432.715417
2024-12-09,"SMB","DOC_mgL_mod",2.53257673969125
2024-12-09,"CCS","Q_m3day_mod",640.48496
2024-12-09,"CCS","DOC_mgL_mod",3.45449797915629
2024-12-09,"HPB","Q_m3day_mod",66.123779
2024-12-09,"HPB","DOC_mgL_mod",0.699000128229211
2024-12-09,"CCR dam","Q_m3day_mod",3865.316586
2024-12-09,"CCR dam","DOC_mgL_mod",1.77677166855486
2024-12-10,"SMB","Q_m3day_mod",694.819323
2024-12-10,"SMB","DOC_mgL_mod",1.56709084499655
2024-12-10,"CCS","Q_m3day_mod",1090.006204
2024-12-10,"CCS","DOC_mgL_mod",1.18866479405836
2024-12-10,"HPB","Q_m3day_mod",259.759168
2024-12-10,"HPB","DOC_mgL_mod",0.177394008283858
2024-12-10,"CCR dam","Q_m3day_mod",6128.751047
2024-12-10,"CCR dam","DOC_mgL_mod",0.982643601251829
2024-12-11,"SMB","Q_m3day_mod",1075.788158
2024-12-11,"SMB","DOC_mgL_mod",2.40360983783947
2024-12-11,"CCS","Q_m3day_mod",2222.95953
2024-12-11,"CCS","DOC_mgL_mod",3.23375882600976
2024-12-11,"HPB","Q_m3day_mod",425.25618
2024-12-11,"HPB","DOC_mgL_mod",0.108343657698284
2024-12-11,"CCR dam","Q_m3day_mod",10748.88787
2024-12-11,"CCR dam","DOC_mgL_mod",1.60370265356578
2024-12-12,"SMB","Q_m3day_mod",2343.984651
2024-12-12,"SMB","DOC_mgL_mod",0.693725105796352
2024-12-12,"CCS","Q_m3day_mod",4270.482265
2024-12-12,"CCS","DOC_mgL_mod",0.395711981723919
2024-12-12,"HPB","Q_m3day_mod",1283.327077
2024-12-12,"HPB","DOC_mgL_mod",0.0351722571813234
2024-12-12,"CCR dam","Q_m3day_mod",21858.232617
2024-12-12,"CCR dam","DOC_mgL_mod",0.35037123697017
2024-12-13,"SMB","Q_m3day_mod",3292.596177
2024-12-13,"SMB","DOC_mgL_mod",0.49249373832338
2024-12-13,"CCS","Q_m3day_mod",5104.873912
2024-12-13,"CCS","DOC_mgL_mod",0.3281164292937
2024-12-13,"HPB","Q_m3day_mod",2004.837903
2024-12-13,"HPB","DOC_mgL_mod",0.0223312966764077
2024-12-13,"CCR dam","Q_m3day_mod",28335.153788
2024-12-13,"CCR dam","DOC_mgL_mod",0.277837701496226
2024-12-14,"SMB","Q_m3day_mod",2876.970851
2024-12-14,"SMB","DOC_mgL_mod",0.550897135245254
2024-12-14,"CCS","Q_m3day_mod",4415.250202
2024-12-14,"CCS","DOC_mgL_mod",0.375341129988357
2024-12-14,"HPB","Q_m3day_mod",1676.601631
2024-12-14,"HPB","DOC_mgL_mod",0.0266566900411181
2024-12-14,"CCR dam","Q_m3day_mod",24886.66814
2024-12-14,"CCR dam","DOC_mgL_mod",0.309284029372684
2024-12-15,"SMB","Q_m3day_mod",2511.600724
2024-12-15,"SMB","DOC_mgL_mod",0.618282191576562
2024-12-15,"CCS","Q_m3day_mod",3877.49305
2024-12-15,"CCS","DOC_mgL_mod",0.493528415221789
2024-12-15,"HPB","Q_m3day_mod",1397.617311
2024-12-15,"HPB","DOC_mgL_mod",0.0318645881454741
2024-12-15,"CCR dam","Q_m3day_mod",22032.029963
2024-12-15,"CCR dam","DOC_mgL_mod",0.353950680581688
2024-12-16,"SMB","Q_m3day_mod",2281.386264
2024-12-16,"SMB","DOC_mgL_mod",0.696454180106346
2024-12-16,"CCS","Q_m3day_mod",3839.268473
2024-12-16,"CCS","DOC_mgL_mod",1.05335561408133
2024-12-16,"HPB","Q_m3day_mod",1219.709063
2024-12-16,"HPB","DOC_mgL_mod",0.0363739118990214
2024-12-16,"CCR dam","Q_m3day_mod",21097.012952
2024-12-16,"CCR dam","DOC_mgL_mod",0.486747580018265
2024-12-17,"SMB","Q_m3day_mod",2501.509618
2024-12-17,"SMB","DOC_mgL_mod",0.689093892582427
2024-12-17,"CCS","Q_m3day_mod",4204.814311
2024-12-17,"CCS","DOC_mgL_mod",0.54754879281517
2024-12-17,"HPB","Q_m3day_mod",1355.833845
2024-12-17,"HPB","DOC_mgL_mod",0.0327199016041674
2024-12-17,"CCR dam","Q_m3day_mod",23106.647021
2024-12-17,"CCR dam","DOC_mgL_mod",0.386230463982471
2024-12-18,"SMB","Q_m3day_mod",2678.94415
2024-12-18,"SMB","DOC_mgL_mod",0.630917221622556
2024-12-18,"CCS","Q_m3day_mod",4163.086905
2024-12-18,"CCS","DOC_mgL_mod",0.467634484800648
2024-12-18,"HPB","Q_m3day_mod",1463.99359
2024-12-18,"HPB","DOC_mgL_mod",0.0302322771782081
2024-12-18,"CCR dam","Q_m3day_mod",23780.87879
2024-12-18,"CCR dam","DOC_mgL_mod",0.358467030393539
2024-12-19,"SMB","Q_m3day_mod",2416.181125
2024-12-19,"SMB","DOC_mgL_mod",0.684741711985686
2024-12-19,"CCS","Q_m3day_mod",3719.362233
2024-12-19,"CCS","DOC_mgL_mod",0.575358856153659
2024-12-19,"HPB","Q_m3day_mod",1269.999507
2024-12-19,"HPB","DOC_mgL_mod",0.0348172812322202
2024-12-19,"CCR dam","Q_m3day_mod",21531.401023
2024-12-19,"CCR dam","DOC_mgL_mod",0.413764714636238
2024-12-20,"SMB","Q_m3day_mod",2168.122359
2024-12-20,"SMB","DOC_mgL_mod",0.747687506321224
2024-12-20,"CCS","Q_m3day_mod",3361.919596
2024-12-20,"CCS","DOC_mgL_mod",0.646213550908491
2024-12-20,"HPB","Q_m3day_mod",1093.29081
2024-12-20,"HPB","DOC_mgL_mod",0.0404061020141567
2024-12-20,"CCR dam","Q_m3day_mod",19571.474971
2024-12-20,"CCR dam","DOC_mgL_mod",0.452929532042677
2024-12-21,"SMB","Q_m3day_mod",1995.35991
2024-12-21,"SMB","DOC_mgL_mod",0.794869132155712
2024-12-21,"CCS","Q_m3day_mod",3046.833019
2024-12-21,"CCS","DOC_mgL_mod",0.629156566193823
2024-12-21,"HPB","Q_m3day_mod",975.894548
2024-12-21,"HPB","DOC_mgL_mod",0.0447749914061411
2024-12-21,"CCR dam","Q_m3day_mod",17989.652903
2024-12-21,"CCR dam","DOC_mgL_mod",0.459030090492903
2024-12-22,"SMB","Q_m3day_mod",1801.948199
2024-12-22,"SMB","DOC_mgL_mod",0.861222870258547
2024-12-22,"CCS","Q_m3day_mod",2691.353293
2024-12-22,"CCS","DOC_mgL_mod",0.70320087850317
2024-12-22,"HPB","Q_m3day_mod",844.460002
2024-12-22,"HPB","DOC_mgL_mod",0.0512187550595203
2024-12-22,"CCR dam","Q_m3day_mod",16204.7635
2024-12-22,"CCR dam","DOC_mgL_mod",0.498210726740936
2024-12-23,"SMB","Q_m3day_mod",1595.726233
2024-12-23,"SMB","DOC_mgL_mod",0.952387676890438
2024-12-23,"CCS","Q_m3day_mod",2351.949768
2024-12-23,"CCS","DOC_mgL_mod",0.79531715577014
2024-12-23,"HPB","Q_m3day_mod",704.886711
2024-12-23,"HPB","DOC_mgL_mod",0.0608579496968272
2024-12-23,"CCR dam","Q_m3day_mod",14384.714716
2024-12-23,"CCR dam","DOC_mgL_mod",0.546573022491355
2024-12-24,"SMB","Q_m3day_mod",1418.609063
2024-12-24,"SMB","DOC_mgL_mod",1.04956611291578
2024-12-24,"CCS","Q_m3day_mod",2064.650644
2024-12-24,"CCS","DOC_mgL_mod",0.896159844464224
2024-12-24,"HPB","Q_m3day_mod",588.431517
2024-12-24,"HPB","DOC_mgL_mod",0.0728849131308512
2024-12-24,"CCR dam","Q_m3day_mod",12813.432374
2024-12-24,"CCR dam","DOC_mgL_mod",0.602086917448775
2024-12-25,"SMB","Q_m3day_mod",1266.553188
2024-12-25,"SMB","DOC_mgL_mod",1.15225875535833
2024-12-25,"CCS","Q_m3day_mod",1816.027225
2024-12-25,"CCS","DOC_mgL_mod",1.00727234416874
2024-12-25,"HPB","Q_m3day_mod",491.625915
2024-12-25,"HPB","DOC_mgL_mod",0.0864724960644111
2024-12-25,"CCR dam","Q_m3day_mod",11466.622543
2024-12-25,"CCR dam","DOC_mgL_mod",0.683428879830356
2024-12-26,"SMB","Q_m3day_mod",1135.795218
2024-12-26,"SMB","DOC_mgL_mod",1.26035660065616
2024-12-26,"CCS","Q_m3day_mod",1599.62187
2024-12-26,"CCS","DOC_mgL_mod",1.13104230064071
2024-12-26,"HPB","Q_m3day_mod",410.980722
2024-12-26,"HPB","DOC_mgL_mod",0.103248833165464
2024-12-26,"CCR dam","Q_m3day_mod",10282.456693
2024-12-26,"CCR dam","DOC_mgL_mod",0.740341168194016
2024-12-27,"SMB","Q_m3day_mod",1023.22271
2024-12-27,"SMB","DOC_mgL_mod",1.37319274315168
2024-12-27,"CCS","Q_m3day_mod",1417.499192
2024-12-27,"CCS","DOC_mgL_mod",1.26304198979748
2024-12-27,"HPB","Q_m3day_mod",343.616042
2024-12-27,"HPB","DOC_mgL_mod",0.123182112667487
2024-12-27,"CCR dam","Q_m3day_mod",9240.175351
2024-12-27,"CCR dam","DOC_mgL_mod",0.812880677549817
2024-12-28,"SMB","Q_m3day_mod",927.63366
2024-12-28,"SMB","DOC_mgL_mod",1.50093734201064
2024-12-28,"CCS","Q_m3day_mod",1475.882553
2024-12-28,"CCS","DOC_mgL_mod",2.01702635074107
2024-12-28,"HPB","Q_m3day_mod",287.550084
2024-12-28,"HPB","DOC_mgL_mod",0.147234211901673
2024-12-28,"CCR dam","Q_m3day_mod",9039.07719
2024-12-28,"CCR dam","DOC_mgL_mod",1.12454399783702
2024-12-29,"SMB","Q_m3day_mod",1169.60018
2024-12-29,"SMB","DOC_mgL_mod",1.2875758962349
2024-12-29,"CCS","Q_m3day_mod",2304.480662
2024-12-29,"CCS","DOC_mgL_mod",2.13528543812098
2024-12-29,"HPB","Q_m3day_mod",462.694594
2024-12-29,"HPB","DOC_mgL_mod",0.0920164414110272
2024-12-29,"CCR dam","Q_m3day_mod",12309.765447
2024-12-29,"CCR dam","DOC_mgL_mod",1.06695615416465
2024-12-30,"SMB","Q_m3day_mod",1919.483137
2024-12-30,"SMB","DOC_mgL_mod",0.946203675870063
2024-12-30,"CCS","Q_m3day_mod",3489.508149
2024-12-30,"CCS","DOC_mgL_mod",1.0385870573303
2024-12-30,"HPB","Q_m3day_mod",969.459857
2024-12-30,"HPB","DOC_mgL_mod",0.0458048156190958
2024-12-30,"CCR dam","Q_m3day_mod",18580.214786
2024-12-30,"CCR dam","DOC_mgL_mod",0.612178068499536
2024-12-31,"SMB","Q_m3day_mod",2423.178573
2024-12-31,"SMB","DOC_mgL_mod",0.767785759056396
2024-12-31,"CCS","Q_m3day_mod",3877.742751
2024-12-31,"CCS","DOC_mgL_mod",0.654226224611154
2024-12-31,"HPB","Q_m3day_mod",1293.53711
2024-12-31,"HPB","DOC_mgL_mod",0.0360217728890669
2024-12-31,"CCR dam","Q_m3day_mod",21652.933966
2024-12-31,"CCR dam","DOC_mgL_mod",0.45452071370345
2025-01-01,"SMB","Q_m3day_mod",2314.77306
2025-01-01,"SMB","DOC_mgL_mod",0.783225375881988
2025-01-01,"CCS","Q_m3day_mod",3527.122827
2025-01-01,"CCS","DOC_mgL_mod",0.706946460982999
2025-01-01,"HPB","Q_m3day_mod",1203.393632
2025-01-01,"HPB","DOC_mgL_mod",0.038190554426999
2025-01-01,"CCR dam","Q_m3day_mod",20207.180324
2025-01-01,"CCR dam","DOC_mgL_mod",0.477010243163503
2025-01-02,"SMB","Q_m3day_mod",2039.386721
2025-01-02,"SMB","DOC_mgL_mod",0.866591403092695
2025-01-02,"CCS","Q_m3day_mod",3079.343902
2025-01-02,"CCS","DOC_mgL_mod",0.796262476044808
2025-01-02,"HPB","Q_m3day_mod",1004.33818
2025-01-02,"HPB","DOC_mgL_mod",0.0449206859785018
2025-01-02,"CCR dam","Q_m3day_mod",17881.718042
2025-01-02,"CCR dam","DOC_mgL_mod",0.526806315694842
2025-01-03,"SMB","Q_m3day_mod",1802.500812
2025-01-03,"SMB","DOC_mgL_mod",0.95754908320119
2025-01-03,"CCS","Q_m3day_mod",2698.907308
2025-01-03,"CCS","DOC_mgL_mod",0.895682853884807
2025-01-03,"HPB","Q_m3day_mod",837.772846
2025-01-03,"HPB","DOC_mgL_mod",0.0538676566272954
2025-01-03,"CCR dam","Q_m3day_mod",15869.42269
2025-01-03,"CCR dam","DOC_mgL_mod",0.58416075878057
2025-01-04,"SMB","Q_m3day_mod",1599.5325
2025-01-04,"SMB","DOC_mgL_mod",1.05329838562205
2025-01-04,"CCS","Q_m3day_mod",2370.328337
2025-01-04,"CCS","DOC_mgL_mod",1.00313613219062
2025-01-04,"HPB","Q_m3day_mod",699.259698
2025-01-04,"HPB","DOC_mgL_mod",0.0634534924962886
2025-01-04,"CCR dam","Q_m3day_mod",14137.928616
2025-01-04,"CCR dam","DOC_mgL_mod",0.659168627393783
2025-01-05,"SMB","Q_m3day_mod",1425.27818
2025-01-05,"SMB","DOC_mgL_mod",1.15539830968296
2025-01-05,"CCS","Q_m3day_mod",2161.352147
2025-01-05,"CCS","DOC_mgL_mod",1.24479992940271
2025-01-05,"HPB","Q_m3day_mod",583.887917
2025-01-05,"HPB","DOC_mgL_mod",0.0757304419437061
2025-01-05,"CCR dam","Q_m3day_mod",12888.235472
2025-01-05,"CCR dam","DOC_mgL_mod",0.776497296448527
2025-01-06,"SMB","Q_m3day_mod",1532.993373
2025-01-06,"SMB","DOC_mgL_mod",1.96667386376236
2025-01-06,"CCS","Q_m3day_mod",3205.248822
2025-01-06,"CCS","DOC_mgL_mod",3.17095818903011
2025-01-06,"HPB","Q_m3day_mod",566.805453
2025-01-06,"HPB","DOC_mgL_mod",0.0922104925479607
2025-01-06,"CCR dam","Q_m3day_mod",15631.64636
2025-01-06,"CCR dam","DOC_mgL_mod",1.66569914648453
2025-01-07,"SMB","Q_m3day_mod",2617.018769
2025-01-07,"SMB","DOC_mgL_mod",0.940983698386307
2025-01-07,"CCS","Q_m3day_mod",4896.5905
2025-01-07,"CCS","DOC_mgL_mod",0.757732344577314
2025-01-07,"HPB","Q_m3day_mod",1281.75348
2025-01-07,"HPB","DOC_mgL_mod",0.0545986424784273
2025-01-07,"CCR dam","Q_m3day_mod",24679.479662
2025-01-07,"CCR dam","DOC_mgL_mod",0.532939112985096
2025-01-08,"SMB","Q_m3day_mod",3303.751333
2025-01-08,"SMB","DOC_mgL_mod",0.725819760115705
2025-01-08,"CCS","Q_m3day_mod",5143.193299
2025-01-08,"CCS","DOC_mgL_mod",0.718615806393786
2025-01-08,"HPB","Q_m3day_mod",1805.495393
2025-01-08,"HPB","DOC_mgL_mod",0.0434207809690047
2025-01-08,"CCR dam","Q_m3day_mod",28817.263207
2025-01-08,"CCR dam","DOC_mgL_mod",0.458529316440789
2025-01-09,"SMB","Q_m3day_mod",2904.657279
2025-01-09,"SMB","DOC_mgL_mod",0.801296255095987
2025-01-09,"CCS","Q_m3day_mod",4492.995575
2025-01-09,"CCS","DOC_mgL_mod",0.806269879310976
2025-01-09,"HPB","Q_m3day_mod",1511.00819
2025-01-09,"HPB","DOC_mgL_mod",0.0520727290035403
2025-01-09,"CCR dam","Q_m3day_mod",25529.130227
2025-01-09,"CCR dam","DOC_mgL_mod",0.511049921559868
2025-01-10,"SMB","Q_m3day_mod",2556.243417
2025-01-10,"SMB","DOC_mgL_mod",0.884452937840074
2025-01-10,"CCS","Q_m3day_mod",3934.477184
2025-01-10,"CCS","DOC_mgL_mod",0.903394996024966
2025-01-10,"HPB","Q_m3day_mod",1260.692361
2025-01-10,"HPB","DOC_mgL_mod",0.0624115862315438
2025-01-10,"CCR dam","Q_m3day_mod",22639.153381
2025-01-10,"CCR dam","DOC_mgL_mod",0.564492398851158
2025-01-11,"SMB","Q_m3day_mod",2258.861578
2025-01-11,"SMB","DOC_mgL_mod",0.97627363335497
2025-01-11,"CCS","Q_m3day_mod",3598.773589
2025-01-11,"CCS","DOC_mgL_mod",1.19946501030076
2025-01-11,"HPB","Q_m3day_mod",1052.690585
2025-01-11,"HPB","DOC_mgL_mod",0.0763632838988486
2025-01-11,"CCR dam","Q_m3day_mod",20619.497274
2025-01-11,"CCR dam","DOC_mgL_mod",0.660829884401768
2025-01-12,"SMB","Q_m3day_mod",2189.583907
2025-01-12,"SMB","DOC_mgL_mod",0.984528609800382
2025-01-12,"CCS","Q_m3day_mod",3496.64215
2025-01-12,"CCS","DOC_mgL_mod",0.999763444480585
2025-01-12,"HPB","Q_m3day_mod",1013.765697
2025-01-12,"HPB","DOC_mgL_mod",0.0832893737180772
2025-01-12,"CCR dam","Q_m3day_mod",20102.138194
2025-01-12,"CCR dam","DOC_mgL_mod",0.632893868165595
2025-01-13,"SMB","Q_m3day_mod",2129.690128
2025-01-13,"SMB","DOC_mgL_mod",0.986439751201213
2025-01-13,"CCS","Q_m3day_mod",3266.221107
2025-01-13,"CCS","DOC_mgL_mod",1.04863782573064
2025-01-13,"HPB","Q_m3day_mod",981.861473
2025-01-13,"HPB","DOC_mgL_mod",0.0851637550707726
2025-01-13,"CCR dam","Q_m3day_mod",19166.720248
2025-01-13,"CCR dam","DOC_mgL_mod",0.647796797748722
2025-01-14,"SMB","Q_m3day_mod",1891.979682
2025-01-14,"SMB","DOC_mgL_mod",1.08281448235975
2025-01-14,"CCS","Q_m3day_mod",2875.808325
2025-01-14,"CCS","DOC_mgL_mod",1.16628704731217
2025-01-14,"HPB","Q_m3day_mod",820.981075
2025-01-14,"HPB","DOC_mgL_mod",0.0998788553073529
2025-01-14,"CCR dam","Q_m3day_mod",17085.462476
2025-01-14,"CCR dam","DOC_mgL_mod",0.708912036593325
2025-01-15,"SMB","Q_m3day_mod",1686.462358
2025-01-15,"SMB","DOC_mgL_mod",1.18535346520909
2025-01-15,"CCS","Q_m3day_mod",2539.949639
2025-01-15,"CCS","DOC_mgL_mod",1.29470007968138
2025-01-15,"HPB","Q_m3day_mod",685.937044
2025-01-15,"HPB","DOC_mgL_mod",0.117804601321401
2025-01-15,"CCR dam","Q_m3day_mod",15262.605853
2025-01-15,"CCR dam","DOC_mgL_mod",0.774999375200075
2025-01-16,"SMB","Q_m3day_mod",1509.738895
2025-01-16,"SMB","DOC_mgL_mod",1.29295734942299
2025-01-16,"CCS","Q_m3day_mod",2251.593109
2025-01-16,"CCS","DOC_mgL_mod",1.43142870135689
2025-01-16,"HPB","Q_m3day_mod",573.439102
2025-01-16,"HPB","DOC_mgL_mod",0.13848567306106
2025-01-16,"CCR dam","Q_m3day_mod",13675.696771
2025-01-16,"CCR dam","DOC_mgL_mod",0.84478108819279
2025-01-17,"SMB","Q_m3day_mod",1357.605986
2025-01-17,"SMB","DOC_mgL_mod",1.40477503757854
2025-01-17,"CCS","Q_m3day_mod",2003.875557
2025-01-17,"CCS","DOC_mgL_mod",1.57822724517618
2025-01-17,"HPB","Q_m3day_mod",479.737658
2025-01-17,"HPB","DOC_mgL_mod",0.163924446389823
2025-01-17,"CCR dam","Q_m3day_mod",12295.066034
2025-01-17,"CCR dam","DOC_mgL_mod",0.918736017257896
2025-01-18,"SMB","Q_m3day_mod",1226.520974
2025-01-18,"SMB","DOC_mgL_mod",1.52049254723955
2025-01-18,"CCS","Q_m3day_mod",1808.677577
2025-01-18,"CCS","DOC_mgL_mod",1.74259140494669
2025-01-18,"HPB","Q_m3day_mod",401.733267
2025-01-18,"HPB","DOC_mgL_mod",0.194761067671301
2025-01-18,"CCR dam","Q_m3day_mod",11162.280523
2025-01-18,"CCR dam","DOC_mgL_mod",0.99281862493647
2025-01-19,"SMB","Q_m3day_mod",1125.954484
2025-01-19,"SMB","DOC_mgL_mod",1.62531614377407
2025-01-19,"CCS","Q_m3day_mod",1859.400796
2025-01-19,"CCS","DOC_mgL_mod",2.27346358520113
2025-01-19,"HPB","Q_m3day_mod",346.877483
2025-01-19,"HPB","DOC_mgL_mod",0.226010865052316
2025-01-19,"CCR dam","Q_m3day_mod",10918.975217
2025-01-19,"CCR dam","DOC_mgL_mod",1.16272175251701
2025-01-20,"SMB","Q_m3day_mod",1321.688646
2025-01-20,"SMB","DOC_mgL_mod",1.36527237747036
2025-01-20,"CCS","Q_m3day_mod",2185.36278
2025-01-20,"CCS","DOC_mgL_mod",1.39787774732761
2025-01-20,"HPB","Q_m3day_mod",505.459445
2025-01-20,"HPB","DOC_mgL_mod",0.153618219558643
2025-01-20,"CCR dam","Q_m3day_mod",12675.299306
2025-01-20,"CCR dam","DOC_mgL_mod",0.89915588775131
2025-01-21,"SMB","Q_m3day_mod",1478.239892
2025-01-21,"SMB","DOC_mgL_mod",1.1957856161008
2025-01-21,"CCS","Q_m3day_mod",2248.128394
2025-01-21,"CCS","DOC_mgL_mod",1.33566125850017
2025-01-21,"HPB","Q_m3day_mod",629.704119
2025-01-21,"HPB","DOC_mgL_mod",0.121764583852119
2025-01-21,"CCR dam","Q_m3day_mod",13472.928668
2025-01-21,"CCR dam","DOC_mgL_mod",0.824336732842561
2025-01-22,"SMB","Q_m3day_mod",1327.883121
2025-01-22,"SMB","DOC_mgL_mod",1.30481363351858
2025-01-22,"CCS","Q_m3day_mod",1999.378714
2025-01-22,"CCS","DOC_mgL_mod",1.47637662606425
2025-01-22,"HPB","Q_m3day_mod",528.520268
2025-01-22,"HPB","DOC_mgL_mod",0.143628626177871
2025-01-22,"CCR dam","Q_m3day_mod",12137.350096
2025-01-22,"CCR dam","DOC_mgL_mod",0.905853412238921
2025-01-23,"SMB","Q_m3day_mod",1196.013389
2025-01-23,"SMB","DOC_mgL_mod",1.41990132854608
2025-01-23,"CCS","Q_m3day_mod",1782.096185
2025-01-23,"CCS","DOC_mgL_mod",1.62827855444851
2025-01-23,"HPB","Q_m3day_mod",442.399717
2025-01-23,"HPB","DOC_mgL_mod",0.169906437801813
2025-01-23,"CCR dam","Q_m3day_mod",10954.547238
2025-01-23,"CCR dam","DOC_mgL_mod",0.985257515943718
2025-01-24,"SMB","Q_m3day_mod",1082.362318
2025-01-24,"SMB","DOC_mgL_mod",1.5392969362409
2025-01-24,"CCS","Q_m3day_mod",1596.115028
2025-01-24,"CCS","DOC_mgL_mod",1.78798329063787
2025-01-24,"HPB","Q_m3day_mod",370.518525
2025-01-24,"HPB","DOC_mgL_mod",0.200887715398306
2025-01-24,"CCR dam","Q_m3day_mod",9893.637666
2025-01-24,"CCR dam","DOC_mgL_mod",1.06065234590733
2025-01-25,"SMB","Q_m3day_mod",984.308891
2025-01-25,"SMB","DOC_mgL_mod",1.66059253852661
2025-01-25,"CCS","Q_m3day_mod",1436.323649
2025-01-25,"CCS","DOC_mgL_mod",1.95247150734618
2025-01-25,"HPB","Q_m3day_mod",310.531581
2025-01-25,"HPB","DOC_mgL_mod",0.235547894241391
2025-01-25,"CCR dam","Q_m3day_mod",8964.575084
2025-01-25,"CCR dam","DOC_mgL_mod",1.1471073535157
2025-01-26,"SMB","Q_m3day_mod",899.550588
2025-01-26,"SMB","DOC_mgL_mod",1.78400194653644
2025-01-26,"CCS","Q_m3day_mod",1298.504563
2025-01-26,"CCS","DOC_mgL_mod",2.12288048771377
2025-01-26,"HPB","Q_m3day_mod",260.496286
2025-01-26,"HPB","DOC_mgL_mod",0.275820477532643
2025-01-26,"CCR dam","Q_m3day_mod",8149.139153
2025-01-26,"CCR dam","DOC_mgL_mod",1.22735540677544
2025-01-27,"SMB","Q_m3day_mod",826.204224
2025-01-27,"SMB","DOC_mgL_mod",1.90686267902692
2025-01-27,"CCS","Q_m3day_mod",1179.932849
2025-01-27,"CCS","DOC_mgL_mod",2.29924355635937
2025-01-27,"HPB","Q_m3day_mod",218.826031
2025-01-27,"HPB","DOC_mgL_mod",0.325123111153078
2025-01-27,"CCR dam","Q_m3day_mod",7424.333382
2025-01-27,"CCR dam","DOC_mgL_mod",1.31244550839056
2025-01-28,"SMB","Q_m3day_mod",762.451328
2025-01-28,"SMB","DOC_mgL_mod",2.02909476734494
2025-01-28,"CCS","Q_m3day_mod",1077.469503
2025-01-28,"CCS","DOC_mgL_mod",2.47416005054205
2025-01-28,"HPB","Q_m3day_mod",184.056465
2025-01-28,"HPB","DOC_mgL_mod",0.37743010005109
2025-01-28,"CCR dam","Q_m3day_mod",6786.25858
2025-01-28,"CCR dam","DOC_mgL_mod",1.38921924192284
2025-01-29,"SMB","Q_m3day_mod",706.905099
2025-01-29,"SMB","DOC_mgL_mod",2.14921211086073
2025-01-29,"CCS","Q_m3day_mod",988.31619
2025-01-29,"CCS","DOC_mgL_mod",2.64822637378833
2025-01-29,"HPB","Q_m3day_mod",154.964802
2025-01-29,"HPB","DOC_mgL_mod",0.435655059269524
2025-01-29,"CCR dam","Q_m3day_mod",6220.354771
2025-01-29,"CCR dam","DOC_mgL_mod",1.46712323267261
2025-01-30,"SMB","Q_m3day_mod",658.535205
2025-01-30,"SMB","DOC_mgL_mod",2.26716960409125
2025-01-30,"CCS","Q_m3day_mod",911.272646
2025-01-30,"CCS","DOC_mgL_mod",2.82589739887792
2025-01-30,"HPB","Q_m3day_mod",130.744503
2025-01-30,"HPB","DOC_mgL_mod",0.510331283296859
2025-01-30,"CCR dam","Q_m3day_mod",5721.452183
2025-01-30,"CCR dam","DOC_mgL_mod",1.54522693141941
2025-01-31,"SMB","Q_m3day_mod",723.741395
2025-01-31,"SMB","DOC_mgL_mod",3.29584436717206
2025-01-31,"CCS","Q_m3day_mod",2245.275285
2025-01-31,"CCS","DOC_mgL_mod",5.32987205620089
2025-01-31,"HPB","Q_m3day_mod",111.502468
2025-01-31,"HPB","DOC_mgL_mod",0.699589178600065
2025-01-31,"CCR dam","Q_m3day_mod",9426.588174
2025-01-31,"CCR dam","DOC_mgL_mod",2.53806356641204
2025-02-01,"SMB","Q_m3day_mod",2415.549247
2025-02-01,"SMB","DOC_mgL_mod",1.42314713900759
2025-02-01,"CCS","Q_m3day_mod",5457.632484
2025-02-01,"CCS","DOC_mgL_mod",1.80434227274729
2025-02-01,"HPB","Q_m3day_mod",1172.68607
2025-02-01,"HPB","DOC_mgL_mod",0.0940784604015975
2025-02-01,"CCR dam","Q_m3day_mod",24608.208491
2025-02-01,"CCR dam","DOC_mgL_mod",0.978218305034434
2025-02-02,"SMB","Q_m3day_mod",4066.991592
2025-02-02,"SMB","DOC_mgL_mod",0.717446774598594
2025-02-02,"CCS","Q_m3day_mod",6919.871331
2025-02-02,"CCS","DOC_mgL_mod",0.74567224637316
2025-02-02,"HPB","Q_m3day_mod",2298.283236
2025-02-02,"HPB","DOC_mgL_mod",0.0598227397939389
2025-02-02,"CCR dam","Q_m3day_mod",35381.613951
2025-02-02,"CCR dam","DOC_mgL_mod",0.474725093752409
2025-02-03,"SMB","Q_m3day_mod",3851.792815
2025-02-03,"SMB","DOC_mgL_mod",0.735970010889591
2025-02-03,"CCS","Q_m3day_mod",6125.092408
2025-02-03,"CCS","DOC_mgL_mod",0.822773709245237
2025-02-03,"HPB","Q_m3day_mod",2153.299931
2025-02-03,"HPB","DOC_mgL_mod",0.0648830188440665
2025-02-03,"CCR dam","Q_m3day_mod",32835.444998
2025-02-03,"CCR dam","DOC_mgL_mod",0.503023485779043
2025-02-04,"SMB","Q_m3day_mod",3380.394736
2025-02-04,"SMB","DOC_mgL_mod",0.814737098797801
2025-02-04,"CCS","Q_m3day_mod",5352.628731
2025-02-04,"CCS","DOC_mgL_mod",0.917039691464452
2025-02-04,"HPB","Q_m3day_mod",1798.200584
2025-02-04,"HPB","DOC_mgL_mod",0.0763453205507356
2025-02-04,"CCR dam","Q_m3day_mod",28986.06594
2025-02-04,"CCR dam","DOC_mgL_mod",0.557224634534175
2025-02-05,"SMB","Q_m3day_mod",2975.209496
2025-02-05,"SMB","DOC_mgL_mod",0.899952760839131
2025-02-05,"CCS","Q_m3day_mod",4688.687168
2025-02-05,"CCS","DOC_mgL_mod",1.02048501607348
2025-02-05,"HPB","Q_m3day_mod",1500.974722
2025-02-05,"HPB","DOC_mgL_mod",0.0902602142556269
2025-02-05,"CCR dam","Q_m3day_mod",25631.897753
2025-02-05,"CCR dam","DOC_mgL_mod",0.616479128945907
2025-02-06,"SMB","Q_m3day_mod",2628.563381
2025-02-06,"SMB","DOC_mgL_mod",0.992440212344265
2025-02-06,"CCS","Q_m3day_mod",4240.238402
2025-02-06,"CCS","DOC_mgL_mod",1.24496726351756
2025-02-06,"HPB","Q_m3day_mod",1253.630636
2025-02-06,"HPB","DOC_mgL_mod",0.108286441078965
2025-02-06,"CCR dam","Q_m3day_mod",23166.033126
2025-02-06,"CCR dam","DOC_mgL_mod",0.719277655754484
2025-02-07,"SMB","Q_m3day_mod",2488.090517
2025-02-07,"SMB","DOC_mgL_mod",1.02378550241466
2025-02-07,"CCS","Q_m3day_mod",4087.582626
2025-02-07,"CCS","DOC_mgL_mod",1.22293087562409
2025-02-07,"HPB","Q_m3day_mod",1161.108831
2025-02-07,"HPB","DOC_mgL_mod",0.119035525619906
2025-02-07,"CCR dam","Q_m3day_mod",22243.154792
2025-02-07,"CCR dam","DOC_mgL_mod",0.74041430516517
2025-02-08,"SMB","Q_m3day_mod",2439.683507
2025-02-08,"SMB","DOC_mgL_mod",1.02950279935634
2025-02-08,"CCS","Q_m3day_mod",4001.039348
2025-02-08,"CCS","DOC_mgL_mod",1.29108977710559
2025-02-08,"HPB","Q_m3day_mod",1135.856096
2025-02-08,"HPB","DOC_mgL_mod",0.127614581204836
2025-02-08,"CCR dam","Q_m3day_mod",21747.037617
2025-02-08,"CCR dam","DOC_mgL_mod",0.772044004139454
2025-02-09,"SMB","Q_m3day_mod",2351.298272
2025-02-09,"SMB","DOC_mgL_mod",1.05112185443736
2025-02-09,"CCS","Q_m3day_mod",3798.817286
2025-02-09,"CCS","DOC_mgL_mod",1.19656689379401
2025-02-09,"HPB","Q_m3day_mod",1080.43345
2025-02-09,"HPB","DOC_mgL_mod",0.140109231160883
2025-02-09,"CCR dam","Q_m3day_mod",20783.81535
2025-02-09,"CCR dam","DOC_mgL_mod",0.75425131218749
2025-02-10,"SMB","Q_m3day_mod",2204.044247
2025-02-10,"SMB","DOC_mgL_mod",1.0982964626481
2025-02-10,"CCS","Q_m3day_mod",3524.528343
2025-02-10,"CCS","DOC_mgL_mod",1.36155381174076
2025-02-10,"HPB","Q_m3day_mod",983.395566
2025-02-10,"HPB","DOC_mgL_mod",0.155011376164777
2025-02-10,"CCR dam","Q_m3day_mod",19446.029358
2025-02-10,"CCR dam","DOC_mgL_mod",0.827202289159477
2025-02-11,"SMB","Q_m3day_mod",2444.385306
2025-02-11,"SMB","DOC_mgL_mod",2.72151161425776
2025-02-11,"CCS","Q_m3day_mod",4510.346514
2025-02-11,"CCS","DOC_mgL_mod",3.40954291477748
2025-02-11,"HPB","Q_m3day_mod",873.79316
2025-02-11,"HPB","DOC_mgL_mod",0.204507551878754
2025-02-11,"CCR dam","Q_m3day_mod",21637.689448
2025-02-11,"CCR dam","DOC_mgL_mod",1.80682831657951
2025-02-12,"SMB","Q_m3day_mod",4192.429023
2025-02-12,"SMB","DOC_mgL_mod",3.40499264786241
2025-02-12,"CCS","Q_m3day_mod",8926.616199
2025-02-12,"CCS","DOC_mgL_mod",4.39545166111157
2025-02-12,"HPB","Q_m3day_mod",1347.828301
2025-02-12,"HPB","DOC_mgL_mod",0.204056109962926
2025-02-12,"CCR dam","Q_m3day_mod",36044.588098
2025-02-12,"CCR dam","DOC_mgL_mod",2.42579079450908
2025-02-13,"SMB","Q_m3day_mod",7024.023891
2025-02-13,"SMB","DOC_mgL_mod",2.86385130690894
2025-02-13,"CCS","Q_m3day_mod",14585.815045
2025-02-13,"CCS","DOC_mgL_mod",3.57726529775834
2025-02-13,"HPB","Q_m3day_mod",2421.392274
2025-02-13,"HPB","DOC_mgL_mod",0.193236224061728
2025-02-13,"CCR dam","Q_m3day_mod",59914.297974
2025-02-13,"CCR dam","DOC_mgL_mod",2.22473774219708
2025-02-14,"SMB","Q_m3day_mod",7931.973557
2025-02-14,"SMB","DOC_mgL_mod",0.770661167245744
2025-02-14,"CCS","Q_m3day_mod",14239.786159
2025-02-14,"CCS","DOC_mgL_mod",0.726623271197116
2025-02-14,"HPB","Q_m3day_mod",3533.545161
2025-02-14,"HPB","DOC_mgL_mod",0.203486149812364
2025-02-14,"CCR dam","Q_m3day_mod",67759.698537
2025-02-14,"CCR dam","DOC_mgL_mod",0.588026081288467
2025-02-15,"SMB","Q_m3day_mod",8581.400293
2025-02-15,"SMB","DOC_mgL_mod",1.84257457525877
2025-02-15,"CCS","Q_m3day_mod",14483.943028
2025-02-15,"CCS","DOC_mgL_mod",3.15586853052623
2025-02-15,"HPB","Q_m3day_mod",3756.025076
2025-02-15,"HPB","DOC_mgL_mod",0.245703444819068
2025-02-15,"CCR dam","Q_m3day_mod",70776.66323
2025-02-15,"CCR dam","DOC_mgL_mod",1.60271613301937
2025-02-16,"SMB","Q_m3day_mod",10181.474157
2025-02-16,"SMB","DOC_mgL_mod",1.35515641323058
2025-02-16,"CCS","Q_m3day_mod",17554.865254
2025-02-16,"CCS","DOC_mgL_mod",2.19436603144661
2025-02-16,"HPB","Q_m3day_mod",3901.253599
2025-02-16,"HPB","DOC_mgL_mod",0.360507709716822
2025-02-16,"CCR dam","Q_m3day_mod",81998.829381
2025-02-16,"CCR dam","DOC_mgL_mod",1.25448376246985
2025-02-17,"SMB","Q_m3day_mod",9626.602966
2025-02-17,"SMB","DOC_mgL_mod",0.885540208743247
2025-02-17,"CCS","Q_m3day_mod",15695.12469
2025-02-17,"CCS","DOC_mgL_mod",1.09239590883429
2025-02-17,"HPB","Q_m3day_mod",4459.258508
2025-02-17,"HPB","DOC_mgL_mod",0.391464409804519
2025-02-17,"CCR dam","Q_m3day_mod",80422.439838
2025-02-17,"CCR dam","DOC_mgL_mod",0.795118627696563
2025-02-18,"SMB","Q_m3day_mod",8121.772202
2025-02-18,"SMB","DOC_mgL_mod",0.970237874691871
2025-02-18,"CCS","Q_m3day_mod",12896.011813
2025-02-18,"CCS","DOC_mgL_mod",1.28256938965631
2025-02-18,"HPB","Q_m3day_mod",4196.604078
2025-02-18,"HPB","DOC_mgL_mod",0.4044732284607
2025-02-18,"CCR dam","Q_m3day_mod",71210.21218
2025-02-18,"CCR dam","DOC_mgL_mod",0.871282195356604
2025-02-19,"SMB","Q_m3day_mod",7192.940818
2025-02-19,"SMB","DOC_mgL_mod",1.01967862458228
2025-02-19,"CCS","Q_m3day_mod",11502.939717
2025-02-19,"CCS","DOC_mgL_mod",1.38785218324725
2025-02-19,"HPB","Q_m3day_mod",3532.313107
2025-02-19,"HPB","DOC_mgL_mod",0.46844743086927
2025-02-19,"CCR dam","Q_m3day_mod",63836.207292
2025-02-19,"CCR dam","DOC_mgL_mod",0.93371085984724
2025-02-20,"SMB","Q_m3day_mod",6414.279241
2025-02-20,"SMB","DOC_mgL_mod",1.07058528978689
2025-02-20,"CCS","Q_m3day_mod",10323.894065
2025-02-20,"CCS","DOC_mgL_mod",1.49620093956282
2025-02-20,"HPB","Q_m3day_mod",3018.589958
2025-02-20,"HPB","DOC_mgL_mod",0.536610477917717
2025-02-20,"CCR dam","Q_m3day_mod",57619.02352
2025-02-20,"CCR dam","DOC_mgL_mod",0.997950268630307
2025-02-21,"SMB","Q_m3day_mod",5660.075386
2025-02-21,"SMB","DOC_mgL_mod",1.14181694752431
2025-02-21,"CCS","Q_m3day_mod",9121.356457
2025-02-21,"CCS","DOC_mgL_mod",1.63758647854803
2025-02-21,"HPB","Q_m3day_mod",2598.712126
2025-02-21,"HPB","DOC_mgL_mod",0.613884463784582
2025-02-21,"CCR dam","Q_m3day_mod",51792.778954
2025-02-21,"CCR dam","DOC_mgL_mod",1.07013276984473
2025-02-22,"SMB","Q_m3day_mod",4999.547854
2025-02-22,"SMB","DOC_mgL_mod",1.22347703804977
2025-02-22,"CCS","Q_m3day_mod",8066.619805
2025-02-22,"CCS","DOC_mgL_mod",1.78995048099952
2025-02-22,"HPB","Q_m3day_mod",2208.477409
2025-02-22,"HPB","DOC_mgL_mod",0.716263609287388
2025-02-22,"CCR dam","Q_m3day_mod",46367.178923
2025-02-22,"CCR dam","DOC_mgL_mod",1.14872440457186
2025-02-23,"SMB","Q_m3day_mod",4449.44426
2025-02-23,"SMB","DOC_mgL_mod",1.31157615625462
2025-02-23,"CCS","Q_m3day_mod",7189.132543
2025-02-23,"CCS","DOC_mgL_mod",1.94592044538412
2025-02-23,"HPB","Q_m3day_mod",1876.661777
2025-02-23,"HPB","DOC_mgL_mod",0.839394194151587
2025-02-23,"CCR dam","Q_m3day_mod",41607.921699
2025-02-23,"CCR dam","DOC_mgL_mod",1.23168684969987
2025-02-24,"SMB","Q_m3day_mod",3979.789706
2025-02-24,"SMB","DOC_mgL_mod",1.40518027662842
2025-02-24,"CCS","Q_m3day_mod",6437.260735
2025-02-24,"CCS","DOC_mgL_mod",2.11114953385526
2025-02-24,"HPB","Q_m3day_mod",1600.674916
2025-02-24,"HPB","DOC_mgL_mod",0.981780238005554
2025-02-24,"CCR dam","Q_m3day_mod",37443.360861
2025-02-24,"CCR dam","DOC_mgL_mod",1.31786887889642
2025-02-25,"SMB","Q_m3day_mod",3578.020991
2025-02-25,"SMB","DOC_mgL_mod",1.50720356687812
2025-02-25,"CCS","Q_m3day_mod",5792.27443
2025-02-25,"CCS","DOC_mgL_mod",2.28439970514311
2025-02-25,"HPB","Q_m3day_mod",1371.17761
2025-02-25,"HPB","DOC_mgL_mod",1.14612139852546
2025-02-25,"CCR dam","Q_m3day_mod",33794.976752
2025-02-25,"CCR dam","DOC_mgL_mod",1.40920440186962
2025-02-26,"SMB","Q_m3day_mod",3232.517351
2025-02-26,"SMB","DOC_mgL_mod",1.61048137866592
2025-02-26,"CCS","Q_m3day_mod",5236.458731
2025-02-26,"CCS","DOC_mgL_mod",2.46089784374928
2025-02-26,"HPB","Q_m3day_mod",1179.922982
2025-02-26,"HPB","DOC_mgL_mod",1.32725018826695
2025-02-26,"CCR dam","Q_m3day_mod",30602.296832
2025-02-26,"CCR dam","DOC_mgL_mod",1.50289176830373
2025-02-27,"SMB","Q_m3day_mod",2933.334898
2025-02-27,"SMB","DOC_mgL_mod",1.71636351629428
2025-02-27,"CCS","Q_m3day_mod",4755.604631
2025-02-27,"CCS","DOC_mgL_mod",2.640515975223
2025-02-27,"HPB","Q_m3day_mod",1018.220825
2025-02-27,"HPB","DOC_mgL_mod",1.50370917821289
2025-02-27,"CCR dam","Q_m3day_mod",27794.938828
2025-02-27,"CCR dam","DOC_mgL_mod",1.59778657095881
2025-02-28,"SMB","Q_m3day_mod",2673.480865
2025-02-28,"SMB","DOC_mgL_mod",1.82125859352279
2025-02-28,"CCS","Q_m3day_mod",4339.091819
2025-02-28,"CCS","DOC_mgL_mod",2.82112029674014
2025-02-28,"HPB","Q_m3day_mod",880.793961
2025-02-28,"HPB","DOC_mgL_mod",1.69413513951193
2025-02-28,"CCR dam","Q_m3day_mod",25340.589519
2025-02-28,"CCR dam","DOC_mgL_mod",1.70530089552965
2025-03-01,"SMB","Q_m3day_mod",2447.046815
2025-03-01,"SMB","DOC_mgL_mod",1.92691368677391
2025-03-01,"CCS","Q_m3day_mod",3977.399669
2025-03-01,"CCS","DOC_mgL_mod",3.00140317631228
2025-03-01,"HPB","Q_m3day_mod",765.15077
2025-03-01,"HPB","DOC_mgL_mod",1.8987290570197
2025-03-01,"CCR dam","Q_m3day_mod",23170.704249
2025-03-01,"CCR dam","DOC_mgL_mod",1.8003527019167
2025-03-02,"SMB","Q_m3day_mod",2249.805529
2025-03-02,"SMB","DOC_mgL_mod",2.03176494193779
2025-03-02,"CCS","Q_m3day_mod",3663.580103
2025-03-02,"CCS","DOC_mgL_mod",3.18177293037886
2025-03-02,"HPB","Q_m3day_mod",668.222048
2025-03-02,"HPB","DOC_mgL_mod",2.12293354319252
2025-03-02,"CCR dam","Q_m3day_mod",21225.606872
2025-03-02,"CCR dam","DOC_mgL_mod",1.90084082133941
2025-03-03,"SMB","Q_m3day_mod",2077.668061
2025-03-03,"SMB","DOC_mgL_mod",2.13518756112794
2025-03-03,"CCS","Q_m3day_mod",3391.210989
2025-03-03,"CCS","DOC_mgL_mod",3.35834014366601
2025-03-03,"HPB","Q_m3day_mod",587.155511
2025-03-03,"HPB","DOC_mgL_mod",2.36274542946426
2025-03-03,"CCR dam","Q_m3day_mod",19514.19294
2025-03-03,"CCR dam","DOC_mgL_mod",2.00274488010674
2025-03-04,"SMB","Q_m3day_mod",1926.838507
2025-03-04,"SMB","DOC_mgL_mod",2.23537207936856
2025-03-04,"CCS","Q_m3day_mod",3153.579772
2025-03-04,"CCS","DOC_mgL_mod",3.52912588380212
2025-03-04,"HPB","Q_m3day_mod",519.171541
2025-03-04,"HPB","DOC_mgL_mod",2.61486790548097
2025-03-04,"CCR dam","Q_m3day_mod",18001.892675
2025-03-04,"CCR dam","DOC_mgL_mod",2.10497644242843
2025-03-05,"SMB","Q_m3day_mod",2559.217224
2025-03-05,"SMB","DOC_mgL_mod",3.50217907098612
2025-03-05,"CCS","Q_m3day_mod",4636.422918
2025-03-05,"CCS","DOC_mgL_mod",3.81006442087473
2025-03-05,"HPB","Q_m3day_mod",465.950071
2025-03-05,"HPB","DOC_mgL_mod",2.97731685504991
2025-03-05,"CCR dam","Q_m3day_mod",21429.796207
2025-03-05,"CCR dam","DOC_mgL_mod",2.30351000649626
2025-03-06,"SMB","Q_m3day_mod",3315.939289
2025-03-06,"SMB","DOC_mgL_mod",1.28581515775755
2025-03-06,"CCS","Q_m3day_mod",5949.380839
2025-03-06,"CCS","DOC_mgL_mod",1.93857651949183
2025-03-06,"HPB","Q_m3day_mod",1040.638246
2025-03-06,"HPB","DOC_mgL_mod",1.42526858464128
2025-03-06,"CCR dam","Q_m3day_mod",27883.765139
2025-03-06,"CCR dam","DOC_mgL_mod",1.52293278143437
2025-03-07,"SMB","Q_m3day_mod",3202.139222
2025-03-07,"SMB","DOC_mgL_mod",1.29616131974664
2025-03-07,"CCS","Q_m3day_mod",5385.356304
2025-03-07,"CCS","DOC_mgL_mod",2.09790761506502
2025-03-07,"HPB","Q_m3day_mod",1522.58217
2025-03-07,"HPB","DOC_mgL_mod",0.953210952155048
2025-03-07,"CCR dam","Q_m3day_mod",28800.118902
2025-03-07,"CCR dam","DOC_mgL_mod",1.43628365357642
2025-03-08,"SMB","Q_m3day_mod",2882.480358
2025-03-08,"SMB","DOC_mgL_mod",1.40292785995109
2025-03-08,"CCS","Q_m3day_mod",4864.053128
2025-03-08,"CCS","DOC_mgL_mod",2.27625803185923
2025-03-08,"HPB","Q_m3day_mod",1303.992985
2025-03-08,"HPB","DOC_mgL_mod",1.09319913250914
2025-03-08,"CCR dam","Q_m3day_mod",26087.542286
2025-03-08,"CCR dam","DOC_mgL_mod",1.53130561560942
2025-03-09,"SMB","Q_m3day_mod",2602.811823
2025-03-09,"SMB","DOC_mgL_mod",1.5134908967255
2025-03-09,"CCS","Q_m3day_mod",4410.974148
2025-03-09,"CCS","DOC_mgL_mod",2.46003028716912
2025-03-09,"HPB","Q_m3day_mod",1117.343945
2025-03-09,"HPB","DOC_mgL_mod",1.24816714337679
2025-03-09,"CCR dam","Q_m3day_mod",23619.6153
2025-03-09,"CCR dam","DOC_mgL_mod",1.6758211129713
2025-03-10,"SMB","Q_m3day_mod",2361.149271
2025-03-10,"SMB","DOC_mgL_mod",1.62634444470072
2025-03-10,"CCS","Q_m3day_mod",4016.172653
2025-03-10,"CCS","DOC_mgL_mod",2.64963459478045
2025-03-10,"HPB","Q_m3day_mod",961.179441
2025-03-10,"HPB","DOC_mgL_mod",1.42302357047606
2025-03-10,"CCR dam","Q_m3day_mod",21445.330579
2025-03-10,"CCR dam","DOC_mgL_mod",1.77742841778928
2025-03-11,"SMB","Q_m3day_mod",2151.982555
2025-03-11,"SMB","DOC_mgL_mod",1.73961772659444
2025-03-11,"CCS","Q_m3day_mod",3677.952693
2025-03-11,"CCS","DOC_mgL_mod",2.83797016200502
2025-03-11,"HPB","Q_m3day_mod",830.479284
2025-03-11,"HPB","DOC_mgL_mod",1.61197759630088
2025-03-11,"CCR dam","Q_m3day_mod",19539.324494
2025-03-11,"CCR dam","DOC_mgL_mod",1.89282285635601
2025-03-12,"SMB","Q_m3day_mod",1970.665362
2025-03-12,"SMB","DOC_mgL_mod",1.85297061104989
2025-03-12,"CCS","Q_m3day_mod",3384.445246
2025-03-12,"CCS","DOC_mgL_mod",3.02409383401796
2025-03-12,"HPB","Q_m3day_mod",720.758089
2025-03-12,"HPB","DOC_mgL_mod",1.81513606294053
2025-03-12,"CCR dam","Q_m3day_mod",17860.589674
2025-03-12,"CCR dam","DOC_mgL_mod",1.99285189625145
2025-03-13,"SMB","Q_m3day_mod",1813.300745
2025-03-13,"SMB","DOC_mgL_mod",1.96561933249523
2025-03-13,"CCS","Q_m3day_mod",3129.702472
2025-03-13,"CCS","DOC_mgL_mod",3.20967570875216
2025-03-13,"HPB","Q_m3day_mod",628.783586
2025-03-13,"HPB","DOC_mgL_mod",2.03673414591964
2025-03-13,"CCR dam","Q_m3day_mod",16374.635268
2025-03-13,"CCR dam","DOC_mgL_mod",2.09441978026964
2025-03-14,"SMB","Q_m3day_mod",1676.313391
2025-03-14,"SMB","DOC_mgL_mod",2.07652281410428
2025-03-14,"CCS","Q_m3day_mod",2908.763549
2025-03-14,"CCS","DOC_mgL_mod",3.39079434744388
2025-03-14,"HPB","Q_m3day_mod",552.004781
2025-03-14,"HPB","DOC_mgL_mod",2.27867229287639
2025-03-14,"CCR dam","Q_m3day_mod",15070.159582
2025-03-14,"CCR dam","DOC_mgL_mod",2.20165485438056
2025-03-15,"SMB","Q_m3day_mod",1568.363451
2025-03-15,"SMB","DOC_mgL_mod",2.17014366015088
2025-03-15,"CCS","Q_m3day_mod",2750.507119
2025-03-15,"CCS","DOC_mgL_mod",3.52369457001213
2025-03-15,"HPB","Q_m3day_mod",488.045677
2025-03-15,"HPB","DOC_mgL_mod",2.53872548900787
2025-03-15,"CCR dam","Q_m3day_mod",14058.06606
2025-03-15,"CCR dam","DOC_mgL_mod",2.28601500824076
2025-03-16,"SMB","Q_m3day_mod",1553.28211
2025-03-16,"SMB","DOC_mgL_mod",2.14448423667224
2025-03-16,"CCS","Q_m3day_mod",2800.031534
2025-03-16,"CCS","DOC_mgL_mod",3.67864428486826
2025-03-16,"HPB","Q_m3day_mod",445.307596
2025-03-16,"HPB","DOC_mgL_mod",2.74051691676061
2025-03-16,"CCR dam","Q_m3day_mod",14024.887706
2025-03-16,"CCR dam","DOC_mgL_mod",2.49877722621674
2025-03-17,"SMB","Q_m3day_mod",1635.685635
2025-03-17,"SMB","DOC_mgL_mod",1.99391614758541
2025-03-17,"CCS","Q_m3day_mod",2941.894647
2025-03-17,"CCS","DOC_mgL_mod",3.19091474250199
2025-03-17,"HPB","Q_m3day_mod",535.164297
2025-03-17,"HPB","DOC_mgL_mod",2.24701088383704
2025-03-17,"CCR dam","Q_m3day_mod",14644.320017
2025-03-17,"CCR dam","DOC_mgL_mod",2.28798127609232
2025-03-18,"SMB","Q_m3day_mod",1625.696157
2025-03-18,"SMB","DOC_mgL_mod",1.96274253725753
2025-03-18,"CCS","Q_m3day_mod",2869.471973
2025-03-18,"CCS","DOC_mgL_mod",3.2154445440893
2025-03-18,"HPB","Q_m3day_mod",599.819269
2025-03-18,"HPB","DOC_mgL_mod",1.96363314897108
2025-03-18,"CCR dam","Q_m3day_mod",14312.17749
2025-03-18,"CCR dam","DOC_mgL_mod",2.28535175886783
2025-03-19,"SMB","Q_m3day_mod",1505.253494
2025-03-19,"SMB","DOC_mgL_mod",2.07420279205145
2025-03-19,"CCS","Q_m3day_mod",2667.907257
2025-03-19,"CCS","DOC_mgL_mod",3.40064894542172
2025-03-19,"HPB","Q_m3day_mod",526.917371
2025-03-19,"HPB","DOC_mgL_mod",2.19297761583951
2025-03-19,"CCR dam","Q_m3day_mod",13199.850962
2025-03-19,"CCR dam","DOC_mgL_mod",2.38084733611555
2025-03-20,"SMB","Q_m3day_mod",1406.855556
2025-03-20,"SMB","DOC_mgL_mod",2.17475702246152
2025-03-20,"CCS","Q_m3day_mod",2520.05901
2025-03-20,"CCS","DOC_mgL_mod",3.55795319253258
2025-03-20,"HPB","Q_m3day_mod",464.92876
2025-03-20,"HPB","DOC_mgL_mod",2.45084214622472
2025-03-20,"CCR dam","Q_m3day_mod",12302.579531
2025-03-20,"CCR dam","DOC_mgL_mod",2.46556178918149
2025-03-21,"SMB","Q_m3day_mod",1320.109089
2025-03-21,"SMB","DOC_mgL_mod",2.2689268826025
2025-03-21,"CCS","Q_m3day_mod",2382.017877
2025-03-21,"CCS","DOC_mgL_mod",3.6866927342544
2025-03-21,"HPB","Q_m3day_mod",417.697935
2025-03-21,"HPB","DOC_mgL_mod",2.66833974173226
2025-03-21,"CCR dam","Q_m3day_mod",11533.473495
2025-03-21,"CCR dam","DOC_mgL_mod",2.66788231778912
2025-03-22,"SMB","Q_m3day_mod",1235.726339
2025-03-22,"SMB","DOC_mgL_mod",2.37374482312463
2025-03-22,"CCS","Q_m3day_mod",2236.024997
2025-03-22,"CCS","DOC_mgL_mod",3.86228866474519
2025-03-22,"HPB","Q_m3day_mod",377.31054
2025-03-22,"HPB","DOC_mgL_mod",2.88616374194052
2025-03-22,"CCR dam","Q_m3day_mod",10751.644703
2025-03-22,"CCR dam","DOC_mgL_mod",2.75595788537656
2025-03-23,"SMB","Q_m3day_mod",1162.239795
2025-03-23,"SMB","DOC_mgL_mod",2.47257150577949
2025-03-23,"CCS","Q_m3day_mod",2116.885357
2025-03-23,"CCS","DOC_mgL_mod",4.01434823662017
2025-03-23,"HPB","Q_m3day_mod",338.29924
2025-03-23,"HPB","DOC_mgL_mod",3.15587466291677
2025-03-23,"CCR dam","Q_m3day_mod",10035.86607
2025-03-23,"CCR dam","DOC_mgL_mod",2.84413819404427
2025-03-24,"SMB","Q_m3day_mod",1150.677643
2025-03-24,"SMB","DOC_mgL_mod",2.45139811063488
2025-03-24,"CCS","Q_m3day_mod",2126.250284
2025-03-24,"CCS","DOC_mgL_mod",4.06561215537502
2025-03-24,"HPB","Q_m3day_mod",305.998731
2025-03-24,"HPB","DOC_mgL_mod",3.4451646140977
2025-03-24,"CCR dam","Q_m3day_mod",9918.019295
2025-03-24,"CCR dam","DOC_mgL_mod",2.80993000427511
2025-03-25,"SMB","Q_m3day_mod",1209.72519
2025-03-25,"SMB","DOC_mgL_mod",2.2974589790926
2025-03-25,"CCS","Q_m3day_mod",2230.715905
2025-03-25,"CCS","DOC_mgL_mod",3.69905866610119
2025-03-25,"HPB","Q_m3day_mod",362.046102
2025-03-25,"HPB","DOC_mgL_mod",2.87405386842143
2025-03-25,"CCR dam","Q_m3day_mod",10313.23283
2025-03-25,"CCR dam","DOC_mgL_mod",2.77742299356195
2025-03-26,"SMB","Q_m3day_mod",1208.488289
2025-03-26,"SMB","DOC_mgL_mod",2.26679317038876
2025-03-26,"CCS","Q_m3day_mod",2203.164757
2025-03-26,"CCS","DOC_mgL_mod",3.68723626963864
2025-03-26,"HPB","Q_m3day_mod",408.974615
2025-03-26,"HPB","DOC_mgL_mod",2.49412546057412
2025-03-26,"CCR dam","Q_m3day_mod",10145.008305
2025-03-26,"CCR dam","DOC_mgL_mod",2.76753445200851
2025-03-27,"SMB","Q_m3day_mod",1136.833105
2025-03-27,"SMB","DOC_mgL_mod",2.37593362483933
2025-03-27,"CCS","Q_m3day_mod",2077.955241
2025-03-27,"CCS","DOC_mgL_mod",3.85010217840395
2025-03-27,"HPB","Q_m3day_mod",364.34471
2025-03-27,"HPB","DOC_mgL_mod",2.74700296869961
2025-03-27,"CCR dam","Q_m3day_mod",9476.942948
2025-03-27,"CCR dam","DOC_mgL_mod",2.857979640546
2025-03-28,"SMB","Q_m3day_mod",1072.923215
2025-03-28,"SMB","DOC_mgL_mod",2.48063884049708
2025-03-28,"CCS","Q_m3day_mod",1968.847804
2025-03-28,"CCS","DOC_mgL_mod",4.00237183594918
2025-03-28,"HPB","Q_m3day_mod",325.889719
2025-03-28,"HPB","DOC_mgL_mod",3.01370231320492
2025-03-28,"CCR dam","Q_m3day_mod",8869.589317
2025-03-28,"CCR dam","DOC_mgL_mod",2.94986374959349
2025-03-29,"SMB","Q_m3day_mod",1017.408024
2025-03-29,"SMB","DOC_mgL_mod",2.58269341111467
2025-03-29,"CCS","Q_m3day_mod",1877.03319
2025-03-29,"CCS","DOC_mgL_mod",4.13933117506569
2025-03-29,"HPB","Q_m3day_mod",293.881833
2025-03-29,"HPB","DOC_mgL_mod",3.30182811946732
2025-03-29,"CCR dam","Q_m3day_mod",8345.702843
2025-03-29,"CCR dam","DOC_mgL_mod",3.04035387759852
2025-03-30,"SMB","Q_m3day_mod",968.400349
2025-03-30,"SMB","DOC_mgL_mod",2.67296165544856
2025-03-30,"CCS","Q_m3day_mod",1793.205274
2025-03-30,"CCS","DOC_mgL_mod",4.26969578497905
2025-03-30,"HPB","Q_m3day_mod",267.0788
2025-03-30,"HPB","DOC_mgL_mod",3.56907212403231
2025-03-30,"CCR dam","Q_m3day_mod",7885.96139
2025-03-30,"CCR dam","DOC_mgL_mod",3.34437853492965
2025-03-31,"SMB","Q_m3day_mod",1036.257766
2025-03-31,"SMB","DOC_mgL_mod",3.38294014773154
2025-03-31,"CCS","Q_m3day_mod",2009.314082
2025-03-31,"CCS","DOC_mgL_mod",4.17569810273195
2025-03-31,"HPB","Q_m3day_mod",244.458416
2025-03-31,"HPB","DOC_mgL_mod",3.85431115613545
2025-03-31,"CCR dam","Q_m3day_mod",8703.475447
2025-03-31,"CCR dam","DOC_mgL_mod",3.35401302362059
2025-04-01,"SMB","Q_m3day_mod",1326.485032
2025-04-01,"SMB","DOC_mgL_mod",1.92448232616016
2025-04-01,"CCS","Q_m3day_mod",2518.1645
2025-04-01,"CCS","DOC_mgL_mod",3.01164717396342
2025-04-01,"HPB","Q_m3day_mod",459.112482
2025-04-01,"HPB","DOC_mgL_mod",2.02966884267808
2025-04-01,"CCR dam","Q_m3day_mod",10981.135793
2025-04-01,"CCR dam","DOC_mgL_mod",2.34754860389149
2025-04-02,"SMB","Q_m3day_mod",1467.881349
2025-04-02,"SMB","DOC_mgL_mod",1.71563866637834
2025-04-02,"CCS","Q_m3day_mod",2651.375503
2025-04-02,"CCS","DOC_mgL_mod",2.8142120916322
2025-04-02,"HPB","Q_m3day_mod",643.016015
2025-04-02,"HPB","DOC_mgL_mod",1.42964464112142
2025-04-02,"CCR dam","Q_m3day_mod",11735.45134
2025-04-02,"CCR dam","DOC_mgL_mod",2.15840271210225
2025-04-03,"SMB","Q_m3day_mod",1353.54182
2025-04-03,"SMB","DOC_mgL_mod",1.83674339666875
2025-04-03,"CCS","Q_m3day_mod",2459.292269
2025-04-03,"CCS","DOC_mgL_mod",2.99415286780621
2025-04-03,"HPB","Q_m3day_mod",561.656885
2025-04-03,"HPB","DOC_mgL_mod",1.61978340210323
2025-04-03,"CCR dam","Q_m3day_mod",10858.870053
2025-04-03,"CCR dam","DOC_mgL_mod",2.28247781574222
2025-04-04,"SMB","Q_m3day_mod",1253.410041
2025-04-04,"SMB","DOC_mgL_mod",1.95630154521795
2025-04-04,"CCS","Q_m3day_mod",2292.022127
2025-04-04,"CCS","DOC_mgL_mod",3.16850431522906
2025-04-04,"HPB","Q_m3day_mod",491.996217
2025-04-04,"HPB","DOC_mgL_mod",1.81889508308963
2025-04-04,"CCR dam","Q_m3day_mod",10089.194757
2025-04-04,"CCR dam","DOC_mgL_mod",2.43377995879835
2025-04-05,"SMB","Q_m3day_mod",1200.334616
2025-04-05,"SMB","DOC_mgL_mod",2.25081070227171
2025-04-05,"CCS","Q_m3day_mod",2296.225843
2025-04-05,"CCS","DOC_mgL_mod",3.31568735854525
2025-04-05,"HPB","Q_m3day_mod",433.701841
2025-04-05,"HPB","DOC_mgL_mod",2.04231644015548
2025-04-05,"CCR dam","Q_m3day_mod",9965.240452
2025-04-05,"CCR dam","DOC_mgL_mod",2.59738539422852
2025-04-06,"SMB","Q_m3day_mod",1303.034031
2025-04-06,"SMB","DOC_mgL_mod",1.86005272490078
2025-04-06,"CCS","Q_m3day_mod",2493.273132
2025-04-06,"CCS","DOC_mgL_mod",2.89427295685469
2025-04-06,"HPB","Q_m3day_mod",509.92758
2025-04-06,"HPB","DOC_mgL_mod",1.71895134599309
2025-04-06,"CCR dam","Q_m3day_mod",10797.716273
2025-04-06,"CCR dam","DOC_mgL_mod",2.24070621863802
2025-04-07,"SMB","Q_m3day_mod",1528.075714
2025-04-07,"SMB","DOC_mgL_mod",2.4766815972052
2025-04-07,"CCS","Q_m3day_mod",3073.568287
2025-04-07,"CCS","DOC_mgL_mod",3.43032560707834
2025-04-07,"HPB","Q_m3day_mod",582.553752
2025-04-07,"HPB","DOC_mgL_mod",1.54026267433602
2025-04-07,"CCR dam","Q_m3day_mod",12827.671613
2025-04-07,"CCR dam","DOC_mgL_mod",2.60689164868474
2025-04-08,"SMB","Q_m3day_mod",1887.893819
2025-04-08,"SMB","DOC_mgL_mod",1.38321285536239
2025-04-08,"CCS","Q_m3day_mod",3755.17243
2025-04-08,"CCS","DOC_mgL_mod",2.20254546340499
2025-04-08,"HPB","Q_m3day_mod",831.618337
2025-04-08,"HPB","DOC_mgL_mod",1.15855586286814
2025-04-08,"CCR dam","Q_m3day_mod",16101.086989
2025-04-08,"CCR dam","DOC_mgL_mod",1.62472136309008
2025-04-09,"SMB","Q_m3day_mod",2064.048091
2025-04-09,"SMB","DOC_mgL_mod",1.24449038333962
2025-04-09,"CCS","Q_m3day_mod",3793.657703
2025-04-09,"CCS","DOC_mgL_mod",2.1259991363011
2025-04-09,"HPB","Q_m3day_mod",1060.068201
2025-04-09,"HPB","DOC_mgL_mod",0.896480150148377
2025-04-09,"CCR dam","Q_m3day_mod",17246.542044
2025-04-09,"CCR dam","DOC_mgL_mod",1.4800224842104
2025-04-10,"SMB","Q_m3day_mod",1907.862476
2025-04-10,"SMB","DOC_mgL_mod",1.38104451088329
2025-04-10,"CCS","Q_m3day_mod",3588.350876
2025-04-10,"CCS","DOC_mgL_mod",2.3476581000882
2025-04-10,"HPB","Q_m3day_mod",934.772306
2025-04-10,"HPB","DOC_mgL_mod",1.01580812129879
2025-04-10,"CCR dam","Q_m3day_mod",16145.33088
2025-04-10,"CCR dam","DOC_mgL_mod",1.61132900857588
2025-04-11,"SMB","Q_m3day_mod",2002.343499
2025-04-11,"SMB","DOC_mgL_mod",1.97161825729283
2025-04-11,"CCS","Q_m3day_mod",4185.03032
2025-04-11,"CCS","DOC_mgL_mod",3.05569112340386
2025-04-11,"HPB","Q_m3day_mod",884.245853
2025-04-11,"HPB","DOC_mgL_mod",1.15378545066244
2025-04-11,"CCR dam","Q_m3day_mod",17578.522781
2025-04-11,"CCR dam","DOC_mgL_mod",2.07597705760825
2025-04-12,"SMB","Q_m3day_mod",2396.200071
2025-04-12,"SMB","DOC_mgL_mod",1.224454099434
2025-04-12,"CCS","Q_m3day_mod",4881.751074
2025-04-12,"CCS","DOC_mgL_mod",2.037668215608
2025-04-12,"HPB","Q_m3day_mod",1156.590955
2025-04-12,"HPB","DOC_mgL_mod",1.02887368680832
2025-04-12,"CCR dam","Q_m3day_mod",20949.143081
2025-04-12,"CCR dam","DOC_mgL_mod",1.42244433983681
2025-04-13,"SMB","Q_m3day_mod",2521.037585
2025-04-13,"SMB","DOC_mgL_mod",1.13617108171753
2025-04-13,"CCS","Q_m3day_mod",4725.633773
2025-04-13,"CCS","DOC_mgL_mod",2.02353027325886
2025-04-13,"HPB","Q_m3day_mod",1343.174917
2025-04-13,"HPB","DOC_mgL_mod",0.882288661738015
2025-04-13,"CCR dam","Q_m3day_mod",21603.516764
2025-04-13,"CCR dam","DOC_mgL_mod",1.34118996997206
2025-04-14,"SMB","Q_m3day_mod",2304.419361
2025-04-14,"SMB","DOC_mgL_mod",1.21819233404714
2025-04-14,"CCS","Q_m3day_mod",4294.02287
2025-04-14,"CCS","DOC_mgL_mod",2.18596274034283
2025-04-14,"HPB","Q_m3day_mod",1185.103834
2025-04-14,"HPB","DOC_mgL_mod",0.979286343275808
2025-04-14,"CCR dam","Q_m3day_mod",19690.680456
2025-04-14,"CCR dam","DOC_mgL_mod",1.42501322200117
2025-04-15,"SMB","Q_m3day_mod",2068.927728
2025-04-15,"SMB","DOC_mgL_mod",1.3369761362684
2025-04-15,"CCS","Q_m3day_mod",4002.084735
2025-04-15,"CCS","DOC_mgL_mod",2.40344436385353
2025-04-15,"HPB","Q_m3day_mod",1013.82662
2025-04-15,"HPB","DOC_mgL_mod",1.13428073135424
2025-04-15,"CCR dam","Q_m3day_mod",18034.58113
2025-04-15,"CCR dam","DOC_mgL_mod",1.55019402992921
2025-04-16,"SMB","Q_m3day_mod",1962.535323
2025-04-16,"SMB","DOC_mgL_mod",1.3844362280556
2025-04-16,"CCS","Q_m3day_mod",3822.867721
2025-04-16,"CCS","DOC_mgL_mod",2.38669257371356
2025-04-16,"HPB","Q_m3day_mod",940.754492
2025-04-16,"HPB","DOC_mgL_mod",1.19653321836065
2025-04-16,"CCR dam","Q_m3day_mod",17141.783102
2025-04-16,"CCR dam","DOC_mgL_mod",1.64091389049942
2025-04-17,"SMB","Q_m3day_mod",1869.860651
2025-04-17,"SMB","DOC_mgL_mod",1.426765678273
2025-04-17,"CCS","Q_m3day_mod",3554.797717
2025-04-17,"CCS","DOC_mgL_mod",2.52186670344933
2025-04-17,"HPB","Q_m3day_mod",879.384174
2025-04-17,"HPB","DOC_mgL_mod",1.25767444161441
2025-04-17,"CCR dam","Q_m3day_mod",16055.250612
2025-04-17,"CCR dam","DOC_mgL_mod",1.6966680034032
2025-04-18,"SMB","Q_m3day_mod",1693.703372
2025-04-18,"SMB","DOC_mgL_mod",1.54743979573302
2025-04-18,"CCS","Q_m3day_mod",3249.890073
2025-04-18,"CCS","DOC_mgL_mod",2.71186434064965
2025-04-18,"HPB","Q_m3day_mod",757.829875
2025-04-18,"HPB","DOC_mgL_mod",1.43254843311634
2025-04-18,"CCR dam","Q_m3day_mod",14566.783254
2025-04-18,"CCR dam","DOC_mgL_mod",1.81361729211873
2025-04-19,"SMB","Q_m3day_mod",1541.15943
2025-04-19,"SMB","DOC_mgL_mod",1.6707486259225
2025-04-19,"CCS","Q_m3day_mod",2986.007585
2025-04-19,"CCS","DOC_mgL_mod",2.90157367433479
2025-04-19,"HPB","Q_m3day_mod",655.593468
2025-04-19,"HPB","DOC_mgL_mod",1.62588410658173
2025-04-19,"CCR dam","Q_m3day_mod",13268.605
2025-04-19,"CCR dam","DOC_mgL_mod",1.93274575586507
2025-04-20,"SMB","Q_m3day_mod",1409.390113
2025-04-20,"SMB","DOC_mgL_mod",1.79554686573851
2025-04-20,"CCS","Q_m3day_mod",2757.210625
2025-04-20,"CCS","DOC_mgL_mod",3.09013751896448
2025-04-20,"HPB","Q_m3day_mod",570.054474
2025-04-20,"HPB","DOC_mgL_mod",1.83635783551451
2025-04-20,"CCR dam","Q_m3day_mod",12136.732465
2025-04-20,"CCR dam","DOC_mgL_mod",2.05394492066856
2025-04-21,"SMB","Q_m3day_mod",1295.487034
2025-04-21,"SMB","DOC_mgL_mod",1.92093933377028
2025-04-21,"CCS","Q_m3day_mod",2558.610252
2025-04-21,"CCS","DOC_mgL_mod",3.27531869828528
2025-04-21,"HPB","Q_m3day_mod",498.364646
2025-04-21,"HPB","DOC_mgL_mod",2.06158082890976
2025-04-21,"CCR dam","Q_m3day_mod",11148.531755
2025-04-21,"CCR dam","DOC_mgL_mod",2.1759887788919
2025-04-22,"SMB","Q_m3day_mod",1197.310055
2025-04-22,"SMB","DOC_mgL_mod",2.04745127610241
2025-04-22,"CCS","Q_m3day_mod",2416.053457
2025-04-22,"CCS","DOC_mgL_mod",3.41556060197719
2025-04-22,"HPB","Q_m3day_mod",438.572553
2025-04-22,"HPB","DOC_mgL_mod",2.313101887158
2025-04-22,"CCR dam","Q_m3day_mod",10380.296714
2025-04-22,"CCR dam","DOC_mgL_mod",2.28161686053322
2025-04-23,"SMB","Q_m3day_mod",1131.269603
2025-04-23,"SMB","DOC_mgL_mod",2.13146184924055
2025-04-23,"CCS","Q_m3day_mod",2302.81552
2025-04-23,"CCS","DOC_mgL_mod",3.5273811251715
2025-04-23,"HPB","Q_m3day_mod",403.90641
2025-04-23,"HPB","DOC_mgL_mod",2.46679051218821
2025-04-23,"CCR dam","Q_m3day_mod",9836.493127
2025-04-23,"CCR dam","DOC_mgL_mod",2.66615852432344
2025-04-24,"SMB","Q_m3day_mod",1073.566937
2025-04-24,"SMB","DOC_mgL_mod",2.21290905869244
2025-04-24,"CCS","Q_m3day_mod",2173.638681
2025-04-24,"CCS","DOC_mgL_mod",3.68044379681335
2025-04-24,"HPB","Q_m3day_mod",374.664631
2025-04-24,"HPB","DOC_mgL_mod",2.61845879975791
2025-04-24,"CCR dam","Q_m3day_mod",9263.177248
2025-04-24,"CCR dam","DOC_mgL_mod",2.73652110084291
2025-04-25,"SMB","Q_m3day_mod",1005.026408
2025-04-25,"SMB","DOC_mgL_mod",2.33641223883144
2025-04-25,"CCS","Q_m3day_mod",2243.580041
2025-04-25,"CCS","DOC_mgL_mod",3.69671099244727
2025-04-25,"HPB","Q_m3day_mod",334.875166
2025-04-25,"HPB","DOC_mgL_mod",2.894717788658
2025-04-25,"CCR dam","Q_m3day_mod",9203.298147
2025-04-25,"CCR dam","DOC_mgL_mod",2.7462524408425
2025-04-26,"SMB","Q_m3day_mod",1172.851328
2025-04-26,"SMB","DOC_mgL_mod",1.99444119144144
2025-04-26,"CCS","Q_m3day_mod",2617.472645
2025-04-26,"CCS","DOC_mgL_mod",3.10917442271875
2025-04-26,"HPB","Q_m3day_mod",464.570964
2025-04-26,"HPB","DOC_mgL_mod",2.07655229180444
2025-04-26,"CCR dam","Q_m3day_mod",10739.757329
2025-04-26,"CCR dam","DOC_mgL_mod",2.41269324866698
2025-04-27,"SMB","Q_m3day_mod",1408.37564
2025-04-27,"SMB","DOC_mgL_mod",1.65602267872228
2025-04-27,"CCS","Q_m3day_mod",2818.218453
2025-04-27,"CCS","DOC_mgL_mod",2.77154348758357
2025-04-27,"HPB","Q_m3day_mod",638.228689
2025-04-27,"HPB","DOC_mgL_mod",1.48713057930243
2025-04-27,"CCR dam","Q_m3day_mod",12003.985815
2025-04-27,"CCR dam","DOC_mgL_mod",2.08752745847859
2025-04-28,"SMB","Q_m3day_mod",1381.50276
2025-04-28,"SMB","DOC_mgL_mod",1.66390908983779
2025-04-28,"CCS","Q_m3day_mod",2672.5871
2025-04-28,"CCS","DOC_mgL_mod",2.87941672696093
2025-04-28,"HPB","Q_m3day_mod",619.502019
2025-04-28,"HPB","DOC_mgL_mod",1.50683996398727
2025-04-28,"CCR dam","Q_m3day_mod",11489.651077
2025-04-28,"CCR dam","DOC_mgL_mod",2.11026686863765
2025-04-29,"SMB","Q_m3day_mod",1264.403018
2025-04-29,"SMB","DOC_mgL_mod",1.79144937789131
2025-04-29,"CCS","Q_m3day_mod",2469.60713
2025-04-29,"CCS","DOC_mgL_mod",3.06981823461127
2025-04-29,"HPB","Q_m3day_mod",537.727492
2025-04-29,"HPB","DOC_mgL_mod",1.70552001458761
2025-04-29,"CCR dam","Q_m3day_mod",10517.877761
2025-04-29,"CCR dam","DOC_mgL_mod",2.23351331264821
2025-04-30,"SMB","Q_m3day_mod",1162.492986
2025-04-30,"SMB","DOC_mgL_mod",1.92100513886455
2025-04-30,"CCS","Q_m3day_mod",2293.055662
2025-04-30,"CCS","DOC_mgL_mod",3.2571852152449
2025-04-30,"HPB","Q_m3day_mod",468.594653
2025-04-30,"HPB","DOC_mgL_mod",1.92140391324525
2025-04-30,"CCR dam","Q_m3day_mod",9666.498317
2025-04-30,"CCR dam","DOC_mgL_mod",2.35746278049034
2025-05-01,"SMB","Q_m3day_mod",1074.311717
2025-05-01,"SMB","DOC_mgL_mod",2.04887647148318
2025-05-01,"CCS","Q_m3day_mod",2139.763582
2025-05-01,"CCS","DOC_mgL_mod",3.44033755033784
2025-05-01,"HPB","Q_m3day_mod",410.593282
2025-05-01,"HPB","DOC_mgL_mod",2.1520254683563
2025-05-01,"CCR dam","Q_m3day_mod",8922.670643
2025-05-01,"CCR dam","DOC_mgL_mod",2.48097916932156
2025-05-02,"SMB","Q_m3day_mod",998.188748
2025-05-02,"SMB","DOC_mgL_mod",2.17761320627509
2025-05-02,"CCS","Q_m3day_mod",2013.419226
2025-05-02,"CCS","DOC_mgL_mod",3.60730686695052
2025-05-02,"HPB","Q_m3day_mod",362.328286
2025-05-02,"HPB","DOC_mgL_mod",2.41181887742543
2025-05-02,"CCR dam","Q_m3day_mod",8293.05629
2025-05-02,"CCR dam","DOC_mgL_mod",2.60283775307644
2025-05-03,"SMB","Q_m3day_mod",932.66285
2025-05-03,"SMB","DOC_mgL_mod",2.30201835529313
2025-05-03,"CCS","Q_m3day_mod",1951.297101
2025-05-03,"CCS","DOC_mgL_mod",3.67289583750578
2025-05-03,"HPB","Q_m3day_mod",322.486319
2025-05-03,"HPB","DOC_mgL_mod",2.68162476684786
2025-05-03,"CCR dam","Q_m3day_mod",7922.684323
2025-05-03,"CCR dam","DOC_mgL_mod",2.94061823621645
2025-05-04,"SMB","Q_m3day_mod",943.457427
2025-05-04,"SMB","DOC_mgL_mod",2.33359337368383
2025-05-04,"CCS","Q_m3day_mod",2339.246097
2025-05-04,"CCS","DOC_mgL_mod",3.70458970140584
2025-05-04,"HPB","Q_m3day_mod",334.447945
2025-05-04,"HPB","DOC_mgL_mod",2.65129151862482
2025-05-04,"CCR dam","Q_m3day_mod",9030.786012
2025-05-04,"CCR dam","DOC_mgL_mod",2.87195377739397
2025-05-05,"SMB","Q_m3day_mod",1363.198086
2025-05-05,"SMB","DOC_mgL_mod",1.74618422989775
2025-05-05,"CCS","Q_m3day_mod",3073.933529
2025-05-05,"CCS","DOC_mgL_mod",2.64882468120539
2025-05-05,"HPB","Q_m3day_mod",626.964647
2025-05-05,"HPB","DOC_mgL_mod",1.52437255365692
2025-05-05,"CCR dam","Q_m3day_mod",12286.686233
2025-05-05,"CCR dam","DOC_mgL_mod",2.06414239926493
2025-05-06,"SMB","Q_m3day_mod",1707.06127
2025-05-06,"SMB","DOC_mgL_mod",1.38177524231453
2025-05-06,"CCS","Q_m3day_mod",3298.515295
2025-05-06,"CCS","DOC_mgL_mod",2.40704083198741
2025-05-06,"HPB","Q_m3day_mod",862.538298
2025-05-06,"HPB","DOC_mgL_mod",1.09891978384941
2025-05-06,"CCR dam","Q_m3day_mod",13966.142949
2025-05-06,"CCR dam","DOC_mgL_mod",1.77994741216507
2025-05-07,"SMB","Q_m3day_mod",1585.969352
2025-05-07,"SMB","DOC_mgL_mod",1.43652965117323
2025-05-07,"CCS","Q_m3day_mod",3023.812785
2025-05-07,"CCS","DOC_mgL_mod",2.51588922361144
2025-05-07,"HPB","Q_m3day_mod",774.828912
2025-05-07,"HPB","DOC_mgL_mod",1.1790839059449
2025-05-07,"CCR dam","Q_m3day_mod",12874.678175
2025-05-07,"CCR dam","DOC_mgL_mod",1.8458348765677
2025-05-08,"SMB","Q_m3day_mod",1433.783992
2025-05-08,"SMB","DOC_mgL_mod",1.57598286255661
2025-05-08,"CCS","Q_m3day_mod",2875.559667
2025-05-08,"CCS","DOC_mgL_mod",2.69782369290687
2025-05-08,"HPB","Q_m3day_mod",665.846394
2025-05-08,"HPB","DOC_mgL_mod",1.35880964161233
2025-05-08,"CCR dam","Q_m3day_mod",12026.795466
2025-05-08,"CCR dam","DOC_mgL_mod",2.01906485136861
2025-05-09,"SMB","Q_m3day_mod",1431.716145
2025-05-09,"SMB","DOC_mgL_mod",1.55982525432791
2025-05-09,"CCS","Q_m3day_mod",2903.635353
2025-05-09,"CCS","DOC_mgL_mod",2.59077366316941
2025-05-09,"HPB","Q_m3day_mod",666.421713
2025-05-09,"HPB","DOC_mgL_mod",1.34213799243363
2025-05-09,"CCR dam","Q_m3day_mod",12182.919951
2025-05-09,"CCR dam","DOC_mgL_mod",1.94245551109096
2025-05-10,"SMB","Q_m3day_mod",1419.213457
2025-05-10,"SMB","DOC_mgL_mod",1.49353220232325
2025-05-10,"CCS","Q_m3day_mod",2747.663983
2025-05-10,"CCS","DOC_mgL_mod",2.56605539964965
2025-05-10,"HPB","Q_m3day_mod",665.432237
2025-05-10,"HPB","DOC_mgL_mod",1.27298311217826
2025-05-10,"CCR dam","Q_m3day_mod",11810.633604
2025-05-10,"CCR dam","DOC_mgL_mod",1.87936064602686
2025-05-11,"SMB","Q_m3day_mod",1272.483792
2025-05-11,"SMB","DOC_mgL_mod",1.57973407020024
2025-05-11,"CCS","Q_m3day_mod",2450.074341
2025-05-11,"CCS","DOC_mgL_mod",2.73438315233554
2025-05-11,"HPB","Q_m3day_mod",570.849103
2025-05-11,"HPB","DOC_mgL_mod",1.40432540891634
2025-05-11,"CCR dam","Q_m3day_mod",10588.711408
2025-05-11,"CCR dam","DOC_mgL_mod",1.96903845960404
2025-05-12,"SMB","Q_m3day_mod",1162.780644
2025-05-12,"SMB","DOC_mgL_mod",1.77954802625696
2025-05-12,"CCS","Q_m3day_mod",2701.750332
2025-05-12,"CCS","DOC_mgL_mod",3.52961740655761
2025-05-12,"HPB","Q_m3day_mod",493.837538
2025-05-12,"HPB","DOC_mgL_mod",1.65090690209945
2025-05-12,"CCR dam","Q_m3day_mod",10953.514994
2025-05-12,"CCR dam","DOC_mgL_mod",2.40503345404924
2025-05-13,"SMB","Q_m3day_mod",3592.709278
2025-05-13,"SMB","DOC_mgL_mod",6.18747532290588
2025-05-13,"CCS","Q_m3day_mod",9507.358668
2025-05-13,"CCS","DOC_mgL_mod",6.28025112810438
2025-05-13,"HPB","Q_m3day_mod",1014.20985
2025-05-13,"HPB","DOC_mgL_mod",4.03068063280987
2025-05-13,"CCR dam","Q_m3day_mod",32754.76517
2025-05-13,"CCR dam","DOC_mgL_mod",4.86474255495326
2025-05-14,"SMB","Q_m3day_mod",7387.228441
2025-05-14,"SMB","DOC_mgL_mod",1.99049753468968
2025-05-14,"CCS","Q_m3day_mod",16362.036253
2025-05-14,"CCS","DOC_mgL_mod",2.44993956621079
2025-05-14,"HPB","Q_m3day_mod",3034.804447
2025-05-14,"HPB","DOC_mgL_mod",1.2312852657422
2025-05-14,"CCR dam","Q_m3day_mod",63656.775393
2025-05-14,"CCR dam","DOC_mgL_mod",1.73187848927898
2025-05-15,"SMB","Q_m3day_mod",8021.181681
2025-05-15,"SMB","DOC_mgL_mod",0.814551054924547
2025-05-15,"CCS","Q_m3day_mod",15221.939278
2025-05-15,"CCS","DOC_mgL_mod",1.62768156852452
2025-05-15,"HPB","Q_m3day_mod",4435.618626
2025-05-15,"HPB","DOC_mgL_mod",0.651832414773524
2025-05-15,"CCR dam","Q_m3day_mod",69336.971103
2025-05-15,"CCR dam","DOC_mgL_mod",1.00656084178128
2025-05-16,"SMB","Q_m3day_mod",6891.442783
2025-05-16,"SMB","DOC_mgL_mod",0.917915333434177
2025-05-16,"CCS","Q_m3day_mod",12883.596549
2025-05-16,"CCS","DOC_mgL_mod",1.83350743017745
2025-05-16,"HPB","Q_m3day_mod",4040.932563
2025-05-16,"HPB","DOC_mgL_mod",0.721835109723904
2025-05-16,"CCR dam","Q_m3day_mod",61508.953247
2025-05-16,"CCR dam","DOC_mgL_mod",1.12502922496694
2025-05-17,"SMB","Q_m3day_mod",6224.442893
2025-05-17,"SMB","DOC_mgL_mod",1.13256047507929
2025-05-17,"CCS","Q_m3day_mod",11731.775917
2025-05-17,"CCS","DOC_mgL_mod",1.92147720511222
2025-05-17,"HPB","Q_m3day_mod",3439.606468
2025-05-17,"HPB","DOC_mgL_mod",0.857659743184318
2025-05-17,"CCR dam","Q_m3day_mod",55834.835706
2025-05-17,"CCR dam","DOC_mgL_mod",1.24078076211757
2025-05-18,"SMB","Q_m3day_mod",5522.050307
2025-05-18,"SMB","DOC_mgL_mod",0.884806499101675
2025-05-18,"CCS","Q_m3day_mod",10469.581455
2025-05-18,"CCS","DOC_mgL_mod",1.81312214643828
2025-05-18,"HPB","Q_m3day_mod",3015.667589
2025-05-18,"HPB","DOC_mgL_mod",0.910565212829231
2025-05-18,"CCR dam","Q_m3day_mod",50200.117034
2025-05-18,"CCR dam","DOC_mgL_mod",1.14998496837967
2025-05-19,"SMB","Q_m3day_mod",4718.602438
2025-05-19,"SMB","DOC_mgL_mod",0.938713116478918
2025-05-19,"CCS","Q_m3day_mod",8949.32352
2025-05-19,"CCS","DOC_mgL_mod",1.89098538701616
2025-05-19,"HPB","Q_m3day_mod",2640.376223
2025-05-19,"HPB","DOC_mgL_mod",0.936924434650917
2025-05-19,"CCR dam","Q_m3day_mod",43915.559472
2025-05-19,"CCR dam","DOC_mgL_mod",1.19271485163239
2025-05-20,"SMB","Q_m3day_mod",4105.817621
2025-05-20,"SMB","DOC_mgL_mod",0.973486737344781
2025-05-20,"CCS","Q_m3day_mod",7784.169736
2025-05-20,"CCS","DOC_mgL_mod",1.94333249569829
2025-05-20,"HPB","Q_m3day_mod",2225.500861
2025-05-20,"HPB","DOC_mgL_mod",0.994656096877601
2025-05-20,"CCR dam","Q_m3day_mod",38663.001048
2025-05-20,"CCR dam","DOC_mgL_mod",1.22419312306457
2025-05-21,"SMB","Q_m3day_mod",3700.203944
2025-05-21,"SMB","DOC_mgL_mod",1.25087645709509
2025-05-21,"CCS","Q_m3day_mod",7115.062681
2025-05-21,"CCS","DOC_mgL_mod",2.243737085076
2025-05-21,"HPB","Q_m3day_mod",1888.861084
2025-05-21,"HPB","DOC_mgL_mod",1.14651787701292
2025-05-21,"CCR dam","Q_m3day_mod",35487.02913
2025-05-21,"CCR dam","DOC_mgL_mod",1.45994807878131
2025-05-22,"SMB","Q_m3day_mod",3629.913537
2025-05-22,"SMB","DOC_mgL_mod",1.15718017996416
2025-05-22,"CCS","Q_m3day_mod",6938.331509
2025-05-22,"CCS","DOC_mgL_mod",2.13246657078979
2025-05-22,"HPB","Q_m3day_mod",1819.508415
2025-05-22,"HPB","DOC_mgL_mod",1.16656564075303
2025-05-22,"CCR dam","Q_m3day_mod",34702.354053
2025-05-22,"CCR dam","DOC_mgL_mod",1.43923924941001
2025-05-23,"SMB","Q_m3day_mod",3412.381097
2025-05-23,"SMB","DOC_mgL_mod",1.02755726875954
2025-05-23,"CCS","Q_m3day_mod",6414.966919
2025-05-23,"CCS","DOC_mgL_mod",2.00290978304887
2025-05-23,"HPB","Q_m3day_mod",1748.835331
2025-05-23,"HPB","DOC_mgL_mod",1.0765822068127
2025-05-23,"CCR dam","Q_m3day_mod",32366.359876
2025-05-23,"CCR dam","DOC_mgL_mod",1.339659454017
2025-05-24,"SMB","Q_m3day_mod",2937.942929
2025-05-24,"SMB","DOC_mgL_mod",1.05750080075841
2025-05-24,"CCS","Q_m3day_mod",5543.711576
2025-05-24,"CCS","DOC_mgL_mod",2.04275057328488
2025-05-24,"HPB","Q_m3day_mod",1473.77875
2025-05-24,"HPB","DOC_mgL_mod",1.11781161181758
2025-05-24,"CCR dam","Q_m3day_mod",28297.150546
2025-05-24,"CCR dam","DOC_mgL_mod",1.35697585301315
2025-05-25,"SMB","Q_m3day_mod",2554.526836
2025-05-25,"SMB","DOC_mgL_mod",1.08402971578726
2025-05-25,"CCS","Q_m3day_mod",4814.621346
2025-05-25,"CCS","DOC_mgL_mod",2.08842384009154
2025-05-25,"HPB","Q_m3day_mod",1240.964422
2025-05-25,"HPB","DOC_mgL_mod",1.17228582400084
2025-05-25,"CCR dam","Q_m3day_mod",24956.760457
2025-05-25,"CCR dam","DOC_mgL_mod",1.37217088167366
2025-05-26,"SMB","Q_m3day_mod",2258.595376
2025-05-26,"SMB","DOC_mgL_mod",1.21561392942478
2025-05-26,"CCS","Q_m3day_mod",4429.500475
2025-05-26,"CCS","DOC_mgL_mod",2.38276303605092
2025-05-26,"HPB","Q_m3day_mod",1056.669441
2025-05-26,"HPB","DOC_mgL_mod",1.35570117239721
2025-05-26,"CCR dam","Q_m3day_mod",22761.319632
2025-05-26,"CCR dam","DOC_mgL_mod",1.57249054882039
2025-05-27,"SMB","Q_m3day_mod",2388.726754
2025-05-27,"SMB","DOC_mgL_mod",1.57426503207323
2025-05-27,"CCS","Q_m3day_mod",5026.053818
2025-05-27,"CCS","DOC_mgL_mod",2.27014083278167
2025-05-27,"HPB","Q_m3day_mod",1074.49004
2025-05-27,"HPB","DOC_mgL_mod",1.31361664366847
2025-05-27,"CCR dam","Q_m3day_mod",25250.251996
2025-05-27,"CCR dam","DOC_mgL_mod",1.67817572698731
2025-05-28,"SMB","Q_m3day_mod",3367.748125
2025-05-28,"SMB","DOC_mgL_mod",0.863052963617937
2025-05-28,"CCS","Q_m3day_mod",7039.773868
2025-05-28,"CCS","DOC_mgL_mod",2.14197647292951
2025-05-28,"HPB","Q_m3day_mod",1590.919286
2025-05-28,"HPB","DOC_mgL_mod",0.879690134072584
2025-05-28,"CCR dam","Q_m3day_mod",35084.59456
2025-05-28,"CCR dam","DOC_mgL_mod",1.24803437375108
2025-05-29,"SMB","Q_m3day_mod",4326.88612
2025-05-29,"SMB","DOC_mgL_mod",0.723560757822764
2025-05-29,"CCS","Q_m3day_mod",8292.055804
2025-05-29,"CCS","DOC_mgL_mod",1.29581014093233
2025-05-29,"HPB","Q_m3day_mod",2298.519958
2025-05-29,"HPB","DOC_mgL_mod",0.609237259448673
2025-05-29,"CCR dam","Q_m3day_mod",42691.441932
2025-05-29,"CCR dam","DOC_mgL_mod",0.904057774892587
2025-05-30,"SMB","Q_m3day_mod",4333.526779
2025-05-30,"SMB","DOC_mgL_mod",0.730061024505786
2025-05-30,"CCS","Q_m3day_mod",7754.029404
2025-05-30,"CCS","DOC_mgL_mod",1.33684558826313
2025-05-30,"HPB","Q_m3day_mod",2427.534598
2025-05-30,"HPB","DOC_mgL_mod",0.572187519446427
2025-05-30,"CCR dam","Q_m3day_mod",41780.186869
2025-05-30,"CCR dam","DOC_mgL_mod",0.91421180378541
2025-05-31,"SMB","Q_m3day_mod",3864.215188
2025-05-31,"SMB","DOC_mgL_mod",0.816179443058491
2025-05-31,"CCS","Q_m3day_mod",6860.021506
2025-05-31,"CCS","DOC_mgL_mod",1.44192682068831
2025-05-31,"HPB","Q_m3day_mod",2103.479877
2025-05-31,"HPB","DOC_mgL_mod",0.652199250870228
2025-05-31,"CCR dam","Q_m3day_mod",37784.629096
2025-05-31,"CCR dam","DOC_mgL_mod",0.986319328563828
2025-06-01,"SMB","Q_m3day_mod",3365.478266
2025-06-01,"SMB","DOC_mgL_mod",0.806624433568694
2025-06-01,"CCS","Q_m3day_mod",5941.239399
2025-06-01,"CCS","DOC_mgL_mod",1.44670622117108
2025-06-01,"HPB","Q_m3day_mod",1781.502632
2025-06-01,"HPB","DOC_mgL_mod",0.679262538412012
2025-06-01,"CCR dam","Q_m3day_mod",33316.034215
2025-06-01,"CCR dam","DOC_mgL_mod",0.975193499632441
2025-06-02,"SMB","Q_m3day_mod",2908.078334
2025-06-02,"SMB","DOC_mgL_mod",0.832270909522206
2025-06-02,"CCS","Q_m3day_mod",5127.963271
2025-06-02,"CCS","DOC_mgL_mod",1.49531160711779
2025-06-02,"HPB","Q_m3day_mod",1494.955819
2025-06-02,"HPB","DOC_mgL_mod",0.717397789532936
2025-06-02,"CCR dam","Q_m3day_mod",29188.913423
2025-06-02,"CCR dam","DOC_mgL_mod",0.995508108811728
2025-06-03,"SMB","Q_m3day_mod",2530.833186
2025-06-03,"SMB","DOC_mgL_mod",0.871447400089529
2025-06-03,"CCS","Q_m3day_mod",4461.509931
2025-06-03,"CCS","DOC_mgL_mod",1.57256222859677
2025-06-03,"HPB","Q_m3day_mod",1256.661246
2025-06-03,"HPB","DOC_mgL_mod",0.771956327202598
2025-06-03,"CCR dam","Q_m3day_mod",25798.850897
2025-06-03,"CCR dam","DOC_mgL_mod",1.0246479622499
2025-06-04,"SMB","Q_m3day_mod",2215.358898
2025-06-04,"SMB","DOC_mgL_mod",0.923252210667312
2025-06-04,"CCS","Q_m3day_mod",3908.409222
2025-06-04,"CCS","DOC_mgL_mod",1.66689403026897
2025-06-04,"HPB","Q_m3day_mod",1059.508764
2025-06-04,"HPB","DOC_mgL_mod",0.84167147106298
2025-06-04,"CCR dam","Q_m3day_mod",22907.739666
2025-06-04,"CCR dam","DOC_mgL_mod",1.06216022858482
2025-06-05,"SMB","Q_m3day_mod",1964.355429
2025-06-05,"SMB","DOC_mgL_mod",1.03616431626947
2025-06-05,"CCS","Q_m3day_mod",3479.51975
2025-06-05,"CCS","DOC_mgL_mod",1.87342290556046
2025-06-05,"HPB","Q_m3day_mod",899.69613
2025-06-05,"HPB","DOC_mgL_mod",0.981797154112467
2025-06-05,"CCR dam","Q_m3day_mod",20518.948178
2025-06-05,"CCR dam","DOC_mgL_mod",1.1515098042566
2025-06-06,"SMB","Q_m3day_mod",1765.481329
2025-06-06,"SMB","DOC_mgL_mod",1.14716421336903
2025-06-06,"CCS","Q_m3day_mod",3172.677427
2025-06-06,"CCS","DOC_mgL_mod",2.03128340283048
2025-06-06,"HPB","Q_m3day_mod",770.670081
2025-06-06,"HPB","DOC_mgL_mod",1.13604254477345
2025-06-06,"CCR dam","Q_m3day_mod",18669.475111
2025-06-06,"CCR dam","DOC_mgL_mod",1.42671231202993
2025-06-07,"SMB","Q_m3day_mod",1600.813123
2025-06-07,"SMB","DOC_mgL_mod",1.25865347494406
2025-06-07,"CCS","Q_m3day_mod",3030.690528
2025-06-07,"CCS","DOC_mgL_mod",2.26158096205328
2025-06-07,"HPB","Q_m3day_mod",669.895835
2025-06-07,"HPB","DOC_mgL_mod",1.29575577970268
2025-06-07,"CCR dam","Q_m3day_mod",17793.648332
2025-06-07,"CCR dam","DOC_mgL_mod",1.52953005995151
2025-06-08,"SMB","Q_m3day_mod",1654.913407
2025-06-08,"SMB","DOC_mgL_mod",1.211598136506
2025-06-08,"CCS","Q_m3day_mod",3134.199731
2025-06-08,"CCS","DOC_mgL_mod",2.02558660739034
2025-06-08,"HPB","Q_m3day_mod",730.886104
2025-06-08,"HPB","DOC_mgL_mod",1.17843463610303
2025-06-08,"CCR dam","Q_m3day_mod",18261.808399
2025-06-08,"CCR dam","DOC_mgL_mod",1.39131785006524
2025-06-09,"SMB","Q_m3day_mod",1684.988617
2025-06-09,"SMB","DOC_mgL_mod",1.12975896738654
2025-06-09,"CCS","Q_m3day_mod",3038.873656
2025-06-09,"CCS","DOC_mgL_mod",1.94716650635244
2025-06-09,"HPB","Q_m3day_mod",773.619636
2025-06-09,"HPB","DOC_mgL_mod",1.04386039653213
2025-06-09,"CCR dam","Q_m3day_mod",17785.731422
2025-06-09,"CCR dam","DOC_mgL_mod",1.31495801016487
2025-06-10,"SMB","Q_m3day_mod",1512.646406
2025-06-10,"SMB","DOC_mgL_mod",1.25300135741042
2025-06-10,"CCS","Q_m3day_mod",2722.566681
2025-06-10,"CCS","DOC_mgL_mod",2.19628596857863
2025-06-10,"HPB","Q_m3day_mod",663.123953
2025-06-10,"HPB","DOC_mgL_mod",1.20800869336113
2025-06-10,"CCR dam","Q_m3day_mod",16124.254877
2025-06-10,"CCR dam","DOC_mgL_mod",1.44637195193848
2025-06-11,"SMB","Q_m3day_mod",1365.69835
2025-06-11,"SMB","DOC_mgL_mod",1.33854595343108
2025-06-11,"CCS","Q_m3day_mod",2466.35498
2025-06-11,"CCS","DOC_mgL_mod",2.29198109997937
2025-06-11,"HPB","Q_m3day_mod",570.363655
2025-06-11,"HPB","DOC_mgL_mod",1.34117539449459
2025-06-11,"CCR dam","Q_m3day_mod",14726.612397
2025-06-11,"CCR dam","DOC_mgL_mod",1.51432382402778
2025-06-12,"SMB","Q_m3day_mod",1229.24138
2025-06-12,"SMB","DOC_mgL_mod",1.42237239035998
2025-06-12,"CCS","Q_m3day_mod",2199.502047
2025-06-12,"CCS","DOC_mgL_mod",2.44503114117811
2025-06-12,"HPB","Q_m3day_mod",490.127407
2025-06-12,"HPB","DOC_mgL_mod",1.47443336095669
2025-06-12,"CCR dam","Q_m3day_mod",13285.968599
2025-06-12,"CCR dam","DOC_mgL_mod",1.56329061334401
2025-06-13,"SMB","Q_m3day_mod",1116.966132
2025-06-13,"SMB","DOC_mgL_mod",1.56149497288428
2025-06-13,"CCS","Q_m3day_mod",2137.918758
2025-06-13,"CCS","DOC_mgL_mod",2.79563663382199
2025-06-13,"HPB","Q_m3day_mod",423.578192
2025-06-13,"HPB","DOC_mgL_mod",1.69387757337611
2025-06-13,"CCR dam","Q_m3day_mod",12601.574169
2025-06-13,"CCR dam","DOC_mgL_mod",1.75420861739484
2025-06-14,"SMB","Q_m3day_mod",1167.088734
2025-06-14,"SMB","DOC_mgL_mod",1.49907967494784
2025-06-14,"CCS","Q_m3day_mod",2485.876919
2025-06-14,"CCS","DOC_mgL_mod",2.15772428594644
2025-06-14,"HPB","Q_m3day_mod",472.263145
2025-06-14,"HPB","DOC_mgL_mod",1.50814838621379
2025-06-14,"CCR dam","Q_m3day_mod",13793.380829
2025-06-14,"CCR dam","DOC_mgL_mod",1.5443458180473
2025-06-15,"SMB","Q_m3day_mod",1546.827714
2025-06-15,"SMB","DOC_mgL_mod",1.17325089508966
2025-06-15,"CCS","Q_m3day_mod",3250.295828
2025-06-15,"CCS","DOC_mgL_mod",1.6428483075295
2025-06-15,"HPB","Q_m3day_mod",749.370856
2025-06-15,"HPB","DOC_mgL_mod",0.944550077351821
2025-06-15,"CCR dam","Q_m3day_mod",17251.084683
2025-06-15,"CCR dam","DOC_mgL_mod",1.23508639552367
2025-06-16,"SMB","Q_m3day_mod",2529.675794
2025-06-16,"SMB","DOC_mgL_mod",2.17106477163057
2025-06-16,"CCS","Q_m3day_mod",4993.569014
2025-06-16,"CCS","DOC_mgL_mod",2.0050909423558
2025-06-16,"HPB","Q_m3day_mod",1134.61967
2025-06-16,"HPB","DOC_mgL_mod",0.637503666757337
2025-06-16,"CCR dam","Q_m3day_mod",25470.819039
2025-06-16,"CCR dam","DOC_mgL_mod",1.60569394872532
2025-06-17,"SMB","Q_m3day_mod",3940.720374
2025-06-17,"SMB","DOC_mgL_mod",1.03711342397318
2025-06-17,"CCS","Q_m3day_mod",7369.305771
2025-06-17,"CCS","DOC_mgL_mod",1.46030716249404
2025-06-17,"HPB","Q_m3day_mod",1940.923818
2025-06-17,"HPB","DOC_mgL_mod",0.415163950551304
2025-06-17,"CCR dam","Q_m3day_mod",37514.594455
2025-06-17,"CCR dam","DOC_mgL_mod",1.01780815052663
2025-06-18,"SMB","Q_m3day_mod",4708.468459
2025-06-18,"SMB","DOC_mgL_mod",0.724715909156736
2025-06-18,"CCS","Q_m3day_mod",8237.620329
2025-06-18,"CCS","DOC_mgL_mod",1.01771939773506
2025-06-18,"HPB","Q_m3day_mod",2616.471446
2025-06-18,"HPB","DOC_mgL_mod",0.348018435818237
2025-06-18,"CCR dam","Q_m3day_mod",42959.567702
2025-06-18,"CCR dam","DOC_mgL_mod",0.735118663648232
2025-06-19,"SMB","Q_m3day_mod",4589.622423
2025-06-19,"SMB","DOC_mgL_mod",0.77365797722398
2025-06-19,"CCS","Q_m3day_mod",7724.51588
2025-06-19,"CCS","DOC_mgL_mod",1.14344369760037
2025-06-19,"HPB","Q_m3day_mod",2512.871832
2025-06-19,"HPB","DOC_mgL_mod",0.375657121855151
2025-06-19,"CCR dam","Q_m3day_mod",40958.404991
2025-06-19,"CCR dam","DOC_mgL_mod",0.800945495978384
2025-06-20,"SMB","Q_m3day_mod",4116.205886
2025-06-20,"SMB","DOC_mgL_mod",0.678473836670472
2025-06-20,"CCS","Q_m3day_mod",6959.663202
2025-06-20,"CCS","DOC_mgL_mod",1.07244341908027
2025-06-20,"HPB","Q_m3day_mod",2234.767794
2025-06-20,"HPB","DOC_mgL_mod",0.402482442433122
2025-06-20,"CCR dam","Q_m3day_mod",37268.497364
2025-06-20,"CCR dam","DOC_mgL_mod",0.733690433851858
2025-06-21,"SMB","Q_m3day_mod",3638.193088
2025-06-21,"SMB","DOC_mgL_mod",0.854267743581618
2025-06-21,"CCS","Q_m3day_mod",6111.991895
2025-06-21,"CCS","DOC_mgL_mod",1.21683358351378
2025-06-21,"HPB","Q_m3day_mod",1948.707571
2025-06-21,"HPB","DOC_mgL_mod",0.457262296950351
2025-06-21,"CCR dam","Q_m3day_mod",33295.550543
2025-06-21,"CCR dam","DOC_mgL_mod",0.871346757355224
2025-06-22,"SMB","Q_m3day_mod",3248.025333
2025-06-22,"SMB","DOC_mgL_mod",0.893904357980572
2025-06-22,"CCS","Q_m3day_mod",5398.029585
2025-06-22,"CCS","DOC_mgL_mod",1.31984697153156
2025-06-22,"HPB","Q_m3day_mod",1643.45543
2025-06-22,"HPB","DOC_mgL_mod",0.520738733997794
2025-06-22,"CCR dam","Q_m3day_mod",29852.717285
2025-06-22,"CCR dam","DOC_mgL_mod",0.924456214036732
2025-06-23,"SMB","Q_m3day_mod",2873.710506
2025-06-23,"SMB","DOC_mgL_mod",0.996667894702682
2025-06-23,"CCS","Q_m3day_mod",4755.624435
2025-06-23,"CCS","DOC_mgL_mod",1.45197378270263
2025-06-23,"HPB","Q_m3day_mod",1387.019382
2025-06-23,"HPB","DOC_mgL_mod",0.59685741291249
2025-06-23,"CCR dam","Q_m3day_mod",26568.044329
2025-06-23,"CCR dam","DOC_mgL_mod",0.997392569504095
2025-06-24,"SMB","Q_m3day_mod",2593.964931
2025-06-24,"SMB","DOC_mgL_mod",1.17094528291447
2025-06-24,"CCS","Q_m3day_mod",4229.482501
2025-06-24,"CCS","DOC_mgL_mod",1.61656916617658
2025-06-24,"HPB","Q_m3day_mod",1173.86556
2025-06-24,"HPB","DOC_mgL_mod",0.698577867809666
2025-06-24,"CCR dam","Q_m3day_mod",23915.92043
2025-06-24,"CCR dam","DOC_mgL_mod",1.11132164358016
2025-06-25,"SMB","Q_m3day_mod",2356.465354
2025-06-25,"SMB","DOC_mgL_mod",1.27041417983012
2025-06-25,"CCS","Q_m3day_mod",3814.9176
2025-06-25,"CCS","DOC_mgL_mod",1.80362349110765
2025-06-25,"HPB","Q_m3day_mod",997.430521
2025-06-25,"HPB","DOC_mgL_mod",0.815757170919778
2025-06-25,"CCR dam","Q_m3day_mod",21699.432678
2025-06-25,"CCR dam","DOC_mgL_mod",1.26703727272441
2025-06-26,"SMB","Q_m3day_mod",2130.176558
2025-06-26,"SMB","DOC_mgL_mod",1.38500491375701
2025-06-26,"CCS","Q_m3day_mod",3458.177854
2025-06-26,"CCS","DOC_mgL_mod",1.93959775441902
2025-06-26,"HPB","Q_m3day_mod",851.180937
2025-06-26,"HPB","DOC_mgL_mod",0.948404816072614
2025-06-26,"CCR dam","Q_m3day_mod",19741.766234
2025-06-26,"CCR dam","DOC_mgL_mod",1.36579370256968
2025-06-27,"SMB","Q_m3day_mod",2002.018386
2025-06-27,"SMB","DOC_mgL_mod",1.45219695300041
2025-06-27,"CCS","Q_m3day_mod",3240.556777
2025-06-27,"CCS","DOC_mgL_mod",2.04398301150333
2025-06-27,"HPB","Q_m3day_mod",729.759688
2025-06-27,"HPB","DOC_mgL_mod",1.0971547389721
2025-06-27,"CCR dam","Q_m3day_mod",18603.617095
2025-06-27,"CCR dam","DOC_mgL_mod",1.42611836528987
2025-06-28,"SMB","Q_m3day_mod",2237.744449
2025-06-28,"SMB","DOC_mgL_mod",1.34570772875594
2025-06-28,"CCS","Q_m3day_mod",3705.243212
2025-06-28,"CCS","DOC_mgL_mod",2.11448089956045
2025-06-28,"HPB","Q_m3day_mod",714.777052
2025-06-28,"HPB","DOC_mgL_mod",1.15544797876359
2025-06-28,"CCR dam","Q_m3day_mod",20585.16747
2025-06-28,"CCR dam","DOC_mgL_mod",1.38708854526506
2025-06-29,"SMB","Q_m3day_mod",2887.752469
2025-06-29,"SMB","DOC_mgL_mod",1.17736268482089
2025-06-29,"CCS","Q_m3day_mod",4864.455881
2025-06-29,"CCS","DOC_mgL_mod",1.73797773210804
2025-06-29,"HPB","Q_m3day_mod",1157.733924
2025-06-29,"HPB","DOC_mgL_mod",0.793774356049707
2025-06-29,"CCR dam","Q_m3day_mod",25740.295217
2025-06-29,"CCR dam","DOC_mgL_mod",1.18860991072836
2025-06-30,"SMB","Q_m3day_mod",3483.71241
2025-06-30,"SMB","DOC_mgL_mod",1.26831537164688
2025-06-30,"CCS","Q_m3day_mod",6222.206867
2025-06-30,"CCS","DOC_mgL_mod",2.26224076133726
2025-06-30,"HPB","Q_m3day_mod",1541.564837
2025-06-30,"HPB","DOC_mgL_mod",0.675878805089792
2025-06-30,"CCR dam","Q_m3day_mod",30810.946986
2025-06-30,"CCR dam","DOC_mgL_mod",1.32125994110138
2025-07-01,"SMB","Q_m3day_mod",4913.631962
2025-07-01,"SMB","DOC_mgL_mod",2.43490356879114
2025-07-01,"CCS","Q_m3day_mod",9417.179831
2025-07-01,"CCS","DOC_mgL_mod",3.50236170402383
2025-07-01,"HPB","Q_m3day_mod",1768.297554
2025-07-01,"HPB","DOC_mgL_mod",0.816626702182273
2025-07-01,"CCR dam","Q_m3day_mod",41906.850352
2025-07-01,"CCR dam","DOC_mgL_mod",2.06767793981598
2025-07-02,"SMB","Q_m3day_mod",6521.409936
2025-07-02,"SMB","DOC_mgL_mod",1.54493431617945
2025-07-02,"CCS","Q_m3day_mod",12041.943696
2025-07-02,"CCS","DOC_mgL_mod",1.98254622365741
2025-07-02,"HPB","Q_m3day_mod",2569.179378
2025-07-02,"HPB","DOC_mgL_mod",0.909454598619311
2025-07-02,"CCR dam","Q_m3day_mod",53960.454862
2025-07-02,"CCR dam","DOC_mgL_mod",1.40891621826448
2025-07-03,"SMB","Q_m3day_mod",6576.599663
2025-07-03,"SMB","DOC_mgL_mod",1.1506234813977
2025-07-03,"CCS","Q_m3day_mod",11161.847147
2025-07-03,"CCS","DOC_mgL_mod",1.5310960430589
2025-07-03,"HPB","Q_m3day_mod",3170.568475
2025-07-03,"HPB","DOC_mgL_mod",0.780707314640161
2025-07-03,"CCR dam","Q_m3day_mod",54321.169751
2025-07-03,"CCR dam","DOC_mgL_mod",1.15298290311296
2025-07-04,"SMB","Q_m3day_mod",5906.811514
2025-07-04,"SMB","DOC_mgL_mod",1.23753110839487
2025-07-04,"CCS","Q_m3day_mod",9589.530607
2025-07-04,"CCS","DOC_mgL_mod",1.73146431045121
2025-07-04,"HPB","Q_m3day_mod",2979.613432
2025-07-04,"HPB","DOC_mgL_mod",0.840085822247025
2025-07-04,"CCR dam","Q_m3day_mod",48909.742009
2025-07-04,"CCR dam","DOC_mgL_mod",1.26741968887493
2025-07-05,"SMB","Q_m3day_mod",5150.315315
2025-07-05,"SMB","DOC_mgL_mod",1.1764922396795
2025-07-05,"CCS","Q_m3day_mod",8423.143383
2025-07-05,"CCS","DOC_mgL_mod",1.76134126244874
2025-07-05,"HPB","Q_m3day_mod",2531.678039
2025-07-05,"HPB","DOC_mgL_mod",0.92803862252881
2025-07-05,"CCR dam","Q_m3day_mod",43133.102222
2025-07-05,"CCR dam","DOC_mgL_mod",1.25680526573278
2025-07-06,"SMB","Q_m3day_mod",4552.430684
2025-07-06,"SMB","DOC_mgL_mod",1.41507832785708
2025-07-06,"CCS","Q_m3day_mod",7431.891877
2025-07-06,"CCS","DOC_mgL_mod",1.97567863513201
2025-07-06,"HPB","Q_m3day_mod",2152.511364
2025-07-06,"HPB","DOC_mgL_mod",1.07734948060418
2025-07-06,"CCR dam","Q_m3day_mod",38349.56707
2025-07-06,"CCR dam","DOC_mgL_mod",1.44969876448725
2025-07-07,"SMB","Q_m3day_mod",4344.60184
2025-07-07,"SMB","DOC_mgL_mod",1.57857411393998
2025-07-07,"CCS","Q_m3day_mod",7212.935096
2025-07-07,"CCS","DOC_mgL_mod",2.36096537308978
2025-07-07,"HPB","Q_m3day_mod",1844.159365
2025-07-07,"HPB","DOC_mgL_mod",1.25005031764161
2025-07-07,"CCR dam","Q_m3day_mod",36584.436854
2025-07-07,"CCR dam","DOC_mgL_mod",1.60440381340959
2025-07-08,"SMB","Q_m3day_mod",4493.905165
2025-07-08,"SMB","DOC_mgL_mod",1.742627339133
2025-07-08,"CCS","Q_m3day_mod",7645.944542
2025-07-08,"CCS","DOC_mgL_mod",2.09260476741763
2025-07-08,"HPB","Q_m3day_mod",1805.57871
2025-07-08,"HPB","DOC_mgL_mod",1.318743396127
2025-07-08,"CCR dam","Q_m3day_mod",37430.673658
2025-07-08,"CCR dam","DOC_mgL_mod",1.58183661189184
2025-07-09,"SMB","Q_m3day_mod",4987.56262
2025-07-09,"SMB","DOC_mgL_mod",1.99924306915268
2025-07-09,"CCS","Q_m3day_mod",8935.8286
2025-07-09,"CCS","DOC_mgL_mod",2.60127975149389
2025-07-09,"HPB","Q_m3day_mod",1962.404377
2025-07-09,"HPB","DOC_mgL_mod",1.49696313075437
2025-07-09,"CCR dam","Q_m3day_mod",41273.033328
2025-07-09,"CCR dam","DOC_mgL_mod",1.85231551537394
2025-07-10,"SMB","Q_m3day_mod",5867.792415
2025-07-10,"SMB","DOC_mgL_mod",2.23091054934669
2025-07-10,"CCS","Q_m3day_mod",10818.349455
2025-07-10,"CCS","DOC_mgL_mod",2.71695974716505
2025-07-10,"HPB","Q_m3day_mod",2309.310267
2025-07-10,"HPB","DOC_mgL_mod",1.96370624805264
2025-07-10,"CCR dam","Q_m3day_mod",48421.663823
2025-07-10,"CCR dam","DOC_mgL_mod",2.06232132718592
2025-07-11,"SMB","Q_m3day_mod",6005.310341
2025-07-11,"SMB","DOC_mgL_mod",1.40201047438258
2025-07-11,"CCS","Q_m3day_mod",10556.105994
2025-07-11,"CCS","DOC_mgL_mod",2.00075198297597
2025-07-11,"HPB","Q_m3day_mod",2680.53802
2025-07-11,"HPB","DOC_mgL_mod",1.42941229387972
2025-07-11,"CCR dam","Q_m3day_mod",49790.008059
2025-07-11,"CCR dam","DOC_mgL_mod",1.54462979618053
2025-07-12,"SMB","Q_m3day_mod",5347.73039
2025-07-12,"SMB","DOC_mgL_mod",1.53771719968852
2025-07-12,"CCS","Q_m3day_mod",9113.48018
2025-07-12,"CCS","DOC_mgL_mod",2.24127441949405
2025-07-12,"HPB","Q_m3day_mod",2571.051602
2025-07-12,"HPB","DOC_mgL_mod",1.47540718243429
2025-07-12,"CCR dam","Q_m3day_mod",45143.811884
2025-07-12,"CCR dam","DOC_mgL_mod",1.67861146051908
2025-07-13,"SMB","Q_m3day_mod",4842.197878
2025-07-13,"SMB","DOC_mgL_mod",1.61983528918477
2025-07-13,"CCS","Q_m3day_mod",8341.75857
2025-07-13,"CCS","DOC_mgL_mod",2.37102402737125
2025-07-13,"HPB","Q_m3day_mod",2235.431834
2025-07-13,"HPB","DOC_mgL_mod",1.68266996237113
2025-07-13,"CCR dam","Q_m3day_mod",41424.415544
2025-07-13,"CCR dam","DOC_mgL_mod",1.78617824846335
2025-07-14,"SMB","Q_m3day_mod",5095.408965
2025-07-14,"SMB","DOC_mgL_mod",2.1863230363885
2025-07-14,"CCS","Q_m3day_mod",9387.105094
2025-07-14,"CCS","DOC_mgL_mod",2.95609026660802
2025-07-14,"HPB","Q_m3day_mod",2011.914504
2025-07-14,"HPB","DOC_mgL_mod",2.28403045500387
2025-07-14,"CCR dam","Q_m3day_mod",43379.990165
2025-07-14,"CCR dam","DOC_mgL_mod",2.27803809139015
2025-07-15,"SMB","Q_m3day_mod",6463.215746
2025-07-15,"SMB","DOC_mgL_mod",2.67938912772911
2025-07-15,"CCS","Q_m3day_mod",12124.923312
2025-07-15,"CCS","DOC_mgL_mod",3.13548787251909
2025-07-15,"HPB","Q_m3day_mod",2317.015594
2025-07-15,"HPB","DOC_mgL_mod",2.76467539389379
2025-07-15,"CCR dam","Q_m3day_mod",52876.968575
2025-07-15,"CCR dam","DOC_mgL_mod",2.55975339826863
2025-07-16,"SMB","Q_m3day_mod",7128.334907
2025-07-16,"SMB","DOC_mgL_mod",1.81820301221714
2025-07-16,"CCS","Q_m3day_mod",13084.600716
2025-07-16,"CCS","DOC_mgL_mod",2.68629442830604
2025-07-16,"HPB","Q_m3day_mod",2899.897324
2025-07-16,"HPB","DOC_mgL_mod",2.34902799613742
2025-07-16,"CCR dam","Q_m3day_mod",58343.730659
2025-07-16,"CCR dam","DOC_mgL_mod",2.08746335937661
2025-07-17,"SMB","Q_m3day_mod",6684.505778
2025-07-17,"SMB","DOC_mgL_mod",1.67610745986253
2025-07-17,"CCS","Q_m3day_mod",12341.749508
2025-07-17,"CCS","DOC_mgL_mod",2.52444274450753
2025-07-17,"HPB","Q_m3day_mod",3093.021022
2025-07-17,"HPB","DOC_mgL_mod",2.25708585565507
2025-07-17,"CCR dam","Q_m3day_mod",56930.851362
2025-07-17,"CCR dam","DOC_mgL_mod",2.02133987542668
2025-07-18,"SMB","Q_m3day_mod",10280.143982
2025-07-18,"SMB","DOC_mgL_mod",4.23045144855443
2025-07-18,"CCS","Q_m3day_mod",20179.058281
2025-07-18,"CCS","DOC_mgL_mod",5.76115091106416
2025-07-18,"HPB","Q_m3day_mod",3664.48402
2025-07-18,"HPB","DOC_mgL_mod",4.81322606504367
2025-07-18,"CCR dam","Q_m3day_mod",82221.980519
2025-07-18,"CCR dam","DOC_mgL_mod",4.41822123119564
2025-07-19,"SMB","Q_m3day_mod",11943.380843
2025-07-19,"SMB","DOC_mgL_mod",1.52217284527565
2025-07-19,"CCS","Q_m3day_mod",23928.399612
2025-07-19,"CCS","DOC_mgL_mod",2.36119050651702
2025-07-19,"HPB","Q_m3day_mod",4605.127286
2025-07-19,"HPB","DOC_mgL_mod",2.91236466813265
2025-07-19,"CCR dam","Q_m3day_mod",97099.879299
2025-07-19,"CCR dam","DOC_mgL_mod",2.05207361161006
2025-07-20,"SMB","Q_m3day_mod",8862.480786
2025-07-20,"SMB","DOC_mgL_mod",1.5791989103219
2025-07-20,"CCS","Q_m3day_mod",17301.529643
2025-07-20,"CCS","DOC_mgL_mod",2.52983065099731
2025-07-20,"HPB","Q_m3day_mod",4878.647777
2025-07-20,"HPB","DOC_mgL_mod",2.73108873791116
2025-07-20,"CCR dam","Q_m3day_mod",79999.11657
2025-07-20,"CCR dam","DOC_mgL_mod",2.17731779384823
2025-07-21,"SMB","Q_m3day_mod",7593.045733
2025-07-21,"SMB","DOC_mgL_mod",1.815754900577
2025-07-21,"CCS","Q_m3day_mod",14494.645003
2025-07-21,"CCS","DOC_mgL_mod",2.90081198893092
2025-07-21,"HPB","Q_m3day_mod",4525.681686
2025-07-21,"HPB","DOC_mgL_mod",2.94808626096555
2025-07-21,"CCR dam","Q_m3day_mod",71302.137091
2025-07-21,"CCR dam","DOC_mgL_mod",2.40275827611379
2025-07-22,"SMB","Q_m3day_mod",6865.951264
2025-07-22,"SMB","DOC_mgL_mod",1.96841187482102
2025-07-22,"CCS","Q_m3day_mod",13155.200712
2025-07-22,"CCS","DOC_mgL_mod",3.07667521659931
2025-07-22,"HPB","Q_m3day_mod",4032.902368
2025-07-22,"HPB","DOC_mgL_mod",3.28390543373551
2025-07-22,"CCR dam","Q_m3day_mod",65113.21201
2025-07-22,"CCR dam","DOC_mgL_mod",2.57083462530295
2025-07-23,"SMB","Q_m3day_mod",5965.171707
2025-07-23,"SMB","DOC_mgL_mod",1.78082719522293
2025-07-23,"CCS","Q_m3day_mod",11372.549339
2025-07-23,"CCS","DOC_mgL_mod",2.80609466257159
2025-07-23,"HPB","Q_m3day_mod",3497.522033
2025-07-23,"HPB","DOC_mgL_mod",3.1901128555378
2025-07-23,"CCR dam","Q_m3day_mod",57537.010134
2025-07-23,"CCR dam","DOC_mgL_mod",2.41601361760464
2025-07-24,"SMB","Q_m3day_mod",5297.114189
2025-07-24,"SMB","DOC_mgL_mod",2.22741847334566
2025-07-24,"CCS","Q_m3day_mod",10028.98931
2025-07-24,"CCS","DOC_mgL_mod",3.39569810549534
2025-07-24,"HPB","Q_m3day_mod",3087.103678
2025-07-24,"HPB","DOC_mgL_mod",3.9056673366446
2025-07-24,"CCR dam","Q_m3day_mod",51668.457076
2025-07-24,"CCR dam","DOC_mgL_mod",2.85622618424481
2025-07-25,"SMB","Q_m3day_mod",4879.774639
2025-07-25,"SMB","DOC_mgL_mod",2.17869077703529
2025-07-25,"CCS","Q_m3day_mod",9297.959815
2025-07-25,"CCS","DOC_mgL_mod",3.33676425982704
2025-07-25,"HPB","Q_m3day_mod",2803.566549
2025-07-25,"HPB","DOC_mgL_mod",3.9780257771937
2025-07-25,"CCR dam","Q_m3day_mod",47774.398813
2025-07-25,"CCR dam","DOC_mgL_mod",2.88102421840517
2025-07-26,"SMB","Q_m3day_mod",4597.66673
2025-07-26,"SMB","DOC_mgL_mod",2.44495972851864
2025-07-26,"CCS","Q_m3day_mod",9111.860098
2025-07-26,"CCS","DOC_mgL_mod",3.66934189511302
2025-07-26,"HPB","Q_m3day_mod",2584.279033
2025-07-26,"HPB","DOC_mgL_mod",4.48010058207983
2025-07-26,"CCR dam","Q_m3day_mod",45420.497647
2025-07-26,"CCR dam","DOC_mgL_mod",3.1321299274535
2025-07-27,"SMB","Q_m3day_mod",4472.458768
2025-07-27,"SMB","DOC_mgL_mod",2.44338529807996
2025-07-27,"CCS","Q_m3day_mod",9048.240798
2025-07-27,"CCS","DOC_mgL_mod",3.5162205239976
2025-07-27,"HPB","Q_m3day_mod",2502.834033
2025-07-27,"HPB","DOC_mgL_mod",4.57068261385592
2025-07-27,"CCR dam","Q_m3day_mod",44277.119179
2025-07-27,"CCR dam","DOC_mgL_mod",3.14851333115003
2025-07-28,"SMB","Q_m3day_mod",4134.724062
2025-07-28,"SMB","DOC_mgL_mod",2.57890244671907
2025-07-28,"CCS","Q_m3day_mod",8201.790487
2025-07-28,"CCS","DOC_mgL_mod",3.78803385056524
2025-07-28,"HPB","Q_m3day_mod",2360.881047
2025-07-28,"HPB","DOC_mgL_mod",4.77752151652561
2025-07-28,"CCR dam","Q_m3day_mod",41125.449913
2025-07-28,"CCR dam","DOC_mgL_mod",3.32481712149676
2025-07-29,"SMB","Q_m3day_mod",4173.532058
2025-07-29,"SMB","DOC_mgL_mod",2.51482433922639
2025-07-29,"CCS","Q_m3day_mod",8875.642336
2025-07-29,"CCS","DOC_mgL_mod",3.62612403492866
2025-07-29,"HPB","Q_m3day_mod",2271.588185
2025-07-29,"HPB","DOC_mgL_mod",4.93327535069919
2025-07-29,"CCR dam","Q_m3day_mod",41800.035834
2025-07-29,"CCR dam","DOC_mgL_mod",3.35318372827785
2025-07-30,"SMB","Q_m3day_mod",4517.903669
2025-07-30,"SMB","DOC_mgL_mod",2.39061538078137
2025-07-30,"CCS","Q_m3day_mod",10004.991618
2025-07-30,"CCS","DOC_mgL_mod",3.19424155663496
2025-07-30,"HPB","Q_m3day_mod",2419.488999
2025-07-30,"HPB","DOC_mgL_mod",4.72505144876668
2025-07-30,"CCR dam","Q_m3day_mod",45296.555129
2025-07-30,"CCR dam","DOC_mgL_mod",3.15834834663636
2025-07-31,"SMB","Q_m3day_mod",5143.935879
2025-07-31,"SMB","DOC_mgL_mod",2.85854068671994
2025-07-31,"CCS","Q_m3day_mod",10212.951898
2025-07-31,"CCS","DOC_mgL_mod",3.2261955533593
2025-07-31,"HPB","Q_m3day_mod",2655.86139
2025-07-31,"HPB","DOC_mgL_mod",4.54507906378352
2025-07-31,"CCR dam","Q_m3day_mod",48431.365896
2025-07-31,"CCR dam","DOC_mgL_mod",3.19949886056792
2025-08-01,"SMB","Q_m3day_mod",6309.062718
2025-08-01,"SMB","DOC_mgL_mod",2.97721085358847
2025-08-01,"CCS","Q_m3day_mod",11553.482558
2025-08-01,"CCS","DOC_mgL_mod",3.51269323308048
2025-08-01,"HPB","Q_m3day_mod",2925.078495
2025-08-01,"HPB","DOC_mgL_mod",4.59329211949917
2025-08-01,"CCR dam","Q_m3day_mod",55220.988351
2025-08-01,"CCR dam","DOC_mgL_mod",3.35179259783474
2025-08-02,"SMB","Q_m3day_mod",6288.37297
2025-08-02,"SMB","DOC_mgL_mod",2.38797222614485
2025-08-02,"CCS","Q_m3day_mod",11419.193884
2025-08-02,"CCS","DOC_mgL_mod",3.04909351340338
2025-08-02,"HPB","Q_m3day_mod",3242.404098
2025-08-02,"HPB","DOC_mgL_mod",4.69006315695817
2025-08-02,"CCR dam","Q_m3day_mod",56329.561268
2025-08-02,"CCR dam","DOC_mgL_mod",2.95420017933877
2025-08-03,"SMB","Q_m3day_mod",4997.756727
2025-08-03,"SMB","DOC_mgL_mod",2.19900059173088
2025-08-03,"CCS","Q_m3day_mod",9025.291072
2025-08-03,"CCS","DOC_mgL_mod",2.97075515749084
2025-08-03,"HPB","Q_m3day_mod",3089.90469
2025-08-03,"HPB","DOC_mgL_mod",3.98534299127524
2025-08-03,"CCR dam","Q_m3day_mod",48169.653294
2025-08-03,"CCR dam","DOC_mgL_mod",2.75124255495747
2025-08-04,"SMB","Q_m3day_mod",4112.631569
2025-08-04,"SMB","DOC_mgL_mod",2.37879076592771
2025-08-04,"CCS","Q_m3day_mod",7478.15865
2025-08-04,"CCS","DOC_mgL_mod",3.24118691972388
2025-08-04,"HPB","Q_m3day_mod",2623.019973
2025-08-04,"HPB","DOC_mgL_mod",4.33812937649331
2025-08-04,"CCR dam","Q_m3day_mod",41345.398785
2025-08-04,"CCR dam","DOC_mgL_mod",2.91976383219205
2025-08-05,"SMB","Q_m3day_mod",3874.23253
2025-08-05,"SMB","DOC_mgL_mod",2.70412266658656
2025-08-05,"CCS","Q_m3day_mod",7392.055163
2025-08-05,"CCS","DOC_mgL_mod",3.80163694403426
2025-08-05,"HPB","Q_m3day_mod",2449.303405
2025-08-05,"HPB","DOC_mgL_mod",5.30998731045328
2025-08-05,"CCR dam","Q_m3day_mod",39686.582337
2025-08-05,"CCR dam","DOC_mgL_mod",3.30823397401986
2025-08-06,"SMB","Q_m3day_mod",4524.27729
2025-08-06,"SMB","DOC_mgL_mod",3.17545523386786
2025-08-06,"CCS","Q_m3day_mod",8692.09702
2025-08-06,"CCS","DOC_mgL_mod",3.58825378136426
2025-08-06,"HPB","Q_m3day_mod",2556.685245
2025-08-06,"HPB","DOC_mgL_mod",4.84257106900932
2025-08-06,"CCR dam","Q_m3day_mod",44348.733876
2025-08-06,"CCR dam","DOC_mgL_mod",3.40411747541904
2025-08-07,"SMB","Q_m3day_mod",4826.533948
2025-08-07,"SMB","DOC_mgL_mod",2.40722641240604
2025-08-07,"CCS","Q_m3day_mod",8873.974703
2025-08-07,"CCS","DOC_mgL_mod",3.15629364939829
2025-08-07,"HPB","Q_m3day_mod",2724.14758
2025-08-07,"HPB","DOC_mgL_mod",4.55448893117604
2025-08-07,"CCR dam","Q_m3day_mod",46241.131627
2025-08-07,"CCR dam","DOC_mgL_mod",2.92160670049685
2025-08-08,"SMB","Q_m3day_mod",4333.689613
2025-08-08,"SMB","DOC_mgL_mod",2.61523574877212
2025-08-08,"CCS","Q_m3day_mod",7862.592256
2025-08-08,"CCS","DOC_mgL_mod",3.51042367470314
2025-08-08,"HPB","Q_m3day_mod",2658.285983
2025-08-08,"HPB","DOC_mgL_mod",4.62213248633753
2025-08-08,"CCR dam","Q_m3day_mod",42693.382937
2025-08-08,"CCR dam","DOC_mgL_mod",3.12056320757236
2025-08-09,"SMB","Q_m3day_mod",3802.38427
2025-08-09,"SMB","DOC_mgL_mod",2.41038841663418
2025-08-09,"CCS","Q_m3day_mod",6856.854709
2025-08-09,"CCS","DOC_mgL_mod",3.16389816040945
2025-08-09,"HPB","Q_m3day_mod",2347.202236
2025-08-09,"HPB","DOC_mgL_mod",4.49232700884322
2025-08-09,"CCR dam","Q_m3day_mod",38117.767842
2025-08-09,"CCR dam","DOC_mgL_mod",2.93554964875742
2025-08-10,"SMB","Q_m3day_mod",3258.528329
2025-08-10,"SMB","DOC_mgL_mod",2.558423054299
2025-08-10,"CCS","Q_m3day_mod",5807.943454
2025-08-10,"CCS","DOC_mgL_mod",3.45666244153485
2025-08-10,"HPB","Q_m3day_mod",2034.229766
2025-08-10,"HPB","DOC_mgL_mod",4.8107264791641
2025-08-10,"CCR dam","Q_m3day_mod",33288.426801
2025-08-10,"CCR dam","DOC_mgL_mod",3.09943154168225
2025-08-11,"SMB","Q_m3day_mod",3040.288716
2025-08-11,"SMB","DOC_mgL_mod",2.94852556364913
2025-08-11,"CCS","Q_m3day_mod",5433.645395
2025-08-11,"CCS","DOC_mgL_mod",3.91502544858285
2025-08-11,"HPB","Q_m3day_mod",1843.079096
2025-08-11,"HPB","DOC_mgL_mod",5.28731459281876
2025-08-11,"CCR dam","Q_m3day_mod",31016.369107
2025-08-11,"CCR dam","DOC_mgL_mod",3.40783924886118
2025-08-12,"SMB","Q_m3day_mod",2940.625291
2025-08-12,"SMB","DOC_mgL_mod",3.01303298557531
2025-08-12,"CCS","Q_m3day_mod",5346.141169
2025-08-12,"CCS","DOC_mgL_mod",4.03257215223005
2025-08-12,"HPB","Q_m3day_mod",1716.619618
2025-08-12,"HPB","DOC_mgL_mod",5.65093856453876
2025-08-12,"CCR dam","Q_m3day_mod",29930.252472
2025-08-12,"CCR dam","DOC_mgL_mod",3.62334397618108
2025-08-13,"SMB","Q_m3day_mod",2819.885193
2025-08-13,"SMB","DOC_mgL_mod",3.11540626611603
2025-08-13,"CCS","Q_m3day_mod",5443.591595
2025-08-13,"CCS","DOC_mgL_mod",4.2415746290019
2025-08-13,"HPB","Q_m3day_mod",1624.890896
2025-08-13,"HPB","DOC_mgL_mod",6.06307600359649
2025-08-13,"CCR dam","Q_m3day_mod",29299.092309
2025-08-13,"CCR dam","DOC_mgL_mod",3.72367167041851
2025-08-14,"SMB","Q_m3day_mod",2926.496779
2025-08-14,"SMB","DOC_mgL_mod",3.19942501464137
2025-08-14,"CCS","Q_m3day_mod",6234.621116
2025-08-14,"CCS","DOC_mgL_mod",3.76827389553916
2025-08-14,"HPB","Q_m3day_mod",1712.940992
2025-08-14,"HPB","DOC_mgL_mod",5.84603325319919
2025-08-14,"CCR dam","Q_m3day_mod",31016.336716
2025-08-14,"CCR dam","DOC_mgL_mod",3.54708878122433
2025-08-15,"SMB","Q_m3day_mod",3181.170602
2025-08-15,"SMB","DOC_mgL_mod",2.89501072159097
2025-08-15,"CCS","Q_m3day_mod",6388.549943
2025-08-15,"CCS","DOC_mgL_mod",3.44614352183675
2025-08-15,"HPB","Q_m3day_mod",1921.003198
2025-08-15,"HPB","DOC_mgL_mod",5.212729479277
2025-08-15,"CCR dam","Q_m3day_mod",32373.681639
2025-08-15,"CCR dam","DOC_mgL_mod",3.33346701815943
2025-08-16,"SMB","Q_m3day_mod",3170.963083
2025-08-16,"SMB","DOC_mgL_mod",2.85023690387757
2025-08-16,"CCS","Q_m3day_mod",5748.773937
2025-08-16,"CCS","DOC_mgL_mod",3.78981157352126
2025-08-16,"HPB","Q_m3day_mod",1928.935504
2025-08-16,"HPB","DOC_mgL_mod",5.14035797435351
2025-08-16,"CCR dam","Q_m3day_mod",31009.337273
2025-08-16,"CCR dam","DOC_mgL_mod",3.43611019680756
2025-08-17,"SMB","Q_m3day_mod",2953.294075
2025-08-17,"SMB","DOC_mgL_mod",3.01209658574214
2025-08-17,"CCS","Q_m3day_mod",5397.463636
2025-08-17,"CCS","DOC_mgL_mod",3.99478930366248
2025-08-17,"HPB","Q_m3day_mod",1786.27051
2025-08-17,"HPB","DOC_mgL_mod",5.50222541601496
2025-08-17,"CCR dam","Q_m3day_mod",29052.820551
2025-08-17,"CCR dam","DOC_mgL_mod",3.6113051335523
2025-08-18,"SMB","Q_m3day_mod",2760.35166
2025-08-18,"SMB","DOC_mgL_mod",3.17694050619623
2025-08-18,"CCS","Q_m3day_mod",5040.584315
2025-08-18,"CCS","DOC_mgL_mod",4.23558632606664
2025-08-18,"HPB","Q_m3day_mod",1665.09872
2025-08-18,"HPB","DOC_mgL_mod",5.84721967716124
2025-08-18,"CCR dam","Q_m3day_mod",27154.689532
2025-08-18,"CCR dam","DOC_mgL_mod",3.80877122082796
2025-08-19,"SMB","Q_m3day_mod",2596.711095
2025-08-19,"SMB","DOC_mgL_mod",3.33418492980252
2025-08-19,"CCS","Q_m3day_mod",4778.974932
2025-08-19,"CCS","DOC_mgL_mod",4.42200478150573
2025-08-19,"HPB","Q_m3day_mod",1561.352469
2025-08-19,"HPB","DOC_mgL_mod",6.17822316967175
2025-08-19,"CCR dam","Q_m3day_mod",25530.574716
2025-08-19,"CCR dam","DOC_mgL_mod",3.99480235500077
2025-08-20,"SMB","Q_m3day_mod",2477.794604
2025-08-20,"SMB","DOC_mgL_mod",3.46806631434572
2025-08-20,"CCS","Q_m3day_mod",4703.477403
2025-08-20,"CCS","DOC_mgL_mod",4.47305221166383
2025-08-20,"HPB","Q_m3day_mod",1478.109658
2025-08-20,"HPB","DOC_mgL_mod",6.46107611049789
2025-08-20,"CCR dam","Q_m3day_mod",24510.145189
2025-08-20,"CCR dam","DOC_mgL_mod",4.11525918031966
2025-08-21,"SMB","Q_m3day_mod",2381.487997
2025-08-21,"SMB","DOC_mgL_mod",3.58182615690084
2025-08-21,"CCS","Q_m3day_mod",4664.540337
2025-08-21,"CCS","DOC_mgL_mod",4.480606552851
2025-08-21,"HPB","Q_m3day_mod",1410.540068
2025-08-21,"HPB","DOC_mgL_mod",6.71013551101761
2025-08-21,"CCR dam","Q_m3day_mod",23839.474093
2025-08-21,"CCR dam","DOC_mgL_mod",4.18548704601241
2025-08-22,"SMB","Q_m3day_mod",2266.310503
2025-08-22,"SMB","DOC_mgL_mod",3.69277113128218
2025-08-22,"CCS","Q_m3day_mod",4442.425801
2025-08-22,"CCS","DOC_mgL_mod",4.62661863601039
2025-08-22,"HPB","Q_m3day_mod",1346.977979
2025-08-22,"HPB","DOC_mgL_mod",6.96586295120122
2025-08-22,"CCR dam","Q_m3day_mod",22917.113701
2025-08-22,"CCR dam","DOC_mgL_mod",4.28980417353823
2025-08-23,"SMB","Q_m3day_mod",2149.514959
2025-08-23,"SMB","DOC_mgL_mod",3.85190573591165
2025-08-23,"CCS","Q_m3day_mod",4145.521939
2025-08-23,"CCS","DOC_mgL_mod",4.91095217913886
2025-08-23,"HPB","Q_m3day_mod",1290.825955
2025-08-23,"HPB","DOC_mgL_mod",7.21441954581708
2025-08-23,"CCR dam","Q_m3day_mod",21819.942831
2025-08-23,"CCR dam","DOC_mgL_mod",4.44933063078748
2025-08-24,"SMB","Q_m3day_mod",2066.019761
2025-08-24,"SMB","DOC_mgL_mod",3.96311504592622
2025-08-24,"CCS","Q_m3day_mod",4013.460375
2025-08-24,"CCS","DOC_mgL_mod",5.04240931991262
2025-08-24,"HPB","Q_m3day_mod",1245.273057
2025-08-24,"HPB","DOC_mgL_mod",7.43657541447956
2025-08-24,"CCR dam","Q_m3day_mod",21035.617966
2025-08-24,"CCR dam","DOC_mgL_mod",4.56916503025257
2025-08-25,"SMB","Q_m3day_mod",1842.397366
2025-08-25,"SMB","DOC_mgL_mod",3.59932993955442
2025-08-25,"CCS","Q_m3day_mod",3611.577843
2025-08-25,"CCS","DOC_mgL_mod",4.56280626262553
2025-08-25,"HPB","Q_m3day_mod",1168.201052
2025-08-25,"HPB","DOC_mgL_mod",7.25456203407014
2025-08-25,"CCR dam","Q_m3day_mod",19218.913268
2025-08-25,"CCR dam","DOC_mgL_mod",4.28857703089979
2025-08-26,"SMB","Q_m3day_mod",1532.273089
2025-08-26,"SMB","DOC_mgL_mod",3.6932678910998
2025-08-26,"CCS","Q_m3day_mod",3019.504998
2025-08-26,"CCS","DOC_mgL_mod",4.9492317482165
2025-08-26,"HPB","Q_m3day_mod",1052.871532
2025-08-26,"HPB","DOC_mgL_mod",7.23686771692484
2025-08-26,"CCR dam","Q_m3day_mod",16683.408328
2025-08-26,"CCR dam","DOC_mgL_mod",4.42327242426527
2025-08-27,"SMB","Q_m3day_mod",1323.444033
2025-08-27,"SMB","DOC_mgL_mod",3.67487999396194
2025-08-27,"CCS","Q_m3day_mod",2714.922032
2025-08-27,"CCS","DOC_mgL_mod",4.98115225432006
2025-08-27,"HPB","Q_m3day_mod",938.990502
2025-08-27,"HPB","DOC_mgL_mod",7.26154522913374
2025-08-27,"CCR dam","Q_m3day_mod",14957.168707
2025-08-27,"CCR dam","DOC_mgL_mod",4.41706858391458
2025-08-28,"SMB","Q_m3day_mod",1168.326613
2025-08-28,"SMB","DOC_mgL_mod",3.72570901969174
2025-08-28,"CCS","Q_m3day_mod",2448.576518
2025-08-28,"CCS","DOC_mgL_mod",5.03090669596955
2025-08-28,"HPB","Q_m3day_mod",837.178096
2025-08-28,"HPB","DOC_mgL_mod",7.30938736839574
2025-08-28,"CCR dam","Q_m3day_mod",13508.023867
2025-08-28,"CCR dam","DOC_mgL_mod",4.4217851987898
2025-08-29,"SMB","Q_m3day_mod",1062.016263
2025-08-29,"SMB","DOC_mgL_mod",3.76009966996146
2025-08-29,"CCS","Q_m3day_mod",2228.545962
2025-08-29,"CCS","DOC_mgL_mod",5.1032243417558
2025-08-29,"HPB","Q_m3day_mod",750.309954
2025-08-29,"HPB","DOC_mgL_mod",7.37783361461309
2025-08-29,"CCR dam","Q_m3day_mod",12341.357325
2025-08-29,"CCR dam","DOC_mgL_mod",4.45441198664913
2025-08-30,"SMB","Q_m3day_mod",976.127188
2025-08-30,"SMB","DOC_mgL_mod",3.75774903628645
2025-08-30,"CCS","Q_m3day_mod",2038.810225
2025-08-30,"CCS","DOC_mgL_mod",5.13382259498919
2025-08-30,"HPB","Q_m3day_mod",675.110192
2025-08-30,"HPB","DOC_mgL_mod",7.41656852367591
2025-08-30,"CCR dam","Q_m3day_mod",11335.195415
2025-08-30,"CCR dam","DOC_mgL_mod",4.43401354452962
2025-08-31,"SMB","Q_m3day_mod",898.837828
2025-08-31,"SMB","DOC_mgL_mod",3.76592071957167
2025-08-31,"CCS","Q_m3day_mod",1869.996637
2025-08-31,"CCS","DOC_mgL_mod",5.19395051724898
2025-08-31,"HPB","Q_m3day_mod",609.083531
2025-08-31,"HPB","DOC_mgL_mod",7.47849476823237
2025-08-31,"CCR dam","Q_m3day_mod",10425.456191
2025-08-31,"CCR dam","DOC_mgL_mod",4.43273072691961
2025-09-01,"SMB","Q_m3day_mod",826.810866
2025-09-01,"SMB","DOC_mgL_mod",3.74102243595817
2025-09-01,"CCS","Q_m3day_mod",1718.512678
2025-09-01,"CCS","DOC_mgL_mod",5.21144715116265
2025-09-01,"HPB","Q_m3day_mod",550.388964
2025-09-01,"HPB","DOC_mgL_mod",7.4939311464828
2025-09-01,"CCR dam","Q_m3day_mod",9596.971425
2025-09-01,"CCR dam","DOC_mgL_mod",4.4030296776673
2025-09-02,"SMB","Q_m3day_mod",758.909972
2025-09-02,"SMB","DOC_mgL_mod",3.7348119073075
2025-09-02,"CCS","Q_m3day_mod",1575.713796
2025-09-02,"CCS","DOC_mgL_mod",5.23582964174288
2025-09-02,"HPB","Q_m3day_mod",496.889761
2025-09-02,"HPB","DOC_mgL_mod",7.52661715643603
2025-09-02,"CCR dam","Q_m3day_mod",8826.616777
2025-09-02,"CCR dam","DOC_mgL_mod",4.38260898567614
2025-09-03,"SMB","Q_m3day_mod",720.735956
2025-09-03,"SMB","DOC_mgL_mod",3.9469544655269
2025-09-03,"CCS","Q_m3day_mod",1536.536487
2025-09-03,"CCS","DOC_mgL_mod",5.46605112931497
2025-09-03,"HPB","Q_m3day_mod",467.454
2025-09-03,"HPB","DOC_mgL_mod",7.96532279111955
2025-09-03,"CCR dam","Q_m3day_mod",8447.262292
2025-09-03,"CCR dam","DOC_mgL_mod",4.60223190143129
2025-09-04,"SMB","Q_m3day_mod",714.101296
2025-09-04,"SMB","DOC_mgL_mod",4.02467131217754
2025-09-04,"CCS","Q_m3day_mod",1563.806615
2025-09-04,"CCS","DOC_mgL_mod",5.41872691848154
2025-09-04,"HPB","Q_m3day_mod",461.850327
2025-09-04,"HPB","DOC_mgL_mod",8.02559786863591
2025-09-04,"CCR dam","Q_m3day_mod",8453.924401
2025-09-04,"CCR dam","DOC_mgL_mod",5.56879477115163
2025-09-05,"SMB","Q_m3day_mod",713.40564
2025-09-05,"SMB","DOC_mgL_mod",4.08530131609276
2025-09-05,"CCS","Q_m3day_mod",1537.161143
2025-09-05,"CCS","DOC_mgL_mod",5.49716536778213
2025-09-05,"HPB","Q_m3day_mod",457.386848
2025-09-05,"HPB","DOC_mgL_mod",8.05445765681483
2025-09-05,"CCR dam","Q_m3day_mod",8388.817193
2025-09-05,"CCR dam","DOC_mgL_mod",5.50003402607226
2025-09-06,"SMB","Q_m3day_mod",748.896828
2025-09-06,"SMB","DOC_mgL_mod",4.4135278404464
2025-09-06,"CCS","Q_m3day_mod",1516.692277
2025-09-06,"CCS","DOC_mgL_mod",5.55354644296115
2025-09-06,"HPB","Q_m3day_mod",451.462616
2025-09-06,"HPB","DOC_mgL_mod",8.12694533272274
2025-09-06,"CCR dam","Q_m3day_mod",8353.012961
2025-09-06,"CCR dam","DOC_mgL_mod",5.54925632420553
2025-09-07,"SMB","Q_m3day_mod",819.319369
2025-09-07,"SMB","DOC_mgL_mod",4.08010005192493
2025-09-07,"CCS","Q_m3day_mod",1576.077202
2025-09-07,"CCS","DOC_mgL_mod",5.32776439462767
2025-09-07,"HPB","Q_m3day_mod",446.582949
2025-09-07,"HPB","DOC_mgL_mod",8.18298371709664
2025-09-07,"CCR dam","Q_m3day_mod",8600.242925
2025-09-07,"CCR dam","DOC_mgL_mod",5.30287230229604
2025-09-08,"SMB","Q_m3day_mod",784.069908
2025-09-08,"SMB","DOC_mgL_mod",3.43357903744471
2025-09-08,"CCS","Q_m3day_mod",1534.08328
2025-09-08,"CCS","DOC_mgL_mod",4.87650383621937
2025-09-08,"HPB","Q_m3day_mod",451.912544
2025-09-08,"HPB","DOC_mgL_mod",7.31831643956314
2025-09-08,"CCR dam","Q_m3day_mod",8504.015418
2025-09-08,"CCR dam","DOC_mgL_mod",4.76643068099386
2025-09-09,"SMB","Q_m3day_mod",685.074062
2025-09-09,"SMB","DOC_mgL_mod",3.60185144478583
2025-09-09,"CCS","Q_m3day_mod",1377.049012
2025-09-09,"CCS","DOC_mgL_mod",5.0182113634166
2025-09-09,"HPB","Q_m3day_mod",436.139323
2025-09-09,"HPB","DOC_mgL_mod",6.87519295296379
2025-09-09,"CCR dam","Q_m3day_mod",7873.743038
2025-09-09,"CCR dam","DOC_mgL_mod",4.69871315604902
2025-09-10,"SMB","Q_m3day_mod",629.950416
2025-09-10,"SMB","DOC_mgL_mod",3.60542820881318
2025-09-10,"CCS","Q_m3day_mod",1263.90935
2025-09-10,"CCS","DOC_mgL_mod",5.06516942848789
2025-09-10,"HPB","Q_m3day_mod",392.806993
2025-09-10,"HPB","DOC_mgL_mod",6.95921928253451
2025-09-10,"CCR dam","Q_m3day_mod",7238.165879
2025-09-10,"CCR dam","DOC_mgL_mod",4.68120108967179
2025-09-11,"SMB","Q_m3day_mod",580.125134
2025-09-11,"SMB","DOC_mgL_mod",3.59592935685493
2025-09-11,"CCS","Q_m3day_mod",1161.647237
2025-09-11,"CCS","DOC_mgL_mod",5.09678998186263
2025-09-11,"HPB","Q_m3day_mod",353.893152
2025-09-11,"HPB","DOC_mgL_mod",7.00027391318383
2025-09-11,"CCR dam","Q_m3day_mod",6662.973426
2025-09-11,"CCR dam","DOC_mgL_mod",4.64743561473121
2025-09-12,"SMB","Q_m3day_mod",535.528388
2025-09-12,"SMB","DOC_mgL_mod",3.60417681536614
2025-09-12,"CCS","Q_m3day_mod",1072.380655
2025-09-12,"CCS","DOC_mgL_mod",5.16166901574703
2025-09-12,"HPB","Q_m3day_mod",319.695698
2025-09-12,"HPB","DOC_mgL_mod",7.09700510264608
2025-09-12,"CCR dam","Q_m3day_mod",6150.648597
2025-09-12,"CCR dam","DOC_mgL_mod",4.63782632841575
2025-09-13,"SMB","Q_m3day_mod",496.778384
2025-09-13,"SMB","DOC_mgL_mod",3.61183790959793
2025-09-13,"CCS","Q_m3day_mod",995.507643
2025-09-13,"CCS","DOC_mgL_mod",5.19811980991491
2025-09-13,"HPB","Q_m3day_mod",291.09329
2025-09-13,"HPB","DOC_mgL_mod",7.17998686950153
2025-09-13,"CCR dam","Q_m3day_mod",5703.843381
2025-09-13,"CCR dam","DOC_mgL_mod",4.61906091036128
2025-09-14,"SMB","Q_m3day_mod",462.439671
2025-09-14,"SMB","DOC_mgL_mod",3.61209494935395
2025-09-14,"CCS","Q_m3day_mod",926.313753
2025-09-14,"CCS","DOC_mgL_mod",5.24070055559242
2025-09-14,"HPB","Q_m3day_mod",265.594121
2025-09-14,"HPB","DOC_mgL_mod",7.20532891614721
2025-09-14,"CCR dam","Q_m3day_mod",5301.797577
2025-09-14,"CCR dam","DOC_mgL_mod",4.59485290530171
2025-09-15,"SMB","Q_m3day_mod",443.081834
2025-09-15,"SMB","DOC_mgL_mod",3.78208915692084
2025-09-15,"CCS","Q_m3day_mod",892.922609
2025-09-15,"CCS","DOC_mgL_mod",5.51598419656546
2025-09-15,"HPB","Q_m3day_mod",250.599094
2025-09-15,"HPB","DOC_mgL_mod",7.60997962746027
2025-09-15,"CCR dam","Q_m3day_mod",5029.69923
2025-09-15,"CCR dam","DOC_mgL_mod",4.72773796456215
2025-09-16,"SMB","Q_m3day_mod",437.232927
2025-09-16,"SMB","DOC_mgL_mod",3.83936089058544
2025-09-16,"CCS","Q_m3day_mod",886.655018
2025-09-16,"CCS","DOC_mgL_mod",5.54279838294447
2025-09-16,"HPB","Q_m3day_mod",245.831923
2025-09-16,"HPB","DOC_mgL_mod",7.73276300653597
2025-09-16,"CCR dam","Q_m3day_mod",4884.09481
2025-09-16,"CCR dam","DOC_mgL_mod",5.59205360716575
2025-09-17,"SMB","Q_m3day_mod",432.292048
2025-09-17,"SMB","DOC_mgL_mod",3.89547299745842
2025-09-17,"CCS","Q_m3day_mod",874.986446
2025-09-17,"CCS","DOC_mgL_mod",5.60114504905142
2025-09-17,"HPB","Q_m3day_mod",241.851501
2025-09-17,"HPB","DOC_mgL_mod",7.82500001933004
2025-09-17,"CCR dam","Q_m3day_mod",4766.059885
2025-09-17,"CCR dam","DOC_mgL_mod",5.6162638837678
2025-09-18,"SMB","Q_m3day_mod",428.039429
2025-09-18,"SMB","DOC_mgL_mod",3.93951324516882
2025-09-18,"CCS","Q_m3day_mod",873.549618
2025-09-18,"CCS","DOC_mgL_mod",5.59736264460252
2025-09-18,"HPB","Q_m3day_mod",238.372465
2025-09-18,"HPB","DOC_mgL_mod",7.91280150582828
2025-09-18,"CCR dam","Q_m3day_mod",4679.60573
2025-09-18,"CCR dam","DOC_mgL_mod",5.62108252654011
2025-09-19,"SMB","Q_m3day_mod",414.227492
2025-09-19,"SMB","DOC_mgL_mod",3.82464957202792
2025-09-19,"CCS","Q_m3day_mod",838.470454
2025-09-19,"CCS","DOC_mgL_mod",5.40780295640567
2025-09-19,"HPB","Q_m3day_mod",227.982107
2025-09-19,"HPB","DOC_mgL_mod",7.61190438511036
2025-09-19,"CCR dam","Q_m3day_mod",4531.299006
2025-09-19,"CCR dam","DOC_mgL_mod",5.40765903277494
2025-09-20,"SMB","Q_m3day_mod",400.890227
2025-09-20,"SMB","DOC_mgL_mod",3.96043328838745
2025-09-20,"CCS","Q_m3day_mod",800.980426
2025-09-20,"CCS","DOC_mgL_mod",5.74485823951958
2025-09-20,"HPB","Q_m3day_mod",217.726449
2025-09-20,"HPB","DOC_mgL_mod",7.94656325837565
2025-09-20,"CCR dam","Q_m3day_mod",4368.599967
2025-09-20,"CCR dam","DOC_mgL_mod",5.46442113728103
2025-09-21,"SMB","Q_m3day_mod",397.855291
2025-09-21,"SMB","DOC_mgL_mod",3.99712919740962
2025-09-21,"CCS","Q_m3day_mod",808.940307
2025-09-21,"CCS","DOC_mgL_mod",5.67142959783311
2025-09-21,"HPB","Q_m3day_mod",215.2055
2025-09-21,"HPB","DOC_mgL_mod",8.01386581662643
2025-09-21,"CCR dam","Q_m3day_mod",4317.672705
2025-09-21,"CCR dam","DOC_mgL_mod",5.55016825899035
2025-09-22,"SMB","Q_m3day_mod",386.351865
2025-09-22,"SMB","DOC_mgL_mod",3.88043422541781
2025-09-22,"CCS","Q_m3day_mod",778.1189
2025-09-22,"CCS","DOC_mgL_mod",5.48618983551228
2025-09-22,"HPB","Q_m3day_mod",206.855019
2025-09-22,"HPB","DOC_mgL_mod",7.71003772453788
2025-09-22,"CCR dam","Q_m3day_mod",4202.273699
2025-09-22,"CCR dam","DOC_mgL_mod",5.32728270539048
2025-09-23,"SMB","Q_m3day_mod",374.947228
2025-09-23,"SMB","DOC_mgL_mod",4.00245658036976
2025-09-23,"CCS","Q_m3day_mod",788.237115
2025-09-23,"CCS","DOC_mgL_mod",5.50599802700232
2025-09-23,"HPB","Q_m3day_mod",198.352743
2025-09-23,"HPB","DOC_mgL_mod",8.01151008030174
2025-09-23,"CCR dam","Q_m3day_mod",4201.964614
2025-09-23,"CCR dam","DOC_mgL_mod",5.55142942476954
2025-09-24,"SMB","Q_m3day_mod",418.639944
2025-09-24,"SMB","DOC_mgL_mod",3.59129132694514
2025-09-24,"CCS","Q_m3day_mod",999.83302
2025-09-24,"CCS","DOC_mgL_mod",4.40214907085185
2025-09-24,"HPB","Q_m3day_mod",234.308494
2025-09-24,"HPB","DOC_mgL_mod",6.76212361298349
2025-09-24,"CCR dam","Q_m3day_mod",4945.636413
2025-09-24,"CCR dam","DOC_mgL_mod",4.46449317259991
2025-09-25,"SMB","Q_m3day_mod",541.631769
2025-09-25,"SMB","DOC_mgL_mod",2.78540160741568
2025-09-25,"CCS","Q_m3day_mod",1388.748961
2025-09-25,"CCS","DOC_mgL_mod",3.16463675107657
2025-09-25,"HPB","Q_m3day_mod",329.033768
2025-09-25,"HPB","DOC_mgL_mod",4.79994503178166
2025-09-25,"CCR dam","Q_m3day_mod",6586.178426
2025-09-25,"CCR dam","DOC_mgL_mod",3.30805644651085
2025-09-26,"SMB","Q_m3day_mod",876.343788
2025-09-26,"SMB","DOC_mgL_mod",1.73441635670041
2025-09-26,"CCS","Q_m3day_mod",1834.996867
2025-09-26,"CCS","DOC_mgL_mod",2.38930816659536
2025-09-26,"HPB","Q_m3day_mod",567.215592
2025-09-26,"HPB","DOC_mgL_mod",2.7794246530515
2025-09-26,"CCR dam","Q_m3day_mod",9225.246303
2025-09-26,"CCR dam","DOC_mgL_mod",2.33475283938985
2025-09-27,"SMB","Q_m3day_mod",1087.589905
2025-09-27,"SMB","DOC_mgL_mod",1.44958774695504
2025-09-27,"CCS","Q_m3day_mod",2355.083438
2025-09-27,"CCS","DOC_mgL_mod",1.85821017183001
2025-09-27,"HPB","Q_m3day_mod",702.893954
2025-09-27,"HPB","DOC_mgL_mod",2.23373240168744
2025-09-27,"CCR dam","Q_m3day_mod",11688.790655
2025-09-27,"CCR dam","DOC_mgL_mod",2.06137492843993
2025-09-28,"SMB","Q_m3day_mod",1585.27552
2025-09-28,"SMB","DOC_mgL_mod",1.27738236946976
2025-09-28,"CCS","Q_m3day_mod",3202.060699
2025-09-28,"CCS","DOC_mgL_mod",1.36703685890996
2025-09-28,"HPB","Q_m3day_mod",1012.968201
2025-09-28,"HPB","DOC_mgL_mod",1.54587379786861
2025-09-28,"CCR dam","Q_m3day_mod",16350.901708
2025-09-28,"CCR dam","DOC_mgL_mod",1.40812111840505
2025-09-29,"SMB","Q_m3day_mod",2087.364492
2025-09-29,"SMB","DOC_mgL_mod",0.835242242877053
2025-09-29,"CCS","Q_m3day_mod",3623.532845
2025-09-29,"CCS","DOC_mgL_mod",1.21108878757797
2025-09-29,"HPB","Q_m3day_mod",1345.278924
2025-09-29,"HPB","DOC_mgL_mod",1.16113467038899
2025-09-29,"CCR dam","Q_m3day_mod",19703.767601
2025-09-29,"CCR dam","DOC_mgL_mod",1.12591461943928
2025-09-30,"SMB","Q_m3day_mod",1980.391687
2025-09-30,"SMB","DOC_mgL_mod",1.16377988007581
2025-09-30,"CCS","Q_m3day_mod",3440.894336
2025-09-30,"CCS","DOC_mgL_mod",1.27478079001377
2025-09-30,"HPB","Q_m3day_mod",1227.034226
2025-09-30,"HPB","DOC_mgL_mod",1.26795322170581
2025-09-30,"CCR dam","Q_m3day_mod",18869.812325
2025-09-30,"CCR dam","DOC_mgL_mod",1.25744069900282
2025-10-01,"SMB","Q_m3day_mod",1900.929724
2025-10-01,"SMB","DOC_mgL_mod",0.867231428488095
2025-10-01,"CCS","Q_m3day_mod",3292.936164
2025-10-01,"CCS","DOC_mgL_mod",1.22993213299351
2025-10-01,"HPB","Q_m3day_mod",1158.43264
2025-10-01,"HPB","DOC_mgL_mod",1.25898040994425
2025-10-01,"CCR dam","Q_m3day_mod",18469.372714
2025-10-01,"CCR dam","DOC_mgL_mod",1.10962999758325
2025-10-02,"SMB","Q_m3day_mod",1768.631374
2025-10-02,"SMB","DOC_mgL_mod",0.882245459929289
2025-10-02,"CCS","Q_m3day_mod",3000.667238
2025-10-02,"CCS","DOC_mgL_mod",1.28309595654005
2025-10-02,"HPB","Q_m3day_mod",1095.517308
2025-10-02,"HPB","DOC_mgL_mod",1.25045491294055
2025-10-02,"CCR dam","Q_m3day_mod",17373.026763
2025-10-02,"CCR dam","DOC_mgL_mod",1.10602028432505
2025-10-03,"SMB","Q_m3day_mod",1551.902235
2025-10-03,"SMB","DOC_mgL_mod",0.953141871079269
2025-10-03,"CCS","Q_m3day_mod",2630.965546
2025-10-03,"CCS","DOC_mgL_mod",1.39476056825565
2025-10-03,"HPB","Q_m3day_mod",932.034535
2025-10-03,"HPB","DOC_mgL_mod",1.38629412482017
2025-10-03,"CCR dam","Q_m3day_mod",15414.375944
2025-10-03,"CCR dam","DOC_mgL_mod",1.17076487984741
2025-10-04,"SMB","Q_m3day_mod",1363.697476
2025-10-04,"SMB","DOC_mgL_mod",1.02273049891602
2025-10-04,"CCS","Q_m3day_mod",2309.425873
2025-10-04,"CCS","DOC_mgL_mod",1.49937092178754
2025-10-04,"HPB","Q_m3day_mod",793.504908
2025-10-04,"HPB","DOC_mgL_mod",1.51741720543964
2025-10-04,"CCR dam","Q_m3day_mod",13700.64807
2025-10-04,"CCR dam","DOC_mgL_mod",1.2311607388073
2025-10-05,"SMB","Q_m3day_mod",1200.67116
2025-10-05,"SMB","DOC_mgL_mod",1.09513665673456
2025-10-05,"CCS","Q_m3day_mod",2029.717001
2025-10-05,"CCS","DOC_mgL_mod",1.61502662606904
2025-10-05,"HPB","Q_m3day_mod",676.306499
2025-10-05,"HPB","DOC_mgL_mod",1.65917376464543
2025-10-05,"CCR dam","Q_m3day_mod",12202.346667
2025-10-05,"CCR dam","DOC_mgL_mod",1.29388800620608
2025-10-06,"SMB","Q_m3day_mod",1060.609791
2025-10-06,"SMB","DOC_mgL_mod",1.1769238890611
2025-10-06,"CCS","Q_m3day_mod",1790.725196
2025-10-06,"CCS","DOC_mgL_mod",1.74852121754588
2025-10-06,"HPB","Q_m3day_mod",578.030182
2025-10-06,"HPB","DOC_mgL_mod",1.81841023657827
2025-10-06,"CCR dam","Q_m3day_mod",10901.278038
2025-10-06,"CCR dam","DOC_mgL_mod",1.36274755567334
2025-10-07,"SMB","Q_m3day_mod",947.128299
2025-10-07,"SMB","DOC_mgL_mod",1.318723135312
2025-10-07,"CCS","Q_m3day_mod",1603.776883
2025-10-07,"CCS","DOC_mgL_mod",1.98760440669103
2025-10-07,"HPB","Q_m3day_mod",499.230721
2025-10-07,"HPB","DOC_mgL_mod",2.10259496430309
2025-10-07,"CCR dam","Q_m3day_mod",9821.420065
2025-10-07,"CCR dam","DOC_mgL_mod",1.48712303346532
2025-10-08,"SMB","Q_m3day_mod",855.911606
2025-10-08,"SMB","DOC_mgL_mod",1.45606975213747
2025-10-08,"CCS","Q_m3day_mod",1455.914229
2025-10-08,"CCS","DOC_mgL_mod",2.18490618240946
2025-10-08,"HPB","Q_m3day_mod",436.920592
2025-10-08,"HPB","DOC_mgL_mod",2.39452893536316
2025-10-08,"CCR dam","Q_m3day_mod",8947.373402
2025-10-08,"CCR dam","DOC_mgL_mod",1.86275896301304
2025-10-09,"SMB","Q_m3day_mod",772.809111
2025-10-09,"SMB","DOC_mgL_mod",1.55093927198796
2025-10-09,"CCS","Q_m3day_mod",1307.541665
2025-10-09,"CCS","DOC_mgL_mod",2.30668595941071
2025-10-09,"HPB","Q_m3day_mod",382.331199
2025-10-09,"HPB","DOC_mgL_mod",2.59673916906792
2025-10-09,"CCR dam","Q_m3day_mod",8166.427187
2025-10-09,"CCR dam","DOC_mgL_mod",1.95056168814648
2025-10-10,"SMB","Q_m3day_mod",701.253077
2025-10-10,"SMB","DOC_mgL_mod",1.71121958585003
2025-10-10,"CCS","Q_m3day_mod",1181.306655
2025-10-10,"CCS","DOC_mgL_mod",2.5863783862286
2025-10-10,"HPB","Q_m3day_mod",336.253499
2025-10-10,"HPB","DOC_mgL_mod",2.95105836207224
2025-10-10,"CCR dam","Q_m3day_mod",7463.943341
2025-10-10,"CCR dam","DOC_mgL_mod",2.07444098817684
2025-10-11,"SMB","Q_m3day_mod",639.904272
2025-10-11,"SMB","DOC_mgL_mod",1.81289460120998
2025-10-11,"CCS","Q_m3day_mod",1075.838262
2025-10-11,"CCS","DOC_mgL_mod",2.70991570292375
2025-10-11,"HPB","Q_m3day_mod",297.704868
2025-10-11,"HPB","DOC_mgL_mod",3.18376856370384
2025-10-11,"CCR dam","Q_m3day_mod",6842.798609
2025-10-11,"CCR dam","DOC_mgL_mod",2.21625256953401
2025-10-12,"SMB","Q_m3day_mod",586.548343
2025-10-12,"SMB","DOC_mgL_mod",1.97774320538827
2025-10-12,"CCS","Q_m3day_mod",982.914222
2025-10-12,"CCS","DOC_mgL_mod",2.99968902067631
2025-10-12,"HPB","Q_m3day_mod",265.036944
2025-10-12,"HPB","DOC_mgL_mod",3.56898885764394
2025-10-12,"CCR dam","Q_m3day_mod",6297.661572
2025-10-12,"CCR dam","DOC_mgL_mod",2.34895442234793
2025-10-13,"SMB","Q_m3day_mod",544.353803
2025-10-13,"SMB","DOC_mgL_mod",2.13230254588669
2025-10-13,"CCS","Q_m3day_mod",919.985311
2025-10-13,"CCS","DOC_mgL_mod",3.19809997488101
2025-10-13,"HPB","Q_m3day_mod",239.712328
2025-10-13,"HPB","DOC_mgL_mod",3.94000094980513
2025-10-13,"CCR dam","Q_m3day_mod",5869.639079
2025-10-13,"CCR dam","DOC_mgL_mod",2.54606455335003
2025-10-14,"SMB","Q_m3day_mod",504.535621
2025-10-14,"SMB","DOC_mgL_mod",2.22738485297156
2025-10-14,"CCS","Q_m3day_mod",848.703516
2025-10-14,"CCS","DOC_mgL_mod",3.31264681599363
2025-10-14,"HPB","Q_m3day_mod",216.535644
2025-10-14,"HPB","DOC_mgL_mod",4.15083347663538
2025-10-14,"CCR dam","Q_m3day_mod",5483.324297
2025-10-14,"CCR dam","DOC_mgL_mod",2.60494167886711
2025-10-15,"SMB","Q_m3day_mod",465.686638
2025-10-15,"SMB","DOC_mgL_mod",2.33195009559196
2025-10-15,"CCS","Q_m3day_mod",771.817704
2025-10-15,"CCS","DOC_mgL_mod",3.5037561149284
2025-10-15,"HPB","Q_m3day_mod",194.121907
2025-10-15,"HPB","DOC_mgL_mod",4.38964212318396
2025-10-15,"CCR dam","Q_m3day_mod",5075.682857
2025-10-15,"CCR dam","DOC_mgL_mod",2.65699027696363
2025-10-16,"SMB","Q_m3day_mod",431.021324
2025-10-16,"SMB","DOC_mgL_mod",2.43948487337485
2025-10-16,"CCS","Q_m3day_mod",711.116983
2025-10-16,"CCS","DOC_mgL_mod",3.67055640970397
2025-10-16,"HPB","Q_m3day_mod",174.181652
2025-10-16,"HPB","DOC_mgL_mod",4.63708025917678
2025-10-16,"CCR dam","Q_m3day_mod",4687.210775
2025-10-16,"CCR dam","DOC_mgL_mod",2.72244637857149
2025-10-17,"SMB","Q_m3day_mod",400.942118
2025-10-17,"SMB","DOC_mgL_mod",2.54912356201999
2025-10-17,"CCS","Q_m3day_mod",660.025973
2025-10-17,"CCS","DOC_mgL_mod",3.85453922129213
2025-10-17,"HPB","Q_m3day_mod",157.49429
2025-10-17,"HPB","DOC_mgL_mod",4.92484775162325
2025-10-17,"CCR dam","Q_m3day_mod",4347.046597
2025-10-17,"CCR dam","DOC_mgL_mod",2.79964792841166
2025-10-18,"SMB","Q_m3day_mod",375.215037
2025-10-18,"SMB","DOC_mgL_mod",2.6603392763281
2025-10-18,"CCS","Q_m3day_mod",616.317877
2025-10-18,"CCS","DOC_mgL_mod",4.01546522071759
2025-10-18,"HPB","Q_m3day_mod",143.744106
2025-10-18,"HPB","DOC_mgL_mod",5.19824305004895
2025-10-18,"CCR dam","Q_m3day_mod",4049.480387
2025-10-18,"CCR dam","DOC_mgL_mod",2.87231666495783
2025-10-19,"SMB","Q_m3day_mod",355.367056
2025-10-19,"SMB","DOC_mgL_mod",2.80898266495474
2025-10-19,"CCS","Q_m3day_mod",612.666587
2025-10-19,"CCS","DOC_mgL_mod",4.07398094324344
2025-10-19,"HPB","Q_m3day_mod",133.496664
2025-10-19,"HPB","DOC_mgL_mod",5.59645145889189
2025-10-19,"CCR dam","Q_m3day_mod",3901.893468
2025-10-19,"CCR dam","DOC_mgL_mod",3.15785402678247
2025-10-20,"SMB","Q_m3day_mod",388.958733
2025-10-20,"SMB","DOC_mgL_mod",2.56792228907224
2025-10-20,"CCS","Q_m3day_mod",692.808686
2025-10-20,"CCS","DOC_mgL_mod",3.59350864143178
2025-10-20,"HPB","Q_m3day_mod",163.707451
2025-10-20,"HPB","DOC_mgL_mod",4.54989003524342
2025-10-20,"CCR dam","Q_m3day_mod",4247.921286
2025-10-20,"CCR dam","DOC_mgL_mod",2.96993968357633
2025-10-21,"SMB","Q_m3day_mod",430.21456
2025-10-21,"SMB","DOC_mgL_mod",2.3195918799215
2025-10-21,"CCS","Q_m3day_mod",753.602782
2025-10-21,"CCS","DOC_mgL_mod",3.30138510555551
2025-10-21,"HPB","Q_m3day_mod",199.757273
2025-10-21,"HPB","DOC_mgL_mod",3.72566559816823
2025-10-21,"CCR dam","Q_m3day_mod",4611.371494
2025-10-21,"CCR dam","DOC_mgL_mod",2.70193152215379
2025-10-22,"SMB","Q_m3day_mod",417.514535
2025-10-22,"SMB","DOC_mgL_mod",2.39385965329327
2025-10-22,"CCS","Q_m3day_mod",742.342928
2025-10-22,"CCS","DOC_mgL_mod",3.53008145044254
2025-10-22,"HPB","Q_m3day_mod",192.932709
2025-10-22,"HPB","DOC_mgL_mod",3.84998948001088
2025-10-22,"CCR dam","Q_m3day_mod",4547.330005
2025-10-22,"CCR dam","DOC_mgL_mod",2.74947716269825
2025-10-23,"SMB","Q_m3day_mod",392.772423
2025-10-23,"SMB","DOC_mgL_mod",2.496989458957
2025-10-23,"CCS","Q_m3day_mod",687.67092
2025-10-23,"CCS","DOC_mgL_mod",3.49874617353312
2025-10-23,"HPB","Q_m3day_mod",175.54962
2025-10-23,"HPB","DOC_mgL_mod",4.071116758897
2025-10-23,"CCR dam","Q_m3day_mod",4325.238813
2025-10-23,"CCR dam","DOC_mgL_mod",2.76046491678424
2025-10-24,"SMB","Q_m3day_mod",368.735782
2025-10-24,"SMB","DOC_mgL_mod",2.62029330259031
2025-10-24,"CCS","Q_m3day_mod",621.163301
2025-10-24,"CCS","DOC_mgL_mod",3.80370346444533
2025-10-24,"HPB","Q_m3day_mod",158.891142
2025-10-24,"HPB","DOC_mgL_mod",4.36349434759554
2025-10-24,"CCR dam","Q_m3day_mod",4039.153466
2025-10-24,"CCR dam","DOC_mgL_mod",2.84851518934587
2025-10-25,"SMB","Q_m3day_mod",348.986036
2025-10-25,"SMB","DOC_mgL_mod",2.77095213058897
2025-10-25,"CCS","Q_m3day_mod",605.618183
2025-10-25,"CCS","DOC_mgL_mod",4.11880632058235
2025-10-25,"HPB","Q_m3day_mod",145.336317
2025-10-25,"HPB","DOC_mgL_mod",4.76866425616111
2025-10-25,"CCR dam","Q_m3day_mod",3854.280028
2025-10-25,"CCR dam","DOC_mgL_mod",2.98564710306513
2025-10-26,"SMB","Q_m3day_mod",333.07234
2025-10-26,"SMB","DOC_mgL_mod",2.88131551241991
2025-10-26,"CCS","Q_m3day_mod",579.07011
2025-10-26,"CCS","DOC_mgL_mod",4.06962811463365
2025-10-26,"HPB","Q_m3day_mod",135.056988
2025-10-26,"HPB","DOC_mgL_mod",5.06417483558866
2025-10-26,"CCR dam","Q_m3day_mod",3692.148303
2025-10-26,"CCR dam","DOC_mgL_mod",3.13173498220665
2025-10-27,"SMB","Q_m3day_mod",319.25145
2025-10-27,"SMB","DOC_mgL_mod",3.00767811704536
2025-10-27,"CCS","Q_m3day_mod",638.043472
2025-10-27,"CCS","DOC_mgL_mod",3.72093141640982
2025-10-27,"HPB","Q_m3day_mod",126.391365
2025-10-27,"HPB","DOC_mgL_mod",5.40562086658373
2025-10-27,"CCR dam","Q_m3day_mod",3820.41756
2025-10-27,"CCR dam","DOC_mgL_mod",2.9823336902472
2025-10-28,"SMB","Q_m3day_mod",430.012961
2025-10-28,"SMB","DOC_mgL_mod",2.23456683204486
2025-10-28,"CCS","Q_m3day_mod",1055.686803
2025-10-28,"CCS","DOC_mgL_mod",2.24517725642157
2025-10-28,"HPB","Q_m3day_mod",209.165516
2025-10-28,"HPB","DOC_mgL_mod",3.26300344842694
2025-10-28,"CCR dam","Q_m3day_mod",5577.417909
2025-10-28,"CCR dam","DOC_mgL_mod",2.05828040632843
2025-10-29,"SMB","Q_m3day_mod",876.565495
2025-10-29,"SMB","DOC_mgL_mod",1.09400279325391
2025-10-29,"CCS","Q_m3day_mod",1906.376494
2025-10-29,"CCS","DOC_mgL_mod",1.24080684347758
2025-10-29,"HPB","Q_m3day_mod",530.47894
2025-10-29,"HPB","DOC_mgL_mod",1.28219510467277
2025-10-29,"CCR dam","Q_m3day_mod",9864.969121
2025-10-29,"CCR dam","DOC_mgL_mod",1.15494127353589
2025-10-30,"SMB","Q_m3day_mod",1751.947337
2025-10-30,"SMB","DOC_mgL_mod",2.37583796732584
2025-10-30,"CCS","Q_m3day_mod",3730.953077
2025-10-30,"CCS","DOC_mgL_mod",0.67574905070295
2025-10-30,"HPB","Q_m3day_mod",930.986314
2025-10-30,"HPB","DOC_mgL_mod",0.729958636105149
2025-10-30,"CCR dam","Q_m3day_mod",18836.850093
2025-10-30,"CCR dam","DOC_mgL_mod",1.13547646737117
2025-10-31,"SMB","Q_m3day_mod",3724.629754
2025-10-31,"SMB","DOC_mgL_mod",0.329486172063695
2025-10-31,"CCS","Q_m3day_mod",6782.604783
2025-10-31,"CCS","DOC_mgL_mod",0.423686782871777
2025-10-31,"HPB","Q_m3day_mod",2299.543436
2025-10-31,"HPB","DOC_mgL_mod",0.288629468619439
2025-10-31,"CCR dam","Q_m3day_mod",35773.160756
2025-10-31,"CCR dam","DOC_mgL_mod",0.388017991887169
2025-11-01,"SMB","Q_m3day_mod",4808.766592
2025-11-01,"SMB","DOC_mgL_mod",0.250561963644585
2025-11-01,"CCS","Q_m3day_mod",7952.279877
2025-11-01,"CCS","DOC_mgL_mod",0.35571019176291
2025-11-01,"HPB","Q_m3day_mod",3224.960768
2025-11-01,"HPB","DOC_mgL_mod",0.203242999574995
2025-11-01,"CCR dam","Q_m3day_mod",43727.564427
2025-11-01,"CCR dam","DOC_mgL_mod",0.32228938850521
2025-11-02,"SMB","Q_m3day_mod",4158.168576
2025-11-02,"SMB","DOC_mgL_mod",0.285996341481659
2025-11-02,"CCS","Q_m3day_mod",6867.812919
2025-11-02,"CCS","DOC_mgL_mod",0.407324578143478
2025-11-02,"HPB","Q_m3day_mod",2704.738581
2025-11-02,"HPB","DOC_mgL_mod",0.240040943165738
2025-11-02,"CCR dam","Q_m3day_mod",38394.059113
2025-11-02,"CCR dam","DOC_mgL_mod",0.357291735151681
2025-11-03,"SMB","Q_m3day_mod",3593.964274
2025-11-03,"SMB","DOC_mgL_mod",0.325969294818872
2025-11-03,"CCS","Q_m3day_mod",5934.242887
2025-11-03,"CCS","DOC_mgL_mod",0.465490383963113
2025-11-03,"HPB","Q_m3day_mod",2265.096927
2025-11-03,"HPB","DOC_mgL_mod",0.2833728624806
2025-11-03,"CCR dam","Q_m3day_mod",33669.489476
2025-11-03,"CCR dam","DOC_mgL_mod",0.399692725058769
2025-11-04,"SMB","Q_m3day_mod",3112.160031
2025-11-04,"SMB","DOC_mgL_mod",0.369711386477221
2025-11-04,"CCS","Q_m3day_mod",5134.442748
2025-11-04,"CCS","DOC_mgL_mod",0.528936076083013
2025-11-04,"HPB","Q_m3day_mod",1898.524949
2025-11-04,"HPB","DOC_mgL_mod",0.331443576936634
2025-11-04,"CCR dam","Q_m3day_mod",29588.207844
2025-11-04,"CCR dam","DOC_mgL_mod",0.441252814933417
2025-11-05,"SMB","Q_m3day_mod",2700.727214
2025-11-05,"SMB","DOC_mgL_mod",0.419167472424336
2025-11-05,"CCS","Q_m3day_mod",4449.063116
2025-11-05,"CCS","DOC_mgL_mod",0.599884499368383
2025-11-05,"HPB","Q_m3day_mod",1592.726974
2025-11-05,"HPB","DOC_mgL_mod",0.3862314822578
2025-11-05,"CCR dam","Q_m3day_mod",26054.169278
2025-11-05,"CCR dam","DOC_mgL_mod",0.486179385143396
2025-11-06,"SMB","Q_m3day_mod",2349.494104
2025-11-06,"SMB","DOC_mgL_mod",0.473922449136736
2025-11-06,"CCS","Q_m3day_mod",3862.369192
2025-11-06,"CCS","DOC_mgL_mod",0.679348832171402
2025-11-06,"HPB","Q_m3day_mod",1337.828105
2025-11-06,"HPB","DOC_mgL_mod",0.450382973528576
2025-11-06,"CCR dam","Q_m3day_mod",22999.215321
2025-11-06,"CCR dam","DOC_mgL_mod",0.534127352979009
2025-11-07,"SMB","Q_m3day_mod",2049.870564
2025-11-07,"SMB","DOC_mgL_mod",0.536515826567087
2025-11-07,"CCS","Q_m3day_mod",3360.875552
2025-11-07,"CCS","DOC_mgL_mod",0.771005340694031
2025-11-07,"HPB","Q_m3day_mod",1125.728893
2025-11-07,"HPB","DOC_mgL_mod",0.529713773634128
2025-11-07,"CCR dam","Q_m3day_mod",20358.305875
2025-11-07,"CCR dam","DOC_mgL_mod",0.587483559458997
2025-11-08,"SMB","Q_m3day_mod",1794.786382
2025-11-08,"SMB","DOC_mgL_mod",0.608203299817549
2025-11-08,"CCS","Q_m3day_mod",3043.861431
2025-11-08,"CCS","DOC_mgL_mod",0.847562235825051
2025-11-08,"HPB","Q_m3day_mod",949.502143
2025-11-08,"HPB","DOC_mgL_mod",0.625886212454815
2025-11-08,"CCR dam","Q_m3day_mod",18438.98723
2025-11-08,"CCR dam","DOC_mgL_mod",0.636973162001588
2025-11-09,"SMB","Q_m3day_mod",1723.391315
2025-11-09,"SMB","DOC_mgL_mod",0.626462481621593
2025-11-09,"CCS","Q_m3day_mod",2929.195304
2025-11-09,"CCS","DOC_mgL_mod",0.874083403214414
2025-11-09,"HPB","Q_m3day_mod",909.818157
2025-11-09,"HPB","DOC_mgL_mod",0.646371250645419
2025-11-09,"CCR dam","Q_m3day_mod",17684.072972
2025-11-09,"CCR dam","DOC_mgL_mod",0.747301824694144
2025-11-10,"SMB","Q_m3day_mod",1663.0538
2025-11-10,"SMB","DOC_mgL_mod",0.644561228265736
2025-11-10,"CCS","Q_m3day_mod",2721.698288
2025-11-10,"CCS","DOC_mgL_mod",0.933669985098657
2025-11-10,"HPB","Q_m3day_mod",877.420152
2025-11-10,"HPB","DOC_mgL_mod",0.666922224963896
2025-11-10,"CCR dam","Q_m3day_mod",16672.136891
2025-11-10,"CCR dam","DOC_mgL_mod",0.768433589752727
2025-11-11,"SMB","Q_m3day_mod",1464.032157
2025-11-11,"SMB","DOC_mgL_mod",0.722064740822493
2025-11-11,"CCS","Q_m3day_mod",2386.105305
2025-11-11,"CCS","DOC_mgL_mod",1.049222343521
2025-11-11,"HPB","Q_m3day_mod",743.040862
2025-11-11,"HPB","DOC_mgL_mod",0.774380965336466
2025-11-11,"CCR dam","Q_m3day_mod",14895.250882
2025-11-11,"CCR dam","DOC_mgL_mod",0.856625383558947
2025-11-12,"SMB","Q_m3day_mod",1291.662079
2025-11-12,"SMB","DOC_mgL_mod",0.808075902335134
2025-11-12,"CCS","Q_m3day_mod",2095.496217
2025-11-12,"CCS","DOC_mgL_mod",1.17549054969256
2025-11-12,"HPB","Q_m3day_mod",629.57057
2025-11-12,"HPB","DOC_mgL_mod",0.892532031794307
2025-11-12,"CCR dam","Q_m3day_mod",13338.327179
2025-11-12,"CCR dam","DOC_mgL_mod",0.921903461729442
2025-11-13,"SMB","Q_m3day_mod",1143.463061
2025-11-13,"SMB","DOC_mgL_mod",0.898124333900105
2025-11-13,"CCS","Q_m3day_mod",1846.443628
2025-11-13,"CCS","DOC_mgL_mod",1.31067418647454
2025-11-13,"HPB","Q_m3day_mod",534.590251
2025-11-13,"HPB","DOC_mgL_mod",1.02666051050003
2025-11-13,"CCR dam","Q_m3day_mod",11963.481309
2025-11-13,"CCR dam","DOC_mgL_mod",0.990001964653046
2025-11-14,"SMB","Q_m3day_mod",1015.998354
2025-11-14,"SMB","DOC_mgL_mod",0.996722087209208
2025-11-14,"CCS","Q_m3day_mod",1632.61859
2025-11-14,"CCS","DOC_mgL_mod",1.45774892836422
2025-11-14,"HPB","Q_m3day_mod",455.199074
2025-11-14,"HPB","DOC_mgL_mod",1.17567923699247
2025-11-14,"CCR dam","Q_m3day_mod",10760.486825
2025-11-14,"CCR dam","DOC_mgL_mod",1.06220844706067
2025-11-15,"SMB","Q_m3day_mod",906.749122
2025-11-15,"SMB","DOC_mgL_mod",1.10280603061891
2025-11-15,"CCS","Q_m3day_mod",1449.251355
2025-11-15,"CCS","DOC_mgL_mod",1.61596536854713
2025-11-15,"HPB","Q_m3day_mod",388.858699
2025-11-15,"HPB","DOC_mgL_mod",1.34516985564466
2025-11-15,"CCR dam","Q_m3day_mod",9711.213906
2025-11-15,"CCR dam","DOC_mgL_mod",1.13880304841882
2025-11-16,"SMB","Q_m3day_mod",813.788423
2025-11-16,"SMB","DOC_mgL_mod",1.2223977042249
2025-11-16,"CCS","Q_m3day_mod",1296.593349
2025-11-16,"CCS","DOC_mgL_mod",1.79440300368223
2025-11-16,"HPB","Q_m3day_mod",334.031497
2025-11-16,"HPB","DOC_mgL_mod",1.56217723384331
2025-11-16,"CCR dam","Q_m3day_mod",8815.18295
2025-11-16,"CCR dam","DOC_mgL_mod",1.23041462230798
2025-11-17,"SMB","Q_m3day_mod",733.639489
2025-11-17,"SMB","DOC_mgL_mod",1.33672166602799
2025-11-17,"CCS","Q_m3day_mod",1162.562653
2025-11-17,"CCS","DOC_mgL_mod",1.9651293580648
2025-11-17,"HPB","Q_m3day_mod",288.242919
2025-11-17,"HPB","DOC_mgL_mod",1.76188473861521
2025-11-17,"CCR dam","Q_m3day_mod",8034.936677
2025-11-17,"CCR dam","DOC_mgL_mod",1.440578870165
2025-11-18,"SMB","Q_m3day_mod",664.536991
2025-11-18,"SMB","DOC_mgL_mod",1.46806786260601
2025-11-18,"CCS","Q_m3day_mod",1168.87787
2025-11-18,"CCS","DOC_mgL_mod",1.94637272070178
2025-11-18,"HPB","Q_m3day_mod",249.964278
2025-11-18,"HPB","DOC_mgL_mod",2.02828861810406
2025-11-18,"CCR dam","Q_m3day_mod",7743.978739
2025-11-18,"CCR dam","DOC_mgL_mod",1.4510357503191
2025-11-19,"SMB","Q_m3day_mod",776.848168
2025-11-19,"SMB","DOC_mgL_mod",1.24819487248891
2025-11-19,"CCS","Q_m3day_mod",1423.485046
2025-11-19,"CCS","DOC_mgL_mod",1.60113519028847
2025-11-19,"HPB","Q_m3day_mod",342.909997
2025-11-19,"HPB","DOC_mgL_mod",1.4715983914578
2025-11-19,"CCR dam","Q_m3day_mod",8797.004541
2025-11-19,"CCR dam","DOC_mgL_mod",1.28415643613114
2025-11-20,"SMB","Q_m3day_mod",947.970923
2025-11-20,"SMB","DOC_mgL_mod",1.01872090859479
2025-11-20,"CCS","Q_m3day_mod",1595.265276
2025-11-20,"CCS","DOC_mgL_mod",1.42699401425447
2025-11-20,"HPB","Q_m3day_mod",475.716066
2025-11-20,"HPB","DOC_mgL_mod",1.0587462480193
2025-11-20,"CCR dam","Q_m3day_mod",9759.340835
2025-11-20,"CCR dam","DOC_mgL_mod",1.14375962359757
2025-11-21,"SMB","Q_m3day_mod",923.295859
2025-11-21,"SMB","DOC_mgL_mod",1.04155487174128
2025-11-21,"CCS","Q_m3day_mod",1503.311935
2025-11-21,"CCS","DOC_mgL_mod",1.50515867486943
2025-11-21,"HPB","Q_m3day_mod",462.20578
2025-11-21,"HPB","DOC_mgL_mod",1.08803658837845
2025-11-21,"CCR dam","Q_m3day_mod",9299.417827
2025-11-21,"CCR dam","DOC_mgL_mod",1.18514408160058
2025-11-22,"SMB","Q_m3day_mod",827.859359
2025-11-22,"SMB","DOC_mgL_mod",1.16719801436708
2025-11-22,"CCS","Q_m3day_mod",1558.946221
2025-11-22,"CCS","DOC_mgL_mod",1.74156103874991
2025-11-22,"HPB","Q_m3day_mod",395.99591
2025-11-22,"HPB","DOC_mgL_mod",1.26801410650933
2025-11-22,"CCR dam","Q_m3day_mod",9085.692495
2025-11-22,"CCR dam","DOC_mgL_mod",1.25501936217576
2025-11-23,"SMB","Q_m3day_mod",1009.399345
2025-11-23,"SMB","DOC_mgL_mod",0.965555015294764
2025-11-23,"CCS","Q_m3day_mod",1860.140263
2025-11-23,"CCS","DOC_mgL_mod",1.22704133951645
2025-11-23,"HPB","Q_m3day_mod",529.681379
2025-11-23,"HPB","DOC_mgL_mod",0.929033225462887
2025-11-23,"CCR dam","Q_m3day_mod",10562.997086
2025-11-23,"CCR dam","DOC_mgL_mod",1.03427747930366
2025-11-24,"SMB","Q_m3day_mod",1165.381198
2025-11-24,"SMB","DOC_mgL_mod",0.827242023171889
2025-11-24,"CCS","Q_m3day_mod",1905.041866
2025-11-24,"CCS","DOC_mgL_mod",1.18288266531986
2025-11-24,"HPB","Q_m3day_mod",642.414287
2025-11-24,"HPB","DOC_mgL_mod",0.754509215950859
2025-11-24,"CCR dam","Q_m3day_mod",11188.94567
2025-11-24,"CCR dam","DOC_mgL_mod",0.945912180839109
2025-11-25,"SMB","Q_m3day_mod",1033.954514
2025-11-25,"SMB","DOC_mgL_mod",0.9278879167406
2025-11-25,"CCS","Q_m3day_mod",1712.368934
2025-11-25,"CCS","DOC_mgL_mod",1.30902690155905
2025-11-25,"HPB","Q_m3day_mod",546.29863
2025-11-25,"HPB","DOC_mgL_mod",0.884815874423848
2025-11-25,"CCR dam","Q_m3day_mod",10116.734715
2025-11-25,"CCR dam","DOC_mgL_mod",1.01973317385737
2025-11-26,"SMB","Q_m3day_mod",935.484351
2025-11-26,"SMB","DOC_mgL_mod",1.03013396105436
2025-11-26,"CCS","Q_m3day_mod",1654.217441
2025-11-26,"CCS","DOC_mgL_mod",1.45639862105649
2025-11-26,"HPB","Q_m3day_mod",477.08023
2025-11-26,"HPB","DOC_mgL_mod",1.01214233924554
2025-11-26,"CCR dam","Q_m3day_mod",9612.527448
2025-11-26,"CCR dam","DOC_mgL_mod",1.12264854986139
2025-11-27,"SMB","Q_m3day_mod",971.943715
2025-11-27,"SMB","DOC_mgL_mod",1.00019752687016
2025-11-27,"CCS","Q_m3day_mod",1693.441126
2025-11-27,"CCS","DOC_mgL_mod",1.32308644546288
2025-11-27,"HPB","Q_m3day_mod",506.980714
2025-11-27,"HPB","DOC_mgL_mod",0.936716697274603
2025-11-27,"CCR dam","Q_m3day_mod",9816.531353
2025-11-27,"CCR dam","DOC_mgL_mod",1.07557951177666
2025-11-28,"SMB","Q_m3day_mod",988.100578
2025-11-28,"SMB","DOC_mgL_mod",0.973667176622176
2025-11-28,"CCS","Q_m3day_mod",1619.543589
2025-11-28,"CCS","DOC_mgL_mod",1.36831327977305
2025-11-28,"HPB","Q_m3day_mod",520.020126
2025-11-28,"HPB","DOC_mgL_mod",0.899071740927196
2025-11-28,"CCR dam","Q_m3day_mod",9561.603606
2025-11-28,"CCR dam","DOC_mgL_mod",1.07518052657495
2025-11-29,"SMB","Q_m3day_mod",880.668949
2025-11-29,"SMB","DOC_mgL_mod",1.08187690854989
2025-11-29,"CCS","Q_m3day_mod",1436.935009
2025-11-29,"CCS","DOC_mgL_mod",1.52553594022706
2025-11-29,"HPB","Q_m3day_mod",442.898608
2025-11-29,"HPB","DOC_mgL_mod",1.04339569294831
2025-11-29,"CCR dam","Q_m3day_mod",8610.459501
2025-11-29,"CCR dam","DOC_mgL_mod",1.16415389896856
2025-11-30,"SMB","Q_m3day_mod",787.938363
2025-11-30,"SMB","DOC_mgL_mod",1.2020916158895
2025-11-30,"CCS","Q_m3day_mod",1303.997908
2025-11-30,"CCS","DOC_mgL_mod",1.67221203854876
2025-11-30,"HPB","Q_m3day_mod",378.083918
2025-11-30,"HPB","DOC_mgL_mod",1.22093079875458
2025-11-30,"CCR dam","Q_m3day_mod",7847.923846
2025-11-30,"CCR dam","DOC_mgL_mod",1.24815240211494
2025-12-01,"SMB","Q_m3day_mod",716.742344
2025-12-01,"SMB","DOC_mgL_mod",1.30794281633792
2025-12-01,"CCS","Q_m3day_mod",1186.432705
2025-12-01,"CCS","DOC_mgL_mod",1.81789914498353
2025-12-01,"HPB","Q_m3day_mod",330.761761
2025-12-01,"HPB","DOC_mgL_mod",1.37545222466027
2025-12-01,"CCR dam","Q_m3day_mod",7272.928764
2025-12-01,"CCR dam","DOC_mgL_mod",1.38837740993444
2025-12-02,"SMB","Q_m3day_mod",662.298423
2025-12-02,"SMB","DOC_mgL_mod",1.4937047494676
2025-12-02,"CCS","Q_m3day_mod",1557.024965
2025-12-02,"CCS","DOC_mgL_mod",2.24816819170269
2025-12-02,"HPB","Q_m3day_mod",291.326438
2025-12-02,"HPB","DOC_mgL_mod",1.55899513658283
2025-12-02,"CCR dam","Q_m3day_mod",8107.094244
2025-12-02,"CCR dam","DOC_mgL_mod",1.41036722355389
2025-12-03,"SMB","Q_m3day_mod",1223.901241
2025-12-03,"SMB","DOC_mgL_mod",0.929265337676049
2025-12-03,"CCS","Q_m3day_mod",2483.877268
2025-12-03,"CCS","DOC_mgL_mod",0.977525351707514
2025-12-03,"HPB","Q_m3day_mod",681.78807
2025-12-03,"HPB","DOC_mgL_mod",0.659460497746756
2025-12-03,"CCR dam","Q_m3day_mod",13011.517319
2025-12-03,"CCR dam","DOC_mgL_mod",0.848847965169434
2025-12-04,"SMB","Q_m3day_mod",1706.260861
2025-12-04,"SMB","DOC_mgL_mod",0.659246792627449
2025-12-04,"CCS","Q_m3day_mod",2786.469556
2025-12-04,"CCS","DOC_mgL_mod",0.86146033601237
2025-12-04,"HPB","Q_m3day_mod",1011.765257
2025-12-04,"HPB","DOC_mgL_mod",0.438676162211804
2025-12-04,"CCR dam","Q_m3day_mod",15902.096243
2025-12-04,"CCR dam","DOC_mgL_mod",0.678736930972302
2025-12-05,"SMB","Q_m3day_mod",1645.047801
2025-12-05,"SMB","DOC_mgL_mod",1.59768913608608
2025-12-05,"CCS","Q_m3day_mod",2872.688679
2025-12-05,"CCS","DOC_mgL_mod",1.26620264374287
2025-12-05,"HPB","Q_m3day_mod",854.8877
2025-12-05,"HPB","DOC_mgL_mod",0.518239296225691
2025-12-05,"CCR dam","Q_m3day_mod",15762.434709
2025-12-05,"CCR dam","DOC_mgL_mod",1.0457553229761
2025-12-06,"SMB","Q_m3day_mod",1982.283711
2025-12-06,"SMB","DOC_mgL_mod",0.609764885466488
2025-12-06,"CCS","Q_m3day_mod",3452.939188
2025-12-06,"CCS","DOC_mgL_mod",0.79559553482643
2025-12-06,"HPB","Q_m3day_mod",1083.590016
2025-12-06,"HPB","DOC_mgL_mod",0.406819178370872
2025-12-06,"CCR dam","Q_m3day_mod",18926.254219
2025-12-06,"CCR dam","DOC_mgL_mod",0.623573997444888
2025-12-07,"SMB","Q_m3day_mod",2132.580464
2025-12-07,"SMB","DOC_mgL_mod",0.563175936511814
2025-12-07,"CCS","Q_m3day_mod",3523.745648
2025-12-07,"CCS","DOC_mgL_mod",0.770331990772564
2025-12-07,"HPB","Q_m3day_mod",1276.912814
2025-12-07,"HPB","DOC_mgL_mod",0.343826763414405
2025-12-07,"CCR dam","Q_m3day_mod",20086.427373
2025-12-07,"CCR dam","DOC_mgL_mod",0.580251519275488
2025-12-08,"SMB","Q_m3day_mod",2057.170673
2025-12-08,"SMB","DOC_mgL_mod",1.54782976531379
2025-12-08,"CCS","Q_m3day_mod",3548.71606
2025-12-08,"CCS","DOC_mgL_mod",1.15030871193454
2025-12-08,"HPB","Q_m3day_mod",1075.591634
2025-12-08,"HPB","DOC_mgL_mod",0.417689563397999
2025-12-08,"CCR dam","Q_m3day_mod",19672.856847
2025-12-08,"CCR dam","DOC_mgL_mod",0.963807653736444
2025-12-09,"SMB","Q_m3day_mod",2388.669288
2025-12-09,"SMB","DOC_mgL_mod",0.538397678766488
2025-12-09,"CCS","Q_m3day_mod",4144.93382
2025-12-09,"CCS","DOC_mgL_mod",0.773963141346368
2025-12-09,"HPB","Q_m3day_mod",1301.310806
2025-12-09,"HPB","DOC_mgL_mod",0.368824186955995
2025-12-09,"CCR dam","Q_m3day_mod",22901.301182
2025-12-09,"CCR dam","DOC_mgL_mod",0.569293416840755
2025-12-10,"SMB","Q_m3day_mod",2517.527304
2025-12-10,"SMB","DOC_mgL_mod",0.574146305266844
2025-12-10,"CCS","Q_m3day_mod",4232.219755
2025-12-10,"CCS","DOC_mgL_mod",0.750510413890358
2025-12-10,"HPB","Q_m3day_mod",1501.767173
2025-12-10,"HPB","DOC_mgL_mod",0.31927126163118
2025-12-10,"CCR dam","Q_m3day_mod",24129.056062
2025-12-10,"CCR dam","DOC_mgL_mod",0.561409031716477
2025-12-11,"SMB","Q_m3day_mod",2244.476804
2025-12-11,"SMB","DOC_mgL_mod",0.574365035852694
2025-12-11,"CCS","Q_m3day_mod",3755.953173
2025-12-11,"CCS","DOC_mgL_mod",0.833971792437999
2025-12-11,"HPB","Q_m3day_mod",1292.645513
2025-12-11,"HPB","DOC_mgL_mod",0.370786573101268
2025-12-11,"CCR dam","Q_m3day_mod",21771.868395
2025-12-11,"CCR dam","DOC_mgL_mod",0.59631492182736
2025-12-12,"SMB","Q_m3day_mod",1984.231343
2025-12-12,"SMB","DOC_mgL_mod",0.670645590139738
2025-12-12,"CCS","Q_m3day_mod",3325.922733
2025-12-12,"CCS","DOC_mgL_mod",0.929169210498313
2025-12-12,"HPB","Q_m3day_mod",1106.268107
2025-12-12,"HPB","DOC_mgL_mod",0.431746605526973
2025-12-12,"CCR dam","Q_m3day_mod",19544.875985
2025-12-12,"CCR dam","DOC_mgL_mod",0.665434767147232
2025-12-13,"SMB","Q_m3day_mod",1750.842783
2025-12-13,"SMB","DOC_mgL_mod",0.732592333505938
2025-12-13,"CCS","Q_m3day_mod",2929.15877
2025-12-13,"CCS","DOC_mgL_mod",1.03939739667987
2025-12-13,"HPB","Q_m3day_mod",936.082566
2025-12-13,"HPB","DOC_mgL_mod",0.505401464767799
2025-12-13,"CCR dam","Q_m3day_mod",17527.65781
2025-12-13,"CCR dam","DOC_mgL_mod",0.727150206728049
2025-12-14,"SMB","Q_m3day_mod",1547.137488
2025-12-14,"SMB","DOC_mgL_mod",0.826626599070554
2025-12-14,"CCS","Q_m3day_mod",2569.441191
2025-12-14,"CCS","DOC_mgL_mod",1.16927019404975
2025-12-14,"HPB","Q_m3day_mod",794.154314
2025-12-14,"HPB","DOC_mgL_mod",0.593899814790907
2025-12-14,"CCR dam","Q_m3day_mod",15702.609118
2025-12-14,"CCR dam","DOC_mgL_mod",0.795410489183139
2025-12-15,"SMB","Q_m3day_mod",1369.885838
2025-12-15,"SMB","DOC_mgL_mod",0.924904079488703
2025-12-15,"CCS","Q_m3day_mod",2266.530883
2025-12-15,"CCS","DOC_mgL_mod",1.30349646773377
2025-12-15,"HPB","Q_m3day_mod",670.821705
2025-12-15,"HPB","DOC_mgL_mod",0.691201099403902
2025-12-15,"CCR dam","Q_m3day_mod",14060.966242
2025-12-15,"CCR dam","DOC_mgL_mod",0.887137468742385
2025-12-16,"SMB","Q_m3day_mod",1217.559964
2025-12-16,"SMB","DOC_mgL_mod",1.0336632586582
2025-12-16,"CCS","Q_m3day_mod",2005.634595
2025-12-16,"CCS","DOC_mgL_mod",1.45210498824687
2025-12-16,"HPB","Q_m3day_mod",567.779245
2025-12-16,"HPB","DOC_mgL_mod",0.808256561051294
2025-12-16,"CCR dam","Q_m3day_mod",12630.1048
2025-12-16,"CCR dam","DOC_mgL_mod",0.967475740977225
2025-12-17,"SMB","Q_m3day_mod",1086.964445
2025-12-17,"SMB","DOC_mgL_mod",1.14672104109164
2025-12-17,"CCS","Q_m3day_mod",1782.248612
2025-12-17,"CCS","DOC_mgL_mod",1.60588482478223
2025-12-17,"HPB","Q_m3day_mod",481.736018
2025-12-17,"HPB","DOC_mgL_mod",0.934798485422778
2025-12-17,"CCR dam","Q_m3day_mod",11369.237913
2025-12-17,"CCR dam","DOC_mgL_mod",1.04754602649153
2025-12-18,"SMB","Q_m3day_mod",975.213316
2025-12-18,"SMB","DOC_mgL_mod",1.27185917137333
2025-12-18,"CCS","Q_m3day_mod",1649.034
2025-12-18,"CCS","DOC_mgL_mod",1.71567657185965
2025-12-18,"HPB","Q_m3day_mod",410.109645
2025-12-18,"HPB","DOC_mgL_mod",1.0937533546669
2025-12-18,"CCR dam","Q_m3day_mod",10460.810057
2025-12-18,"CCR dam","DOC_mgL_mod",1.12335755414434
2025-12-19,"SMB","Q_m3day_mod",1102.490293
2025-12-19,"SMB","DOC_mgL_mod",2.63622003608879
2025-12-19,"CCS","Q_m3day_mod",1954.773519
2025-12-19,"CCS","DOC_mgL_mod",1.88429143540081
2025-12-19,"HPB","Q_m3day_mod",398.471758
2025-12-19,"HPB","DOC_mgL_mod",1.15079899840731
2025-12-19,"CCR dam","Q_m3day_mod",11597.794022
2025-12-19,"CCR dam","DOC_mgL_mod",1.55007667543486
2025-12-20,"SMB","Q_m3day_mod",1530.386823
2025-12-20,"SMB","DOC_mgL_mod",0.865673292588197
2025-12-20,"CCS","Q_m3day_mod",2618.734733
2025-12-20,"CCS","DOC_mgL_mod",1.17423118930313
2025-12-20,"HPB","Q_m3day_mod",708.432683
2025-12-20,"HPB","DOC_mgL_mod",0.681838389999858
2025-12-20,"CCR dam","Q_m3day_mod",15009.388666
2025-12-20,"CCR dam","DOC_mgL_mod",0.846868602236514
2025-12-21,"SMB","Q_m3day_mod",1677.736681
2025-12-21,"SMB","DOC_mgL_mod",0.78192663655543
2025-12-21,"CCS","Q_m3day_mod",2770.889711
2025-12-21,"CCS","DOC_mgL_mod",1.09056379544945
2025-12-21,"HPB","Q_m3day_mod",922.119209
2025-12-21,"HPB","DOC_mgL_mod",0.514107064870828
2025-12-21,"CCR dam","Q_m3day_mod",16065.404144
2025-12-21,"CCR dam","DOC_mgL_mod",0.778713058685939
2025-12-22,"SMB","Q_m3day_mod",1483.859342
2025-12-22,"SMB","DOC_mgL_mod",0.875127421612446
2025-12-22,"CCS","Q_m3day_mod",2441.349271
2025-12-22,"CCS","DOC_mgL_mod",1.21794944923307
2025-12-22,"HPB","Q_m3day_mod",779.567876
2025-12-22,"HPB","DOC_mgL_mod",0.598012455813405
2025-12-22,"CCR dam","Q_m3day_mod",14361.737196
2025-12-22,"CCR dam","DOC_mgL_mod",0.857864186752523
2025-12-23,"SMB","Q_m3day_mod",1314.918759
2025-12-23,"SMB","DOC_mgL_mod",0.978079437377621
2025-12-23,"CCS","Q_m3day_mod",2157.041977
2025-12-23,"CCS","DOC_mgL_mod",1.35842558060705
2025-12-23,"HPB","Q_m3day_mod",658.308909
2025-12-23,"HPB","DOC_mgL_mod",0.700165824430609
2025-12-23,"CCR dam","Q_m3day_mod",12856.143384
2025-12-23,"CCR dam","DOC_mgL_mod",0.937677780959012
2025-12-24,"SMB","Q_m3day_mod",1170.014226
2025-12-24,"SMB","DOC_mgL_mod",1.08659960857604
2025-12-24,"CCS","Q_m3day_mod",1912.836546
2025-12-24,"CCS","DOC_mgL_mod",1.50598335546439
2025-12-24,"HPB","Q_m3day_mod",557.153643
2025-12-24,"HPB","DOC_mgL_mod",0.81244034870288
2025-12-24,"CCR dam","Q_m3day_mod",11541.610816
2025-12-24,"CCR dam","DOC_mgL_mod",1.02290487768254
2025-12-25,"SMB","Q_m3day_mod",1046.223674
2025-12-25,"SMB","DOC_mgL_mod",1.20673048352374
2025-12-25,"CCS","Q_m3day_mod",1709.800549
2025-12-25,"CCS","DOC_mgL_mod",1.66481055446193
2025-12-25,"HPB","Q_m3day_mod",472.956286
2025-12-25,"HPB","DOC_mgL_mod",0.95244235743174
2025-12-25,"CCR dam","Q_m3day_mod",10413.494894
2025-12-25,"CCR dam","DOC_mgL_mod",1.10651228211953
2025-12-26,"SMB","Q_m3day_mod",940.599158
2025-12-26,"SMB","DOC_mgL_mod",1.3304742932802
2025-12-26,"CCS","Q_m3day_mod",1531.197605
2025-12-26,"CCS","DOC_mgL_mod",1.83514524240651
2025-12-26,"HPB","Q_m3day_mod",403.152639
2025-12-26,"HPB","DOC_mgL_mod",1.1064714870935
2025-12-26,"CCR dam","Q_m3day_mod",9441.145008
2025-12-26,"CCR dam","DOC_mgL_mod",1.2704285327507
2025-12-27,"SMB","Q_m3day_mod",849.428944
2025-12-27,"SMB","DOC_mgL_mod",1.45824204455176
2025-12-27,"CCS","Q_m3day_mod",1371.184778
2025-12-27,"CCS","DOC_mgL_mod",2.02088080648165
2025-12-27,"HPB","Q_m3day_mod",344.735362
2025-12-27,"HPB","DOC_mgL_mod",1.27731833904524
2025-12-27,"CCR dam","Q_m3day_mod",8594.297904
2025-12-27,"CCR dam","DOC_mgL_mod",1.36645251667785
2025-12-28,"SMB","Q_m3day_mod",770.938068
2025-12-28,"SMB","DOC_mgL_mod",1.59276607417446
2025-12-28,"CCS","Q_m3day_mod",1242.253807
2025-12-28,"CCS","DOC_mgL_mod",2.20631161245457
2025-12-28,"HPB","Q_m3day_mod",295.904485
2025-12-28,"HPB","DOC_mgL_mod",1.48154158596143
2025-12-28,"CCR dam","Q_m3day_mod",7849.296766
2025-12-28,"CCR dam","DOC_mgL_mod",1.45621707788032
2025-12-29,"SMB","Q_m3day_mod",703.718072
2025-12-29,"SMB","DOC_mgL_mod",1.73024261909249
2025-12-29,"CCS","Q_m3day_mod",1141.936738
2025-12-29,"CCS","DOC_mgL_mod",2.37457900229146
2025-12-29,"HPB","Q_m3day_mod",255.498293
2025-12-29,"HPB","DOC_mgL_mod",1.70858988870035
2025-12-29,"CCR dam","Q_m3day_mod",7240.231678
2025-12-29,"CCR dam","DOC_mgL_mod",1.60087280566162
2025-12-30,"SMB","Q_m3day_mod",645.990471
2025-12-30,"SMB","DOC_mgL_mod",1.86739441857804
2025-12-30,"CCS","Q_m3day_mod",1041.367201
2025-12-30,"CCS","DOC_mgL_mod",2.56529396876981
2025-12-30,"HPB","Q_m3day_mod",221.932145
2025-12-30,"HPB","DOC_mgL_mod",1.9386655322058
2025-12-30,"CCR dam","Q_m3day_mod",6710.059768
2025-12-30,"CCR dam","DOC_mgL_mod",1.70268975166005
2025-12-31,"SMB","Q_m3day_mod",595.707975
2025-12-31,"SMB","DOC_mgL_mod",2.00240898235415
2025-12-31,"CCS","Q_m3day_mod",943.896289
2025-12-31,"CCS","DOC_mgL_mod",2.79038601030033
2025-12-31,"HPB","Q_m3day_mod",193.490044
2025-12-31,"HPB","DOC_mgL_mod",2.18909144493243
2025-12-31,"CCR dam","Q_m3day_mod",6190.984746
2025-12-31,"CCR dam","DOC_mgL_mod",1.8014710837732
2026-01-01,"SMB","Q_m3day_mod",551.634489
2026-01-01,"SMB","DOC_mgL_mod",2.13812954686377
2026-01-01,"CCS","Q_m3day_mod",869.966895
2026-01-01,"CCS","DOC_mgL_mod",2.98477219641789
2026-01-01,"HPB","Q_m3day_mod",169.3374
2026-01-01,"HPB","DOC_mgL_mod",2.46965525631077
2026-01-01,"CCR dam","Q_m3day_mod",5729.199201
2026-01-01,"CCR dam","DOC_mgL_mod",1.90591732228373
2026-01-02,"SMB","Q_m3day_mod",513.463416
2026-01-02,"SMB","DOC_mgL_mod",2.27292532171367
2026-01-02,"CCS","Q_m3day_mod",806.238148
2026-01-02,"CCS","DOC_mgL_mod",3.17951216567837
2026-01-02,"HPB","Q_m3day_mod",149.202535
2026-01-02,"HPB","DOC_mgL_mod",2.77152127475582
2026-01-02,"CCR dam","Q_m3day_mod",5318.858823
2026-01-02,"CCR dam","DOC_mgL_mod",2.01010599374579
2026-01-03,"SMB","Q_m3day_mod",480.769073
2026-01-03,"SMB","DOC_mgL_mod",2.40824143028851
2026-01-03,"CCS","Q_m3day_mod",751.531579
2026-01-03,"CCS","DOC_mgL_mod",3.37353621703234
2026-01-03,"HPB","Q_m3day_mod",132.406774
2026-01-03,"HPB","DOC_mgL_mod",3.09356528843456
2026-01-03,"CCR dam","Q_m3day_mod",4949.020647
2026-01-03,"CCR dam","DOC_mgL_mod",2.11207443766399
2026-01-04,"SMB","Q_m3day_mod",452.324834
2026-01-04,"SMB","DOC_mgL_mod",2.53258701245663
2026-01-04,"CCS","Q_m3day_mod",704.164241
2026-01-04,"CCS","DOC_mgL_mod",3.55517911055072
2026-01-04,"HPB","Q_m3day_mod",118.327811
2026-01-04,"HPB","DOC_mgL_mod",3.42242873063882
2026-01-04,"CCR dam","Q_m3day_mod",4628.741223
2026-01-04,"CCR dam","DOC_mgL_mod",2.23181843665577
2026-01-05,"SMB","Q_m3day_mod",427.294049
2026-01-05,"SMB","DOC_mgL_mod",2.65510835607261
2026-01-05,"CCS","Q_m3day_mod",663.094372
2026-01-05,"CCS","DOC_mgL_mod",3.73520286792602
2026-01-05,"HPB","Q_m3day_mod",106.596266
2026-01-05,"HPB","DOC_mgL_mod",3.77530766415401
2026-01-05,"CCR dam","Q_m3day_mod",4343.484135
2026-01-05,"CCR dam","DOC_mgL_mod",2.32183419728319
2026-01-06,"SMB","Q_m3day_mod",405.579323
2026-01-06,"SMB","DOC_mgL_mod",2.77192878493956
2026-01-06,"CCS","Q_m3day_mod",627.528054
2026-01-06,"CCS","DOC_mgL_mod",3.90200881760101
2026-01-06,"HPB","Q_m3day_mod",96.779403
2026-01-06,"HPB","DOC_mgL_mod",4.11559781992042
2026-01-06,"CCR dam","Q_m3day_mod",4081.626164
2026-01-06,"CCR dam","DOC_mgL_mod",2.44605669378985
2026-01-07,"SMB","Q_m3day_mod",386.307123
2026-01-07,"SMB","DOC_mgL_mod",2.87635907764507
2026-01-07,"CCS","Q_m3day_mod",595.736696
2026-01-07,"CCS","DOC_mgL_mod",4.04890451804567
2026-01-07,"HPB","Q_m3day_mod",88.200701
2026-01-07,"HPB","DOC_mgL_mod",4.42251587093395
2026-01-07,"CCR dam","Q_m3day_mod",3845.746738
2026-01-07,"CCR dam","DOC_mgL_mod",2.53336027142201
2026-01-08,"SMB","Q_m3day_mod",369.158423
2026-01-08,"SMB","DOC_mgL_mod",2.97834190282041
2026-01-08,"CCS","Q_m3day_mod",567.667638
2026-01-08,"CCS","DOC_mgL_mod",4.19630931999685
2026-01-08,"HPB","Q_m3day_mod",80.878541
2026-01-08,"HPB","DOC_mgL_mod",4.76176740131848
2026-01-08,"CCR dam","Q_m3day_mod",3629.482067
2026-01-08,"CCR dam","DOC_mgL_mod",2.6201633799118
2026-01-09,"SMB","Q_m3day_mod",354.619866
2026-01-09,"SMB","DOC_mgL_mod",3.07882638475759
2026-01-09,"CCS","Q_m3day_mod",644.971761
2026-01-09,"CCS","DOC_mgL_mod",4.62167366115119
2026-01-09,"HPB","Q_m3day_mod",75.028317
2026-01-09,"HPB","DOC_mgL_mod",5.11290690420258
2026-01-09,"CCR dam","Q_m3day_mod",3769.599621
2026-01-09,"CCR dam","DOC_mgL_mod",2.65058865783455
2026-01-10,"SMB","Q_m3day_mod",952.28161
2026-01-10,"SMB","DOC_mgL_mod",6.29247896533464
2026-01-10,"CCS","Q_m3day_mod",2310.723241
2026-01-10,"CCS","DOC_mgL_mod",5.74884510801525
2026-01-10,"HPB","Q_m3day_mod",171.210141
2026-01-10,"HPB","DOC_mgL_mod",2.51450233897068
2026-01-10,"CCR dam","Q_m3day_mod",10288.293294
2026-01-10,"CCR dam","DOC_mgL_mod",3.53751093208288
2026-01-11,"SMB","Q_m3day_mod",2895.205897
2026-01-11,"SMB","DOC_mgL_mod",0.600266461808744
2026-01-11,"CCS","Q_m3day_mod",5498.753303
2026-01-11,"CCS","DOC_mgL_mod",0.772163027878248
2026-01-11,"HPB","Q_m3day_mod",1518.807755
2026-01-11,"HPB","DOC_mgL_mod",0.380897383553325
2026-01-11,"CCR dam","Q_m3day_mod",27371.352107
2026-01-11,"CCR dam","DOC_mgL_mod",0.566662543354348
2026-01-12,"SMB","Q_m3day_mod",4001.080219
2026-01-12,"SMB","DOC_mgL_mod",0.483996794366697
2026-01-12,"CCS","Q_m3day_mod",6660.885413
2026-01-12,"CCS","DOC_mgL_mod",0.631737635328092
2026-01-12,"HPB","Q_m3day_mod",2564.069822
2026-01-12,"HPB","DOC_mgL_mod",0.233804904553024
2026-01-12,"CCR dam","Q_m3day_mod",36103.544522
2026-01-12,"CCR dam","DOC_mgL_mod",0.455110716067991
2026-01-13,"SMB","Q_m3day_mod",3518.147791
2026-01-13,"SMB","DOC_mgL_mod",0.535902159887404
2026-01-13,"CCS","Q_m3day_mod",5808.989583
2026-01-13,"CCS","DOC_mgL_mod",0.707141739765107
2026-01-13,"HPB","Q_m3day_mod",2163.017529
2026-01-13,"HPB","DOC_mgL_mod",0.270903814760532
2026-01-13,"CCR dam","Q_m3day_mod",31967.219353
2026-01-13,"CCR dam","DOC_mgL_mod",0.50017425111138
2026-01-14,"SMB","Q_m3day_mod",3064.10571
2026-01-14,"SMB","DOC_mgL_mod",0.599833417627096
2026-01-14,"CCS","Q_m3day_mod",5059.042341
2026-01-14,"CCS","DOC_mgL_mod",0.793188854633466
2026-01-14,"HPB","Q_m3day_mod",1812.380358
2026-01-14,"HPB","DOC_mgL_mod",0.317072295262648
2026-01-14,"CCR dam","Q_m3day_mod",28146.405365
2026-01-14,"CCR dam","DOC_mgL_mod",0.553533916603563
2026-01-15,"SMB","Q_m3day_mod",2676.697883
2026-01-15,"SMB","DOC_mgL_mod",0.670489191700833
2026-01-15,"CCS","Q_m3day_mod",4417.964987
2026-01-15,"CCS","DOC_mgL_mod",0.889821447559607
2026-01-15,"HPB","Q_m3day_mod",1520.450626
2026-01-15,"HPB","DOC_mgL_mod",0.372784943034382
2026-01-15,"CCR dam","Q_m3day_mod",24869.717007
2026-01-15,"CCR dam","DOC_mgL_mod",0.617083016894821
2026-01-16,"SMB","Q_m3day_mod",2345.508098
2026-01-16,"SMB","DOC_mgL_mod",0.746272418113817
2026-01-16,"CCS","Q_m3day_mod",3867.716369
2026-01-16,"CCS","DOC_mgL_mod",0.993377133544406
2026-01-16,"HPB","Q_m3day_mod",1277.197953
2026-01-16,"HPB","DOC_mgL_mod",0.43417380892091
2026-01-16,"CCR dam","Q_m3day_mod",22056.954858
2026-01-16,"CCR dam","DOC_mgL_mod",0.695968237629695
2026-01-17,"SMB","Q_m3day_mod",2062.299723
2026-01-17,"SMB","DOC_mgL_mod",0.830020477096287
2026-01-17,"CCS","Q_m3day_mod",3396.043145
2026-01-17,"CCS","DOC_mgL_mod",1.10976593614508
2026-01-17,"HPB","Q_m3day_mod",1074.445789
2026-01-17,"HPB","DOC_mgL_mod",0.508797656984442
2026-01-17,"CCR dam","Q_m3day_mod",19633.589178
2026-01-17,"CCR dam","DOC_mgL_mod",0.766666749697843
2026-01-18,"SMB","Q_m3day_mod",1835.37916
2026-01-18,"SMB","DOC_mgL_mod",0.912044789698931
2026-01-18,"CCS","Q_m3day_mod",3024.626528
2026-01-18,"CCS","DOC_mgL_mod",1.22220709425716
2026-01-18,"HPB","Q_m3day_mod",905.728013
2026-01-18,"HPB","DOC_mgL_mod",0.596123110084263
2026-01-18,"CCR dam","Q_m3day_mod",17679.767271
2026-01-18,"CCR dam","DOC_mgL_mod",0.839228241671349
2026-01-19,"SMB","Q_m3day_mod",1648.220288
2026-01-19,"SMB","DOC_mgL_mod",0.991963884866341
2026-01-19,"CCS","Q_m3day_mod",2716.478219
2026-01-19,"CCS","DOC_mgL_mod",1.33273109818371
2026-01-19,"HPB","Q_m3day_mod",781.806829
2026-01-19,"HPB","DOC_mgL_mod",0.677080808666101
2026-01-19,"CCR dam","Q_m3day_mod",16099.480317
2026-01-19,"CCR dam","DOC_mgL_mod",0.904165831031774
2026-01-20,"SMB","Q_m3day_mod",1472.335184
2026-01-20,"SMB","DOC_mgL_mod",1.08586211711422
2026-01-20,"CCS","Q_m3day_mod",2419.596075
2026-01-20,"CCS","DOC_mgL_mod",1.46576655361784
2026-01-20,"HPB","Q_m3day_mod",678.308756
2026-01-20,"HPB","DOC_mgL_mod",0.765305762911308
2026-01-20,"CCR dam","Q_m3day_mod",14567.314673
2026-01-20,"CCR dam","DOC_mgL_mod",0.972376880569085
2026-01-21,"SMB","Q_m3day_mod",1315.064086
2026-01-21,"SMB","DOC_mgL_mod",1.2004715335219
2026-01-21,"CCS","Q_m3day_mod",2152.375168
2026-01-21,"CCS","DOC_mgL_mod",1.6151194511458
2026-01-21,"HPB","Q_m3day_mod",575.085125
2026-01-21,"HPB","DOC_mgL_mod",0.88584711698116
2026-01-21,"CCR dam","Q_m3day_mod",13093.312166
2026-01-21,"CCR dam","DOC_mgL_mod",1.0574199885001
2026-01-22,"SMB","Q_m3day_mod",1181.903461
2026-01-22,"SMB","DOC_mgL_mod",1.32393977311485
2026-01-22,"CCS","Q_m3day_mod",1926.620191
2026-01-22,"CCS","DOC_mgL_mod",1.77368897926182
2026-01-22,"HPB","Q_m3day_mod",488.998126
2026-01-22,"HPB","DOC_mgL_mod",1.02914034480369
2026-01-22,"CCR dam","Q_m3day_mod",11821.712751
2026-01-22,"CCR dam","DOC_mgL_mod",1.14738788580805
2026-01-23,"SMB","Q_m3day_mod",1067.858551
2026-01-23,"SMB","DOC_mgL_mod",1.45006096411359
2026-01-23,"CCS","Q_m3day_mod",1729.543206
2026-01-23,"CCS","DOC_mgL_mod",1.93668651258892
2026-01-23,"HPB","Q_m3day_mod",417.246243
2026-01-23,"HPB","DOC_mgL_mod",1.18216930236086
2026-01-23,"CCR dam","Q_m3day_mod",10714.959137
2026-01-23,"CCR dam","DOC_mgL_mod",1.28272631041019
2026-01-24,"SMB","Q_m3day_mod",969.715483
2026-01-24,"SMB","DOC_mgL_mod",1.58250850574488
2026-01-24,"CCS","Q_m3day_mod",1568.447123
2026-01-24,"CCS","DOC_mgL_mod",2.10018874828208
2026-01-24,"HPB","Q_m3day_mod",357.305736
2026-01-24,"HPB","DOC_mgL_mod",1.36279592220148
2026-01-24,"CCR dam","Q_m3day_mod",9771.287677
2026-01-24,"CCR dam","DOC_mgL_mod",1.37523532662235
2026-01-25,"SMB","Q_m3day_mod",885.9997
2026-01-25,"SMB","DOC_mgL_mod",1.71887191383925
2026-01-25,"CCS","Q_m3day_mod",1457.156389
2026-01-25,"CCS","DOC_mgL_mod",2.22455463563836
2026-01-25,"HPB","Q_m3day_mod",307.712531
2026-01-25,"HPB","DOC_mgL_mod",1.56500386394729
2026-01-25,"CCR dam","Q_m3day_mod",9076.254325
2026-01-25,"CCR dam","DOC_mgL_mod",1.48137320953707
2026-01-26,"SMB","Q_m3day_mod",827.295252
2026-01-26,"SMB","DOC_mgL_mod",1.81923684000546
2026-01-26,"CCS","Q_m3day_mod",1349.252807
2026-01-26,"CCS","DOC_mgL_mod",2.36483480593567
2026-01-26,"HPB","Q_m3day_mod",278.08058
2026-01-26,"HPB","DOC_mgL_mod",1.71323146693667
2026-01-26,"CCR dam","Q_m3day_mod",8719.678773
2026-01-26,"CCR dam","DOC_mgL_mod",1.51473240515439
2026-01-27,"SMB","Q_m3day_mod",775.955959
2026-01-27,"SMB","DOC_mgL_mod",1.91995819185403
2026-01-27,"CCS","Q_m3day_mod",1231.052655
2026-01-27,"CCS","DOC_mgL_mod",2.55213535118853
2026-01-27,"HPB","Q_m3day_mod",253.125918
2026-01-27,"HPB","DOC_mgL_mod",1.86085922659251
2026-01-27,"CCR dam","Q_m3day_mod",8337.723059
2026-01-27,"CCR dam","DOC_mgL_mod",1.56362113586004
2026-01-28,"SMB","Q_m3day_mod",717.954386
2026-01-28,"SMB","DOC_mgL_mod",2.05589662627954
2026-01-28,"CCS","Q_m3day_mod",1128.806978
2026-01-28,"CCS","DOC_mgL_mod",2.74074847187913
2026-01-28,"HPB","Q_m3day_mod",220.520354
2026-01-28,"HPB","DOC_mgL_mod",2.11377404191905
2026-01-28,"CCR dam","Q_m3day_mod",7765.552683
2026-01-28,"CCR dam","DOC_mgL_mod",1.65654790136977
2026-01-29,"SMB","Q_m3day_mod",667.490266
2026-01-29,"SMB","DOC_mgL_mod",2.18835550779403
2026-01-29,"CCS","Q_m3day_mod",1041.394081
2026-01-29,"CCS","DOC_mgL_mod",2.92693808771513
2026-01-29,"HPB","Q_m3day_mod",193.071473
2026-01-29,"HPB","DOC_mgL_mod",2.38992686402719
2026-01-29,"CCR dam","Q_m3day_mod",7245.198216
2026-01-29,"CCR dam","DOC_mgL_mod",1.75160563198593
2026-01-30,"SMB","Q_m3day_mod",623.318043
2026-01-30,"SMB","DOC_mgL_mod",2.31658944613609
2026-01-30,"CCS","Q_m3day_mod",965.765936
2026-01-30,"CCS","DOC_mgL_mod",3.10961371493227
2026-01-30,"HPB","Q_m3day_mod",170.112539
2026-01-30,"HPB","DOC_mgL_mod",2.68482442672847
2026-01-30,"CCR dam","Q_m3day_mod",6783.65141
2026-01-30,"CCR dam","DOC_mgL_mod",1.84529971300515
2026-01-31,"SMB","Q_m3day_mod",584.768591
2026-01-31,"SMB","DOC_mgL_mod",2.44196597077492
2026-01-31,"CCS","Q_m3day_mod",900.289483
2026-01-31,"CCS","DOC_mgL_mod",3.28931200010475
2026-01-31,"HPB","Q_m3day_mod",150.881179
2026-01-31,"HPB","DOC_mgL_mod",2.9947916830634
2026-01-31,"CCR dam","Q_m3day_mod",6374.663335
2026-01-31,"CCR dam","DOC_mgL_mod",1.93828589066971
2026-02-01,"SMB","Q_m3day_mod",551.276313
2026-02-01,"SMB","DOC_mgL_mod",2.56270760539643
2026-02-01,"CCS","Q_m3day_mod",843.560402
2026-02-01,"CCS","DOC_mgL_mod",3.46192399865635
2026-02-01,"HPB","Q_m3day_mod",134.775946
2026-02-01,"HPB","DOC_mgL_mod",3.31947809143925
2026-02-01,"CCR dam","Q_m3day_mod",6018.792127
2026-02-01,"CCR dam","DOC_mgL_mod",2.02623046994625
2026-02-02,"SMB","Q_m3day_mod",522.02178
2026-02-02,"SMB","DOC_mgL_mod",2.67632702987986
2026-02-02,"CCS","Q_m3day_mod",794.158401
2026-02-02,"CCS","DOC_mgL_mod",3.62666565810213
2026-02-02,"HPB","Q_m3day_mod",121.272877
2026-02-02,"HPB","DOC_mgL_mod",3.65138034945769
2026-02-02,"CCR dam","Q_m3day_mod",5701.471531
2026-02-02,"CCR dam","DOC_mgL_mod",2.11127249071587
2026-02-03,"SMB","Q_m3day_mod",496.399007
2026-02-03,"SMB","DOC_mgL_mod",2.78457849533934
2026-02-03,"CCS","Q_m3day_mod",751.166174
2026-02-03,"CCS","DOC_mgL_mod",3.78390574333822
2026-02-03,"HPB","Q_m3day_mod",109.943538
2026-02-03,"HPB","DOC_mgL_mod",3.98920580489233
2026-02-03,"CCR dam","Q_m3day_mod",5410.350234
2026-02-03,"CCR dam","DOC_mgL_mod",2.1961443319013
2026-02-04,"SMB","Q_m3day_mod",473.81201
2026-02-04,"SMB","DOC_mgL_mod",2.8846672755298
2026-02-04,"CCS","Q_m3day_mod",723.394535
2026-02-04,"CCS","DOC_mgL_mod",3.87615590709432
2026-02-04,"HPB","Q_m3day_mod",100.433732
2026-02-04,"HPB","DOC_mgL_mod",4.32363003298533
2026-02-04,"CCR dam","Q_m3day_mod",5176.478068
2026-02-04,"CCR dam","DOC_mgL_mod",2.26594604399278
2026-02-05,"SMB","Q_m3day_mod",453.985693
2026-02-05,"SMB","DOC_mgL_mod",2.97733391347203
2026-02-05,"CCS","Q_m3day_mod",695.098204
2026-02-05,"CCS","DOC_mgL_mod",3.98291778639094
2026-02-05,"HPB","Q_m3day_mod",92.733431
2026-02-05,"HPB","DOC_mgL_mod",4.64320898468644
2026-02-05,"CCR dam","Q_m3day_mod",5007.126461
2026-02-05,"CCR dam","DOC_mgL_mod",2.31454110261986
2026-02-06,"SMB","Q_m3day_mod",436.459246
2026-02-06,"SMB","DOC_mgL_mod",3.0607187549419
2026-02-06,"CCS","Q_m3day_mod",687.047112
2026-02-06,"CCS","DOC_mgL_mod",3.97858742472962
2026-02-06,"HPB","Q_m3day_mod",86.385595
2026-02-06,"HPB","DOC_mgL_mod",4.9384356269121
2026-02-06,"CCR dam","Q_m3day_mod",4940.303283
2026-02-06,"CCR dam","DOC_mgL_mod",2.31726056968879
2026-02-07,"SMB","Q_m3day_mod",445.714911
2026-02-07,"SMB","DOC_mgL_mod",2.96404712383517
2026-02-07,"CCS","Q_m3day_mod",703.162003
2026-02-07,"CCS","DOC_mgL_mod",3.83860616541306
2026-02-07,"HPB","Q_m3day_mod",100.007431
2026-02-07,"HPB","DOC_mgL_mod",4.22645493213399
2026-02-07,"CCR dam","Q_m3day_mod",5067.058496
2026-02-07,"CCR dam","DOC_mgL_mod",2.23206422600573
2026-02-08,"SMB","Q_m3day_mod",453.632171
2026-02-08,"SMB","DOC_mgL_mod",2.88082742703008
2026-02-08,"CCS","Q_m3day_mod",689.807047
2026-02-08,"CCS","DOC_mgL_mod",3.86552444135874
2026-02-08,"HPB","Q_m3day_mod",111.518768
2026-02-08,"HPB","DOC_mgL_mod",3.75539568371128
2026-02-08,"CCR dam","Q_m3day_mod",5062.207494
2026-02-08,"CCR dam","DOC_mgL_mod",2.20926937768861
2026-02-09,"SMB","Q_m3day_mod",434.855573
2026-02-09,"SMB","DOC_mgL_mod",2.972970982253
2026-02-09,"CCS","Q_m3day_mod",657.714755
2026-02-09,"CCS","DOC_mgL_mod",4.00553428362725
2026-02-09,"HPB","Q_m3day_mod",101.753872
2026-02-09,"HPB","DOC_mgL_mod",4.08281662244755
2026-02-09,"CCR dam","Q_m3day_mod",4820.45868
2026-02-09,"CCR dam","DOC_mgL_mod",2.29282123003282
2026-02-10,"SMB","Q_m3day_mod",417.925372
2026-02-10,"SMB","DOC_mgL_mod",3.06243670700136
2026-02-10,"CCS","Q_m3day_mod",629.520467
2026-02-10,"CCS","DOC_mgL_mod",4.13749057661695
2026-02-10,"HPB","Q_m3day_mod",93.218618
2026-02-10,"HPB","DOC_mgL_mod",4.41820216643847
2026-02-10,"CCR dam","Q_m3day_mod",4599.806946
2026-02-10,"CCR dam","DOC_mgL_mod",2.37529099117979
2026-02-11,"SMB","Q_m3day_mod",402.828858
2026-02-11,"SMB","DOC_mgL_mod",3.14172377392088
2026-02-11,"CCS","Q_m3day_mod",604.701742
2026-02-11,"CCS","DOC_mgL_mod",4.25618585368653
2026-02-11,"HPB","Q_m3day_mod",86.042306
2026-02-11,"HPB","DOC_mgL_mod",4.75032828618052
2026-02-11,"CCR dam","Q_m3day_mod",4400.698054
2026-02-11,"CCR dam","DOC_mgL_mod",2.45387433254697
2026-02-12,"SMB","Q_m3day_mod",650.863165
2026-02-12,"SMB","DOC_mgL_mod",6.03384583916344
2026-02-12,"CCS","Q_m3day_mod",1337.185587
2026-02-12,"CCS","DOC_mgL_mod",2.66627312966992
2026-02-12,"HPB","Q_m3day_mod",80.769546
2026-02-12,"HPB","DOC_mgL_mod",5.1670217386142
2026-02-12,"CCR dam","Q_m3day_mod",7312.406688
2026-02-12,"CCR dam","DOC_mgL_mod",2.80783617159779
2026-02-13,"SMB","Q_m3day_mod",1683.297253
2026-02-13,"SMB","DOC_mgL_mod",0.865604097792703
2026-02-13,"CCS","Q_m3day_mod",3186.899761
2026-02-13,"CCS","DOC_mgL_mod",0.886706270018764
2026-02-13,"HPB","Q_m3day_mod",878.479447
2026-02-13,"HPB","DOC_mgL_mod",0.499323577231056
2026-02-13,"CCR dam","Q_m3day_mod",16448.105518
2026-02-13,"CCR dam","DOC_mgL_mod",0.703721774360762
2026-02-14,"SMB","Q_m3day_mod",2430.046173
2026-02-14,"SMB","DOC_mgL_mod",0.592448002015804
2026-02-14,"CCS","Q_m3day_mod",4061.754555
2026-02-14,"CCS","DOC_mgL_mod",0.686655966586341
2026-02-14,"HPB","Q_m3day_mod",1558.769621
2026-02-14,"HPB","DOC_mgL_mod",0.276384075103809
2026-02-14,"CCR dam","Q_m3day_mod",21467.738026
2026-02-14,"CCR dam","DOC_mgL_mod",0.540072735467431
2026-02-15,"SMB","Q_m3day_mod",2575.712265
2026-02-15,"SMB","DOC_mgL_mod",1.82964419746629
2026-02-15,"CCS","Q_m3day_mod",4394.280553
2026-02-15,"CCS","DOC_mgL_mod",1.18064286916275
2026-02-15,"HPB","Q_m3day_mod",1320.34684
2026-02-15,"HPB","DOC_mgL_mod",0.358523976927153
2026-02-15,"CCR dam","Q_m3day_mod",22313.1812
2026-02-15,"CCR dam","DOC_mgL_mod",1.07565881282764
2026-02-16,"SMB","Q_m3day_mod",3341.53113
2026-02-16,"SMB","DOC_mgL_mod",0.709381091416018
2026-02-16,"CCS","Q_m3day_mod",5780.520343
2026-02-16,"CCS","DOC_mgL_mod",0.845045378296318
2026-02-16,"HPB","Q_m3day_mod",1786.853222
2026-02-16,"HPB","DOC_mgL_mod",0.339375328949095
2026-02-16,"CCR dam","Q_m3day_mod",29453.155081
2026-02-16,"CCR dam","DOC_mgL_mod",0.606802563285631
2026-02-17,"SMB","Q_m3day_mod",3795.896899
2026-02-17,"SMB","DOC_mgL_mod",0.556698471066666
2026-02-17,"CCS","Q_m3day_mod",6302.725008
2026-02-17,"CCS","DOC_mgL_mod",0.720253698874371
2026-02-17,"HPB","Q_m3day_mod",2276.190869
2026-02-17,"HPB","DOC_mgL_mod",0.276908456397116
2026-02-17,"CCR dam","Q_m3day_mod",33291.824406
2026-02-17,"CCR dam","DOC_mgL_mod",0.502227507753724
2026-02-18,"SMB","Q_m3day_mod",3434.734503
2026-02-18,"SMB","DOC_mgL_mod",0.6024989699182
2026-02-18,"CCS","Q_m3day_mod",5619.990098
2026-02-18,"CCS","DOC_mgL_mod",0.792024349221549
2026-02-18,"HPB","Q_m3day_mod",2009.719942
2026-02-18,"HPB","DOC_mgL_mod",0.30729122356492
2026-02-18,"CCR dam","Q_m3day_mod",30056.854713
2026-02-18,"CCR dam","DOC_mgL_mod",0.543183914481199
2026-02-19,"SMB","Q_m3day_mod",3153.47083
2026-02-19,"SMB","DOC_mgL_mod",0.674085195200616
2026-02-19,"CCS","Q_m3day_mod",5244.958991
2026-02-19,"CCS","DOC_mgL_mod",1.05747023180109
2026-02-19,"HPB","Q_m3day_mod",1688.266089
2026-02-19,"HPB","DOC_mgL_mod",0.375765114358108
2026-02-19,"CCR dam","Q_m3day_mod",27913.824956
2026-02-19,"CCR dam","DOC_mgL_mod",0.678359917705575
2026-02-20,"SMB","Q_m3day_mod",3186.277463
2026-02-20,"SMB","DOC_mgL_mod",0.733830316773012
2026-02-20,"CCS","Q_m3day_mod",5323.144033
2026-02-20,"CCS","DOC_mgL_mod",0.970831705466272
2026-02-20,"HPB","Q_m3day_mod",1657.979086
2026-02-20,"HPB","DOC_mgL_mod",0.418572047054157
2026-02-20,"CCR dam","Q_m3day_mod",28376.343547
2026-02-20,"CCR dam","DOC_mgL_mod",0.667139864889373
2026-02-21,"SMB","Q_m3day_mod",3126.183938
2026-02-21,"SMB","DOC_mgL_mod",0.745548581345184
2026-02-21,"CCS","Q_m3day_mod",5142.539831
2026-02-21,"CCS","DOC_mgL_mod",0.963269933300007
2026-02-21,"HPB","Q_m3day_mod",1695.18311
2026-02-21,"HPB","DOC_mgL_mod",0.412428601887144
2026-02-21,"CCR dam","Q_m3day_mod",27819.203907
2026-02-21,"CCR dam","DOC_mgL_mod",0.660691803455064
2026-02-22,"SMB","Q_m3day_mod",2894.849894
2026-02-22,"SMB","DOC_mgL_mod",0.811563668592759
2026-02-22,"CCS","Q_m3day_mod",4787.676469
2026-02-22,"CCS","DOC_mgL_mod",1.15205884017306
2026-02-22,"HPB","Q_m3day_mod",1490.813855
2026-02-22,"HPB","DOC_mgL_mod",0.474616597925299
2026-02-22,"CCR dam","Q_m3day_mod",25905.186511
2026-02-22,"CCR dam","DOC_mgL_mod",0.737834487000656
2026-02-23,"SMB","Q_m3day_mod",2769.232571
2026-02-23,"SMB","DOC_mgL_mod",0.87440940329746
2026-02-23,"CCS","Q_m3day_mod",4575.830985
2026-02-23,"CCS","DOC_mgL_mod",1.12126103801013
2026-02-23,"HPB","Q_m3day_mod",1393.375406
2026-02-23,"HPB","DOC_mgL_mod",0.525486524914306
2026-02-23,"CCR dam","Q_m3day_mod",24868.741899
2026-02-23,"CCR dam","DOC_mgL_mod",0.769707212280397
2026-02-24,"SMB","Q_m3day_mod",2574.727412
2026-02-24,"SMB","DOC_mgL_mod",0.919824750753071
2026-02-24,"CCS","Q_m3day_mod",4202.328148
2026-02-24,"CCS","DOC_mgL_mod",1.19440815263054
2026-02-24,"HPB","Q_m3day_mod",1311.301833
2026-02-24,"HPB","DOC_mgL_mod",0.544651492148109
2026-02-24,"CCR dam","Q_m3day_mod",23154.572306
2026-02-24,"CCR dam","DOC_mgL_mod",0.80710452143214
2026-02-25,"SMB","Q_m3day_mod",2281.616688
2026-02-25,"SMB","DOC_mgL_mod",1.01749606417675
2026-02-25,"CCS","Q_m3day_mod",3714.791571
2026-02-25,"CCS","DOC_mgL_mod",1.32628760075325
2026-02-25,"HPB","Q_m3day_mod",1107.138251
2026-02-25,"HPB","DOC_mgL_mod",0.634288445337077
2026-02-25,"CCR dam","Q_m3day_mod",20657.414033
2026-02-25,"CCR dam","DOC_mgL_mod",0.885347022177294
2026-02-26,"SMB","Q_m3day_mod",2062.61275
2026-02-26,"SMB","DOC_mgL_mod",1.10407491663183
2026-02-26,"CCS","Q_m3day_mod",3353.257161
2026-02-26,"CCS","DOC_mgL_mod",1.44434374325042
2026-02-26,"HPB","Q_m3day_mod",936.450526
2026-02-26,"HPB","DOC_mgL_mod",0.738077859758712
2026-02-26,"CCR dam","Q_m3day_mod",18793.735009
2026-02-26,"CCR dam","DOC_mgL_mod",0.979766927179834
2026-02-27,"SMB","Q_m3day_mod",1911.173906
2026-02-27,"SMB","DOC_mgL_mod",1.17159092271533
2026-02-27,"CCS","Q_m3day_mod",3101.980514
2026-02-27,"CCS","DOC_mgL_mod",1.53501737954502
2026-02-27,"HPB","Q_m3day_mod",841.934581
2026-02-27,"HPB","DOC_mgL_mod",0.808458893791417
2026-02-27,"CCR dam","Q_m3day_mod",17500.490817
2026-02-27,"CCR dam","DOC_mgL_mod",1.03899485963771
2026-02-28,"SMB","Q_m3day_mod",1747.999587
2026-02-28,"SMB","DOC_mgL_mod",1.25545967877852
2026-02-28,"CCS","Q_m3day_mod",2828.058092
2026-02-28,"CCS","DOC_mgL_mod",1.65336136949481
2026-02-28,"HPB","Q_m3day_mod",763.205942
2026-02-28,"HPB","DOC_mgL_mod",0.875637050530196
2026-02-28,"CCR dam","Q_m3day_mod",16058.204647
2026-02-28,"CCR dam","DOC_mgL_mod",1.11535569471934
2026-03-01,"SMB","Q_m3day_mod",1570.522967
2026-03-01,"SMB","DOC_mgL_mod",1.37068928327235
2026-03-01,"CCS","Q_m3day_mod",2528.423356
2026-03-01,"CCS","DOC_mgL_mod",1.81200351164609
2026-03-01,"HPB","Q_m3day_mod",649.244738
2026-03-01,"HPB","DOC_mgL_mod",1.0031284997492
2026-03-01,"CCR dam","Q_m3day_mod",14453.285771
2026-03-01,"CCR dam","DOC_mgL_mod",1.19697903121188
2026-03-02,"SMB","Q_m3day_mod",1476.459813
2026-03-02,"SMB","DOC_mgL_mod",1.4369615625969
2026-03-02,"CCS","Q_m3day_mod",2381.364836
2026-03-02,"CCS","DOC_mgL_mod",1.95399038805661
2026-03-02,"HPB","Q_m3day_mod",553.766011
2026-03-02,"HPB","DOC_mgL_mod",1.16007408768177
2026-03-02,"CCR dam","Q_m3day_mod",13595.735885
2026-03-02,"CCR dam","DOC_mgL_mod",1.24580016435057
2026-03-03,"SMB","Q_m3day_mod",1555.825037
2026-03-03,"SMB","DOC_mgL_mod",1.37634627871077
2026-03-03,"CCS","Q_m3day_mod",2546.768627
2026-03-03,"CCS","DOC_mgL_mod",1.93851257144452
2026-03-03,"HPB","Q_m3day_mod",567.508031
2026-03-03,"HPB","DOC_mgL_mod",1.13860908516377
2026-03-03,"CCR dam","Q_m3day_mod",14286.123461
2026-03-03,"CCR dam","DOC_mgL_mod",1.31507473327442
2026-03-04,"SMB","Q_m3day_mod",1684.696259
2026-03-04,"SMB","DOC_mgL_mod",1.28784995420352
2026-03-04,"CCS","Q_m3day_mod",2753.454548
2026-03-04,"CCS","DOC_mgL_mod",1.67273907003313
2026-03-04,"HPB","Q_m3day_mod",710.246218
2026-03-04,"HPB","DOC_mgL_mod",0.925805422592197
2026-03-04,"CCR dam","Q_m3day_mod",15257.411282
2026-03-04,"CCR dam","DOC_mgL_mod",1.16162628590273
2026-03-05,"SMB","Q_m3day_mod",1635.766723
2026-03-05,"SMB","DOC_mgL_mod",1.30323350513593
2026-03-05,"CCS","Q_m3day_mod",2639.767023
2026-03-05,"CCS","DOC_mgL_mod",1.71419445753111
2026-03-05,"HPB","Q_m3day_mod",737.103034
2026-03-05,"HPB","DOC_mgL_mod",0.875472179917794
2026-03-05,"CCR dam","Q_m3day_mod",14670.047205
2026-03-05,"CCR dam","DOC_mgL_mod",1.17682852404973
2026-03-06,"SMB","Q_m3day_mod",1473.034676
2026-03-06,"SMB","DOC_mgL_mod",1.4215184707573
2026-03-06,"CCS","Q_m3day_mod",2366.301399
2026-03-06,"CCS","DOC_mgL_mod",1.87873362280846
2026-03-06,"HPB","Q_m3day_mod",627.831011
2026-03-06,"HPB","DOC_mgL_mod",1.00719682354142
2026-03-06,"CCR dam","Q_m3day_mod",13221.374727
2026-03-06,"CCR dam","DOC_mgL_mod",1.26296019474435
2026-03-07,"SMB","Q_m3day_mod",1332.954644
2026-03-07,"SMB","DOC_mgL_mod",1.55339569078391
2026-03-07,"CCS","Q_m3day_mod",2137.089315
2026-03-07,"CCS","DOC_mgL_mod",2.05007107997262
2026-03-07,"HPB","Q_m3day_mod",535.701817
2026-03-07,"HPB","DOC_mgL_mod",1.16536621715435
2026-03-07,"CCR dam","Q_m3day_mod",11965.77458
2026-03-07,"CCR dam","DOC_mgL_mod",1.35853386601237
2026-03-08,"SMB","Q_m3day_mod",1218.688709
2026-03-08,"SMB","DOC_mgL_mod",1.72097188109749
2026-03-08,"CCS","Q_m3day_mod",1954.155605
2026-03-08,"CCS","DOC_mgL_mod",2.21125686661989
2026-03-08,"HPB","Q_m3day_mod",459.26468
2026-03-08,"HPB","DOC_mgL_mod",1.34338242601195
2026-03-08,"CCR dam","Q_m3day_mod",10956.37908
2026-03-08,"CCR dam","DOC_mgL_mod",1.56433159850106
2026-03-09,"SMB","Q_m3day_mod",1120.419121
2026-03-09,"SMB","DOC_mgL_mod",1.81688080990899
2026-03-09,"CCS","Q_m3day_mod",1781.003501
2026-03-09,"CCS","DOC_mgL_mod",2.38471007924201
2026-03-09,"HPB","Q_m3day_mod",398.349372
2026-03-09,"HPB","DOC_mgL_mod",1.51647960926119
2026-03-09,"CCR dam","Q_m3day_mod",10085.436468
2026-03-09,"CCR dam","DOC_mgL_mod",1.65963169299695
2026-03-10,"SMB","Q_m3day_mod",1031.062057
2026-03-10,"SMB","DOC_mgL_mod",1.95644092060697
2026-03-10,"CCS","Q_m3day_mod",1618.867163
2026-03-10,"CCS","DOC_mgL_mod",2.58823583291126
2026-03-10,"HPB","Q_m3day_mod",347.244121
2026-03-10,"HPB","DOC_mgL_mod",1.71973048321241
2026-03-10,"CCR dam","Q_m3day_mod",9250.642754
2026-03-10,"CCR dam","DOC_mgL_mod",1.75771029455971
2026-03-11,"SMB","Q_m3day_mod",954.005261
2026-03-11,"SMB","DOC_mgL_mod",2.09569808651192
2026-03-11,"CCS","Q_m3day_mod",1485.815085
2026-03-11,"CCS","DOC_mgL_mod",2.76722725560429
2026-03-11,"HPB","Q_m3day_mod",301.131779
2026-03-11,"HPB","DOC_mgL_mod",1.92910659223383
2026-03-11,"CCR dam","Q_m3day_mod",8494.803534
2026-03-11,"CCR dam","DOC_mgL_mod",1.92197970614066
2026-03-12,"SMB","Q_m3day_mod",1158.702345
2026-03-12,"SMB","DOC_mgL_mod",4.09759937095838
2026-03-12,"CCS","Q_m3day_mod",1934.936202
2026-03-12,"CCS","DOC_mgL_mod",2.87013855767426
2026-03-12,"HPB","Q_m3day_mod",265.030061
2026-03-12,"HPB","DOC_mgL_mod",2.32561203689268
2026-03-12,"CCR dam","Q_m3day_mod",10425.902897
2026-03-12,"CCR dam","DOC_mgL_mod",2.74835861057608
2026-03-13,"SMB","Q_m3day_mod",1817.71987
2026-03-13,"SMB","DOC_mgL_mod",1.31690808881349
2026-03-13,"CCS","Q_m3day_mod",3045.44054
2026-03-13,"CCS","DOC_mgL_mod",1.65495662574978
2026-03-13,"HPB","Q_m3day_mod",720.864706
2026-03-13,"HPB","DOC_mgL_mod",0.976713930006167
2026-03-13,"CCR dam","Q_m3day_mod",15938.821362
2026-03-13,"CCR dam","DOC_mgL_mod",1.1829381590882
2026-03-14,"SMB","Q_m3day_mod",2122.538184
2026-03-14,"SMB","DOC_mgL_mod",1.12329616398552
2026-03-14,"CCS","Q_m3day_mod",3441.121757
2026-03-14,"CCS","DOC_mgL_mod",1.4363002384167
2026-03-14,"HPB","Q_m3day_mod",1104.700808
2026-03-14,"HPB","DOC_mgL_mod",0.625513256617442
2026-03-14,"CCR dam","Q_m3day_mod",18182.664887
2026-03-14,"CCR dam","DOC_mgL_mod",1.01194462496833
2026-03-15,"SMB","Q_m3day_mod",1899.019456
2026-03-15,"SMB","DOC_mgL_mod",1.23128280366602
2026-03-15,"CCS","Q_m3day_mod",3061.70061
2026-03-15,"CCS","DOC_mgL_mod",1.58467747765841
2026-03-15,"HPB","Q_m3day_mod",937.405943
2026-03-15,"HPB","DOC_mgL_mod",0.723079904775044
2026-03-15,"CCR dam","Q_m3day_mod",16281.477326
2026-03-15,"CCR dam","DOC_mgL_mod",1.09345298608562
2026-03-16,"SMB","Q_m3day_mod",2099.287301
2026-03-16,"SMB","DOC_mgL_mod",1.25812555467843
2026-03-16,"CCS","Q_m3day_mod",4004.090721
2026-03-16,"CCS","DOC_mgL_mod",3.1119150059837
2026-03-16,"HPB","Q_m3day_mod",800.024351
2026-03-16,"HPB","DOC_mgL_mod",0.951024926990004
2026-03-16,"CCR dam","Q_m3day_mod",18688.401756
2026-03-16,"CCR dam","DOC_mgL_mod",1.4332349202307
2026-03-17,"SMB","Q_m3day_mod",2977.134527
2026-03-17,"SMB","DOC_mgL_mod",1.20545106962847
2026-03-17,"CCS","Q_m3day_mod",5437.325267
2026-03-17,"CCS","DOC_mgL_mod",1.29305470148545
2026-03-17,"HPB","Q_m3day_mod",1330.109093
2026-03-17,"HPB","DOC_mgL_mod",0.747174953716372
2026-03-17,"CCR dam","Q_m3day_mod",26104.96021
2026-03-17,"CCR dam","DOC_mgL_mod",0.993804617639752
2026-03-18,"SMB","Q_m3day_mod",3388.103672
2026-03-18,"SMB","DOC_mgL_mod",1.04949326946097
2026-03-18,"CCS","Q_m3day_mod",5471.181225
2026-03-18,"CCS","DOC_mgL_mod",1.26196258468846
2026-03-18,"HPB","Q_m3day_mod",1821.390766
2026-03-18,"HPB","DOC_mgL_mod",0.571192639943361
2026-03-18,"CCR dam","Q_m3day_mod",28872.810713
2026-03-18,"CCR dam","DOC_mgL_mod",0.897342841247338
2026-03-19,"SMB","Q_m3day_mod",3045.110938
2026-03-19,"SMB","DOC_mgL_mod",1.13794540512731
2026-03-19,"CCS","Q_m3day_mod",4892.787613
2026-03-19,"CCS","DOC_mgL_mod",1.38260691758336
2026-03-19,"HPB","Q_m3day_mod",1589.111689
2026-03-19,"HPB","DOC_mgL_mod",0.654639952119816
2026-03-19,"CCR dam","Q_m3day_mod",26024.280518
2026-03-19,"CCR dam","DOC_mgL_mod",0.972028793745267
2026-03-20,"SMB","Q_m3day_mod",2710.031047
2026-03-20,"SMB","DOC_mgL_mod",1.24703737388585
2026-03-20,"CCS","Q_m3day_mod",4352.218689
2026-03-20,"CCS","DOC_mgL_mod",1.52496220301948
2026-03-20,"HPB","Q_m3day_mod",1345.332919
2026-03-20,"HPB","DOC_mgL_mod",0.769171693776119
2026-03-20,"CCR dam","Q_m3day_mod",23258.310931
2026-03-20,"CCR dam","DOC_mgL_mod",1.06703965191736
2026-03-21,"SMB","Q_m3day_mod",2461.317498
2026-03-21,"SMB","DOC_mgL_mod",1.34133528188975
2026-03-21,"CCS","Q_m3day_mod",3968.549392
2026-03-21,"CCS","DOC_mgL_mod",1.69750413427638
2026-03-21,"HPB","Q_m3day_mod",1143.183752
2026-03-21,"HPB","DOC_mgL_mod",0.900667979402842
2026-03-21,"CCR dam","Q_m3day_mod",21265.664211
2026-03-21,"CCR dam","DOC_mgL_mod",1.1902651969322
2026-03-22,"SMB","Q_m3day_mod",2287.996334
2026-03-22,"SMB","DOC_mgL_mod",1.4069550515285
2026-03-22,"CCS","Q_m3day_mod",3683.113403
2026-03-22,"CCS","DOC_mgL_mod",1.73116309555022
2026-03-22,"HPB","Q_m3day_mod",1033.035082
2026-03-22,"HPB","DOC_mgL_mod",0.977476000180989
2026-03-22,"CCR dam","Q_m3day_mod",19805.567329
2026-03-22,"CCR dam","DOC_mgL_mod",1.24582444875846
2026-03-23,"SMB","Q_m3day_mod",2107.629351
2026-03-23,"SMB","DOC_mgL_mod",1.49303623927374
2026-03-23,"CCS","Q_m3day_mod",3380.093331
2026-03-23,"CCS","DOC_mgL_mod",1.86146930982481
2026-03-23,"HPB","Q_m3day_mod",939.655744
2026-03-23,"HPB","DOC_mgL_mod",1.06161060193551
2026-03-23,"CCR dam","Q_m3day_mod",18220.959305
2026-03-23,"CCR dam","DOC_mgL_mod",1.31560416763688
2026-03-24,"SMB","Q_m3day_mod",1906.747099
2026-03-24,"SMB","DOC_mgL_mod",1.61148796377427
2026-03-24,"CCS","Q_m3day_mod",3050.042166
2026-03-24,"CCS","DOC_mgL_mod",2.01188103836857
2026-03-24,"HPB","Q_m3day_mod",807.465141
2026-03-24,"HPB","DOC_mgL_mod",1.20654075393702
2026-03-24,"CCR dam","Q_m3day_mod",16518.55843
2026-03-24,"CCR dam","DOC_mgL_mod",1.4505164056256
2026-03-25,"SMB","Q_m3day_mod",1724.939042
2026-03-25,"SMB","DOC_mgL_mod",1.74075774673086
2026-03-25,"CCS","Q_m3day_mod",2740.284118
2026-03-25,"CCS","DOC_mgL_mod",2.19345503647516
2026-03-25,"HPB","Q_m3day_mod",696.075304
2026-03-25,"HPB","DOC_mgL_mod",1.36797095734918
2026-03-25,"CCR dam","Q_m3day_mod",14935.013581
2026-03-25,"CCR dam","DOC_mgL_mod",1.55280943497121
2026-03-26,"SMB","Q_m3day_mod",1568.388987
2026-03-26,"SMB","DOC_mgL_mod",1.87068707082167
2026-03-26,"CCS","Q_m3day_mod",2480.571152
2026-03-26,"CCS","DOC_mgL_mod",2.37452491344622
2026-03-26,"HPB","Q_m3day_mod",597.703797
2026-03-26,"HPB","DOC_mgL_mod",1.55320278147739
2026-03-26,"CCR dam","Q_m3day_mod",13535.757933
2026-03-26,"CCR dam","DOC_mgL_mod",1.65531846172976
2026-03-27,"SMB","Q_m3day_mod",1470.122696
2026-03-27,"SMB","DOC_mgL_mod",1.95342470925298
2026-03-27,"CCS","Q_m3day_mod",2337.114555
2026-03-27,"CCS","DOC_mgL_mod",2.54510374225109
2026-03-27,"HPB","Q_m3day_mod",515.977963
2026-03-27,"HPB","DOC_mgL_mod",1.78139255144895
2026-03-27,"CCR dam","Q_m3day_mod",12688.870444
2026-03-27,"CCR dam","DOC_mgL_mod",1.75478582575715
2026-03-28,"SMB","Q_m3day_mod",1434.478915
2026-03-28,"SMB","DOC_mgL_mod",1.96206369474591
2026-03-28,"CCS","Q_m3day_mod",2294.43067
2026-03-28,"CCS","DOC_mgL_mod",2.4972757185119
2026-03-28,"HPB","Q_m3day_mod",504.098136
2026-03-28,"HPB","DOC_mgL_mod",1.80509356217893
2026-03-28,"CCR dam","Q_m3day_mod",12370.153734
2026-03-28,"CCR dam","DOC_mgL_mod",1.83375489810222
2026-03-29,"SMB","Q_m3day_mod",1362.892538
2026-03-29,"SMB","DOC_mgL_mod",2.0222195977714
2026-03-29,"CCS","Q_m3day_mod",2167.081984
2026-03-29,"CCS","DOC_mgL_mod",2.5845579638209
2026-03-29,"HPB","Q_m3day_mod",496.323123
2026-03-29,"HPB","DOC_mgL_mod",1.7888715211038
2026-03-29,"CCR dam","Q_m3day_mod",11712.599087
2026-03-29,"CCR dam","DOC_mgL_mod",1.89867593305424
2026-03-30,"SMB","Q_m3day_mod",1379.335179
2026-03-30,"SMB","DOC_mgL_mod",1.97442147598557
2026-03-30,"CCS","Q_m3day_mod",2242.5
2026-03-30,"CCS","DOC_mgL_mod",2.77387246376812
2026-03-30,"HPB","Q_m3day_mod",434.007864
2026-03-30,"HPB","DOC_mgL_mod",2.02989409426922
2026-03-30,"CCR dam","Q_m3day_mod",11926.537474
2026-03-30,"CCR dam","DOC_mgL_mod",1.86950236383419
2026-03-31,"SMB","Q_m3day_mod",1585.113002
2026-03-31,"SMB","DOC_mgL_mod",1.7065956790379
2026-03-31,"CCS","Q_m3day_mod",2591.867762
2026-03-31,"CCS","DOC_mgL_mod",2.131811306506
2026-03-31,"HPB","Q_m3day_mod",592.610891
2026-03-31,"HPB","DOC_mgL_mod",1.46111354541407
2026-03-31,"CCR dam","Q_m3day_mod",13437.235292
2026-03-31,"CCR dam","DOC_mgL_mod",1.62797327907354
2026-04-01,"SMB","Q_m3day_mod",1633.359819
2026-04-01,"SMB","DOC_mgL_mod",1.62164880584711
2026-04-01,"CCS","Q_m3day_mod",2622.549513
2026-04-01,"CCS","DOC_mgL_mod",2.06571161884485
2026-04-01,"HPB","Q_m3day_mod",725.743939
2026-04-01,"HPB","DOC_mgL_mod",1.16025068174906
2026-04-01,"CCR dam","Q_m3day_mod",13523.909824
2026-04-01,"CCR dam","DOC_mgL_mod",1.56277439550014
