"Site","Date","HPB_Q_PT_m3day","HPB_Q_lm_m3day","DOC_mgL","DON_mgL","NO3_mgL","NH4_mgL","Q_m3day_flowmate","lai_MODIS"
101,2002-11-01,NA,NA,NA,NA,NA,NA,NA,1.3
101,2002-11-25,NA,NA,NA,NA,NA,NA,NA,0.7
101,2002-12-11,NA,NA,NA,NA,NA,NA,NA,0.7
101,2002-12-27,NA,NA,NA,NA,NA,NA,NA,0.6
101,2003-01-01,NA,NA,NA,NA,NA,NA,NA,0.7
101,2003-02-10,NA,NA,NA,NA,NA,NA,NA,0.5
101,2003-03-06,NA,NA,NA,NA,NA,NA,NA,0.7
101,2003-03-22,NA,NA,NA,NA,NA,NA,NA,0.8
101,2003-04-07,NA,NA,NA,NA,NA,NA,NA,0.9
101,2003-04-23,NA,NA,NA,NA,NA,NA,NA,2.1
101,2003-05-01,NA,NA,NA,NA,NA,NA,NA,2.4
101,2003-08-13,NA,NA,NA,NA,NA,NA,NA,1.7
101,2003-08-29,NA,NA,NA,NA,NA,NA,NA,3.1
101,2003-09-30,NA,NA,NA,NA,NA,NA,NA,3.6
101,2003-10-08,NA,NA,NA,NA,NA,NA,NA,1.5
101,2003-11-01,NA,NA,NA,NA,NA,NA,NA,0.7
101,2003-11-25,NA,NA,NA,NA,NA,NA,NA,0.6
101,2003-12-11,NA,NA,NA,NA,NA,NA,NA,0.5
101,2003-12-27,NA,NA,NA,NA,NA,NA,NA,0.6
101,2004-01-01,NA,NA,NA,NA,NA,NA,NA,0.6
101,2004-01-09,NA,NA,NA,NA,NA,NA,NA,0.6
101,2004-01-17,NA,NA,NA,NA,NA,NA,NA,0.7
101,2004-02-10,NA,NA,NA,NA,NA,NA,NA,0.5
101,2004-02-18,NA,NA,NA,NA,NA,NA,NA,0.6
101,2004-02-26,NA,NA,NA,NA,NA,NA,NA,0.8
101,2004-03-05,NA,NA,NA,NA,NA,NA,NA,0.9
101,2004-10-31,NA,NA,NA,NA,NA,NA,NA,0.7
101,2004-11-08,NA,NA,NA,NA,NA,NA,NA,0.7
101,2004-11-24,NA,NA,NA,NA,NA,NA,NA,0.5
101,2004-12-10,NA,NA,NA,NA,NA,NA,NA,0.5
101,2004-12-18,NA,NA,NA,NA,NA,NA,NA,0.6
101,2004-12-26,NA,NA,NA,NA,NA,NA,NA,0.5
101,2005-01-17,NA,NA,NA,NA,NA,NA,NA,0.5
101,2005-02-02,NA,NA,NA,NA,NA,NA,NA,0.6
101,2005-02-18,NA,NA,NA,NA,NA,NA,NA,0.7
101,2005-03-14,NA,NA,NA,NA,NA,NA,NA,0.9
101,2005-03-22,NA,NA,NA,NA,NA,NA,NA,0.8
101,2005-04-23,NA,NA,NA,NA,NA,NA,NA,1.2
101,2005-05-01,NA,NA,NA,NA,NA,NA,NA,2.5
101,2005-10-24,NA,NA,NA,NA,NA,NA,NA,2.1
101,2005-11-01,NA,NA,NA,NA,NA,NA,NA,1.6
101,2005-11-09,NA,NA,NA,NA,NA,NA,NA,0.9
101,2005-11-17,NA,NA,NA,NA,NA,NA,NA,0.8
101,2005-11-25,NA,NA,NA,NA,NA,NA,NA,0.7
101,2005-12-19,NA,NA,NA,NA,NA,NA,NA,0.5
101,2005-12-27,NA,NA,NA,NA,NA,NA,NA,0.6
101,2006-01-25,NA,NA,NA,NA,NA,NA,NA,0.6
101,2006-02-02,NA,NA,NA,NA,NA,NA,NA,0.6
101,2006-02-10,NA,NA,NA,NA,NA,NA,NA,0.6
101,2006-02-18,NA,NA,NA,NA,NA,NA,NA,0.7
101,2006-03-06,NA,NA,NA,NA,NA,NA,NA,0.7
101,2006-03-14,NA,NA,NA,NA,NA,NA,NA,0.9
101,2006-03-22,NA,NA,NA,NA,NA,NA,NA,0.8
101,2006-03-30,NA,NA,NA,NA,NA,NA,NA,0.9
101,2006-04-07,NA,NA,NA,NA,NA,NA,NA,1
101,2006-04-23,NA,NA,NA,NA,NA,NA,NA,2.6
101,2006-05-09,NA,NA,NA,NA,NA,NA,NA,2.6
101,2006-08-05,NA,NA,NA,NA,NA,NA,NA,2.4
101,2006-11-01,NA,NA,NA,NA,NA,NA,NA,0.8
101,2006-11-09,NA,NA,NA,NA,NA,NA,NA,0.7
101,2006-11-25,NA,NA,NA,NA,NA,NA,NA,0.5
101,2006-12-03,NA,NA,NA,NA,NA,NA,NA,0.5
101,2006-12-11,NA,NA,NA,NA,NA,NA,NA,0.7
101,2007-01-25,NA,NA,NA,NA,NA,NA,NA,0.6
101,2007-02-18,NA,NA,NA,NA,NA,NA,NA,0.8
101,2007-02-26,NA,NA,NA,NA,NA,NA,NA,0.9
101,2007-03-30,NA,NA,NA,NA,NA,NA,NA,0.9
101,2007-04-15,NA,NA,NA,NA,NA,NA,NA,1.1
101,2007-10-16,NA,NA,NA,NA,NA,NA,NA,2.3
101,2007-10-24,NA,NA,NA,NA,NA,NA,NA,1.4
101,2007-11-01,NA,NA,NA,NA,NA,NA,NA,1.7
101,2007-11-09,NA,NA,NA,NA,NA,NA,NA,1
101,2007-12-19,NA,NA,NA,NA,NA,NA,NA,0.6
101,2007-12-27,NA,NA,NA,NA,NA,NA,NA,0.5
101,2008-01-01,NA,NA,NA,NA,NA,NA,NA,0.5
101,2008-01-09,NA,NA,NA,NA,NA,NA,NA,0.5
101,2008-01-17,NA,NA,NA,NA,NA,NA,NA,0.6
101,2008-01-25,NA,NA,NA,NA,NA,NA,NA,0.7
101,2008-02-18,NA,NA,NA,NA,NA,NA,NA,0.5
101,2008-02-26,NA,NA,NA,NA,NA,NA,NA,0.5
101,2008-03-05,NA,NA,NA,NA,NA,NA,NA,0.6
101,2008-03-13,NA,NA,NA,NA,NA,NA,NA,0.7
101,2008-03-21,NA,NA,NA,NA,NA,NA,NA,0.6
101,2008-04-06,NA,NA,NA,NA,NA,NA,NA,0.9
101,2008-04-14,NA,NA,NA,NA,NA,NA,NA,0.9
101,2008-05-08,NA,NA,NA,NA,NA,NA,NA,2.8
101,2008-10-31,NA,NA,NA,NA,NA,NA,NA,1
101,2008-11-24,NA,NA,NA,NA,NA,NA,NA,0.6
101,2008-12-02,NA,NA,NA,NA,NA,NA,NA,0.5
101,2008-12-18,NA,NA,NA,NA,NA,NA,NA,0.5
101,2008-12-26,NA,NA,NA,NA,NA,NA,NA,0.5
101,2009-01-01,NA,NA,NA,NA,NA,NA,NA,0.5
101,2009-01-17,NA,NA,NA,NA,NA,NA,NA,0.6
101,2009-01-25,NA,NA,NA,NA,NA,NA,NA,0.5
101,2009-02-10,NA,NA,NA,NA,NA,NA,NA,0.5
101,2009-02-18,NA,NA,NA,NA,NA,NA,NA,0.7
101,2009-03-22,NA,NA,NA,NA,NA,NA,NA,0.7
101,2009-03-30,NA,NA,NA,NA,NA,NA,NA,0.8
101,2009-04-15,NA,NA,NA,NA,NA,NA,NA,1
101,2009-05-09,NA,NA,NA,NA,NA,NA,NA,3.6
101,2009-09-14,NA,NA,NA,NA,NA,NA,NA,1.6
101,2009-10-16,NA,NA,NA,NA,NA,NA,NA,1.9
101,2009-11-25,NA,NA,NA,NA,NA,NA,NA,0.6
101,2009-12-11,NA,NA,NA,NA,NA,NA,NA,0.6
101,2010-01-09,NA,NA,NA,NA,NA,NA,NA,0.5
101,2010-02-02,NA,NA,NA,NA,NA,NA,NA,0.1
101,2010-02-18,NA,NA,NA,NA,NA,NA,NA,0.7
101,2010-02-26,NA,NA,NA,NA,NA,NA,NA,0.8
101,2010-03-06,NA,NA,NA,NA,NA,NA,NA,0.7
101,2010-03-14,NA,NA,NA,NA,NA,NA,NA,0.7
101,2010-03-22,NA,NA,NA,NA,NA,NA,NA,0.9
101,2010-03-30,NA,NA,NA,NA,NA,NA,NA,0.8
101,2010-04-07,NA,NA,NA,NA,NA,NA,NA,1.3
101,2010-04-15,NA,NA,NA,NA,NA,NA,NA,2.1
101,2010-10-08,NA,NA,NA,NA,NA,NA,NA,2.9
101,2010-10-16,NA,NA,NA,NA,NA,NA,NA,2.3
101,2010-11-01,NA,NA,NA,NA,NA,NA,NA,1
101,2010-11-09,NA,NA,NA,NA,NA,NA,NA,0.7
101,2010-11-17,NA,NA,NA,NA,NA,NA,NA,0.7
101,2010-12-19,NA,NA,NA,NA,NA,NA,NA,0.5
101,2011-01-09,NA,NA,NA,NA,NA,NA,NA,0.5
101,2011-01-17,NA,NA,NA,NA,NA,NA,NA,0.5
101,2011-01-25,NA,NA,NA,NA,NA,NA,NA,0.5
101,2011-02-10,NA,NA,NA,NA,NA,NA,NA,0.6
101,2011-02-18,NA,NA,NA,NA,NA,NA,NA,0.6
101,2011-02-26,NA,NA,NA,NA,NA,NA,NA,0.8
101,2011-03-06,NA,NA,NA,NA,NA,NA,NA,0.8
101,2011-03-14,NA,NA,NA,NA,NA,NA,NA,0.7
101,2011-03-30,NA,NA,NA,NA,NA,NA,NA,0.8
101,2011-04-15,NA,NA,NA,NA,NA,NA,NA,1
101,2011-09-22,NA,NA,NA,NA,NA,NA,NA,3.2
101,2011-10-08,NA,NA,NA,NA,NA,NA,NA,2.1
101,2011-11-09,NA,NA,NA,NA,NA,NA,NA,0.7
101,2011-11-17,NA,NA,NA,NA,NA,NA,NA,0.6
101,2011-12-11,NA,NA,NA,NA,NA,NA,NA,0.6
101,2012-01-01,NA,NA,NA,NA,NA,NA,NA,0.5
101,2012-01-09,NA,NA,NA,NA,NA,NA,NA,0.7
101,2012-02-02,NA,NA,NA,NA,NA,NA,NA,0.5
101,2012-03-05,NA,NA,NA,NA,NA,NA,NA,0.7
101,2012-03-13,NA,NA,NA,NA,NA,NA,NA,0.9
101,2012-03-21,NA,NA,NA,NA,NA,NA,NA,0.9
101,2012-04-06,NA,NA,NA,NA,NA,NA,NA,1.7
101,2012-04-22,NA,NA,NA,NA,NA,NA,NA,2.7
101,2012-08-04,NA,NA,NA,NA,NA,NA,NA,1.4
101,2012-08-20,NA,NA,NA,NA,NA,NA,NA,4
101,2012-09-13,NA,NA,NA,NA,NA,NA,NA,1.6
101,2012-09-29,NA,NA,NA,NA,NA,NA,NA,1.9
101,2012-10-07,NA,NA,NA,NA,NA,NA,NA,1.6
101,2012-11-08,NA,NA,NA,NA,NA,NA,NA,0.8
101,2013-01-01,NA,NA,NA,NA,NA,NA,NA,0.6
101,2013-01-09,NA,NA,NA,NA,NA,NA,NA,0.5
101,2013-01-17,NA,NA,NA,NA,NA,NA,NA,0.5
101,2013-01-25,NA,NA,NA,NA,NA,NA,NA,0.5
101,2013-02-02,NA,NA,NA,NA,NA,NA,NA,0.5
101,2013-02-10,NA,NA,NA,NA,NA,NA,NA,0.5
101,2013-02-18,NA,NA,NA,NA,NA,NA,NA,0.7
101,2013-03-06,NA,NA,NA,NA,NA,NA,NA,0.8
101,2013-03-14,NA,NA,NA,NA,NA,NA,NA,0.7
101,2013-03-22,NA,NA,NA,NA,NA,NA,NA,0.9
101,2013-03-30,NA,NA,NA,NA,NA,NA,NA,0.8
101,2013-04-15,NA,NA,NA,NA,NA,NA,NA,1.5
101,2013-06-02,NA,NA,NA,NA,NA,NA,NA,1.4
101,2013-09-30,NA,NA,NA,NA,NA,NA,NA,3.4
101,2013-10-08,NA,NA,NA,NA,NA,NA,NA,1.1
101,2013-10-16,NA,NA,NA,NA,NA,NA,NA,2
101,2013-11-01,NA,NA,NA,NA,NA,NA,NA,0.7
101,2013-12-11,NA,NA,NA,NA,NA,NA,NA,0.6
101,2014-01-09,NA,NA,NA,NA,NA,NA,NA,0.7
101,2014-02-10,NA,NA,NA,NA,NA,NA,NA,0.6
101,2014-02-18,NA,NA,NA,NA,NA,NA,NA,0.6
101,2014-03-06,NA,NA,NA,NA,NA,NA,NA,0.7
101,2014-03-14,NA,NA,NA,NA,NA,NA,NA,0.9
101,2014-03-22,NA,NA,NA,NA,NA,NA,NA,0.8
101,2014-03-30,NA,NA,NA,NA,NA,NA,NA,0.8
101,2014-04-15,NA,NA,NA,NA,NA,NA,NA,1
101,2014-06-02,NA,NA,NA,NA,NA,NA,NA,1.1
101,2014-08-13,NA,NA,NA,NA,NA,NA,NA,2.4
101,2014-09-06,NA,NA,NA,NA,NA,NA,NA,0.8
101,2014-10-16,NA,NA,NA,NA,NA,NA,NA,1.9
101,2014-10-24,NA,NA,NA,NA,NA,NA,NA,1.6
101,2014-11-01,NA,NA,NA,NA,NA,NA,NA,1
101,2014-11-09,NA,NA,NA,NA,NA,NA,NA,0.9
101,2014-12-03,NA,NA,NA,NA,NA,NA,NA,0.5
101,2014-12-11,NA,NA,NA,NA,NA,NA,NA,0.5
101,2015-01-17,NA,NA,NA,NA,NA,NA,NA,0.6
101,2015-03-22,NA,NA,NA,NA,NA,NA,NA,0.8
101,2015-04-07,NA,NA,NA,NA,NA,NA,NA,0.9
101,2015-04-15,NA,NA,NA,NA,NA,NA,NA,1.1
101,2015-04-23,NA,NA,NA,NA,NA,NA,NA,1.4
101,2015-05-01,NA,NA,NA,NA,NA,NA,NA,1.6
101,2015-08-05,NA,NA,NA,NA,NA,NA,NA,1.6
101,2015-09-06,NA,NA,NA,NA,NA,NA,NA,3.3
101,2015-11-17,NA,NA,NA,NA,NA,NA,NA,0.6
101,2015-12-11,NA,NA,NA,NA,NA,NA,NA,0.5
101,2015-12-19,NA,NA,NA,NA,NA,NA,NA,0.5
101,2015-12-27,NA,NA,NA,NA,NA,NA,NA,0.5
101,2016-01-01,NA,NA,NA,NA,NA,NA,NA,0.5
101,2016-01-09,NA,NA,NA,NA,NA,NA,NA,0.5
101,2016-01-17,NA,NA,NA,NA,NA,NA,NA,0.4
101,2016-02-02,NA,NA,NA,NA,NA,NA,NA,0.7
101,2016-02-26,NA,NA,NA,NA,NA,NA,NA,0.7
101,2016-03-29,NA,NA,NA,NA,NA,NA,NA,0.9
101,2016-07-03,NA,NA,NA,NA,NA,NA,NA,2.4
101,2016-08-20,NA,NA,NA,NA,NA,NA,NA,2.1
101,2016-10-23,NA,NA,NA,NA,NA,NA,NA,2.2
101,2016-11-24,NA,NA,NA,NA,NA,NA,NA,0.9
101,2016-12-02,NA,NA,NA,NA,NA,NA,NA,0.7
101,2016-12-10,NA,NA,NA,NA,NA,NA,NA,0.5
101,2017-01-09,NA,NA,NA,NA,NA,NA,NA,0.3
101,2017-02-18,NA,NA,NA,NA,NA,NA,NA,0.5
101,2017-03-14,NA,NA,NA,NA,NA,NA,NA,0.9
101,2017-03-22,NA,NA,NA,NA,NA,NA,NA,0.9
101,2017-03-30,NA,NA,NA,NA,NA,NA,NA,1
101,2017-04-07,NA,NA,NA,NA,NA,NA,NA,0.9
101,2017-04-15,NA,NA,NA,NA,NA,NA,NA,1
101,2017-10-16,NA,NA,NA,NA,NA,NA,NA,3.5
101,2017-10-24,NA,NA,NA,NA,NA,NA,NA,1.9
101,2017-11-01,NA,NA,NA,NA,NA,NA,NA,1.3
101,2017-11-17,NA,NA,NA,NA,NA,NA,NA,0.7
101,2017-11-25,NA,NA,NA,NA,NA,NA,NA,0.6
101,2017-12-03,NA,NA,NA,NA,NA,NA,NA,0.7
101,2017-12-11,NA,NA,NA,NA,NA,NA,NA,0.7
101,2018-01-09,NA,NA,NA,NA,NA,NA,NA,0.6
101,2018-01-25,NA,NA,NA,NA,NA,NA,NA,0.6
101,2018-02-18,NA,NA,NA,NA,NA,NA,NA,0.7
101,2018-02-26,NA,NA,NA,NA,NA,NA,NA,0.9
101,2018-03-30,NA,NA,NA,NA,NA,NA,NA,0.8
101,2018-04-15,NA,NA,NA,NA,NA,NA,NA,1.1
101,2018-04-23,NA,NA,NA,NA,NA,NA,NA,1.4
101,2018-05-01,NA,NA,NA,NA,NA,NA,NA,2.3
101,2018-09-22,NA,NA,NA,NA,NA,NA,NA,1.7
101,2018-09-30,NA,NA,NA,NA,NA,NA,NA,2.1
101,2018-10-24,NA,NA,NA,NA,NA,NA,NA,1.9
101,2018-11-17,NA,NA,NA,NA,NA,NA,NA,0.6
101,2018-11-25,NA,NA,NA,NA,NA,NA,NA,0.5
101,2018-12-19,NA,NA,NA,NA,NA,NA,NA,0.6
100,2019-01-01,NA,6149.28380953423,NA,NA,NA,NA,NA,NA
101,2019-01-01,NA,NA,NA,NA,NA,NA,NA,0.6
100,2019-01-02,NA,5540.44612895543,NA,NA,NA,NA,NA,NA
100,2019-01-03,NA,5344.04687715582,NA,NA,NA,NA,NA,NA
100,2019-01-04,NA,5010.16814909648,NA,NA,NA,NA,NA,NA
100,2019-01-05,NA,5363.68680233578,NA,NA,NA,NA,NA,NA
100,2019-01-06,NA,4872.68867283675,NA,NA,NA,NA,NA,NA
100,2019-01-07,NA,4342.4106929778,NA,NA,NA,NA,NA,NA
100,2019-01-08,NA,4087.09166563831,NA,NA,NA,NA,NA,NA
100,2019-01-09,NA,3831.77263829881,NA,NA,NA,NA,NA,NA
101,2019-01-09,NA,NA,NA,NA,NA,NA,NA,0.5
100,2019-01-10,NA,3596.09353613928,NA,NA,NA,NA,NA,NA
100,2019-01-11,NA,3419.33420951963,NA,NA,NA,NA,NA,NA
100,2019-01-12,NA,3301.49465843986,NA,NA,NA,NA,NA,NA
100,2019-01-13,NA,3478.25398505951,NA,NA,NA,NA,NA,NA
100,2019-01-14,NA,3262.21480807994,NA,NA,NA,NA,NA,NA
100,2019-01-15,NA,3321.13458361982,NA,NA,NA,NA,NA,NA
100,2019-01-16,NA,3242.57488289997,NA,NA,NA,NA,NA,NA
100,2019-01-17,NA,3203.29503254005,NA,NA,NA,NA,NA,NA
100,2019-01-18,NA,3222.93495772001,NA,NA,NA,NA,NA,NA
100,2019-01-19,NA,4813.76889729687,NA,NA,NA,NA,NA,NA
100,2019-01-20,NA,12650.0990441014,NA,NA,NA,NA,NA,NA
100,2019-01-21,NA,6286.76328579396,NA,NA,NA,NA,NA,NA
100,2019-01-22,NA,5363.68680233578,NA,NA,NA,NA,NA,NA
100,2019-01-23,NA,5010.16814909648,NA,NA,NA,NA,NA,NA
100,2019-01-24,NA,8309.67557932996,NA,NA,NA,NA,NA,NA
100,2019-01-25,NA,6110.00395917431,NA,NA,NA,NA,NA,NA
100,2019-01-26,NA,5304.7670267959,NA,NA,NA,NA,NA,NA
100,2019-01-27,NA,4794.12897211691,NA,NA,NA,NA,NA,NA
100,2019-01-28,NA,4420.97039369765,NA,NA,NA,NA,NA,NA
100,2019-01-29,NA,4146.01144117819,NA,NA,NA,NA,NA,NA
100,2019-01-30,NA,3831.77263829881,NA,NA,NA,NA,NA,NA
100,2019-01-31,NA,3556.81368577935,NA,NA,NA,NA,NA,NA
100,2019-02-01,NA,3419.33420951963,NA,NA,NA,NA,NA,NA
100,2019-02-02,NA,3321.13458361982,NA,NA,NA,NA,NA,NA
101,2019-02-02,NA,NA,NA,NA,NA,NA,NA,0.6
100,2019-02-03,NA,3203.29503254005,NA,NA,NA,NA,NA,NA
100,2019-02-04,NA,3026.5357059204,NA,NA,NA,NA,NA,NA
100,2019-02-05,NA,2928.3360800206,NA,NA,NA,NA,NA,NA
100,2019-02-06,NA,2810.49652894083,NA,NA,NA,NA,NA,NA
100,2019-02-07,NA,2810.49652894083,NA,NA,NA,NA,NA,NA
100,2019-02-08,NA,2614.09727714122,NA,NA,NA,NA,NA,NA
100,2019-02-09,NA,2417.6980253416,NA,NA,NA,NA,NA,NA
100,2019-02-10,NA,2358.77824980172,NA,NA,NA,NA,NA,NA
100,2019-02-11,NA,2515.89765124141,NA,NA,NA,NA,NA,NA
100,2019-02-12,NA,3497.89391023947,NA,NA,NA,NA,NA,NA
100,2019-02-13,NA,3988.8920397385,NA,NA,NA,NA,NA,NA
100,2019-02-14,NA,3478.25398505951,NA,NA,NA,NA,NA,NA
100,2019-02-15,NA,3222.93495772001,NA,NA,NA,NA,NA,NA
100,2019-02-16,NA,3301.49465843986,NA,NA,NA,NA,NA,NA
100,2019-02-17,NA,3733.573012399,NA,NA,NA,NA,NA,NA
100,2019-02-18,NA,6011.8043332745,NA,NA,NA,NA,NA,NA
101,2019-02-18,NA,NA,NA,NA,NA,NA,NA,0.9
100,2019-02-19,NA,4813.76889729687,NA,NA,NA,NA,NA,NA
100,2019-02-20,NA,7484.79872177159,NA,NA,NA,NA,NA,NA
100,2019-02-21,NA,17756.4795908913,NA,NA,NA,NA,NA,NA
100,2019-02-22,NA,20427.509415366,NA,NA,NA,NA,NA,NA
100,2019-02-23,NA,43013.4233723214,NA,NA,NA,NA,NA,NA
100,2019-02-24,NA,31033.0690125451,NA,NA,NA,NA,NA,NA
100,2019-02-25,NA,15321.1288685761,NA,NA,NA,NA,NA,NA
100,2019-02-26,NA,11746.6624858232,NA,NA,NA,NA,NA,NA
101,2019-02-26,NA,NA,NA,NA,NA,NA,NA,0.6
100,2019-02-27,NA,10037.9889951665,NA,NA,NA,NA,NA,NA
100,2019-02-28,NA,8545.3546814895,NA,NA,NA,NA,NA,NA
100,2019-03-01,NA,10096.9087707064,NA,NA,NA,NA,NA,NA
100,2019-03-02,NA,10175.4684714263,NA,NA,NA,NA,NA,NA
100,2019-03-03,NA,12767.9385951812,NA,NA,NA,NA,NA,NA
100,2019-03-04,NA,12492.9796426617,NA,NA,NA,NA,NA,NA
100,2019-03-05,NA,9389.87146422783,NA,NA,NA,NA,NA,NA
100,2019-03-06,NA,8054.35655199047,NA,NA,NA,NA,NA,NA
101,2019-03-06,NA,NA,NA,NA,NA,NA,NA,0.7
100,2019-03-07,NA,7209.83976925214,NA,NA,NA,NA,NA,NA
100,2019-03-08,NA,6817.04126565291,NA,NA,NA,NA,NA,NA
100,2019-03-09,NA,6542.08231313346,NA,NA,NA,NA,NA,NA
100,2019-03-10,NA,7936.5170009107,NA,NA,NA,NA,NA,NA
100,2019-03-11,NA,6463.52261241361,NA,NA,NA,NA,NA,NA
100,2019-03-12,NA,6031.44425845447,NA,NA,NA,NA,NA,NA
100,2019-03-13,NA,5697.56553039512,NA,NA,NA,NA,NA,NA
100,2019-03-14,NA,5383.32672751575,NA,NA,NA,NA,NA,NA
101,2019-03-14,NA,NA,NA,NA,NA,NA,NA,0.9
100,2019-03-15,NA,5147.64762535621,NA,NA,NA,NA,NA,NA
100,2019-03-16,NA,4715.56927139706,NA,NA,NA,NA,NA,NA
100,2019-03-17,NA,4479.89016923753,NA,NA,NA,NA,NA,NA
100,2019-03-18,NA,4283.49091743792,NA,NA,NA,NA,NA,NA
100,2019-03-19,NA,4106.73159081827,NA,NA,NA,NA,NA,NA
100,2019-03-20,NA,3969.25211455854,NA,NA,NA,NA,NA,NA
100,2019-03-21,NA,3949.61218937858,NA,NA,NA,NA,NA,NA
100,2019-03-22,NA,3694.29316203908,NA,NA,NA,NA,NA,NA
100,2019-03-23,NA,3497.89391023947,NA,NA,NA,NA,NA,NA
100,2019-03-24,NA,3340.77450879978,NA,NA,NA,NA,NA,NA
100,2019-03-25,NA,3301.49465843986,NA,NA,NA,NA,NA,NA
100,2019-03-26,NA,3242.57488289997,NA,NA,NA,NA,NA,NA
100,2019-03-27,NA,3065.81555628032,NA,NA,NA,NA,NA,NA
100,2019-03-28,NA,2947.97600520056,NA,NA,NA,NA,NA,NA
100,2019-03-29,NA,2889.05622966067,NA,NA,NA,NA,NA,NA
100,2019-03-30,NA,2771.21667858091,NA,NA,NA,NA,NA,NA
100,2019-03-31,NA,2692.65697786106,NA,NA,NA,NA,NA,NA
100,2019-04-01,NA,2633.73720232118,NA,NA,NA,NA,NA,NA
100,2019-04-02,NA,2614.09727714122,NA,NA,NA,NA,NA,NA
100,2019-04-03,NA,2535.53757642137,NA,NA,NA,NA,NA,NA
100,2019-04-04,NA,2535.53757642137,NA,NA,NA,NA,NA,NA
100,2019-04-05,NA,2928.3360800206,NA,NA,NA,NA,NA,NA
100,2019-04-06,NA,2810.49652894083,NA,NA,NA,NA,NA,NA
100,2019-04-07,NA,2594.45735196125,NA,NA,NA,NA,NA,NA
101,2019-04-07,NA,NA,NA,NA,NA,NA,NA,0.9
100,2019-04-08,NA,3242.57488289997,NA,NA,NA,NA,NA,NA
100,2019-04-09,NA,3517.53383541943,NA,NA,NA,NA,NA,NA
100,2019-04-10,NA,2987.25585556048,NA,NA,NA,NA,NA,NA
100,2019-04-11,NA,2771.21667858091,NA,NA,NA,NA,NA,NA
100,2019-04-12,NA,2751.57675340095,NA,NA,NA,NA,NA,NA
100,2019-04-13,NA,2810.49652894083,NA,NA,NA,NA,NA,NA
100,2019-04-14,NA,12807.2184455411,NA,NA,NA,NA,NA,NA
100,2019-04-15,NA,10961.0654786247,NA,NA,NA,NA,NA,NA
100,2019-04-16,NA,6542.08231313346,NA,NA,NA,NA,NA,NA
100,2019-04-17,NA,5520.80620377547,NA,NA,NA,NA,NA,NA
100,2019-04-18,NA,4990.52822391652,NA,NA,NA,NA,NA,NA
100,2019-04-19,NA,19249.1139045684,NA,NA,NA,NA,NA,NA
100,2019-04-20,NA,12846.498295901,NA,NA,NA,NA,NA,NA
100,2019-04-21,NA,7700.83789875117,NA,NA,NA,NA,NA,NA
100,2019-04-22,NA,6267.123360614,NA,NA,NA,NA,NA,NA
100,2019-04-23,NA,5638.64575485524,NA,NA,NA,NA,NA,NA
100,2019-04-24,NA,5167.28755053617,NA,NA,NA,NA,NA,NA
100,2019-04-25,NA,4853.04874765679,NA,NA,NA,NA,NA,NA
100,2019-04-26,NA,4597.7297203173,NA,NA,NA,NA,NA,NA
100,2019-04-27,NA,4106.73159081827,NA,NA,NA,NA,NA,NA
100,2019-04-28,NA,3694.29316203908,NA,NA,NA,NA,NA,NA
100,2019-04-29,NA,3458.61405987955,NA,NA,NA,NA,NA,NA
100,2019-04-30,NA,3281.8547332599,NA,NA,NA,NA,NA,NA
100,2019-05-01,NA,3105.09540664025,NA,NA,NA,NA,NA,NA
100,2019-05-02,NA,3242.57488289997,NA,NA,NA,NA,NA,NA
100,2019-05-03,NA,3281.8547332599,NA,NA,NA,NA,NA,NA
100,2019-05-04,NA,3340.77450879978,NA,NA,NA,NA,NA,NA
100,2019-05-05,NA,3164.01518218013,NA,NA,NA,NA,NA,NA
100,2019-05-06,NA,2908.69615484063,NA,NA,NA,NA,NA,NA
100,2019-05-07,NA,3281.8547332599,NA,NA,NA,NA,NA,NA
100,2019-05-08,NA,3164.01518218013,NA,NA,NA,NA,NA,NA
100,2019-05-09,NA,2849.77637930075,NA,NA,NA,NA,NA,NA
100,2019-05-10,NA,2967.61593038052,NA,NA,NA,NA,NA,NA
100,2019-05-11,NA,3713.93308721904,NA,NA,NA,NA,NA,NA
100,2019-05-12,NA,3694.29316203908,NA,NA,NA,NA,NA,NA
100,2019-05-13,NA,3321.13458361982,NA,NA,NA,NA,NA,NA
100,2019-05-14,NA,2908.69615484063,NA,NA,NA,NA,NA,NA
100,2019-05-15,NA,2712.29690304102,NA,NA,NA,NA,NA,NA
100,2019-05-16,NA,2633.73720232118,NA,NA,NA,NA,NA,NA
100,2019-05-17,NA,2515.89765124141,NA,NA,NA,NA,NA,NA
100,2019-05-18,NA,2417.6980253416,NA,NA,NA,NA,NA,NA
100,2019-05-19,NA,2319.4983994418,NA,NA,NA,NA,NA,NA
100,2019-05-20,NA,2201.65884836203,NA,NA,NA,NA,NA,NA
100,2019-05-21,NA,2083.81929728226,NA,NA,NA,NA,NA,NA
100,2019-05-22,NA,1965.9797462025,NA,NA,NA,NA,NA,NA
100,2019-05-23,NA,1867.78012030269,NA,NA,NA,NA,NA,NA
100,2019-05-24,NA,1848.14019512273,NA,NA,NA,NA,NA,NA
100,2019-05-25,NA,1789.22041958285,NA,NA,NA,NA,NA,NA
100,2019-05-26,NA,1789.22041958285,NA,NA,NA,NA,NA,NA
100,2019-05-27,NA,1965.9797462025,NA,NA,NA,NA,NA,NA
100,2019-05-28,NA,1749.94056922292,NA,NA,NA,NA,NA,NA
100,2019-05-29,NA,1789.22041958285,NA,NA,NA,NA,NA,NA
100,2019-05-30,NA,1789.22041958285,NA,NA,NA,NA,NA,NA
100,2019-05-31,NA,1710.660718863,NA,NA,NA,NA,NA,NA
100,2019-06-01,NA,1651.74094332312,NA,NA,NA,NA,NA,NA
100,2019-06-02,NA,1612.4610929632,NA,NA,NA,NA,NA,NA
100,2019-06-03,NA,1526.04542217137,NA,NA,NA,NA,NA,NA
100,2019-06-04,NA,1435.70176634354,NA,NA,NA,NA,NA,NA
100,2019-06-05,NA,1435.70176634354,NA,NA,NA,NA,NA,NA
100,2019-06-06,NA,1414.09784864559,NA,NA,NA,NA,NA,NA
100,2019-06-07,NA,1808.86034476281,NA,NA,NA,NA,NA,NA
100,2019-06-08,NA,4774.48904693695,NA,NA,NA,NA,NA,NA
100,2019-06-09,NA,4067.45174045834,NA,NA,NA,NA,NA,NA
100,2019-06-10,NA,5167.28755053617,NA,NA,NA,NA,NA,NA
100,2019-06-11,NA,4283.49091743792,NA,NA,NA,NA,NA,NA
100,2019-06-12,NA,3085.45548146028,NA,NA,NA,NA,NA,NA
100,2019-06-13,NA,2594.45735196125,NA,NA,NA,NA,NA,NA
100,2019-06-14,NA,2142.73907282215,NA,NA,NA,NA,NA,NA
100,2019-06-15,NA,1946.33982102254,NA,NA,NA,NA,NA,NA
100,2019-06-16,NA,1828.50026994277,NA,NA,NA,NA,NA,NA
100,2019-06-17,NA,1730.30064404296,NA,NA,NA,NA,NA,NA
100,2019-06-18,NA,1671.38086850308,NA,NA,NA,NA,NA,NA
100,2019-06-19,NA,1926.69989584257,NA,NA,NA,NA,NA,NA
100,2019-06-20,NA,1887.42004548265,NA,NA,NA,NA,NA,NA
100,2019-06-21,NA,1573.18124260327,NA,NA,NA,NA,NA,NA
100,2019-06-22,NA,1474.98161670347,NA,NA,NA,NA,NA,NA
100,2019-06-23,NA,1414.09784864559,NA,NA,NA,NA,NA,NA
100,2019-06-24,NA,1374.81799828566,NA,NA,NA,NA,NA,NA
100,2019-06-25,NA,1518.18945209938,NA,NA,NA,NA,NA,NA
100,2019-06-26,NA,1349.28609555172,NA,NA,NA,NA,NA,NA
100,2019-06-27,NA,1278.58236490386,NA,NA,NA,NA,NA,NA
100,2019-06-28,NA,1237.33852202594,NA,NA,NA,NA,NA,NA
100,2019-06-29,NA,1284.47434245784,NA,NA,NA,NA,NA,NA
100,2019-06-30,NA,1180.38273900405,NA,NA,NA,NA,NA,NA
100,2019-07-01,NA,1097.89505324821,NA,NA,NA,NA,NA,NA
100,2019-07-02,NA,1384.63796087565,NA,NA,NA,NA,NA,NA
100,2019-07-03,NA,1445.52172893353,NA,NA,NA,NA,NA,NA
100,2019-07-04,NA,21998.7034297629,NA,NA,NA,NA,NA,NA
100,2019-07-05,NA,8054.35655199047,NA,NA,NA,NA,NA,NA
100,2019-07-06,NA,3792.49278793889,NA,NA,NA,NA,NA,NA
100,2019-07-07,NA,2614.09727714122,NA,NA,NA,NA,NA,NA
100,2019-07-08,NA,2319.4983994418,NA,NA,NA,NA,NA,NA
100,2019-07-09,NA,2692.65697786106,NA,NA,NA,NA,NA,NA
100,2019-07-10,NA,2044.53944692234,NA,NA,NA,NA,NA,NA
100,2019-07-11,NA,2123.09914764219,NA,NA,NA,NA,NA,NA
100,2019-07-12,NA,2103.45922246223,NA,NA,NA,NA,NA,NA
100,2019-07-13,NA,1769.58049440288,NA,NA,NA,NA,NA,NA
100,2019-07-14,NA,1573.18124260327,NA,NA,NA,NA,NA,NA
100,2019-07-15,NA,1425.88180375356,NA,NA,NA,NA,NA,NA
100,2019-07-16,NA,1335.53814792574,NA,NA,NA,NA,NA,NA
100,2019-07-17,NA,1274.65437986786,NA,NA,NA,NA,NA,NA
100,2019-07-18,NA,1194.13068663002,NA,NA,NA,NA,NA,NA
100,2019-07-19,NA,1092.00307569422,NA,NA,NA,NA,NA,NA
100,2019-07-20,NA,1031.11930763634,NA,NA,NA,NA,NA,NA
100,2019-07-21,NA,2515.89765124141,NA,NA,NA,NA,NA,NA
100,2019-07-22,NA,2221.29877354199,NA,NA,NA,NA,NA,NA
100,2019-07-23,NA,3576.45361095932,NA,NA,NA,NA,NA,NA
100,2019-07-24,NA,2673.0170526811,NA,NA,NA,NA,NA,NA
100,2019-07-25,NA,2005.25959656242,NA,NA,NA,NA,NA,NA
100,2019-07-26,NA,1632.10101814316,NA,NA,NA,NA,NA,NA
100,2019-07-27,NA,1447.48572145152,NA,NA,NA,NA,NA,NA
100,2019-07-28,NA,1310.00624519179,NA,NA,NA,NA,NA,NA
100,2019-07-29,NA,1213.77061180998,NA,NA,NA,NA,NA,NA
100,2019-07-30,NA,1502.47751195541,NA,NA,NA,NA,NA,NA
100,2019-07-31,NA,1592.82116778323,NA,NA,NA,NA,NA,NA
100,2019-08-01,NA,1370.89001324967,NA,NA,NA,NA,NA,NA
100,2019-08-02,NA,1247.15848461592,NA,NA,NA,NA,NA,NA
100,2019-08-03,NA,1148.95885871611,NA,NA,NA,NA,NA,NA
100,2019-08-04,NA,1070.39915799627,NA,NA,NA,NA,NA,NA
100,2019-08-05,NA,995.767442312414,NA,NA,NA,NA,NA,NA
100,2019-08-06,NA,2280.21854908188,NA,NA,NA,NA,NA,NA
100,2019-08-07,NA,1323.75419281777,NA,NA,NA,NA,NA,NA
100,2019-08-08,NA,1135.21091109014,NA,NA,NA,NA,NA,NA
100,2019-08-09,NA,1052.7232253343,NA,NA,NA,NA,NA,NA
100,2019-08-10,NA,1021.29934504636,NA,NA,NA,NA,NA,NA
100,2019-08-11,NA,972.19953209646,NA,NA,NA,NA,NA,NA
100,2019-08-12,NA,917.207741592569,NA,NA,NA,NA,NA,NA
100,2019-08-13,NA,877.927891232647,NA,NA,NA,NA,NA,NA
101,2019-08-13,NA,NA,NA,NA,NA,NA,NA,3.7
100,2019-08-14,NA,868.107928642666,NA,NA,NA,NA,NA,NA
100,2019-08-15,NA,838.648040872724,NA,NA,NA,NA,NA,NA
100,2019-08-16,NA,805.26016806679,NA,NA,NA,NA,NA,NA
100,2019-08-17,NA,756.160355116887,NA,NA,NA,NA,NA,NA
100,2019-08-18,NA,722.772482310953,NA,NA,NA,NA,NA,NA
100,2019-08-19,NA,718.844497274961,NA,NA,NA,NA,NA,NA
100,2019-08-20,NA,718.844497274961,NA,NA,NA,NA,NA,NA
100,2019-08-21,NA,703.132557130992,NA,NA,NA,NA,NA,NA
100,2019-08-22,NA,716.880504756965,NA,NA,NA,NA,NA,NA
100,2019-08-23,NA,807.224160584786,NA,NA,NA,NA,NA,NA
100,2019-08-24,NA,758.124347634883,NA,NA,NA,NA,NA,NA
100,2019-08-25,NA,718.844497274961,NA,NA,NA,NA,NA,NA
100,2019-08-26,NA,718.844497274961,NA,NA,NA,NA,NA,NA
100,2019-08-27,NA,724.736474828949,NA,NA,NA,NA,NA,NA
100,2019-08-28,NA,720.808489792957,NA,NA,NA,NA,NA,NA
100,2019-08-29,NA,701.168564612996,NA,NA,NA,NA,NA,NA
100,2019-08-30,NA,667.780691807062,NA,NA,NA,NA,NA,NA
100,2019-08-31,NA,655.996736699085,NA,NA,NA,NA,NA,NA
100,2019-09-01,NA,616.716886339163,NA,NA,NA,NA,NA,NA
100,2019-09-02,NA,616.716886339163,NA,NA,NA,NA,NA,NA
100,2019-09-03,NA,602.96893871319,NA,NA,NA,NA,NA,NA
100,2019-09-04,NA,569.581065907256,NA,NA,NA,NA,NA,NA
100,2019-09-05,NA,569.581065907256,NA,NA,NA,NA,NA,NA
100,2019-09-06,NA,569.581065907256,NA,NA,NA,NA,NA,NA
100,2019-09-07,NA,569.581065907256,NA,NA,NA,NA,NA,NA
100,2019-09-08,NA,569.581065907256,NA,NA,NA,NA,NA,NA
100,2019-09-09,NA,569.581065907256,NA,NA,NA,NA,NA,NA
100,2019-09-10,NA,569.581065907256,NA,NA,NA,NA,NA,NA
100,2019-09-11,NA,569.581065907256,NA,NA,NA,NA,NA,NA
100,2019-09-12,NA,569.581065907256,NA,NA,NA,NA,NA,NA
100,2019-09-13,NA,587.256998569221,NA,NA,NA,NA,NA,NA
100,2019-09-14,NA,630.464833965136,NA,NA,NA,NA,NA,NA
100,2019-09-15,NA,642.248789073112,NA,NA,NA,NA,NA,NA
100,2019-09-16,NA,563.689088353268,NA,NA,NA,NA,NA,NA
100,2019-09-17,NA,553.869125763287,NA,NA,NA,NA,NA,NA
100,2019-09-18,NA,547.977148209299,NA,NA,NA,NA,NA,NA
100,2019-09-19,NA,542.08517065531,NA,NA,NA,NA,NA,NA
100,2019-09-20,NA,536.193193101322,NA,NA,NA,NA,NA,NA
100,2019-09-21,NA,542.08517065531,NA,NA,NA,NA,NA,NA
100,2019-09-22,NA,557.797110799279,NA,NA,NA,NA,NA,NA
100,2019-09-23,NA,518.517260439357,NA,NA,NA,NA,NA,NA
100,2019-09-24,NA,512.625282885368,NA,NA,NA,NA,NA,NA
100,2019-09-25,NA,506.73330533138,NA,NA,NA,NA,NA,NA
100,2019-09-26,NA,500.841327777392,NA,NA,NA,NA,NA,NA
100,2019-09-27,NA,494.949350223403,NA,NA,NA,NA,NA,NA
100,2019-09-28,NA,585.293006051225,NA,NA,NA,NA,NA,NA
100,2019-09-29,NA,634.392819001128,NA,NA,NA,NA,NA,NA
100,2019-09-30,NA,624.572856411147,NA,NA,NA,NA,NA,NA
100,2019-10-01,NA,648.140766627101,NA,NA,NA,NA,NA,NA
100,2019-10-02,NA,585.293006051225,NA,NA,NA,NA,NA,NA
100,2019-10-03,NA,540.121178137314,NA,NA,NA,NA,NA,NA
100,2019-10-04,NA,489.057372669415,NA,NA,NA,NA,NA,NA
100,2019-10-05,NA,449.777522309493,NA,NA,NA,NA,NA,NA
100,2019-10-06,NA,445.8495372735,NA,NA,NA,NA,NA,NA
100,2019-10-07,NA,439.957559719512,NA,NA,NA,NA,NA,NA
100,2019-10-08,NA,691.348602023015,NA,NA,NA,NA,NA,NA
100,2019-10-09,NA,699.204572095,NA,NA,NA,NA,NA,NA
100,2019-10-10,NA,534.229200583326,NA,NA,NA,NA,NA,NA
100,2019-10-11,NA,447.813529791496,NA,NA,NA,NA,NA,NA
100,2019-10-12,NA,412.461664467566,NA,NA,NA,NA,NA,NA
100,2019-10-13,NA,406.569686913578,NA,NA,NA,NA,NA,NA
100,2019-10-14,NA,400.67770935959,NA,NA,NA,NA,NA,NA
100,2019-10-15,NA,396.749724323597,NA,NA,NA,NA,NA,NA
100,2019-10-16,NA,852.395988498697,NA,NA,NA,NA,NA,NA
100,2019-10-17,NA,854.359981016693,NA,NA,NA,NA,NA,NA
100,2019-10-18,NA,654.032744181089,NA,NA,NA,NA,NA,NA
100,2019-10-19,NA,555.833118281283,NA,NA,NA,NA,NA,NA
100,2019-10-20,NA,3380.0543591597,NA,NA,NA,NA,NA,NA
100,2019-10-21,NA,1573.18124260327,NA,NA,NA,NA,NA,NA
100,2019-10-22,NA,1441.59374389753,NA,NA,NA,NA,NA,NA
100,2019-10-23,NA,1239.30251454393,NA,NA,NA,NA,NA,NA
100,2019-10-24,NA,881.855876268639,NA,NA,NA,NA,NA,NA
100,2019-10-25,NA,718.844497274961,NA,NA,NA,NA,NA,NA
100,2019-10-26,NA,624.572856411147,NA,NA,NA,NA,NA,NA
100,2019-10-27,NA,2299.85847426184,NA,NA,NA,NA,NA,NA
100,2019-10-28,NA,1612.4610929632,NA,NA,NA,NA,NA,NA
100,2019-10-29,NA,1180.38273900405,NA,NA,NA,NA,NA,NA
100,2019-10-30,NA,1160.74281382409,NA,NA,NA,NA,NA,NA
100,2019-10-31,NA,4244.211067078,NA,NA,NA,NA,NA,NA
100,2019-11-01,NA,3851.41256347877,NA,NA,NA,NA,NA,NA
101,2019-11-01,NA,NA,NA,NA,NA,NA,NA,1.1
100,2019-11-02,NA,2339.13832462176,NA,NA,NA,NA,NA,NA
100,2019-11-03,NA,1749.94056922292,NA,NA,NA,NA,NA,NA
100,2019-11-04,NA,1416.06184116358,NA,NA,NA,NA,NA,NA
100,2019-11-05,NA,1229.48255195395,NA,NA,NA,NA,NA,NA
100,2019-11-06,NA,1088.07509065823,NA,NA,NA,NA,NA,NA
100,2019-11-07,NA,993.803449794417,NA,NA,NA,NA,NA,NA
100,2019-11-08,NA,946.667629362511,NA,NA,NA,NA,NA,NA
100,2019-11-09,NA,877.927891232647,NA,NA,NA,NA,NA,NA
101,2019-11-09,NA,NA,NA,NA,NA,NA,NA,0.8
100,2019-11-10,NA,877.927891232647,NA,NA,NA,NA,NA,NA
100,2019-11-11,NA,824.900093246752,NA,NA,NA,NA,NA,NA
100,2019-11-12,NA,807.224160584786,NA,NA,NA,NA,NA,NA
100,2019-11-13,NA,769.90830274286,NA,NA,NA,NA,NA,NA
100,2019-11-14,NA,718.844497274961,NA,NA,NA,NA,NA,NA
100,2019-11-15,NA,718.844497274961,NA,NA,NA,NA,NA,NA
100,2019-11-16,NA,710.988527202977,NA,NA,NA,NA,NA,NA
100,2019-11-17,NA,667.780691807062,NA,NA,NA,NA,NA,NA
100,2019-11-18,NA,669.744684325058,NA,NA,NA,NA,NA,NA
100,2019-11-19,NA,673.67266936105,NA,NA,NA,NA,NA,NA
100,2019-11-20,NA,659.924721735077,NA,NA,NA,NA,NA,NA
100,2019-11-21,NA,616.716886339163,NA,NA,NA,NA,NA,NA
100,2019-11-22,NA,636.356811519124,NA,NA,NA,NA,NA,NA
100,2019-11-23,NA,744.376400008911,NA,NA,NA,NA,NA,NA
100,2019-11-24,NA,1416.06184116358,NA,NA,NA,NA,NA,NA
100,2019-11-25,NA,1052.7232253343,NA,NA,NA,NA,NA,NA
101,2019-11-25,NA,NA,NA,NA,NA,NA,NA,0.7
100,2019-11-26,NA,889.711846340623,NA,NA,NA,NA,NA,NA
100,2019-11-27,NA,856.323973534689,NA,NA,NA,NA,NA,NA
100,2019-11-28,NA,834.720055836732,NA,NA,NA,NA,NA,NA
100,2019-11-29,NA,822.936100728755,NA,NA,NA,NA,NA,NA
100,2019-11-30,NA,893.639831376616,NA,NA,NA,NA,NA,NA
100,2019-12-01,NA,4165.65136635815,NA,NA,NA,NA,NA,NA
100,2019-12-02,NA,3340.77450879978,NA,NA,NA,NA,NA,NA
100,2019-12-03,NA,2476.61780088149,NA,NA,NA,NA,NA,NA
101,2019-12-03,NA,NA,NA,NA,NA,NA,NA,0.6
100,2019-12-04,NA,2044.53944692234,NA,NA,NA,NA,NA,NA
100,2019-12-05,NA,1730.30064404296,NA,NA,NA,NA,NA,NA
100,2019-12-06,NA,1592.82116778323,NA,NA,NA,NA,NA,NA
100,2019-12-07,NA,1461.23366907749,NA,NA,NA,NA,NA,NA
100,2019-12-08,NA,1364.99803569568,NA,NA,NA,NA,NA,NA
100,2019-12-09,NA,1789.22041958285,NA,NA,NA,NA,NA,NA
100,2019-12-10,NA,1985.61967138246,NA,NA,NA,NA,NA,NA
100,2019-12-11,NA,1808.86034476281,NA,NA,NA,NA,NA,NA
101,2019-12-11,NA,NA,NA,NA,NA,NA,NA,0.5
100,2019-12-12,NA,1632.10101814316,NA,NA,NA,NA,NA,NA
100,2019-12-13,NA,2103.45922246223,NA,NA,NA,NA,NA,NA
100,2019-12-14,NA,6031.44425845447,NA,NA,NA,NA,NA,NA
100,2019-12-15,NA,4519.17001959745,NA,NA,NA,NA,NA,NA
100,2019-12-16,NA,3517.53383541943,NA,NA,NA,NA,NA,NA
100,2019-12-17,NA,3006.89578074044,NA,NA,NA,NA,NA,NA
100,2019-12-18,NA,2555.17750160133,NA,NA,NA,NA,NA,NA
100,2019-12-19,NA,2260.57862390191,NA,NA,NA,NA,NA,NA
101,2019-12-19,NA,NA,NA,NA,NA,NA,NA,0.7
100,2019-12-20,NA,2044.53944692234,NA,NA,NA,NA,NA,NA
100,2019-12-21,NA,1946.33982102254,NA,NA,NA,NA,NA,NA
100,2019-12-22,NA,1867.78012030269,NA,NA,NA,NA,NA,NA
100,2019-12-23,NA,1749.94056922292,NA,NA,NA,NA,NA,NA
100,2019-12-24,NA,1671.38086850308,NA,NA,NA,NA,NA,NA
100,2019-12-25,NA,1573.18124260327,NA,NA,NA,NA,NA,NA
100,2019-12-26,NA,1508.3694895094,NA,NA,NA,NA,NA,NA
100,2019-12-27,NA,1439.62975137954,NA,NA,NA,NA,NA,NA
101,2019-12-27,NA,NA,NA,NA,NA,NA,NA,0.6
100,2019-12-28,NA,1433.73777382555,NA,NA,NA,NA,NA,NA
100,2019-12-29,NA,1368.92602073168,NA,NA,NA,NA,NA,NA
100,2019-12-30,NA,1368.92602073168,NA,NA,NA,NA,NA,NA
100,2019-12-31,NA,1315.89822274578,NA,NA,NA,NA,NA,NA
100,2020-01-01,NA,1241.26650706193,NA,NA,NA,NA,NA,NA
101,2020-01-01,NA,NA,NA,NA,NA,NA,NA,0.6
100,2020-01-02,NA,1198.05867166601,NA,NA,NA,NA,NA,NA
100,2020-01-03,NA,1274.65437986786,NA,NA,NA,NA,NA,NA
100,2020-01-04,NA,1302.15027511981,NA,NA,NA,NA,NA,NA
100,2020-01-05,NA,1268.76240231387,NA,NA,NA,NA,NA,NA
100,2020-01-06,NA,1200.02266418401,NA,NA,NA,NA,NA,NA
100,2020-01-07,NA,1233.41053698994,NA,NA,NA,NA,NA,NA
100,2020-01-08,NA,1201.98665670201,NA,NA,NA,NA,NA,NA
100,2020-01-09,NA,1174.49076145006,NA,NA,NA,NA,NA,NA
101,2020-01-09,NA,NA,NA,NA,NA,NA,NA,0.5
100,2020-01-10,NA,1174.49076145006,NA,NA,NA,NA,NA,NA
100,2020-01-11,NA,2201.65884836203,NA,NA,NA,NA,NA,NA
100,2020-01-12,NA,9429.15131458775,NA,NA,NA,NA,NA,NA
100,2020-01-13,NA,4401.33046851769,NA,NA,NA,NA,NA,NA
100,2020-01-14,NA,3635.3733864992,NA,NA,NA,NA,NA,NA
100,2020-01-15,NA,3026.5357059204,NA,NA,NA,NA,NA,NA
100,2020-01-16,NA,2555.17750160133,NA,NA,NA,NA,NA,NA
100,2020-01-17,NA,2182.01892318207,NA,NA,NA,NA,NA,NA
101,2020-01-17,NA,NA,NA,NA,NA,NA,NA,0.6
100,2020-01-18,NA,2083.81929728226,NA,NA,NA,NA,NA,NA
100,2020-01-19,NA,2024.89952174238,NA,NA,NA,NA,NA,NA
100,2020-01-20,NA,1789.22041958285,NA,NA,NA,NA,NA,NA
100,2020-01-21,NA,1612.4610929632,NA,NA,NA,NA,NA,NA
100,2020-01-22,NA,1535.86538476135,NA,NA,NA,NA,NA,NA
100,2020-01-23,NA,1504.44150447341,NA,NA,NA,NA,NA,NA
100,2020-01-24,NA,4597.7297203173,NA,NA,NA,NA,NA,NA
100,2020-01-25,NA,9723.75019228717,NA,NA,NA,NA,NA,NA
100,2020-01-26,NA,5324.40695197586,NA,NA,NA,NA,NA,NA
100,2020-01-27,NA,4126.37151599823,NA,NA,NA,NA,NA,NA
100,2020-01-28,NA,3340.77450879978,NA,NA,NA,NA,NA,NA
100,2020-01-29,NA,2889.05622966067,NA,NA,NA,NA,NA,NA
100,2020-01-30,NA,2535.53757642137,NA,NA,NA,NA,NA,NA
100,2020-01-31,NA,2319.4983994418,NA,NA,NA,NA,NA,NA
100,2020-02-01,NA,2201.65884836203,NA,NA,NA,NA,NA,NA
100,2020-02-02,NA,2044.53944692234,NA,NA,NA,NA,NA,NA
100,2020-02-03,NA,1946.33982102254,NA,NA,NA,NA,NA,NA
100,2020-02-04,NA,1848.14019512273,NA,NA,NA,NA,NA,NA
100,2020-02-05,NA,1965.9797462025,NA,NA,NA,NA,NA,NA
100,2020-02-06,NA,14653.3714124574,NA,NA,NA,NA,NA,NA
100,2020-02-07,NA,26908.6847247532,NA,NA,NA,NA,NA,NA
100,2020-02-08,NA,9586.27071602744,NA,NA,NA,NA,NA,NA
100,2020-02-09,NA,6993.80059227256,NA,NA,NA,NA,NA,NA
100,2020-02-10,NA,6365.3229865138,NA,NA,NA,NA,NA,NA
101,2020-02-10,NA,NA,NA,NA,NA,NA,NA,0.6
100,2020-02-11,NA,6483.16253759357,NA,NA,NA,NA,NA,NA
100,2020-02-12,NA,6031.44425845447,NA,NA,NA,NA,NA,NA
100,2020-02-13,NA,7799.03752465097,NA,NA,NA,NA,NA,NA
100,2020-02-14,NA,6679.56178939318,NA,NA,NA,NA,NA,NA
100,2020-02-15,NA,5893.96478219474,NA,NA,NA,NA,NA,NA
100,2020-02-16,NA,5383.32672751575,NA,NA,NA,NA,NA,NA
100,2020-02-17,NA,4833.40882247683,NA,NA,NA,NA,NA,NA
100,2020-02-18,NA,4519.17001959745,NA,NA,NA,NA,NA,NA
101,2020-02-18,NA,NA,NA,NA,NA,NA,NA,0.6
100,2020-02-19,NA,4204.93121671807,NA,NA,NA,NA,NA,NA
100,2020-02-20,NA,3831.77263829881,NA,NA,NA,NA,NA,NA
100,2020-02-21,NA,3576.45361095932,NA,NA,NA,NA,NA,NA
100,2020-02-22,NA,3380.0543591597,NA,NA,NA,NA,NA,NA
100,2020-02-23,NA,3242.57488289997,NA,NA,NA,NA,NA,NA
100,2020-02-24,NA,3144.37525700017,NA,NA,NA,NA,NA,NA
100,2020-02-25,NA,3124.73533182021,NA,NA,NA,NA,NA,NA
100,2020-02-26,NA,3046.17563110036,NA,NA,NA,NA,NA,NA
100,2020-02-27,NA,2967.61593038052,NA,NA,NA,NA,NA,NA
100,2020-02-28,NA,2810.49652894083,NA,NA,NA,NA,NA,NA
100,2020-02-29,NA,2712.29690304102,NA,NA,NA,NA,NA,NA
100,2020-03-01,NA,2594.45735196125,NA,NA,NA,NA,NA,NA
100,2020-03-02,NA,2535.53757642137,NA,NA,NA,NA,NA,NA
100,2020-03-03,NA,2535.53757642137,NA,NA,NA,NA,NA,NA
100,2020-03-04,NA,2437.33795052157,NA,NA,NA,NA,NA,NA
100,2020-03-05,NA,2398.05810016164,NA,NA,NA,NA,NA,NA
101,2020-03-05,NA,NA,NA,NA,NA,NA,NA,0.9
100,2020-03-06,NA,2358.77824980172,NA,NA,NA,NA,NA,NA
100,2020-03-07,NA,2240.93869872195,NA,NA,NA,NA,NA,NA
100,2020-03-08,NA,2142.73907282215,NA,NA,NA,NA,NA,NA
100,2020-03-09,NA,2103.45922246223,NA,NA,NA,NA,NA,NA
100,2020-03-10,NA,2083.81929728226,NA,NA,NA,NA,NA,NA
100,2020-03-11,NA,2024.89952174238,NA,NA,NA,NA,NA,NA
100,2020-03-12,NA,2005.25959656242,NA,NA,NA,NA,NA,NA
100,2020-03-13,NA,2260.57862390191,NA,NA,NA,NA,NA,NA
101,2020-03-13,NA,NA,NA,NA,NA,NA,NA,0.9
100,2020-03-14,NA,2024.89952174238,NA,NA,NA,NA,NA,NA
100,2020-03-15,NA,2142.73907282215,NA,NA,NA,NA,NA,NA
100,2020-03-16,NA,2083.81929728226,NA,NA,NA,NA,NA,NA
100,2020-03-17,NA,2024.89952174238,NA,NA,NA,NA,NA,NA
100,2020-03-18,NA,2044.53944692234,NA,NA,NA,NA,NA,NA
100,2020-03-19,NA,2240.93869872195,NA,NA,NA,NA,NA,NA
100,2020-03-20,NA,2142.73907282215,NA,NA,NA,NA,NA,NA
100,2020-03-21,NA,2103.45922246223,NA,NA,NA,NA,NA,NA
100,2020-03-22,NA,2024.89952174238,NA,NA,NA,NA,NA,NA
100,2020-03-23,NA,2024.89952174238,NA,NA,NA,NA,NA,NA
100,2020-03-24,NA,2044.53944692234,NA,NA,NA,NA,NA,NA
100,2020-03-25,NA,5835.04500665485,NA,NA,NA,NA,NA,NA
100,2020-03-26,NA,4479.89016923753,NA,NA,NA,NA,NA,NA
100,2020-03-27,NA,3753.21293757897,NA,NA,NA,NA,NA,NA
100,2020-03-28,NA,3262.21480807994,NA,NA,NA,NA,NA,NA
100,2020-03-29,NA,2908.69615484063,NA,NA,NA,NA,NA,NA
100,2020-03-30,NA,2574.81742678129,NA,NA,NA,NA,NA,NA
100,2020-03-31,NA,2947.97600520056,NA,NA,NA,NA,NA,NA
100,2020-04-01,NA,3497.89391023947,NA,NA,NA,NA,NA,NA
100,2020-04-02,NA,3006.89578074044,NA,NA,NA,NA,NA,NA
100,2020-04-03,NA,2712.29690304102,NA,NA,NA,NA,NA,NA
100,2020-04-04,NA,2535.53757642137,NA,NA,NA,NA,NA,NA
100,2020-04-05,NA,2398.05810016164,NA,NA,NA,NA,NA,NA
100,2020-04-06,NA,2280.21854908188,NA,NA,NA,NA,NA,NA
100,2020-04-07,NA,2182.01892318207,NA,NA,NA,NA,NA,NA
100,2020-04-08,NA,2201.65884836203,NA,NA,NA,NA,NA,NA
100,2020-04-09,NA,2142.73907282215,NA,NA,NA,NA,NA,NA
100,2020-04-10,NA,2024.89952174238,NA,NA,NA,NA,NA,NA
100,2020-04-11,NA,1985.61967138246,NA,NA,NA,NA,NA,NA
100,2020-04-12,NA,2103.45922246223,NA,NA,NA,NA,NA,NA
100,2020-04-13,NA,44781.0166385179,NA,NA,NA,NA,NA,NA
100,2020-04-14,NA,9409.51138940779,NA,NA,NA,NA,NA,NA
100,2020-04-15,NA,6875.9610411928,NA,NA,NA,NA,NA,NA
100,2020-04-16,NA,5599.36590449532,NA,NA,NA,NA,NA,NA
100,2020-04-17,NA,4931.60844837664,NA,NA,NA,NA,NA,NA
100,2020-04-18,NA,4519.17001959745,NA,NA,NA,NA,NA,NA
100,2020-04-19,NA,3910.33233901865,NA,NA,NA,NA,NA,NA
100,2020-04-20,NA,3812.13271311885,NA,NA,NA,NA,NA,NA
100,2020-04-21,NA,3380.0543591597,NA,NA,NA,NA,NA,NA
100,2020-04-22,NA,2987.25585556048,NA,NA,NA,NA,NA,NA
100,2020-04-23,NA,2967.61593038052,NA,NA,NA,NA,NA,NA
100,2020-04-24,NA,3124.73533182021,NA,NA,NA,NA,NA,NA
100,2020-04-25,NA,2947.97600520056,NA,NA,NA,NA,NA,NA
100,2020-04-26,NA,4715.56927139706,NA,NA,NA,NA,NA,NA
100,2020-04-27,NA,3674.65323685912,NA,NA,NA,NA,NA,NA
100,2020-04-28,NA,3281.8547332599,NA,NA,NA,NA,NA,NA
100,2020-04-29,NA,3144.37525700017,NA,NA,NA,NA,NA,NA
100,2020-04-30,NA,21998.7034297629,NA,NA,NA,NA,NA,NA
100,2020-05-01,NA,8290.03565415,NA,NA,NA,NA,NA,NA
100,2020-05-02,NA,6404.60283687373,NA,NA,NA,NA,NA,NA
100,2020-05-03,NA,5481.52635341555,NA,NA,NA,NA,NA,NA
100,2020-05-04,NA,4990.52822391652,NA,NA,NA,NA,NA,NA
100,2020-05-05,NA,4578.08979513734,NA,NA,NA,NA,NA,NA
100,2020-05-06,NA,4146.01144117819,NA,NA,NA,NA,NA,NA
100,2020-05-07,NA,3596.09353613928,NA,NA,NA,NA,NA,NA
100,2020-05-08,NA,3321.13458361982,NA,NA,NA,NA,NA,NA
100,2020-05-09,NA,3144.37525700017,NA,NA,NA,NA,NA,NA
100,2020-05-10,NA,2967.61593038052,NA,NA,NA,NA,NA,NA
100,2020-05-11,NA,2810.49652894083,NA,NA,NA,NA,NA,NA
100,2020-05-12,NA,2653.37712750114,NA,NA,NA,NA,NA,NA
100,2020-05-13,NA,2574.81742678129,NA,NA,NA,NA,NA,NA
100,2020-05-14,NA,2496.25772606145,NA,NA,NA,NA,NA,NA
100,2020-05-15,NA,2417.6980253416,NA,NA,NA,NA,NA,NA
100,2020-05-16,NA,2319.4983994418,NA,NA,NA,NA,NA,NA
100,2020-05-17,NA,2240.93869872195,NA,NA,NA,NA,NA,NA
100,2020-05-18,NA,2162.37899800211,NA,NA,NA,NA,NA,NA
100,2020-05-19,NA,22980.699688761,NA,NA,NA,NA,NA,NA
100,2020-05-20,NA,75812.0984228566,NA,NA,NA,NA,NA,NA
100,2020-05-21,NA,136892.265732536,NA,NA,NA,NA,NA,NA
100,2020-05-22,NA,64028.1433148799,NA,NA,NA,NA,NA,NA
100,2020-05-23,NA,22195.1026815625,NA,NA,NA,NA,NA,NA
100,2020-05-24,NA,15321.1288685761,NA,NA,NA,NA,NA,NA
101,2020-05-24,NA,NA,NA,NA,NA,NA,NA,4.6
100,2020-05-25,NA,12139.4609894224,NA,NA,NA,NA,NA,NA
100,2020-05-26,NA,9782.66996782705,NA,NA,NA,NA,NA,NA
100,2020-05-27,NA,8682.83415774923,NA,NA,NA,NA,NA,NA
100,2020-05-28,NA,11118.1848800644,NA,NA,NA,NA,NA,NA
100,2020-05-29,NA,8152.55617789027,NA,NA,NA,NA,NA,NA
100,2020-05-30,NA,6915.24089155272,NA,NA,NA,NA,NA,NA
100,2020-05-31,NA,6149.28380953423,NA,NA,NA,NA,NA,NA
100,2020-06-01,NA,5619.00582967528,NA,NA,NA,NA,NA,NA
100,2020-06-02,NA,5206.56740089609,NA,NA,NA,NA,NA,NA
100,2020-06-03,NA,4794.12897211691,NA,NA,NA,NA,NA,NA
100,2020-06-04,NA,4617.36964549726,NA,NA,NA,NA,NA,NA
100,2020-06-05,NA,5245.84725125602,NA,NA,NA,NA,NA,NA
100,2020-06-06,NA,4695.9293462171,NA,NA,NA,NA,NA,NA
100,2020-06-07,NA,4244.211067078,NA,NA,NA,NA,NA,NA
100,2020-06-08,NA,3753.21293757897,NA,NA,NA,NA,NA,NA
100,2020-06-09,NA,3576.45361095932,NA,NA,NA,NA,NA,NA
100,2020-06-10,NA,5874.32485701478,NA,NA,NA,NA,NA,NA
100,2020-06-11,NA,4067.45174045834,NA,NA,NA,NA,NA,NA
100,2020-06-12,NA,3380.0543591597,NA,NA,NA,NA,NA,NA
100,2020-06-13,NA,3242.57488289997,NA,NA,NA,NA,NA,NA
100,2020-06-14,NA,5992.16440809454,NA,NA,NA,NA,NA,NA
100,2020-06-15,NA,12414.4199419419,NA,NA,NA,NA,NA,NA
100,2020-06-16,NA,9625.55056638736,NA,NA,NA,NA,NA,NA
100,2020-06-17,NA,106253.982451796,NA,NA,NA,NA,NA,NA
100,2020-06-18,NA,24159.0951995586,NA,NA,NA,NA,NA,NA
100,2020-06-19,NA,19838.3116599672,NA,NA,NA,NA,NA,NA
100,2020-06-20,NA,13121.4572484205,NA,NA,NA,NA,NA,NA
100,2020-06-21,NA,9488.07109012763,NA,NA,NA,NA,NA,NA
100,2020-06-22,NA,7641.91812321128,NA,NA,NA,NA,NA,NA
100,2020-06-23,NA,7229.4796944321,NA,NA,NA,NA,NA,NA
100,2020-06-24,NA,6168.92373471419,NA,NA,NA,NA,NA,NA
100,2020-06-25,NA,5088.72784981633,NA,NA,NA,NA,NA,NA
100,2020-06-26,NA,4695.9293462171,NA,NA,NA,NA,NA,NA
100,2020-06-27,NA,4401.33046851769,NA,NA,NA,NA,NA,NA
100,2020-06-28,NA,4204.93121671807,NA,NA,NA,NA,NA,NA
100,2020-06-29,NA,3929.97226419862,NA,NA,NA,NA,NA,NA
100,2020-06-30,NA,3596.09353613928,NA,NA,NA,NA,NA,NA
100,2020-07-01,NA,3262.21480807994,NA,NA,NA,NA,NA,NA
100,2020-07-02,NA,2967.61593038052,NA,NA,NA,NA,NA,NA
100,2020-07-03,NA,2731.93682822098,NA,NA,NA,NA,NA,NA
100,2020-07-04,NA,2515.89765124141,NA,NA,NA,NA,NA,NA
100,2020-07-05,NA,2398.05810016164,NA,NA,NA,NA,NA,NA
100,2020-07-06,NA,2299.85847426184,NA,NA,NA,NA,NA,NA
100,2020-07-07,NA,2162.37899800211,NA,NA,NA,NA,NA,NA
100,2020-07-08,NA,2083.81929728226,NA,NA,NA,NA,NA,NA
100,2020-07-09,NA,2005.25959656242,NA,NA,NA,NA,NA,NA
100,2020-07-10,NA,1946.33982102254,NA,NA,NA,NA,NA,NA
100,2020-07-11,NA,1926.69989584257,NA,NA,NA,NA,NA,NA
100,2020-07-12,NA,1848.14019512273,NA,NA,NA,NA,NA,NA
100,2020-07-13,NA,1946.33982102254,NA,NA,NA,NA,NA,NA
100,2020-07-14,NA,1789.22041958285,NA,NA,NA,NA,NA,NA
100,2020-07-15,NA,1710.660718863,NA,NA,NA,NA,169.344,NA
100,2020-07-16,NA,1651.74094332312,NA,NA,NA,NA,NA,NA
100,2020-07-17,NA,1612.4610929632,NA,NA,NA,NA,NA,NA
100,2020-07-18,NA,1573.18124260327,NA,NA,NA,NA,NA,NA
100,2020-07-19,NA,1520.15344461738,NA,NA,NA,NA,NA,NA
100,2020-07-20,NA,1412.13385612759,NA,NA,NA,NA,NA,NA
100,2020-07-21,NA,1390.52993842963,NA,NA,NA,NA,NA,NA
100,2020-07-22,NA,1412.13385612759,NA,NA,NA,NA,120.096,NA
300,2020-07-22,NA,NA,NA,NA,NA,NA,357.696,NA
100,2020-07-23,NA,1592.82116778323,NA,NA,NA,NA,NA,NA
100,2020-07-24,NA,1651.74094332312,NA,NA,NA,NA,NA,NA
100,2020-07-25,NA,1710.660718863,NA,NA,NA,NA,NA,NA
100,2020-07-26,NA,1508.3694895094,NA,NA,NA,NA,NA,NA
100,2020-07-27,NA,1410.1698636096,NA,NA,NA,NA,NA,NA
100,2020-07-28,NA,1205.914641738,NA,NA,NA,NA,NA,NA
100,2020-07-29,NA,982.019494686441,NA,NA,NA,NA,NA,NA
100,2020-07-30,NA,1260.90643224189,NA,NA,NA,NA,NA,NA
100,2020-07-31,NA,1632.10101814316,NA,NA,NA,NA,NA,NA
100,2020-08-01,NA,1368.92602073168,NA,NA,NA,NA,NA,NA
100,2020-08-02,NA,1225.55456691796,NA,NA,NA,NA,NA,NA
100,2020-08-03,NA,2339.13832462176,NA,NA,NA,NA,NA,NA
100,2020-08-04,NA,1502.47751195541,NA,NA,NA,NA,NA,NA
100,2020-08-05,NA,1730.30064404296,NA,NA,NA,NA,228.96,NA
300,2020-08-05,NA,NA,NA,NA,NA,NA,778.896,NA
100,2020-08-06,NA,2201.65884836203,NA,NA,NA,NA,NA,NA
100,2020-08-07,NA,1710.660718863,NA,NA,NA,NA,NA,NA
100,2020-08-08,NA,1402.31389353761,NA,NA,NA,NA,NA,NA
100,2020-08-09,NA,1311.97023770979,NA,NA,NA,NA,NA,NA
100,2020-08-10,NA,1172.52676893206,NA,NA,NA,NA,NA,NA
100,2020-08-11,NA,1088.07509065823,NA,NA,NA,NA,NA,NA
100,2020-08-12,NA,1251.08646965191,NA,NA,NA,NA,NA,NA
101,2020-08-12,NA,NA,NA,NA,NA,NA,NA,2.4
100,2020-08-13,NA,1158.77882130609,NA,NA,NA,NA,NA,NA
100,2020-08-14,NA,1522.11743713537,NA,NA,NA,NA,NA,NA
100,2020-08-15,NA,2535.53757642137,NA,NA,NA,NA,NA,NA
100,2020-08-16,NA,2790.85660376087,NA,NA,NA,NA,NA,NA
100,2020-08-17,NA,1965.9797462025,NA,NA,NA,NA,NA,NA
100,2020-08-18,NA,1563.36128001329,NA,NA,NA,NA,NA,NA
100,2020-08-19,NA,1355.1780731057,1,0.008,0.116,0.006,291.168,NA
300,2020-08-19,NA,NA,1.1,0.074,0.017,0.009,2229.12,NA
100,2020-08-20,NA,1211.80661929199,NA,NA,NA,NA,NA,NA
100,2020-08-21,NA,1198.05867166601,NA,NA,NA,NA,NA,NA
100,2020-08-22,NA,1319.82620778177,NA,NA,NA,NA,NA,NA
100,2020-08-23,NA,1504.44150447341,NA,NA,NA,NA,NA,NA
100,2020-08-24,NA,1311.97023770979,NA,NA,NA,NA,NA,NA
100,2020-08-25,NA,1143.06688116212,NA,NA,NA,NA,NA,NA
100,2020-08-26,NA,1033.08330015434,NA,NA,NA,NA,NA,NA
100,2020-08-27,NA,972.19953209646,NA,NA,NA,NA,NA,NA
100,2020-08-28,NA,934.883674254534,NA,NA,NA,NA,NA,NA
100,2020-08-29,NA,950.595614398503,NA,NA,NA,NA,NA,NA
100,2020-08-30,NA,934.883674254534,NA,NA,NA,NA,NA,NA
100,2020-08-31,NA,1691.02079368304,NA,NA,NA,NA,NA,NA
100,2020-09-01,NA,1946.33982102254,NA,NA,NA,NA,NA,NA
100,2020-09-02,NA,1592.82116778323,NA,NA,NA,NA,NA,NA
100,2020-09-03,NA,1323.75419281777,NA,NA,NA,NA,NA,NA
100,2020-09-04,NA,1123.42695598216,NA,NA,NA,NA,NA,NA
100,2020-09-05,NA,1007.55139742039,NA,NA,NA,NA,NA,NA
100,2020-09-06,NA,934.883674254534,NA,NA,NA,NA,NA,NA
100,2020-09-07,NA,934.883674254534,NA,NA,NA,NA,NA,NA
100,2020-09-08,NA,915.243749074573,NA,NA,NA,NA,NA,NA
100,2020-09-09,NA,877.927891232647,NA,NA,NA,NA,NA,NA
100,2020-09-10,NA,877.927891232647,NA,NA,NA,NA,NA,NA
100,2020-09-11,NA,862.215951088678,NA,NA,NA,NA,NA,NA
100,2020-09-12,NA,822.936100728755,NA,NA,NA,NA,NA,NA
100,2020-09-13,NA,822.936100728755,NA,NA,NA,NA,NA,NA
100,2020-09-14,NA,779.728265332841,NA,NA,NA,NA,NA,NA
100,2020-09-15,NA,769.90830274286,NA,NA,NA,NA,NA,NA
100,2020-09-16,NA,769.90830274286,NA,NA,NA,NA,NA,NA
100,2020-09-17,NA,1176.45475396806,NA,NA,NA,NA,NA,NA
100,2020-09-18,NA,1270.72639483187,NA,NA,NA,NA,NA,NA
100,2020-09-19,NA,987.911472240429,NA,NA,NA,NA,NA,NA
100,2020-09-20,NA,927.027704182549,NA,NA,NA,NA,NA,NA
100,2020-09-21,NA,862.215951088678,NA,NA,NA,NA,NA,NA
100,2020-09-22,NA,822.936100728755,NA,NA,NA,NA,NA,NA
100,2020-09-23,NA,807.224160584786,NA,NA,NA,NA,186.624,NA
300,2020-09-23,NA,NA,NA,NA,NA,NA,643.68,NA
300,2020-09-23,NA,NA,NA,NA,NA,NA,285.12,NA
100,2020-09-24,NA,783.656250368833,NA,NA,NA,NA,NA,NA
100,2020-09-25,NA,2240.93869872195,NA,NA,NA,NA,NA,NA
100,2020-09-26,NA,2515.89765124141,NA,NA,NA,NA,NA,NA
100,2020-09-27,NA,1808.86034476281,NA,NA,NA,NA,NA,NA
100,2020-09-28,NA,1547.64933986932,NA,NA,NA,NA,NA,NA
100,2020-09-29,NA,2614.09727714122,NA,NA,NA,NA,NA,NA
100,2020-09-30,NA,2987.25585556048,NA,NA,NA,NA,NA,NA
100,2020-10-01,NA,2221.29877354199,NA,NA,NA,NA,NA,NA
100,2020-10-02,NA,1848.14019512273,NA,NA,NA,NA,NA,NA
100,2020-10-03,NA,1651.74094332312,NA,NA,NA,NA,NA,NA
100,2020-10-04,NA,1518.18945209938,NA,NA,NA,NA,NA,NA
100,2020-10-05,NA,1435.70176634354,NA,NA,NA,NA,NA,NA
100,2020-10-06,NA,1435.70176634354,NA,NA,NA,NA,NA,NA
100,2020-10-07,NA,1410.1698636096,NA,NA,NA,NA,NA,NA
101,2020-10-07,NA,NA,NA,NA,NA,NA,NA,2.6
100,2020-10-08,NA,1372.85400576767,NA,NA,NA,NA,NA,NA
100,2020-10-09,NA,1368.92602073168,NA,NA,NA,NA,NA,NA
100,2020-10-10,NA,1592.82116778323,NA,NA,NA,NA,NA,NA
100,2020-10-11,NA,3517.53383541943,NA,NA,NA,NA,NA,NA
100,2020-10-12,NA,4735.20919657703,NA,NA,NA,NA,NA,NA
100,2020-10-13,NA,3497.89391023947,NA,NA,NA,NA,NA,NA
100,2020-10-14,NA,2928.3360800206,NA,NA,NA,NA,NA,NA
100,2020-10-15,NA,2574.81742678129,NA,NA,NA,NA,NA,NA
100,2020-10-16,NA,2358.77824980172,NA,NA,NA,NA,NA,NA
100,2020-10-17,NA,2182.01892318207,NA,NA,NA,NA,NA,NA
100,2020-10-18,NA,2103.45922246223,NA,NA,NA,NA,NA,NA
100,2020-10-19,NA,2044.53944692234,NA,NA,NA,NA,NA,NA
100,2020-10-20,NA,2024.89952174238,NA,NA,NA,NA,NA,NA
100,2020-10-21,NA,1946.33982102254,NA,NA,NA,NA,NA,NA
100,2020-10-22,NA,1946.33982102254,NA,NA,NA,NA,NA,NA
100,2020-10-23,NA,1946.33982102254,NA,NA,NA,NA,NA,NA
101,2020-10-23,NA,NA,NA,NA,NA,NA,NA,1.4
100,2020-10-24,NA,1985.61967138246,NA,NA,NA,NA,NA,NA
100,2020-10-25,NA,3105.09540664025,NA,NA,NA,NA,NA,NA
100,2020-10-26,NA,2771.21667858091,NA,NA,NA,NA,NA,NA
100,2020-10-27,NA,2515.89765124141,NA,NA,NA,NA,NA,NA
100,2020-10-28,NA,2437.33795052157,NA,NA,NA,NA,NA,NA
100,2020-10-29,NA,21605.9049261637,NA,NA,NA,NA,NA,NA
100,2020-10-30,NA,6758.12149011303,NA,NA,NA,NA,NA,NA
100,2020-10-31,NA,4519.17001959745,NA,NA,NA,NA,NA,NA
100,2020-11-01,NA,4303.13084261788,NA,NA,NA,NA,NA,NA
100,2020-11-02,NA,3871.05248865873,NA,NA,NA,NA,NA,NA
100,2020-11-03,NA,3340.77450879978,NA,NA,NA,NA,NA,NA
100,2020-11-04,NA,2830.13645412079,NA,NA,NA,NA,NA,NA
100,2020-11-05,NA,2614.09727714122,NA,NA,NA,NA,NA,NA
100,2020-11-06,NA,2398.05810016164,NA,NA,NA,NA,NA,NA
100,2020-11-07,NA,2280.21854908188,NA,NA,NA,NA,NA,NA
100,2020-11-08,NA,2182.01892318207,NA,NA,NA,NA,NA,NA
101,2020-11-08,NA,NA,NA,NA,NA,NA,NA,0.5
100,2020-11-09,NA,2064.1793721023,NA,NA,NA,NA,NA,NA
100,2020-11-10,NA,2024.89952174238,NA,NA,NA,NA,NA,NA
100,2020-11-11,NA,25337.4907103563,NA,NA,NA,NA,NA,NA
100,2020-11-12,NA,52636.9867105024,NA,NA,NA,NA,NA,NA
100,2020-11-13,NA,13278.5766498601,NA,NA,NA,NA,NA,NA
100,2020-11-14,NA,8132.91625271031,NA,NA,NA,NA,NA,NA
100,2020-11-15,NA,6483.16253759357,NA,NA,NA,NA,NA,NA
100,2020-11-16,NA,5540.44612895543,NA,NA,NA,NA,NA,NA
100,2020-11-17,NA,5010.16814909648,NA,NA,NA,NA,NA,NA
100,2020-11-18,NA,4538.80994477741,NA,NA,NA,NA,NA,NA
100,2020-11-19,NA,4263.85099225796,NA,NA,NA,NA,NA,NA
100,2020-11-20,NA,3831.77263829881,NA,NA,NA,NA,NA,NA
100,2020-11-21,NA,3478.25398505951,NA,NA,NA,NA,NA,NA
100,2020-11-22,NA,3242.57488289997,NA,NA,NA,NA,NA,NA
100,2020-11-23,NA,3006.89578074044,NA,NA,NA,NA,NA,NA
100,2020-11-24,NA,2810.49652894083,NA,NA,NA,NA,NA,NA
101,2020-11-24,NA,NA,NA,NA,NA,NA,NA,0.6
100,2020-11-25,NA,2692.65697786106,NA,NA,NA,NA,NA,NA
100,2020-11-26,NA,2574.81742678129,NA,NA,NA,NA,NA,NA
100,2020-11-27,NA,2456.97787570153,NA,NA,NA,NA,NA,NA
100,2020-11-28,NA,2339.13832462176,NA,NA,NA,NA,NA,NA
100,2020-11-29,NA,2280.21854908188,NA,NA,NA,NA,NA,NA
100,2020-11-30,NA,5285.12710161594,NA,NA,NA,NA,NA,NA
100,2020-12-01,NA,4126.37151599823,NA,NA,NA,NA,NA,NA
100,2020-12-02,NA,3497.89391023947,NA,NA,NA,NA,NA,NA
100,2020-12-03,NA,3144.37525700017,NA,NA,NA,NA,NA,NA
100,2020-12-04,NA,4067.45174045834,NA,NA,NA,NA,NA,NA
100,2020-12-05,NA,10725.3863764652,NA,NA,NA,NA,NA,NA
100,2020-12-06,NA,5952.88455773462,NA,NA,NA,NA,NA,NA
100,2020-12-07,NA,5147.64762535621,NA,NA,NA,NA,NA,NA
100,2020-12-08,NA,4420.97039369765,NA,NA,NA,NA,NA,NA
100,2020-12-09,NA,3890.69241383869,NA,NA,NA,NA,NA,NA
100,2020-12-10,NA,3478.25398505951,NA,NA,NA,NA,NA,NA
101,2020-12-10,NA,NA,NA,NA,NA,NA,NA,0.7
100,2020-12-11,NA,3164.01518218013,NA,NA,NA,NA,NA,NA
100,2020-12-12,NA,2928.3360800206,NA,NA,NA,NA,NA,NA
100,2020-12-13,NA,2771.21667858091,NA,NA,NA,NA,NA,NA
100,2020-12-14,NA,6149.28380953423,NA,NA,NA,NA,NA,NA
100,2020-12-15,NA,5285.12710161594,NA,NA,NA,NA,NA,NA
100,2020-12-16,NA,5658.2856800352,NA,NA,NA,NA,NA,NA
100,2020-12-17,NA,6011.8043332745,NA,NA,NA,NA,NA,NA
100,2020-12-18,NA,5324.40695197586,NA,NA,NA,NA,NA,NA
100,2020-12-19,NA,4754.84912175699,NA,NA,NA,NA,NA,NA
100,2020-12-20,NA,4342.4106929778,NA,NA,NA,NA,NA,NA
100,2020-12-21,NA,4008.53196491846,NA,NA,NA,NA,NA,NA
100,2020-12-22,NA,3733.573012399,NA,NA,NA,NA,NA,NA
100,2020-12-23,NA,3537.17376059939,NA,NA,NA,NA,NA,NA
100,2020-12-24,NA,4146.01144117819,NA,NA,NA,NA,NA,NA
100,2020-12-25,NA,6443.88268723365,NA,NA,NA,NA,NA,NA
100,2020-12-26,NA,4931.60844837664,NA,NA,NA,NA,NA,NA
100,2020-12-27,NA,4362.05061815776,NA,NA,NA,NA,NA,NA
100,2020-12-28,NA,3988.8920397385,NA,NA,NA,NA,NA,NA
100,2020-12-29,NA,3655.01331167916,NA,NA,NA,NA,NA,NA
100,2020-12-30,NA,3458.61405987955,NA,NA,NA,NA,NA,NA
100,2020-12-31,NA,3321.13458361982,NA,NA,NA,NA,NA,NA
100,2021-01-01,NA,4401.33046851769,NA,NA,NA,NA,NA,NA
100,2021-01-02,NA,6247.48343543404,NA,NA,NA,NA,NA,NA
100,2021-01-03,NA,5324.40695197586,NA,NA,NA,NA,NA,NA
100,2021-01-04,NA,4774.48904693695,NA,NA,NA,NA,NA,NA
100,2021-01-05,NA,4362.05061815776,NA,NA,NA,NA,NA,NA
100,2021-01-06,NA,3988.8920397385,NA,NA,NA,NA,NA,NA
100,2021-01-07,NA,3733.573012399,NA,NA,NA,NA,NA,NA
100,2021-01-08,NA,3517.53383541943,NA,NA,NA,NA,NA,NA
100,2021-01-09,NA,3301.49465843986,NA,NA,NA,NA,NA,NA
101,2021-01-09,NA,NA,NA,NA,NA,NA,NA,0.7
100,2021-01-10,NA,3105.09540664025,NA,NA,NA,NA,NA,NA
100,2021-01-11,NA,2928.3360800206,NA,NA,NA,NA,NA,NA
100,2021-01-12,NA,2810.49652894083,NA,NA,NA,NA,NA,NA
100,2021-01-13,NA,2712.29690304102,NA,NA,NA,NA,NA,NA
100,2021-01-14,NA,2614.09727714122,NA,NA,NA,NA,NA,NA
100,2021-01-15,NA,2614.09727714122,NA,NA,NA,NA,NA,NA
100,2021-01-16,NA,2633.73720232118,NA,NA,NA,NA,NA,NA
100,2021-01-17,NA,2496.25772606145,NA,NA,NA,NA,NA,NA
101,2021-01-17,NA,NA,NA,NA,NA,NA,NA,0.6
100,2021-01-18,NA,2358.77824980172,NA,NA,NA,NA,NA,NA
100,2021-01-19,NA,2280.21854908188,NA,NA,NA,NA,NA,NA
100,2021-01-20,NA,2182.01892318207,NA,NA,NA,NA,NA,NA
100,2021-01-21,NA,2182.01892318207,NA,NA,NA,NA,NA,NA
100,2021-01-22,NA,2083.81929728226,NA,NA,NA,NA,NA,NA
100,2021-01-23,NA,2024.89952174238,NA,NA,NA,NA,NA,NA
100,2021-01-24,NA,2024.89952174238,NA,NA,NA,NA,NA,NA
100,2021-01-25,NA,2908.69615484063,NA,NA,NA,NA,NA,NA
101,2021-01-25,NA,NA,NA,NA,NA,NA,NA,0.5
100,2021-01-26,NA,16558.4441549137,NA,NA,NA,NA,NA,NA
100,2021-01-27,NA,6659.92186421322,NA,NA,NA,NA,NA,NA
100,2021-01-28,NA,5795.76515629493,NA,NA,NA,NA,NA,NA
100,2021-01-29,NA,4931.60844837664,NA,NA,NA,NA,NA,NA
100,2021-01-30,NA,4519.17001959745,NA,NA,NA,NA,NA,NA
100,2021-01-31,NA,4342.4106929778,NA,NA,NA,NA,NA,NA
100,2021-02-01,NA,3949.61218937858,NA,NA,NA,NA,NA,NA
100,2021-02-02,NA,3615.73346131924,NA,NA,NA,NA,NA,NA
100,2021-02-03,NA,3340.77450879978,NA,NA,NA,NA,NA,NA
100,2021-02-04,NA,3124.73533182021,NA,NA,NA,NA,NA,NA
100,2021-02-05,NA,3380.0543591597,NA,NA,NA,NA,NA,NA
100,2021-02-06,NA,3419.33420951963,NA,NA,NA,NA,NA,NA
100,2021-02-07,NA,3910.33233901865,NA,NA,NA,NA,NA,NA
100,2021-02-08,NA,3969.25211455854,NA,NA,NA,NA,NA,NA
100,2021-02-09,NA,3674.65323685912,NA,NA,NA,NA,NA,NA
100,2021-02-10,NA,3556.81368577935,NA,NA,NA,NA,NA,NA
100,2021-02-11,NA,3772.85286275893,NA,NA,NA,NA,NA,NA
100,2021-02-12,NA,4794.12897211691,NA,NA,NA,NA,NA,NA
100,2021-02-13,NA,7170.55991889222,NA,NA,NA,NA,NA,NA
100,2021-02-14,NA,8073.99647717043,NA,NA,NA,NA,NA,NA
100,2021-02-15,NA,9370.23153904787,NA,NA,NA,NA,NA,NA
100,2021-02-16,NA,14201.6531333183,NA,NA,NA,NA,NA,NA
100,2021-02-17,NA,8643.5543073893,NA,NA,NA,NA,NA,NA
100,2021-02-18,NA,9920.14944408678,NA,NA,NA,NA,NA,NA
101,2021-02-18,NA,NA,NA,NA,NA,NA,NA,0.9
100,2021-02-19,NA,11118.1848800644,NA,NA,NA,NA,NA,NA
100,2021-02-20,NA,9330.95168868795,NA,NA,NA,NA,NA,NA
100,2021-02-21,NA,7582.9983476714,NA,NA,NA,NA,NA,NA
100,2021-02-22,NA,7818.67744983093,NA,NA,NA,NA,NA,NA
100,2021-02-23,NA,7052.72036781245,NA,NA,NA,NA,NA,NA
100,2021-02-24,NA,6522.4423879535,NA,NA,NA,NA,NA,NA
100,2021-02-25,NA,6070.72410881439,NA,NA,NA,NA,NA,NA
100,2021-02-26,NA,5795.76515629493,NA,NA,NA,NA,NA,NA
100,2021-02-27,NA,7720.47782393113,NA,NA,NA,NA,NA,NA
100,2021-02-28,NA,17560.0803390917,NA,NA,NA,NA,NA,NA
100,2021-03-01,NA,12316.220316042,NA,NA,NA,NA,NA,NA
100,2021-03-02,NA,9016.71288580857,NA,NA,NA,NA,NA,NA
100,2021-03-03,NA,7622.27819803132,NA,NA,NA,NA,NA,NA
100,2021-03-04,NA,6679.56178939318,NA,NA,NA,NA,NA,NA
100,2021-03-05,NA,5952.88455773462,NA,NA,NA,NA,NA,NA
100,2021-03-06,NA,5442.24650305563,NA,NA,NA,NA,NA,NA
101,2021-03-06,NA,NA,NA,NA,NA,NA,NA,0.8
100,2021-03-07,NA,5088.72784981633,NA,NA,NA,NA,NA,NA
100,2021-03-08,NA,4656.64949585718,NA,NA,NA,NA,NA,NA
100,2021-03-09,NA,4303.13084261788,NA,NA,NA,NA,NA,NA
100,2021-03-10,NA,4028.17189009842,NA,NA,NA,NA,NA,NA
100,2021-03-11,NA,3772.85286275893,NA,NA,NA,NA,NA,NA
100,2021-03-12,NA,3615.73346131924,NA,NA,NA,NA,NA,NA
100,2021-03-13,NA,3497.89391023947,NA,NA,NA,NA,NA,NA
100,2021-03-14,NA,3360.41443397974,NA,NA,NA,NA,NA,NA
101,2021-03-14,NA,NA,NA,NA,NA,NA,NA,0.7
100,2021-03-15,NA,3242.57488289997,NA,NA,NA,NA,NA,NA
100,2021-03-16,NA,3164.01518218013,NA,NA,NA,NA,NA,NA
100,2021-03-17,NA,3046.17563110036,NA,NA,NA,NA,NA,NA
100,2021-03-18,NA,3164.01518218013,NA,NA,NA,NA,NA,NA
100,2021-03-19,NA,3438.97413469959,NA,NA,NA,NA,NA,NA
100,2021-03-20,NA,3046.17563110036,NA,NA,NA,NA,NA,NA
100,2021-03-21,NA,2908.69615484063,NA,NA,NA,NA,NA,NA
100,2021-03-22,NA,2771.21667858091,NA,NA,NA,NA,NA,NA
101,2021-03-22,NA,NA,NA,NA,NA,NA,NA,0.9
100,2021-03-23,NA,2692.65697786106,NA,NA,NA,NA,NA,NA
100,2021-03-24,NA,2692.65697786106,NA,NA,NA,NA,NA,NA
100,2021-03-25,NA,2771.21667858091,NA,NA,NA,NA,NA,NA
100,2021-03-26,NA,3910.33233901865,NA,NA,NA,NA,NA,NA
100,2021-03-27,NA,3596.09353613928,NA,NA,NA,NA,NA,NA
100,2021-03-28,NA,5186.92747571613,NA,NA,NA,NA,NA,NA
100,2021-03-29,NA,4892.32859801671,NA,NA,NA,NA,NA,NA
100,2021-03-30,NA,4185.29129153811,NA,NA,NA,NA,NA,NA
100,2021-03-31,NA,4853.04874765679,NA,NA,NA,NA,NA,NA
100,2021-04-01,NA,4538.80994477741,NA,NA,NA,NA,NA,NA
100,2021-04-02,NA,3969.25211455854,NA,NA,NA,NA,NA,NA
100,2021-04-03,NA,3615.73346131924,NA,NA,NA,NA,NA,NA
100,2021-04-04,NA,3399.69428433966,NA,NA,NA,NA,NA,NA
100,2021-04-05,NA,3203.29503254005,NA,NA,NA,NA,NA,NA
100,2021-04-06,NA,3006.89578074044,NA,NA,NA,NA,NA,NA
100,2021-04-07,NA,2849.77637930075,NA,NA,NA,NA,NA,NA
100,2021-04-08,NA,2712.29690304102,NA,NA,NA,NA,NA,NA
100,2021-04-09,NA,2633.73720232118,NA,NA,NA,NA,NA,NA
100,2021-04-10,NA,6326.04313615388,NA,NA,NA,NA,NA,NA
100,2021-04-11,NA,12925.0579966208,NA,NA,NA,NA,NA,NA
100,2021-04-12,NA,6483.16253759357,NA,NA,NA,NA,NA,NA
100,2021-04-13,NA,5108.36777499629,NA,NA,NA,NA,NA,NA
100,2021-04-14,NA,4420.97039369765,NA,NA,NA,NA,NA,NA
100,2021-04-15,NA,4008.53196491846,NA,NA,NA,NA,NA,NA
100,2021-04-16,NA,3556.81368577935,NA,NA,NA,NA,NA,NA
100,2021-04-17,NA,3262.21480807994,NA,NA,NA,NA,NA,NA
100,2021-04-18,NA,3046.17563110036,NA,NA,NA,NA,NA,NA
100,2021-04-19,NA,2947.97600520056,1.5,0.071,0.017,0.002,2516.832,NA
300,2021-04-19,NA,NA,0.9,0.075,0.019,0.006,7680.96,NA
100,2021-04-20,NA,2731.93682822098,NA,NA,NA,NA,NA,NA
100,2021-04-21,NA,2614.09727714122,NA,NA,NA,NA,NA,NA
100,2021-04-22,NA,2515.89765124141,NA,NA,NA,NA,NA,NA
100,2021-04-23,NA,2437.33795052157,NA,NA,NA,NA,NA,NA
100,2021-04-24,NA,2633.73720232118,NA,NA,NA,NA,NA,NA
100,2021-04-25,NA,2889.05622966067,NA,NA,NA,NA,NA,NA
100,2021-04-26,NA,2456.97787570153,NA,NA,NA,NA,NA,NA
100,2021-04-27,NA,2358.77824980172,NA,NA,NA,NA,NA,NA
100,2021-04-28,NA,2299.85847426184,NA,NA,NA,NA,NA,NA
100,2021-04-29,NA,2182.01892318207,NA,NA,NA,NA,NA,NA
100,2021-04-30,NA,2024.89952174238,NA,NA,NA,NA,NA,NA
100,2021-05-01,NA,1926.69989584257,NA,NA,NA,NA,NA,NA
100,2021-05-02,NA,1867.78012030269,NA,NA,NA,NA,NA,NA
100,2021-05-03,NA,1907.05997066261,NA,NA,NA,NA,NA,NA
100,2021-05-04,NA,1867.78012030269,NA,NA,NA,NA,NA,NA
100,2021-05-05,NA,1769.58049440288,NA,NA,NA,NA,NA,NA
100,2021-05-06,NA,1730.30064404296,NA,NA,NA,NA,NA,NA
100,2021-05-07,NA,1691.02079368304,NA,NA,NA,NA,NA,NA
100,2021-05-08,NA,1632.10101814316,NA,NA,NA,NA,NA,NA
100,2021-05-09,NA,1573.18124260327,NA,NA,NA,NA,NA,NA
100,2021-05-10,NA,1547.64933986932,NA,NA,NA,NA,NA,NA
100,2021-05-11,NA,1486.76557181144,NA,NA,NA,NA,NA,NA
300,2021-05-11,NA,NA,1.5,0.065,0.06,0.005,1228.608,NA
100,2021-05-12,NA,1435.70176634354,NA,NA,NA,NA,NA,NA
100,2021-05-13,NA,1406.2418785736,NA,NA,NA,NA,NA,NA
100,2021-05-14,NA,1343.39411799773,NA,NA,NA,NA,NA,NA
100,2021-05-15,NA,1276.61837238586,NA,NA,NA,NA,NA,NA
100,2021-05-16,NA,1237.33852202594,NA,NA,NA,NA,NA,NA
100,2021-05-17,NA,1237.33852202594,NA,NA,NA,NA,NA,NA
100,2021-05-18,NA,1237.33852202594,NA,NA,NA,NA,NA,NA
100,2021-05-19,NA,1213.77061180998,NA,NA,NA,NA,NA,NA
100,2021-05-20,NA,1148.95885871611,NA,NA,NA,NA,NA,NA
100,2021-05-21,NA,1090.03908317623,NA,NA,NA,NA,NA,NA
100,2021-05-22,NA,1052.7232253343,NA,NA,NA,NA,NA,NA
100,2021-05-23,NA,1035.04729267234,NA,NA,NA,NA,NA,NA
100,2021-05-24,NA,991.839457276422,NA,NA,NA,NA,NA,NA
100,2021-05-25,NA,991.839457276422,NA,NA,NA,NA,NA,NA
100,2021-05-26,NA,970.235539578464,NA,NA,NA,NA,NA,NA
100,2021-05-27,NA,913.279756556577,NA,NA,NA,NA,NA,NA
100,2021-05-28,NA,885.783861304631,NA,NA,NA,NA,NA,NA
100,2021-05-29,NA,972.19953209646,NA,NA,NA,NA,NA,NA
100,2021-05-30,NA,1184.31072404004,NA,NA,NA,NA,NA,NA
100,2021-05-31,NA,1007.55139742039,NA,NA,NA,NA,NA,NA
100,2021-06-01,NA,927.027704182549,NA,NA,NA,NA,NA,NA
100,2021-06-02,NA,907.387779002589,NA,NA,NA,NA,NA,NA
101,2021-06-02,NA,NA,NA,NA,NA,NA,NA,3
100,2021-06-03,NA,877.927891232647,NA,NA,NA,NA,NA,NA
100,2021-06-04,NA,866.14393612467,NA,NA,NA,NA,NA,NA
100,2021-06-05,NA,809.188153102783,NA,NA,NA,NA,NA,NA
100,2021-06-06,NA,769.90830274286,NA,NA,NA,NA,NA,NA
100,2021-06-07,NA,767.944310224864,NA,NA,NA,NA,NA,NA
100,2021-06-08,NA,718.844497274961,NA,NA,NA,NA,NA,NA
100,2021-06-09,NA,817.044123174767,NA,NA,NA,NA,NA,NA
100,2021-06-10,NA,1062.54318792428,NA,NA,NA,NA,NA,NA
100,2021-06-11,NA,1200.02266418401,NA,NA,NA,NA,NA,NA
100,2021-06-12,NA,1632.10101814316,NA,NA,NA,NA,NA,NA
100,2021-06-13,NA,2240.93869872195,NA,NA,NA,NA,NA,NA
100,2021-06-14,NA,2005.25959656242,NA,NA,NA,NA,NA,NA
100,2021-06-15,NA,1241.26650706193,NA,NA,NA,NA,NA,NA
100,2021-06-16,NA,966.307554542472,NA,NA,NA,NA,NA,NA
100,2021-06-17,NA,791.512220440817,NA,NA,NA,NA,NA,NA
100,2021-06-18,NA,718.844497274961,NA,NA,NA,NA,NA,NA
100,2021-06-19,NA,718.844497274961,NA,NA,NA,NA,NA,NA
100,2021-06-20,NA,681.528639433035,NA,NA,NA,NA,NA,NA
100,2021-06-21,NA,589.220991087217,NA,NA,NA,NA,NA,NA
100,2021-06-22,NA,561.725095835272,NA,NA,NA,NA,NA,NA
100,2021-06-23,NA,522.445245475349,NA,NA,NA,NA,NA,NA
100,2021-06-24,NA,522.445245475349,NA,NA,NA,NA,NA,NA
100,2021-06-25,NA,508.697297849376,NA,NA,NA,NA,NA,NA
100,2021-06-26,NA,465.489462453462,NA,NA,NA,NA,NA,NA
100,2021-06-27,NA,771.872295260856,NA,NA,NA,NA,NA,NA
100,2021-06-28,NA,852.395988498697,NA,NA,NA,NA,NA,NA
100,2021-06-29,NA,593.148976123209,NA,NA,NA,NA,NA,NA
100,2021-06-30,NA,496.913342741399,NA,NA,NA,NA,NA,NA
100,2021-07-01,NA,510.661290367372,2.2,0.059,0.004,0.007,NA,NA
100,2021-07-02,NA,758.124347634883,NA,NA,NA,NA,NA,NA
100,2021-07-03,NA,569.581065907256,NA,NA,NA,NA,NA,NA
100,2021-07-04,NA,461.561477417469,NA,NA,NA,NA,NA,NA
100,2021-07-05,NA,432.101589647528,NA,NA,NA,NA,NA,NA
100,2021-07-06,NA,422.281627057547,NA,NA,NA,NA,NA,NA
100,2021-07-07,NA,390.857746769609,NA,NA,NA,NA,NA,NA
100,2021-07-08,NA,634.392819001128,NA,NA,NA,NA,NA,NA
100,2021-07-09,NA,559.761103317275,NA,NA,NA,NA,NA,NA
100,2021-07-10,NA,671.708676843054,NA,NA,NA,NA,NA,NA
100,2021-07-11,NA,805.26016806679,NA,NA,NA,NA,NA,NA
100,2021-07-12,NA,583.329013533229,NA,NA,NA,NA,NA,NA
100,2021-07-13,NA,443.885544755504,NA,NA,NA,NA,NA,NA
100,2021-07-14,NA,388.893754251613,NA,NA,NA,NA,NA,NA
300,2021-07-14,NA,NA,1.1,0.046,0.067,0.007,229.824,NA
100,2021-07-15,NA,388.893754251613,NA,NA,NA,NA,NA,NA
100,2021-07-16,NA,375.14580662564,NA,NA,NA,NA,NA,NA
100,2021-07-17,NA,367.289836553656,NA,NA,NA,NA,NA,NA
100,2021-07-18,NA,437.993567201516,NA,NA,NA,NA,NA,NA
100,2021-07-19,NA,333.901963747721,NA,NA,NA,NA,NA,NA
100,2021-07-20,NA,306.406068495776,NA,NA,NA,NA,NA,NA
100,2021-07-21,NA,296.586105905795,NA,NA,NA,NA,NA,NA
100,2021-07-22,NA,269.09021065385,NA,NA,NA,NA,NA,NA
100,2021-07-23,NA,257.306255545873,NA,NA,NA,NA,NA,NA
100,2021-07-24,NA,229.810360293927,NA,NA,NA,NA,NA,NA
100,2021-07-25,NA,229.810360293927,NA,NA,NA,NA,NA,NA
100,2021-07-26,NA,1117.53497842817,NA,NA,NA,NA,NA,NA
100,2021-07-27,NA,1769.58049440288,NA,NA,NA,NA,NA,NA
100,2021-07-28,NA,980.055502168445,1.7,-0.025,0.351,0.014,NA,NA
100,2021-07-29,NA,652.068751663093,NA,NA,NA,NA,NA,NA
100,2021-07-30,NA,461.561477417469,NA,NA,NA,NA,NA,NA
100,2021-07-31,NA,341.757933819706,NA,NA,NA,NA,NA,NA
100,2021-08-01,NA,263.198233099861,NA,NA,NA,NA,NA,NA
100,2021-08-02,NA,229.810360293927,NA,NA,NA,NA,NA,NA
100,2021-08-03,NA,229.810360293927,NA,NA,NA,NA,NA,NA
100,2021-08-04,NA,221.954390221943,NA,NA,NA,NA,NA,NA
100,2021-08-05,NA,190.530509934005,NA,NA,NA,NA,NA,NA
101,2021-08-05,NA,NA,NA,NA,NA,NA,NA,1.2
100,2021-08-06,NA,184.638532380016,NA,NA,NA,NA,NA,NA
100,2021-08-07,NA,159.106629646067,NA,NA,NA,NA,NA,NA
100,2021-08-08,NA,306.406068495776,NA,NA,NA,NA,NA,NA
100,2021-08-09,NA,546.013155691302,NA,NA,NA,NA,NA,NA
100,2021-08-10,NA,333.901963747721,NA,NA,NA,NA,NA,NA
100,2021-08-11,NA,263.198233099861,NA,NA,NA,NA,NA,NA
100,2021-08-12,NA,202.314465041982,NA,NA,NA,NA,NA,NA
100,2021-08-13,NA,383.001776697625,NA,NA,NA,NA,NA,NA
100,2021-08-14,NA,815.080130656771,NA,NA,NA,NA,NA,NA
100,2021-08-15,NA,1361.07005065969,NA,NA,NA,NA,NA,NA
100,2021-08-16,NA,3576.45361095932,NA,NA,NA,NA,NA,NA
100,2021-08-17,NA,2378.41817498168,NA,NA,NA,NA,NA,NA
100,2021-08-18,NA,2908.69615484063,NA,NA,NA,NA,NA,NA
100,2021-08-19,NA,2083.81929728226,2.7,0.083,0.121,0.006,646.272,NA
300,2021-08-19,NA,NA,2.45,0.243,0.026,0.006,1374.624,NA
100,2021-08-20,NA,1769.58049440288,NA,NA,NA,NA,NA,NA
100,2021-08-21,NA,1500.51351943742,NA,NA,NA,NA,NA,NA
100,2021-08-22,NA,1152.8868437521,NA,NA,NA,NA,NA,NA
100,2021-08-23,NA,940.775651808523,NA,NA,NA,NA,NA,NA
100,2021-08-24,NA,793.476212958813,NA,NA,NA,NA,NA,NA
100,2021-08-25,NA,689.384609505019,NA,NA,NA,NA,NA,NA
100,2021-08-26,NA,602.96893871319,NA,NA,NA,NA,NA,NA
100,2021-08-27,NA,557.797110799279,NA,NA,NA,NA,NA,NA
100,2021-08-28,NA,508.697297849376,NA,NA,NA,NA,NA,NA
100,2021-08-29,NA,465.489462453462,NA,NA,NA,NA,NA,NA
100,2021-08-30,NA,467.453454971458,NA,NA,NA,NA,NA,NA
100,2021-08-31,NA,457.633492381477,NA,NA,NA,NA,NA,NA
100,2021-09-01,NA,1221.62658188197,NA,NA,NA,NA,NA,NA
100,2021-09-02,NA,872.035913678658,NA,NA,NA,NA,NA,NA
100,2021-09-03,NA,655.996736699085,NA,NA,NA,NA,NA,NA
100,2021-09-04,NA,559.761103317275,NA,NA,NA,NA,NA,NA
100,2021-09-05,NA,483.165395115427,NA,NA,NA,NA,NA,NA
100,2021-09-06,NA,432.101589647528,NA,NA,NA,NA,NA,NA
100,2021-09-07,NA,386.929761733617,NA,NA,NA,NA,NA,NA
100,2021-09-08,NA,339.79394130171,NA,NA,NA,NA,NA,NA
100,2021-09-09,NA,308.370061013772,NA,NA,NA,NA,NA,NA
100,2021-09-10,NA,288.730135833811,NA,NA,NA,NA,NA,NA
100,2021-09-11,NA,259.270248063869,NA,NA,NA,NA,NA,NA
100,2021-09-12,NA,241.594315401904,NA,NA,NA,NA,NA,NA
100,2021-09-13,NA,212.134427631962,NA,NA,NA,NA,NA,NA
100,2021-09-14,NA,208.20644259597,NA,NA,NA,NA,NA,NA
100,2021-09-15,NA,202.314465041982,NA,NA,NA,NA,NA,NA
100,2021-09-16,NA,198.386480005989,NA,NA,NA,NA,NA,NA
100,2021-09-17,NA,231.774352811923,NA,NA,NA,NA,NA,NA
100,2021-09-18,NA,318.190023603753,NA,NA,NA,NA,NA,NA
100,2021-09-19,NA,341.757933819706,NA,NA,NA,NA,NA,NA
100,2021-09-20,NA,269.09021065385,NA,NA,NA,NA,NA,NA
100,2021-09-21,NA,789.548227922821,NA,NA,NA,NA,NA,NA
100,2021-09-22,NA,14319.4926843981,NA,NA,NA,NA,NA,NA
101,2021-09-22,NA,NA,NA,NA,NA,NA,NA,2.3
100,2021-09-23,NA,5245.84725125602,3.9,0.056,0.141,0.003,3246.912,NA
300,2021-09-23,NA,NA,2,0.047,0.031,0.002,77538.3482304,NA
100,2021-09-24,NA,3242.57488289997,NA,NA,NA,NA,NA,NA
100,2021-09-25,NA,2515.89765124141,NA,NA,NA,NA,NA,NA
100,2021-09-26,NA,1985.61967138246,NA,NA,NA,NA,NA,NA
100,2021-09-27,NA,1516.22545958139,NA,NA,NA,NA,NA,NA
100,2021-09-28,NA,1256.9784472059,NA,NA,NA,NA,NA,NA
100,2021-09-29,NA,1105.7510233202,NA,NA,NA,NA,NA,NA
100,2021-09-30,NA,995.767442312414,NA,NA,NA,NA,NA,NA
100,2021-10-01,NA,913.279756556577,NA,NA,NA,NA,NA,NA
100,2021-10-02,NA,860.251958570681,NA,NA,NA,NA,NA,NA
100,2021-10-03,NA,862.215951088678,NA,NA,NA,NA,NA,NA
100,2021-10-04,NA,1474.98161670347,NA,NA,NA,NA,NA,NA
100,2021-10-05,NA,2083.81929728226,NA,NA,NA,NA,NA,NA
100,2021-10-06,NA,2083.81929728226,NA,NA,NA,NA,NA,NA
100,2021-10-07,NA,1541.75736231534,NA,NA,NA,NA,NA,NA
100,2021-10-08,NA,1310.00624519179,NA,NA,NA,NA,NA,NA
100,2021-10-09,NA,1237.33852202594,NA,NA,NA,NA,NA,NA
100,2021-10-10,NA,1172.52676893206,NA,NA,NA,NA,NA,NA
100,2021-10-11,NA,1093.96706821222,NA,NA,NA,NA,NA,NA
100,2021-10-12,NA,1021.29934504636,NA,NA,NA,NA,NA,NA
100,2021-10-13,NA,938.811659290526,NA,NA,NA,NA,NA,NA
100,2021-10-14,NA,913.279756556577,NA,NA,NA,NA,NA,NA
100,2021-10-15,NA,877.927891232647,NA,NA,NA,NA,NA,NA
100,2021-10-16,NA,877.927891232647,NA,NA,NA,NA,NA,NA
101,2021-10-16,NA,NA,NA,NA,NA,NA,NA,2.7
100,2021-10-17,NA,877.927891232647,NA,NA,NA,NA,NA,NA
100,2021-10-18,NA,877.927891232647,NA,NA,NA,NA,NA,NA
100,2021-10-19,NA,877.927891232647,NA,NA,NA,NA,NA,NA
100,2021-10-20,NA,964.343562024476,NA,NA,NA,NA,NA,NA
100,2021-10-21,NA,718.844497274961,NA,NA,NA,NA,NA,NA
100,2021-10-22,NA,718.844497274961,NA,NA,NA,NA,NA,NA
100,2021-10-23,NA,718.844497274961,NA,NA,NA,NA,NA,NA
100,2021-10-24,NA,718.844497274961,NA,NA,NA,NA,NA,NA
100,2021-10-25,NA,811.152145620779,NA,NA,NA,NA,NA,NA
100,2021-10-26,NA,1033.08330015434,NA,NA,NA,NA,NA,NA
100,2021-10-27,NA,1037.01128519033,NA,NA,NA,NA,NA,NA
100,2021-10-28,NA,1017.37136001037,NA,NA,NA,NA,NA,NA
100,2021-10-29,NA,1710.660718863,NA,NA,NA,NA,NA,NA
100,2021-10-30,NA,1671.38086850308,NA,NA,NA,NA,NA,NA
100,2021-10-31,NA,1414.09784864559,NA,NA,NA,NA,NA,NA
100,2021-11-01,NA,1304.1142676378,NA,NA,NA,NA,NA,NA
101,2021-11-01,NA,NA,NA,NA,NA,NA,NA,1.2
100,2021-11-02,NA,1237.33852202594,NA,NA,NA,NA,NA,NA
100,2021-11-03,NA,1182.34673152205,NA,NA,NA,NA,NA,NA
100,2021-11-04,NA,1174.49076145006,NA,NA,NA,NA,NA,NA
100,2021-11-05,NA,1133.24691857214,NA,NA,NA,NA,NA,NA
100,2021-11-06,NA,1111.64300087418,NA,NA,NA,NA,NA,NA
100,2021-11-07,NA,1111.64300087418,NA,NA,NA,NA,NA,NA
100,2021-11-08,NA,1111.64300087418,NA,NA,NA,NA,NA,NA
100,2021-11-09,NA,1088.07509065823,NA,NA,NA,NA,NA,NA
101,2021-11-09,NA,NA,NA,NA,NA,NA,NA,0.9
100,2021-11-10,NA,1052.7232253343,NA,NA,NA,NA,NA,NA
100,2021-11-11,NA,1052.7232253343,NA,NA,NA,NA,NA,NA
100,2021-11-12,NA,3438.97413469959,NA,NA,NA,NA,NA,NA
100,2021-11-13,NA,2123.09914764219,NA,NA,NA,NA,NA,NA
100,2021-11-14,NA,1651.74094332312,NA,NA,NA,NA,NA,NA
100,2021-11-15,NA,1419.98982619958,NA,NA,NA,NA,NA,NA
100,2021-11-16,NA,1390.52993842963,NA,NA,NA,NA,NA,NA
100,2021-11-17,NA,1449.44971396952,NA,NA,NA,NA,NA,NA
100,2021-11-18,NA,2024.89952174238,NA,NA,NA,NA,NA,NA
100,2021-11-19,NA,667.780691807062,1.7,0.056,0.001,0.003,242.784,NA
300,2021-11-19,NA,NA,1.7,0.037,0,0.003,1060.992,NA
100,2021-11-20,NA,699.204572095,NA,NA,NA,NA,NA,NA
100,2021-11-21,NA,646.176774109105,NA,NA,NA,NA,NA,NA
100,2021-11-22,NA,593.148976123209,NA,NA,NA,NA,NA,NA
100,2021-11-23,NA,593.148976123209,NA,NA,NA,NA,NA,NA
100,2021-11-24,NA,555.833118281283,NA,NA,NA,NA,NA,NA
100,2021-11-25,NA,546.013155691302,NA,NA,NA,NA,NA,NA
101,2021-11-25,NA,NA,NA,NA,NA,NA,NA,0.6
100,2021-11-26,NA,546.013155691302,NA,NA,NA,NA,NA,NA
100,2021-11-27,NA,546.013155691302,NA,NA,NA,NA,NA,NA
100,2021-11-28,NA,546.013155691302,NA,NA,NA,NA,NA,NA
100,2021-11-29,NA,520.481252957353,NA,NA,NA,NA,NA,NA
100,2021-11-30,NA,498.877335259396,NA,NA,NA,NA,NA,NA
100,2021-12-01,NA,498.877335259396,NA,NA,NA,NA,NA,NA
100,2021-12-02,NA,498.877335259396,NA,NA,NA,NA,NA,NA
100,2021-12-03,NA,477.273417561438,NA,NA,NA,NA,NA,NA
101,2021-12-03,NA,NA,NA,NA,NA,NA,NA,0.5
100,2021-12-04,NA,453.705507345485,NA,NA,NA,NA,NA,NA
100,2021-12-05,NA,453.705507345485,NA,NA,NA,NA,NA,NA
100,2021-12-06,NA,453.705507345485,NA,NA,NA,NA,NA,NA
100,2021-12-07,NA,453.705507345485,NA,NA,NA,NA,NA,NA
100,2021-12-08,NA,436.02957468352,NA,NA,NA,NA,NA,NA
100,2021-12-09,NA,410.49767194957,NA,NA,NA,NA,NA,NA
100,2021-12-10,NA,447.813529791496,NA,NA,NA,NA,NA,NA
100,2021-12-11,NA,585.293006051225,NA,NA,NA,NA,NA,NA
100,2021-12-12,NA,544.049163173306,NA,NA,NA,NA,NA,NA
100,2021-12-13,NA,432.101589647528,NA,NA,NA,NA,NA,NA
100,2021-12-14,NA,410.49767194957,NA,NA,NA,NA,NA,NA
100,2021-12-15,NA,377.109799143636,NA,NA,NA,NA,NA,NA
100,2021-12-16,NA,369.253829071652,NA,NA,NA,NA,NA,NA
100,2021-12-17,NA,369.253829071652,NA,NA,NA,NA,NA,NA
100,2021-12-18,NA,384.965769215621,NA,NA,NA,NA,NA,NA
100,2021-12-19,NA,402.641701877586,NA,NA,NA,NA,NA,NA
101,2021-12-19,NA,NA,NA,NA,NA,NA,NA,0.6
100,2021-12-20,NA,369.253829071652,NA,NA,NA,NA,NA,NA
100,2021-12-21,NA,369.253829071652,NA,NA,NA,NA,NA,NA
100,2021-12-22,NA,369.253829071652,NA,NA,NA,NA,NA,NA
100,2021-12-23,NA,369.253829071652,NA,NA,NA,NA,NA,NA
100,2021-12-24,NA,369.253829071652,NA,NA,NA,NA,NA,NA
100,2021-12-25,NA,369.253829071652,NA,NA,NA,NA,NA,NA
100,2021-12-26,NA,369.253829071652,NA,NA,NA,NA,NA,NA
100,2021-12-27,NA,369.253829071652,NA,NA,NA,NA,NA,NA
101,2021-12-27,NA,NA,NA,NA,NA,NA,NA,0.6
100,2021-12-28,NA,369.253829071652,NA,NA,NA,NA,NA,NA
100,2021-12-29,NA,369.253829071652,NA,NA,NA,NA,NA,NA
100,2021-12-30,NA,410.49767194957,NA,NA,NA,NA,NA,NA
100,2021-12-31,NA,386.929761733617,NA,NA,NA,NA,NA,NA
100,2022-01-01,NA,675.636661879046,NA,NA,NA,NA,NA,NA
100,2022-01-02,NA,2339.13832462176,NA,NA,NA,NA,NA,NA
100,2022-01-03,NA,4126.37151599823,NA,NA,NA,NA,NA,NA
100,2022-01-04,NA,2712.29690304102,NA,NA,NA,NA,NA,NA
100,2022-01-05,NA,1926.69989584257,NA,NA,NA,NA,NA,NA
100,2022-01-06,NA,1612.4610929632,NA,NA,NA,NA,NA,NA
100,2022-01-07,NA,1388.56594591164,NA,NA,NA,NA,NA,NA
100,2022-01-08,NA,1141.10288864413,NA,NA,NA,NA,NA,NA
100,2022-01-09,NA,1070.39915799627,NA,NA,NA,NA,NA,NA
101,2022-01-09,NA,NA,NA,NA,NA,NA,NA,0.5
100,2022-01-10,NA,1133.24691857214,NA,NA,NA,NA,NA,NA
100,2022-01-11,NA,987.911472240429,NA,NA,NA,NA,NA,NA
100,2022-01-12,NA,913.279756556577,NA,NA,NA,NA,NA,NA
100,2022-01-13,NA,864.179943606674,NA,NA,NA,NA,NA,NA
100,2022-01-14,NA,820.972108210759,NA,NA,NA,NA,NA,NA
100,2022-01-15,NA,722.772482310953,NA,NA,NA,NA,NA,NA
100,2022-01-16,NA,1414.09784864559,NA,NA,NA,NA,NA,NA
100,2022-01-17,NA,1749.94056922292,NA,NA,NA,NA,NA,NA
101,2022-01-17,NA,NA,NA,NA,NA,NA,NA,0.1
100,2022-01-18,NA,764.016325188872,NA,NA,NA,NA,NA,NA
100,2022-01-19,NA,659.924721735077,NA,NA,NA,NA,NA,NA
100,2022-01-20,NA,873.999906196655,NA,NA,NA,NA,NA,NA
100,2022-01-21,NA,942.739644326518,NA,NA,NA,NA,NA,NA
100,2022-01-22,NA,801.332183030798,NA,NA,NA,NA,NA,NA
100,2022-01-23,NA,742.412407490914,NA,NA,NA,NA,NA,NA
100,2022-01-24,NA,744.376400008911,NA,NA,NA,NA,NA,NA
100,2022-01-25,NA,872.035913678658,NA,NA,NA,NA,NA,NA
100,2022-01-26,NA,1133.24691857214,NA,NA,NA,NA,NA,NA
100,2022-01-27,NA,993.803449794417,NA,NA,NA,NA,NA,NA
100,2022-01-28,NA,964.343562024476,NA,NA,NA,NA,NA,NA
100,2022-01-29,NA,936.84766677253,NA,NA,NA,NA,NA,NA
100,2022-01-30,NA,819.008115692763,NA,NA,NA,NA,NA,NA
100,2022-01-31,NA,758.124347634883,NA,NA,NA,NA,NA,NA
100,2022-02-01,NA,744.376400008911,NA,NA,NA,NA,NA,NA
100,2022-02-02,NA,724.736474828949,NA,NA,NA,NA,NA,NA
101,2022-02-02,NA,NA,NA,NA,NA,NA,NA,0.5
100,2022-02-03,NA,3949.61218937858,NA,NA,NA,NA,NA,NA
100,2022-02-04,NA,9154.19236206829,NA,NA,NA,NA,NA,NA
100,2022-02-05,NA,5835.04500665485,NA,NA,NA,NA,NA,NA
100,2022-02-06,NA,4342.4106929778,NA,NA,NA,NA,NA,NA
100,2022-02-07,NA,3438.97413469959,NA,NA,NA,NA,NA,NA
100,2022-02-08,NA,2830.13645412079,NA,NA,NA,NA,NA,NA
100,2022-02-09,NA,3517.53383541943,NA,NA,NA,NA,NA,NA
100,2022-02-10,NA,2614.09727714122,NA,NA,NA,NA,NA,NA
101,2022-02-10,NA,NA,NA,NA,NA,NA,NA,0.5
100,2022-02-11,NA,1504.44150447341,NA,NA,NA,NA,NA,NA
100,2022-02-12,NA,1535.86538476135,NA,NA,NA,NA,NA,NA
100,2022-02-13,NA,1573.18124260327,NA,NA,NA,NA,NA,NA
100,2022-02-14,NA,1573.18124260327,NA,NA,NA,NA,NA,NA
100,2022-02-15,NA,1510.3334820274,NA,NA,NA,NA,NA,NA
100,2022-02-16,NA,1504.44150447341,NA,NA,NA,NA,NA,NA
100,2022-02-17,NA,1504.44150447341,NA,NA,NA,NA,NA,NA
100,2022-02-18,NA,1730.30064404296,NA,NA,NA,NA,NA,NA
101,2022-02-18,NA,NA,NA,NA,NA,NA,NA,0.5
100,2022-02-19,NA,1522.11743713537,NA,NA,NA,NA,NA,NA
100,2022-02-20,NA,1465.16165411349,NA,NA,NA,NA,NA,NA
100,2022-02-21,NA,1435.70176634354,NA,NA,NA,NA,NA,NA
100,2022-02-22,NA,1380.70997583965,NA,NA,NA,NA,NA,NA
100,2022-02-23,NA,1368.92602073168,NA,NA,NA,NA,NA,NA
100,2022-02-24,NA,3399.69428433966,NA,NA,NA,NA,NA,NA
100,2022-02-25,NA,3988.8920397385,NA,NA,NA,NA,NA,NA
100,2022-02-26,NA,3164.01518218013,NA,NA,NA,NA,NA,NA
100,2022-02-27,NA,2692.65697786106,NA,NA,NA,NA,NA,NA
100,2022-02-28,NA,2378.41817498168,2.1,0.048,0.037,0.005,4168.8,NA
300,2022-02-28,NA,NA,1.8,0.069,0.004,0.007,10070.784,NA
100,2022-03-01,NA,2162.37899800211,NA,NA,NA,NA,NA,NA
100,2022-03-02,NA,1946.33982102254,NA,NA,NA,NA,NA,NA
100,2022-03-03,NA,1789.22041958285,NA,NA,NA,NA,NA,NA
100,2022-03-04,NA,1651.74094332312,NA,NA,NA,NA,NA,NA
100,2022-03-05,NA,1543.72135483333,NA,NA,NA,NA,NA,NA
100,2022-03-06,NA,1504.44150447341,NA,NA,NA,NA,NA,NA
101,2022-03-06,NA,NA,NA,NA,NA,NA,NA,0.7
100,2022-03-07,NA,1443.55773641553,NA,NA,NA,NA,NA,NA
100,2022-03-08,NA,1439.62975137954,NA,NA,NA,NA,NA,NA
100,2022-03-09,NA,2378.41817498168,NA,NA,NA,NA,NA,NA
100,2022-03-10,NA,2064.1793721023,NA,NA,NA,NA,NA,NA
100,2022-03-11,NA,1848.14019512273,NA,NA,NA,NA,NA,NA
100,2022-03-12,NA,2064.1793721023,NA,NA,NA,NA,NA,NA
100,2022-03-13,NA,1887.42004548265,NA,NA,NA,NA,NA,NA
100,2022-03-14,NA,1789.22041958285,NA,NA,NA,NA,NA,NA
101,2022-03-14,NA,NA,NA,NA,NA,NA,NA,0.6
100,2022-03-15,NA,1691.02079368304,NA,NA,NA,NA,NA,NA
100,2022-03-16,NA,1632.10101814316,NA,NA,NA,NA,NA,NA
100,2022-03-17,NA,1632.10101814316,NA,NA,NA,NA,NA,NA
100,2022-03-18,NA,1569.25325756728,NA,NA,NA,NA,NA,NA
100,2022-03-19,NA,1482.83758677545,NA,NA,NA,NA,NA,NA
100,2022-03-20,NA,1386.60195339364,NA,NA,NA,NA,NA,NA
100,2022-03-21,NA,1368.92602073168,NA,NA,NA,NA,NA,NA
100,2022-03-22,NA,1319.82620778177,NA,NA,NA,NA,NA,NA
100,2022-03-23,NA,2535.53757642137,NA,NA,NA,NA,NA,NA
100,2022-03-24,NA,4244.211067078,NA,NA,NA,NA,NA,NA
100,2022-03-25,NA,3164.01518218013,NA,NA,NA,NA,NA,NA
100,2022-03-26,NA,2653.37712750114,NA,NA,NA,NA,NA,NA
100,2022-03-27,NA,2299.85847426184,NA,NA,NA,NA,NA,NA
100,2022-03-28,NA,1985.61967138246,NA,NA,NA,NA,NA,NA
100,2022-03-29,NA,1828.50026994277,NA,NA,NA,NA,NA,NA
100,2022-03-30,NA,1730.30064404296,NA,NA,NA,NA,NA,NA
101,2022-03-30,NA,NA,NA,NA,NA,NA,NA,1
100,2022-03-31,NA,1730.30064404296,NA,NA,NA,NA,NA,NA
100,2022-04-01,NA,1573.18124260327,NA,NA,NA,NA,NA,NA
100,2022-04-02,NA,1473.01762418547,NA,NA,NA,NA,NA,NA
100,2022-04-03,NA,1400.34990101961,NA,NA,NA,NA,NA,NA
100,2022-04-04,NA,1304.1142676378,NA,NA,NA,NA,NA,NA
100,2022-04-05,NA,1907.05997066261,NA,NA,NA,NA,NA,NA
100,2022-04-06,NA,6168.92373471419,NA,NA,NA,NA,NA,NA
100,2022-04-07,NA,6286.76328579396,NA,NA,NA,NA,NA,NA
100,2022-04-08,NA,4970.88829873656,NA,NA,NA,NA,NA,NA
100,2022-04-09,NA,3969.25211455854,NA,NA,NA,NA,NA,NA
100,2022-04-10,NA,3203.29503254005,NA,NA,NA,NA,NA,NA
100,2022-04-11,NA,2771.21667858091,NA,NA,NA,NA,NA,NA
100,2022-04-12,NA,2496.25772606145,NA,NA,NA,NA,NA,NA
100,2022-04-13,NA,2299.85847426184,NA,NA,NA,NA,NA,NA
100,2022-04-14,NA,2103.45922246223,NA,NA,NA,NA,NA,NA
100,2022-04-15,NA,1887.42004548265,NA,NA,NA,NA,NA,NA
101,2022-04-15,NA,NA,NA,NA,NA,NA,NA,1.4
100,2022-04-16,NA,1769.58049440288,NA,NA,NA,NA,NA,NA
100,2022-04-17,NA,1671.38086850308,NA,NA,NA,NA,NA,NA
100,2022-04-18,NA,3262.21480807994,NA,NA,NA,NA,NA,NA
100,2022-04-19,NA,3105.09540664025,NA,NA,NA,NA,NA,NA
100,2022-04-20,NA,2555.17750160133,2.6,0.106,0.017,0.007,NA,NA
100,2022-04-21,NA,2260.57862390191,NA,NA,NA,NA,NA,NA
100,2022-04-22,NA,2044.53944692234,NA,NA,NA,NA,NA,NA
100,2022-04-23,NA,1867.78012030269,NA,NA,NA,NA,NA,NA
101,2022-04-23,NA,NA,NA,NA,NA,NA,NA,1.8
100,2022-04-24,NA,1749.94056922292,NA,NA,NA,NA,NA,NA
100,2022-04-25,NA,1612.4610929632,NA,NA,NA,NA,NA,NA
100,2022-04-26,NA,1547.64933986932,NA,NA,NA,NA,NA,NA
100,2022-04-27,NA,1394.45792346563,NA,NA,NA,NA,NA,NA
100,2022-04-28,NA,1302.15027511981,NA,NA,NA,NA,NA,NA
100,2022-04-29,NA,1302.15027511981,NA,NA,NA,NA,NA,NA
100,2022-04-30,NA,1302.15027511981,NA,NA,NA,NA,NA,NA
100,2022-05-01,NA,1302.15027511981,NA,NA,NA,NA,NA,NA
100,2022-05-02,NA,1247.15848461592,NA,NA,NA,NA,NA,NA
100,2022-05-03,NA,1174.49076145006,NA,NA,NA,NA,NA,NA
100,2022-05-04,NA,1154.8508362701,NA,NA,NA,NA,NA,NA
100,2022-05-05,NA,1107.71501583819,NA,NA,NA,NA,NA,NA
100,2022-05-06,NA,1145.03087368012,NA,NA,NA,NA,NA,NA
100,2022-05-07,NA,1555.50530994131,NA,NA,NA,NA,NA,NA
100,2022-05-08,NA,1353.21408058771,NA,NA,NA,NA,NA,NA
100,2022-05-09,NA,1207.87863425599,NA,NA,NA,NA,NA,NA
100,2022-05-10,NA,1090.03908317623,NA,NA,NA,NA,NA,NA
100,2022-05-11,NA,1052.7232253343,NA,NA,NA,NA,NA,NA
100,2022-05-12,NA,1027.19132260035,NA,NA,NA,NA,NA,NA
100,2022-05-13,NA,991.839457276422,NA,NA,NA,NA,NA,NA
100,2022-05-14,NA,991.839457276422,NA,NA,NA,NA,NA,NA
100,2022-05-15,NA,991.839457276422,NA,NA,NA,NA,NA,NA
100,2022-05-16,NA,966.307554542472,NA,NA,NA,NA,NA,NA
100,2022-05-17,NA,907.387779002589,NA,NA,NA,NA,NA,NA
101,2022-05-17,NA,NA,NA,NA,NA,NA,NA,2.7
100,2022-05-18,NA,862.215951088678,NA,NA,NA,NA,NA,NA
100,2022-05-19,NA,805.26016806679,NA,NA,NA,NA,NA,NA
100,2022-05-20,NA,758.124347634883,NA,NA,NA,NA,NA,NA
100,2022-05-21,NA,718.844497274961,NA,NA,NA,NA,NA,NA
100,2022-05-22,NA,718.844497274961,NA,NA,NA,NA,NA,NA
100,2022-05-23,NA,1207.87863425599,NA,NA,NA,NA,NA,NA
100,2022-05-24,NA,5108.36777499629,NA,NA,NA,NA,NA,NA
100,2022-05-25,NA,3124.73533182021,NA,NA,NA,NA,NA,NA
100,2022-05-26,NA,2496.25772606145,NA,NA,NA,NA,NA,NA
100,2022-05-27,NA,7425.87894623171,NA,NA,NA,NA,NA,NA
100,2022-05-28,NA,6502.80246277353,NA,NA,NA,NA,NA,NA
100,2022-05-29,NA,4204.93121671807,NA,NA,NA,NA,NA,NA
100,2022-05-30,NA,3340.77450879978,NA,NA,NA,NA,NA,NA
100,2022-05-31,NA,2849.77637930075,NA,NA,NA,NA,NA,NA
100,2022-06-01,NA,2398.05810016164,NA,NA,NA,NA,NA,NA
100,2022-06-02,NA,1965.9797462025,NA,NA,NA,NA,NA,NA
100,2022-06-03,NA,1671.38086850308,NA,NA,NA,NA,NA,NA
100,2022-06-04,NA,1433.73777382555,NA,NA,NA,NA,NA,NA
100,2022-06-05,NA,1260.90643224189,NA,NA,NA,NA,NA,NA
100,2022-06-06,NA,1158.77882130609,NA,NA,NA,NA,NA,NA
100,2022-06-07,NA,1099.85904576621,NA,NA,NA,NA,NA,NA
100,2022-06-08,NA,1691.02079368304,NA,NA,NA,NA,NA,NA
100,2022-06-09,NA,1449.44971396952,1.3,0.151,0.092,0.007,425.088,NA
200,2022-06-09,NA,NA,1.6,0.08,0.022,0.008,824.256,NA
300,2022-06-09,NA,NA,1.4,0.064,0.012,0.004,1957.824,NA
100,2022-06-10,NA,1170.56277641407,NA,NA,NA,NA,NA,NA
100,2022-06-11,NA,1029.15531511835,NA,NA,NA,NA,NA,NA
100,2022-06-12,NA,956.487591952491,NA,NA,NA,NA,NA,NA
100,2022-06-13,NA,860.251958570681,NA,NA,NA,NA,NA,NA
100,2022-06-14,NA,801.332183030798,NA,NA,NA,NA,NA,NA
100,2022-06-15,NA,748.304385044903,NA,NA,NA,NA,NA,NA
100,2022-06-16,NA,714.916512238969,NA,NA,NA,NA,NA,NA
100,2022-06-17,NA,1486.76557181144,NA,NA,NA,NA,NA,NA
100,2022-06-18,NA,899.531808930604,NA,NA,NA,NA,NA,NA
100,2022-06-19,NA,732.592444900934,NA,NA,NA,NA,NA,NA
100,2022-06-20,NA,667.780691807062,NA,NA,NA,NA,NA,NA
100,2022-06-21,NA,650.104759145097,NA,NA,NA,NA,NA,NA
100,2022-06-22,NA,604.932931231186,NA,NA,NA,NA,NA,NA
100,2022-06-23,NA,569.581065907256,NA,NA,NA,NA,NA,NA
100,2022-06-24,NA,553.869125763287,NA,NA,NA,NA,NA,NA
100,2022-06-25,NA,496.913342741399,NA,NA,NA,NA,NA,NA
100,2022-06-26,NA,471.38144000745,NA,NA,NA,NA,NA,NA
100,2022-06-27,NA,469.417447489454,NA,NA,NA,NA,NA,NA
100,2022-06-28,NA,437.993567201516,NA,NA,NA,NA,NA,NA
100,2022-06-29,NA,375.14580662564,NA,NA,NA,NA,NA,NA
100,2022-06-30,NA,351.577896409687,NA,NA,NA,NA,NA,NA
200,2022-06-30,NA,NA,1.2,0.099,0.04,0.011,41.472,NA
300,2022-06-30,NA,NA,1.9,0.123,0.054,0.023,326.16,NA
100,2022-07-01,NA,377.109799143636,NA,NA,NA,NA,NA,NA
100,2022-07-02,NA,347.649911373694,NA,NA,NA,NA,NA,NA
100,2022-07-03,NA,347.649911373694,NA,NA,NA,NA,NA,NA
100,2022-07-04,NA,335.865956265718,NA,NA,NA,NA,NA,NA
100,2022-07-05,NA,441.921552237508,NA,NA,NA,NA,NA,NA
100,2022-07-06,NA,693.312594541011,NA,NA,NA,NA,NA,NA
100,2022-07-07,NA,858.287966052686,NA,NA,NA,NA,NA,NA
100,2022-07-08,NA,699.204572095,NA,NA,NA,NA,NA,NA
100,2022-07-09,NA,942.739644326518,NA,NA,NA,NA,NA,NA
100,2022-07-10,NA,2083.81929728226,NA,NA,NA,NA,NA,NA
100,2022-07-11,NA,1164.67079886008,NA,NA,NA,NA,NA,NA
100,2022-07-12,NA,872.035913678658,NA,NA,NA,NA,NA,NA
100,2022-07-13,NA,754.196362598891,NA,NA,NA,NA,NA,NA
100,2022-07-14,NA,638.32080403712,NA,NA,NA,NA,NA,NA
200,2022-07-14,NA,NA,1.9,0.086,0.037,0.007,249.696,NA
300,2022-07-14,NA,NA,1.8,0.078,0.046,0.006,346.464,NA
100,2022-07-15,NA,534.229200583326,NA,NA,NA,NA,NA,NA
100,2022-07-16,NA,465.489462453462,NA,NA,NA,NA,NA,NA
100,2022-07-17,NA,661.888714253073,NA,NA,NA,NA,NA,NA
100,2022-07-18,NA,815.080130656771,NA,NA,NA,NA,NA,NA
100,2022-07-19,NA,720.808489792957,NA,NA,NA,NA,NA,NA
100,2022-07-20,NA,577.43703597924,NA,NA,NA,NA,NA,NA
100,2022-07-21,NA,465.489462453462,NA,NA,NA,NA,NA,NA
100,2022-07-22,NA,373.181814107644,NA,NA,NA,NA,NA,NA
100,2022-07-23,NA,328.009986193733,NA,NA,NA,NA,NA,NA
100,2022-07-24,NA,306.406068495776,NA,NA,NA,NA,NA,NA
100,2022-07-25,NA,388.893754251613,NA,NA,NA,NA,NA,NA
100,2022-07-26,NA,475.309425043442,NA,NA,NA,NA,NA,NA
100,2022-07-27,NA,544.049163173306,NA,NA,NA,NA,NA,NA
100,2022-07-28,NA,485.129387633423,NA,NA,NA,NA,NA,NA
300,2022-07-28,NA,NA,2.2,0.138,0.047,0.005,403.056,NA
100,2022-07-29,NA,408.533679431574,NA,NA,NA,NA,NA,NA
100,2022-07-30,NA,351.577896409687,NA,NA,NA,NA,NA,NA
100,2022-07-31,NA,465.489462453462,NA,NA,NA,NA,NA,NA
100,2022-08-01,NA,799.368190512802,NA,NA,NA,NA,NA,NA
100,2022-08-02,NA,561.725095835272,NA,NA,NA,NA,NA,NA
100,2022-08-03,NA,502.805320295388,NA,NA,NA,NA,NA,NA
100,2022-08-04,NA,567.61707338926,NA,NA,NA,NA,NA,NA
100,2022-08-05,NA,3733.573012399,NA,NA,NA,NA,NA,NA
100,2022-08-06,NA,5422.60657787567,NA,NA,NA,NA,NA,NA
100,2022-08-07,NA,3419.33420951963,NA,NA,NA,NA,NA,NA
100,2022-08-08,NA,2456.97787570153,NA,NA,NA,NA,NA,NA
100,2022-08-09,NA,1985.61967138246,NA,NA,NA,NA,NA,NA
100,2022-08-10,NA,1478.90960173946,NA,NA,NA,NA,NA,NA
100,2022-08-11,NA,1125.39094850016,NA,NA,NA,NA,NA,NA
100,2022-08-12,NA,887.747853822627,NA,NA,NA,NA,NA,NA
100,2022-08-13,NA,732.592444900934,NA,NA,NA,NA,NA,NA
100,2022-08-14,NA,669.744684325058,NA,NA,NA,NA,NA,NA
100,2022-08-15,NA,1691.02079368304,NA,NA,NA,NA,NA,NA
100,2022-08-16,NA,1394.45792346563,NA,NA,NA,NA,NA,NA
100,2022-08-17,NA,1076.29113555025,NA,NA,NA,NA,NA,NA
100,2022-08-18,NA,917.207741592569,NA,NA,NA,NA,NA,NA
100,2022-08-19,NA,783.656250368833,NA,NA,NA,NA,NA,NA
200,2022-08-19,NA,NA,1.9,0.084,0.019,0.007,2223.936,NA
300,2022-08-19,NA,NA,1.4,0.069,0.036,0.005,332.64,NA
100,2022-08-20,NA,681.528639433035,NA,NA,NA,NA,NA,NA
100,2022-08-21,NA,769.90830274286,NA,NA,NA,NA,NA,NA
100,2022-08-22,NA,846.504010944709,NA,NA,NA,NA,NA,NA
100,2022-08-23,NA,669.744684325058,NA,NA,NA,NA,NA,NA
100,2022-08-24,NA,585.293006051225,NA,NA,NA,NA,NA,NA
100,2022-08-25,NA,1435.70176634354,NA,NA,NA,NA,NA,NA
100,2022-08-26,NA,2221.29877354199,NA,NA,NA,NA,NA,NA
100,2022-08-27,NA,1504.44150447341,NA,NA,NA,NA,NA,NA
100,2022-08-28,NA,1093.96706821222,NA,NA,NA,NA,NA,NA
100,2022-08-29,NA,856.323973534689,NA,NA,NA,NA,NA,NA
100,2022-08-30,NA,736.520429936926,NA,NA,NA,NA,NA,NA
100,2022-08-31,NA,683.492631951031,NA,NA,NA,NA,NA,NA
100,2022-09-01,NA,595.112968641205,NA,NA,NA,NA,NA,NA
100,2022-09-02,NA,530.301215547333,NA,NA,NA,NA,NA,NA
100,2022-09-03,NA,461.561477417469,NA,NA,NA,NA,NA,NA
100,2022-09-04,NA,463.525469935465,NA,NA,NA,NA,NA,NA
100,2022-09-05,NA,2142.73907282215,NA,NA,NA,NA,NA,NA
100,2022-09-06,NA,2908.69615484063,NA,NA,NA,NA,NA,NA
100,2022-09-07,NA,1730.30064404296,NA,NA,NA,NA,NA,NA
100,2022-09-08,NA,1337.50214044374,NA,NA,NA,NA,NA,NA
100,2022-09-09,NA,1095.93106073022,NA,NA,NA,NA,NA,NA
100,2022-09-10,NA,1337.50214044374,NA,NA,NA,NA,NA,NA
100,2022-09-11,NA,2319.4983994418,NA,NA,NA,NA,NA,NA
100,2022-09-12,NA,1985.61967138246,NA,NA,NA,NA,NA,NA
100,2022-09-13,NA,1632.10101814316,NA,NA,NA,NA,NA,NA
100,2022-09-14,NA,1349.28609555172,NA,NA,NA,NA,NA,NA
100,2022-09-15,NA,1190.20270159403,NA,NA,NA,NA,NA,NA
100,2022-09-16,NA,1068.43516547827,NA,NA,NA,NA,NA,NA
100,2022-09-17,NA,974.163524614457,NA,NA,NA,NA,NA,NA
100,2022-09-18,NA,911.31576403858,NA,NA,NA,NA,NA,NA
100,2022-09-19,NA,850.431995980701,NA,NA,NA,NA,NA,NA
100,2022-09-20,NA,803.296175548794,NA,NA,NA,NA,NA,NA
100,2022-09-21,NA,746.340392526906,NA,NA,NA,NA,NA,NA
100,2022-09-22,NA,714.916512238969,NA,NA,NA,NA,NA,NA
100,2022-09-23,NA,652.068751663093,NA,NA,NA,NA,NA,NA
100,2022-09-24,NA,614.752893821167,NA,NA,NA,NA,NA,NA
100,2022-09-25,NA,569.581065907256,NA,NA,NA,NA,NA,NA
100,2022-09-26,NA,569.581065907256,NA,NA,NA,NA,NA,NA
100,2022-09-27,NA,569.581065907256,NA,NA,NA,NA,NA,NA
100,2022-09-28,NA,569.581065907256,NA,NA,NA,NA,NA,NA
100,2022-09-29,NA,561.725095835272,NA,NA,NA,NA,NA,NA
200,2022-09-29,NA,NA,NA,NA,NA,NA,145.152,NA
300,2022-09-29,NA,NA,1,0.095,0.008,0.007,125.28,NA
100,2022-09-30,NA,626.536848929143,NA,NA,NA,NA,NA,NA
100,2022-10-01,NA,15065.8098412366,NA,NA,NA,NA,NA,NA
100,2022-10-02,NA,5677.92560521516,NA,NA,NA,NA,NA,NA
100,2022-10-03,NA,3831.77263829881,NA,NA,NA,NA,NA,NA
100,2022-10-04,NA,3144.37525700017,NA,NA,NA,NA,NA,NA
100,2022-10-05,NA,2731.93682822098,NA,NA,NA,NA,NA,NA
100,2022-10-06,NA,2437.33795052157,NA,NA,NA,NA,NA,NA
100,2022-10-07,NA,2044.53944692234,NA,NA,NA,NA,NA,NA
100,2022-10-08,NA,1710.660718863,NA,NA,NA,NA,NA,NA
101,2022-10-08,NA,NA,NA,NA,NA,NA,NA,2.3
100,2022-10-09,NA,1524.08142965337,NA,NA,NA,NA,NA,NA
100,2022-10-10,NA,1400.34990101961,NA,NA,NA,NA,NA,NA
100,2022-10-11,NA,1304.1142676378,NA,NA,NA,NA,NA,NA
100,2022-10-12,NA,1249.12247713391,NA,NA,NA,NA,NA,NA
100,2022-10-13,NA,1327.68217785376,NA,NA,NA,NA,NA,NA
100,2022-10-14,NA,1251.08646965191,NA,NA,NA,NA,NA,NA
200,2022-10-14,NA,NA,2,0.086,0,0.004,257.472,NA
300,2022-10-14,NA,NA,2,0.105,0.001,0.004,203.04,NA
100,2022-10-15,NA,1148.95885871611,NA,NA,NA,NA,NA,NA
100,2022-10-16,NA,1143.06688116212,NA,NA,NA,NA,NA,NA
100,2022-10-17,NA,1573.18124260327,NA,NA,NA,NA,NA,NA
100,2022-10-18,NA,1361.07005065969,NA,NA,NA,NA,NA,NA
100,2022-10-19,NA,1231.44654447195,NA,NA,NA,NA,NA,NA
100,2022-10-20,NA,1176.45475396806,NA,NA,NA,NA,NA,NA
100,2022-10-21,NA,1068.43516547827,NA,NA,NA,NA,NA,NA
100,2022-10-22,NA,1052.7232253343,NA,NA,NA,NA,NA,NA
100,2022-10-23,NA,1052.7232253343,NA,NA,NA,NA,NA,NA
100,2022-10-24,NA,1044.86725526232,NA,NA,NA,NA,NA,NA
101,2022-10-24,NA,NA,NA,NA,NA,NA,NA,1.1
100,2022-10-25,NA,991.839457276422,NA,NA,NA,NA,NA,NA
100,2022-10-26,NA,991.839457276422,NA,NA,NA,NA,NA,NA
100,2022-10-27,NA,956.487591952491,NA,NA,NA,NA,NA,NA
100,2022-10-28,NA,934.883674254534,NA,NA,NA,NA,NA,NA
100,2022-10-29,NA,934.883674254534,NA,NA,NA,NA,NA,NA
100,2022-10-30,NA,934.883674254534,NA,NA,NA,NA,NA,NA
100,2022-10-31,NA,997.73143483041,NA,NA,NA,NA,NA,NA
100,2022-11-01,NA,1109.67900835619,NA,NA,NA,NA,NA,NA
101,2022-11-01,NA,NA,NA,NA,NA,NA,NA,0.8
100,2022-11-02,NA,1044.86725526232,NA,NA,NA,NA,NA,NA
100,2022-11-03,NA,991.839457276422,NA,NA,NA,NA,NA,NA
100,2022-11-04,NA,983.983487204437,NA,NA,NA,NA,NA,NA
100,2022-11-05,NA,1064.50718044228,NA,NA,NA,NA,NA,NA
100,2022-11-06,NA,2024.89952174238,NA,NA,NA,NA,NA,NA
100,2022-11-07,NA,1907.05997066261,NA,NA,NA,NA,NA,NA
100,2022-11-08,NA,1496.58553440142,NA,NA,NA,NA,NA,NA
100,2022-11-09,NA,1253.05046216991,NA,NA,NA,NA,NA,NA
101,2022-11-09,NA,NA,NA,NA,NA,NA,NA,0.7
100,2022-11-10,NA,1137.17490360813,NA,NA,NA,NA,NA,NA
100,2022-11-11,NA,32211.4645233427,NA,NA,NA,NA,NA,NA
100,2022-11-12,NA,13612.4553779195,NA,NA,NA,NA,NA,NA
100,2022-11-13,NA,6542.08231313346,NA,NA,NA,NA,NA,NA
100,2022-11-14,NA,4970.88829873656,NA,NA,NA,NA,NA,NA
100,2022-11-15,NA,11530.6233088436,NA,NA,NA,NA,NA,NA
100,2022-11-16,NA,10037.9889951665,NA,NA,NA,NA,NA,NA
100,2022-11-17,NA,6188.56365989416,NA,NA,NA,NA,NA,NA
200,2022-11-17,NA,NA,3.1,0.108,0.057,0.005,22018.176,NA
300,2022-11-17,NA,NA,2.3,0.119,0.017,0.004,19854.72,NA
100,2022-11-18,NA,5069.08792463637,NA,NA,NA,NA,NA,NA
100,2022-11-19,NA,4460.25024405757,NA,NA,NA,NA,NA,NA
100,2022-11-20,NA,3988.8920397385,NA,NA,NA,NA,NA,NA
100,2022-11-21,NA,3655.01331167916,NA,NA,NA,NA,NA,NA
100,2022-11-22,NA,3164.01518218013,NA,NA,NA,NA,NA,NA
100,2022-11-23,NA,2830.13645412079,NA,NA,NA,NA,NA,NA
100,2022-11-24,NA,2574.81742678129,NA,NA,NA,NA,NA,NA
100,2022-11-25,NA,2437.33795052157,NA,NA,NA,NA,NA,NA
101,2022-11-25,NA,NA,NA,NA,NA,NA,NA,0.5
100,2022-11-26,NA,2339.13832462176,NA,NA,NA,NA,NA,NA
100,2022-11-27,NA,2280.21854908188,NA,NA,NA,NA,NA,NA
100,2022-11-28,NA,2182.01892318207,NA,NA,NA,NA,NA,NA
100,2022-11-29,NA,2044.53944692234,NA,NA,NA,NA,NA,NA
100,2022-11-30,NA,2358.77824980172,NA,NA,NA,NA,NA,NA
100,2022-12-01,NA,2123.09914764219,NA,NA,NA,NA,NA,NA
100,2022-12-02,NA,1946.33982102254,NA,NA,NA,NA,NA,NA
100,2022-12-03,NA,2182.01892318207,NA,NA,NA,NA,NA,NA
100,2022-12-04,NA,2182.01892318207,NA,NA,NA,NA,NA,NA
100,2022-12-05,NA,2005.25959656242,NA,NA,NA,NA,NA,NA
100,2022-12-06,NA,4087.09166563831,NA,NA,NA,NA,NA,NA
100,2022-12-07,NA,6070.72410881439,NA,NA,NA,NA,NA,NA
100,2022-12-08,NA,4637.00957067722,NA,NA,NA,NA,NA,NA
100,2022-12-09,NA,5442.24650305563,NA,NA,NA,NA,NA,NA
100,2022-12-10,NA,4794.12897211691,NA,NA,NA,NA,NA,NA
100,2022-12-11,NA,4204.93121671807,NA,NA,NA,NA,NA,NA
100,2022-12-12,NA,3655.01331167916,NA,NA,NA,NA,NA,NA
100,2022-12-13,NA,3281.8547332599,NA,NA,NA,NA,NA,NA
100,2022-12-14,NA,3065.81555628032,NA,NA,NA,NA,NA,NA
100,2022-12-15,NA,9213.11213760818,NA,NA,NA,NA,NA,NA
100,2022-12-16,NA,6993.80059227256,NA,NA,NA,NA,NA,NA
100,2022-12-17,NA,5579.72597931536,NA,NA,NA,NA,NA,NA
100,2022-12-18,NA,4754.84912175699,NA,NA,NA,NA,NA,NA
100,2022-12-19,NA,4067.45174045834,NA,NA,NA,NA,NA,NA
101,2022-12-19,NA,NA,NA,NA,NA,NA,NA,0.6
100,2022-12-20,NA,3615.73346131924,NA,NA,NA,NA,NA,NA
100,2022-12-21,NA,3301.49465843986,NA,NA,NA,NA,NA,NA
100,2022-12-22,NA,8859.59348436888,NA,NA,NA,NA,NA,NA
100,2022-12-23,NA,7622.27819803132,NA,NA,NA,NA,NA,NA
100,2022-12-24,NA,5481.52635341555,NA,NA,NA,NA,NA,NA
100,2022-12-25,NA,4774.48904693695,NA,NA,NA,NA,NA,NA
100,2022-12-26,NA,4283.49091743792,NA,NA,NA,NA,NA,NA
100,2022-12-27,NA,3812.13271311885,NA,NA,NA,NA,NA,NA
101,2022-12-27,NA,NA,NA,NA,NA,NA,NA,0.6
100,2022-12-28,NA,3517.53383541943,NA,NA,NA,NA,NA,NA
100,2022-12-29,NA,3222.93495772001,NA,NA,NA,NA,NA,NA
100,2022-12-30,NA,3026.5357059204,NA,NA,NA,NA,NA,NA
100,2022-12-31,NA,3105.09540664025,NA,NA,NA,NA,NA,NA
100,2023-01-01,NA,3105.09540664025,NA,NA,NA,NA,NA,NA
101,2023-01-01,NA,NA,NA,NA,NA,NA,NA,0.6
100,2023-01-02,NA,2830.13645412079,NA,NA,NA,NA,NA,NA
100,2023-01-03,NA,2712.29690304102,NA,NA,NA,NA,NA,NA
100,2023-01-04,NA,2614.09727714122,NA,NA,NA,NA,NA,NA
100,2023-01-05,NA,2476.61780088149,NA,NA,NA,NA,NA,NA
100,2023-01-06,NA,2378.41817498168,NA,NA,NA,NA,NA,NA
100,2023-01-07,NA,2260.57862390191,NA,NA,NA,NA,NA,NA
100,2023-01-08,NA,2240.93869872195,NA,NA,NA,NA,NA,NA
100,2023-01-09,NA,2398.05810016164,NA,NA,NA,NA,NA,NA
100,2023-01-10,NA,2240.93869872195,NA,NA,NA,NA,NA,NA
100,2023-01-11,NA,2142.73907282215,NA,NA,NA,NA,NA,NA
100,2023-01-12,NA,2240.93869872195,NA,NA,NA,NA,NA,NA
100,2023-01-13,NA,3497.89391023947,NA,NA,NA,NA,NA,NA
100,2023-01-14,NA,2967.61593038052,NA,NA,NA,NA,NA,NA
100,2023-01-15,NA,2673.0170526811,NA,NA,NA,NA,NA,NA
100,2023-01-16,NA,2555.17750160133,NA,NA,NA,NA,NA,NA
100,2023-01-17,NA,2633.73720232118,NA,NA,NA,NA,NA,NA
100,2023-01-18,NA,2515.89765124141,NA,NA,NA,NA,NA,NA
100,2023-01-19,NA,2437.33795052157,NA,NA,NA,NA,NA,NA
100,2023-01-20,NA,2319.4983994418,NA,NA,NA,NA,NA,NA
100,2023-01-21,NA,2240.93869872195,NA,NA,NA,NA,NA,NA
100,2023-01-22,NA,2182.01892318207,NA,NA,NA,NA,NA,NA
100,2023-01-23,NA,2182.01892318207,NA,NA,NA,NA,NA,NA
100,2023-01-24,NA,2103.45922246223,NA,NA,NA,NA,NA,NA
100,2023-01-25,NA,3458.61405987955,NA,NA,NA,NA,NA,NA
100,2023-01-26,NA,3694.29316203908,NA,NA,NA,NA,NA,NA
100,2023-01-27,NA,3183.65510736009,NA,NA,NA,NA,NA,NA
100,2023-01-28,NA,2889.05622966067,NA,NA,NA,NA,NA,NA
100,2023-01-29,NA,2712.29690304102,NA,NA,NA,NA,NA,NA
100,2023-01-30,NA,2653.37712750114,NA,NA,NA,NA,NA,NA
100,2023-01-31,NA,2535.53757642137,NA,NA,NA,NA,NA,NA
100,2023-02-01,NA,2790.85660376087,NA,NA,NA,NA,NA,NA
100,2023-02-02,NA,2712.29690304102,NA,NA,NA,NA,NA,NA
101,2023-02-02,NA,NA,NA,NA,NA,NA,NA,0.6
100,2023-02-03,NA,2653.37712750114,NA,NA,NA,NA,NA,NA
100,2023-02-04,NA,2476.61780088149,NA,NA,NA,NA,NA,NA
100,2023-02-05,NA,2437.33795052157,NA,NA,NA,NA,NA,NA
100,2023-02-06,NA,2358.77824980172,NA,NA,NA,NA,NA,NA
100,2023-02-07,NA,2260.57862390191,NA,NA,NA,NA,NA,NA
100,2023-02-08,NA,2182.01892318207,NA,NA,NA,NA,NA,NA
100,2023-02-09,NA,2123.09914764219,NA,NA,NA,NA,NA,NA
100,2023-02-10,NA,2103.45922246223,NA,NA,NA,NA,NA,NA
100,2023-02-11,NA,2024.89952174238,NA,NA,NA,NA,NA,NA
100,2023-02-12,NA,10627.1867505654,NA,NA,NA,NA,NA,NA
100,2023-02-13,NA,12001.9815131627,NA,NA,NA,NA,NA,NA
100,2023-02-14,NA,6640.28193903326,NA,NA,NA,NA,NA,NA
100,2023-02-15,NA,5422.60657787567,NA,NA,NA,NA,NA,NA
100,2023-02-16,NA,4813.76889729687,NA,NA,NA,NA,NA,NA
100,2023-02-17,NA,8034.71662681051,NA,NA,NA,NA,NA,NA
100,2023-02-18,NA,5952.88455773462,NA,NA,NA,NA,NA,NA
101,2023-02-18,NA,NA,NA,NA,NA,NA,NA,0.6
100,2023-02-19,NA,5206.56740089609,NA,NA,NA,NA,NA,NA
100,2023-02-20,NA,4735.20919657703,NA,NA,NA,NA,NA,NA
100,2023-02-21,NA,4303.13084261788,NA,NA,NA,NA,NA,NA
100,2023-02-22,NA,3969.25211455854,NA,NA,NA,NA,NA,NA
100,2023-02-23,NA,3694.29316203908,NA,NA,NA,NA,NA,NA
100,2023-02-24,NA,3380.0543591597,NA,NA,NA,NA,NA,NA
100,2023-02-25,NA,3242.57488289997,NA,NA,NA,NA,NA,NA
100,2023-02-26,NA,3183.65510736009,NA,NA,NA,NA,NA,NA
100,2023-02-27,NA,3183.65510736009,NA,NA,NA,NA,NA,NA
100,2023-02-28,NA,3281.8547332599,NA,NA,NA,NA,NA,NA
100,2023-03-01,NA,2928.3360800206,NA,NA,NA,NA,NA,NA
100,2023-03-02,NA,2790.85660376087,NA,NA,NA,NA,NA,NA
100,2023-03-03,NA,4381.69054333772,NA,NA,NA,NA,NA,NA
100,2023-03-04,NA,6974.1606670926,NA,NA,NA,NA,NA,NA
100,2023-03-05,NA,4970.88829873656,NA,NA,NA,NA,NA,NA
100,2023-03-06,NA,4362.05061815776,NA,NA,NA,NA,NA,NA
100,2023-03-07,NA,3890.69241383869,NA,NA,NA,NA,NA,NA
100,2023-03-08,NA,3399.69428433966,NA,NA,NA,NA,NA,NA
100,2023-03-09,NA,3144.37525700017,NA,NA,NA,NA,NA,NA
100,2023-03-10,NA,3085.45548146028,NA,NA,NA,NA,NA,NA
100,2023-03-11,NA,2928.3360800206,NA,NA,NA,NA,NA,NA
100,2023-03-12,NA,2810.49652894083,NA,NA,NA,NA,NA,NA
100,2023-03-13,NA,2751.57675340095,NA,NA,NA,NA,NA,NA
100,2023-03-14,NA,2535.53757642137,NA,NA,NA,NA,NA,NA
101,2023-03-14,NA,NA,NA,NA,NA,NA,NA,0.9
100,2023-03-15,NA,2398.05810016164,NA,NA,NA,NA,NA,NA
100,2023-03-16,NA,2339.13832462176,NA,NA,NA,NA,NA,NA
100,2023-03-17,NA,2280.21854908188,NA,NA,NA,NA,NA,NA
100,2023-03-18,NA,2221.29877354199,NA,NA,NA,NA,NA,NA
100,2023-03-19,NA,2083.81929728226,NA,NA,NA,NA,NA,NA
100,2023-03-20,NA,2024.89952174238,NA,NA,NA,NA,NA,NA
100,2023-03-21,NA,1946.33982102254,NA,NA,NA,NA,NA,NA
100,2023-03-22,NA,1867.78012030269,NA,NA,NA,NA,NA,NA
101,2023-03-22,NA,NA,NA,NA,NA,NA,NA,0.9
100,2023-03-23,NA,1867.78012030269,NA,NA,NA,NA,NA,NA
100,2023-03-24,NA,1848.14019512273,NA,NA,NA,NA,NA,NA
100,2023-03-25,NA,1789.22041958285,NA,NA,NA,NA,NA,NA
100,2023-03-26,NA,1749.94056922292,NA,NA,NA,NA,NA,NA
100,2023-03-27,NA,1691.02079368304,NA,NA,NA,NA,NA,NA
100,2023-03-28,NA,1651.74094332312,NA,NA,NA,NA,NA,NA
100,2023-03-29,NA,1612.4610929632,NA,NA,NA,NA,NA,NA
100,2023-03-30,NA,1549.61333238732,NA,NA,NA,NA,NA,NA
100,2023-03-31,NA,1547.64933986932,NA,NA,NA,NA,NA,NA
100,2023-04-01,NA,2260.57862390191,NA,NA,NA,NA,NA,NA
100,2023-04-02,NA,1946.33982102254,NA,NA,NA,NA,NA,NA
100,2023-04-03,NA,1749.94056922292,NA,NA,NA,NA,NA,NA
100,2023-04-04,NA,1612.4610929632,NA,NA,NA,NA,NA,NA
100,2023-04-05,NA,1567.28926504928,NA,NA,NA,NA,NA,NA
100,2023-04-06,NA,1504.44150447341,NA,NA,NA,NA,NA,NA
100,2023-04-07,NA,1730.30064404296,NA,NA,NA,NA,NA,NA
101,2023-04-07,NA,NA,NA,NA,NA,NA,NA,0.9
100,2023-04-08,NA,1730.30064404296,NA,NA,NA,NA,NA,NA
100,2023-04-09,NA,1569.25325756728,NA,NA,NA,NA,NA,NA
100,2023-04-10,NA,1504.44150447341,NA,NA,NA,NA,NA,NA
100,2023-04-11,NA,1549.61333238732,NA,NA,NA,NA,NA,NA
100,2023-04-12,NA,1478.90960173946,NA,NA,NA,NA,NA,NA
100,2023-04-13,NA,1435.70176634354,NA,NA,NA,NA,NA,NA
100,2023-04-14,NA,1384.63796087565,NA,NA,NA,NA,NA,NA
100,2023-04-15,NA,1569.25325756728,NA,NA,NA,NA,NA,NA
100,2023-04-16,NA,1443.55773641553,NA,NA,NA,NA,NA,NA
100,2023-04-17,NA,1518.18945209938,NA,NA,NA,NA,NA,NA
100,2023-04-18,NA,1368.92602073168,NA,NA,NA,NA,NA,NA
100,2023-04-19,NA,1331.61016288975,NA,NA,NA,NA,NA,NA
100,2023-04-20,NA,1274.65437986786,NA,NA,NA,NA,NA,NA
100,2023-04-21,NA,1211.80661929199,NA,NA,NA,NA,NA,NA
100,2023-04-22,NA,1213.77061180998,NA,NA,NA,NA,NA,NA
100,2023-04-23,NA,1194.13068663002,NA,NA,NA,NA,NA,NA
100,2023-04-24,NA,1146.99486619812,NA,NA,NA,NA,NA,NA
100,2023-04-25,NA,1111.64300087418,NA,NA,NA,NA,NA,NA
100,2023-04-26,NA,1092.00307569422,NA,NA,NA,NA,NA,NA
100,2023-04-27,NA,1074.32714303226,NA,NA,NA,NA,NA,NA
100,2023-04-28,NA,14162.3732829584,NA,NA,NA,NA,NA,NA
100,2023-04-29,NA,6443.88268723365,NA,NA,NA,NA,NA,NA
100,2023-04-30,NA,5010.16814909648,NA,NA,NA,NA,NA,NA
100,2023-05-01,NA,3890.69241383869,NA,NA,NA,NA,NA,NA
100,2023-05-02,NA,3242.57488289997,NA,NA,NA,NA,NA,NA
100,2023-05-03,NA,2790.85660376087,NA,NA,NA,NA,NA,NA
100,2023-05-04,NA,2496.25772606145,NA,NA,NA,NA,NA,NA
200,2023-05-04,NA,NA,1.7,0.108,0.025,0.007,8512.992,NA
300,2023-05-04,NA,NA,0.4,0.071,0.015,0.004,7504.704,NA
100,2023-05-05,NA,2201.65884836203,NA,NA,NA,NA,NA,NA
100,2023-05-06,NA,1926.69989584257,NA,NA,NA,NA,NA,NA
100,2023-05-07,NA,1789.22041958285,NA,NA,NA,NA,NA,NA
100,2023-05-08,NA,1691.02079368304,NA,NA,NA,NA,NA,NA
100,2023-05-09,NA,1553.54131742331,NA,NA,NA,NA,NA,NA
100,2023-05-10,NA,1451.41370648751,NA,NA,NA,NA,NA,NA
100,2023-05-11,NA,1339.46613296173,NA,NA,NA,NA,NA,NA
100,2023-05-12,NA,1278.58236490386,NA,NA,NA,NA,NA,NA
100,2023-05-13,NA,1237.33852202594,NA,NA,NA,NA,NA,NA
100,2023-05-14,NA,1213.77061180998,NA,NA,NA,NA,NA,NA
100,2023-05-15,NA,1229.48255195395,NA,NA,NA,NA,NA,NA
100,2023-05-16,NA,1520.15344461738,NA,NA,NA,NA,NA,NA
100,2023-05-17,NA,1710.660718863,NA,NA,NA,NA,NA,NA
100,2023-05-18,NA,1361.07005065969,NA,NA,NA,NA,NA,NA
100,2023-05-19,NA,1266.79840979588,NA,NA,NA,NA,NA,NA
100,2023-05-20,NA,1217.69859684598,NA,NA,NA,NA,NA,NA
100,2023-05-21,NA,1192.16669411203,NA,NA,NA,NA,NA,NA
100,2023-05-22,NA,1092.00307569422,NA,NA,NA,NA,NA,NA
100,2023-05-23,NA,1052.7232253343,NA,NA,NA,NA,NA,NA
100,2023-05-24,NA,1052.7232253343,NA,NA,NA,NA,NA,NA
100,2023-05-25,NA,1052.7232253343,NA,NA,NA,NA,NA,NA
100,2023-05-26,NA,1023.26333756436,NA,NA,NA,NA,NA,NA
100,2023-05-27,NA,972.19953209646,NA,NA,NA,NA,NA,NA
100,2023-05-28,NA,997.73143483041,NA,NA,NA,NA,NA,NA
100,2023-05-29,NA,1524.08142965337,NA,NA,NA,NA,NA,NA
100,2023-05-30,NA,1946.33982102254,NA,NA,NA,NA,NA,NA
100,2023-05-31,NA,1848.14019512273,NA,NA,NA,NA,NA,NA
100,2023-06-01,NA,1439.62975137954,3,0.143,0.05,0.007,1090.368,NA
300,2023-06-01,NA,NA,1.9,0.118,0.013,0.009,1975.104,NA
100,2023-06-02,NA,1247.15848461592,NA,NA,NA,NA,NA,NA
100,2023-06-03,NA,1109.67900835619,NA,NA,NA,NA,NA,NA
100,2023-06-04,NA,1052.7232253343,NA,NA,NA,NA,NA,NA
100,2023-06-05,NA,980.055502168445,NA,NA,NA,NA,NA,NA
100,2023-06-06,NA,919.171734110565,NA,NA,NA,NA,NA,NA
100,2023-06-07,NA,877.927891232647,NA,NA,NA,NA,NA,NA
100,2023-06-08,NA,860.251958570681,NA,NA,NA,NA,NA,NA
100,2023-06-09,NA,809.188153102783,NA,NA,NA,NA,NA,NA
100,2023-06-10,NA,754.196362598891,NA,NA,NA,NA,NA,NA
100,2023-06-11,NA,718.844497274961,NA,NA,NA,NA,NA,NA
100,2023-06-12,NA,718.844497274961,NA,NA,NA,NA,NA,NA
100,2023-06-13,NA,718.844497274961,NA,NA,NA,NA,NA,NA
100,2023-06-14,NA,697.240579577004,NA,NA,NA,NA,NA,NA
100,2023-06-15,NA,648.140766627101,NA,NA,NA,NA,NA,NA
100,2023-06-16,NA,606.896923749182,NA,NA,NA,NA,NA,NA
100,2023-06-17,NA,559.761103317275,NA,NA,NA,NA,NA,NA
100,2023-06-18,NA,522.445245475349,NA,NA,NA,NA,NA,NA
100,2023-06-19,NA,534.229200583326,NA,NA,NA,NA,NA,NA
100,2023-06-20,NA,2044.53944692234,NA,NA,NA,NA,NA,NA
100,2023-06-21,NA,1453.37769900551,NA,NA,NA,NA,NA,NA
100,2023-06-22,NA,4263.85099225796,NA,NA,NA,NA,NA,NA
100,2023-06-23,NA,3321.13458361982,NA,NA,NA,NA,NA,NA
100,2023-06-24,NA,2280.21854908188,NA,NA,NA,NA,NA,NA
100,2023-06-25,NA,1749.94056922292,NA,NA,NA,NA,NA,NA
100,2023-06-26,NA,1357.1420656237,NA,NA,NA,NA,NA,NA
100,2023-06-27,NA,1201.98665670201,NA,NA,NA,NA,NA,NA
100,2023-06-28,NA,1062.54318792428,NA,NA,NA,NA,NA,NA
100,2023-06-29,NA,948.631621880507,NA,NA,NA,NA,NA,NA
100,2023-06-30,NA,868.107928642666,2.1,0.106,0.137,0.007,264.384,NA
300,2023-06-30,NA,NA,1.7,0.107,0.055,0.008,1260.576,NA
100,2023-07-01,NA,815.080130656771,NA,NA,NA,NA,NA,NA
100,2023-07-02,NA,750.268377562899,NA,NA,NA,NA,NA,NA
100,2023-07-03,NA,714.916512238969,NA,NA,NA,NA,NA,NA
100,2023-07-04,NA,697.240579577004,NA,NA,NA,NA,NA,NA
100,2023-07-05,NA,648.140766627101,NA,NA,NA,NA,NA,NA
100,2023-07-06,NA,632.428826483132,NA,NA,NA,NA,NA,NA
100,2023-07-07,NA,885.783861304631,NA,NA,NA,NA,NA,NA
100,2023-07-08,NA,712.952519720973,NA,NA,NA,NA,NA,NA
100,2023-07-09,NA,860.251958570681,NA,NA,NA,NA,NA,NA
100,2023-07-10,NA,760.088340152879,NA,NA,NA,NA,NA,NA
100,2023-07-11,NA,608.860916267178,NA,NA,NA,NA,NA,NA
100,2023-07-12,NA,522.445245475349,NA,NA,NA,NA,NA,NA
100,2023-07-13,NA,659.924721735077,NA,NA,NA,NA,NA,NA
100,2023-07-14,NA,3144.37525700017,NA,NA,NA,NA,NA,NA
100,2023-07-15,NA,1496.58553440142,NA,NA,NA,NA,NA,NA
100,2023-07-16,NA,1443.55773641553,NA,NA,NA,NA,NA,NA
100,2023-07-17,NA,1080.21912058625,NA,NA,NA,NA,NA,NA
100,2023-07-18,NA,928.991696700546,NA,NA,NA,NA,NA,NA
100,2023-07-19,NA,952.559606916499,NA,NA,NA,NA,NA,NA
100,2023-07-20,NA,824.900093246752,NA,NA,NA,NA,NA,NA
101,2023-07-20,NA,NA,NA,NA,NA,NA,NA,1.8
100,2023-07-21,NA,734.55643741893,NA,NA,NA,NA,NA,NA
100,2023-07-22,NA,657.960729217081,NA,NA,NA,NA,NA,NA
100,2023-07-23,NA,718.844497274961,NA,NA,NA,NA,NA,NA
100,2023-07-24,NA,832.756063318736,NA,NA,NA,NA,NA,NA
100,2023-07-25,NA,779.728265332841,NA,NA,NA,NA,NA,NA
100,2023-07-26,NA,767.944310224864,NA,NA,NA,NA,NA,NA
100,2023-07-27,NA,626.536848929143,NA,NA,NA,NA,NA,NA
100,2023-07-28,NA,591.184983605213,NA,NA,NA,NA,NA,NA
100,2023-07-29,NA,616.716886339163,NA,NA,NA,NA,NA,NA
100,2023-07-30,NA,522.445245475349,NA,NA,NA,NA,NA,NA
100,2023-07-31,NA,522.445245475349,NA,NA,NA,NA,NA,NA
100,2023-08-01,NA,508.697297849376,NA,NA,NA,NA,NA,NA
100,2023-08-02,NA,461.561477417469,NA,NA,NA,NA,NA,NA
100,2023-08-03,NA,461.561477417469,NA,NA,NA,NA,NA,NA
100,2023-08-04,NA,496.913342741399,NA,NA,NA,NA,NA,NA
100,2023-08-05,NA,432.101589647528,NA,NA,NA,NA,NA,NA
100,2023-08-06,NA,432.101589647528,NA,NA,NA,NA,NA,NA
100,2023-08-07,NA,432.101589647528,NA,NA,NA,NA,NA,NA
100,2023-08-08,NA,420.317634539551,NA,NA,NA,NA,NA,NA
100,2023-08-09,NA,388.893754251613,NA,NA,NA,NA,NA,NA
100,2023-08-10,NA,388.893754251613,NA,NA,NA,NA,NA,NA
100,2023-08-11,NA,381.037784179628,NA,NA,NA,NA,NA,NA
100,2023-08-12,NA,347.649911373694,NA,NA,NA,NA,NA,NA
100,2023-08-13,NA,333.901963747721,NA,NA,NA,NA,NA,NA
100,2023-08-14,NA,306.406068495776,NA,NA,NA,NA,NA,NA
100,2023-08-15,NA,306.406068495776,NA,NA,NA,NA,NA,NA
100,2023-08-16,NA,294.622113387799,NA,NA,NA,NA,NA,NA
100,2023-08-17,NA,269.09021065385,NA,NA,NA,NA,NA,NA
100,2023-08-18,NA,233.738345329919,NA,NA,NA,NA,NA,NA
100,2023-08-19,NA,219.990397703947,NA,NA,NA,NA,NA,NA
100,2023-08-20,NA,188.566517416009,NA,NA,NA,NA,NA,NA
100,2023-08-21,NA,159.106629646067,NA,NA,NA,NA,NA,NA
100,2023-08-22,NA,159.106629646067,NA,NA,NA,NA,NA,NA
100,2023-08-23,NA,159.106629646067,NA,NA,NA,NA,NA,NA
100,2023-08-24,NA,159.106629646067,NA,NA,NA,NA,NA,NA
100,2023-08-25,NA,168.926592236047,NA,NA,NA,NA,NA,NA
100,2023-08-26,NA,159.106629646067,NA,NA,NA,NA,NA,NA
100,2023-08-27,NA,159.106629646067,NA,NA,NA,NA,NA,NA
100,2023-08-28,NA,320.154016121749,NA,NA,NA,NA,NA,NA
100,2023-08-29,NA,546.013155691302,NA,NA,NA,NA,NA,NA
100,2023-08-30,NA,1037.01128519033,NA,NA,NA,NA,NA,NA
100,2023-08-31,NA,585.293006051225,NA,NA,NA,NA,NA,NA
100,2023-09-01,NA,434.065582165524,NA,NA,NA,NA,NA,NA
100,2023-09-02,NA,339.79394130171,NA,NA,NA,NA,NA,NA
100,2023-09-03,NA,290.694128351807,NA,NA,NA,NA,NA,NA
100,2023-09-04,NA,221.954390221943,NA,NA,NA,NA,NA,NA
100,2023-09-05,NA,186.602524898013,NA,NA,NA,NA,NA,NA
100,2023-09-06,NA,159.106629646067,NA,NA,NA,NA,NA,NA
101,2023-09-06,NA,NA,NA,NA,NA,NA,NA,3.8
100,2023-09-07,NA,168.926592236047,NA,NA,NA,NA,NA,NA
100,2023-09-08,NA,219.990397703947,NA,NA,NA,NA,NA,NA
100,2023-09-09,NA,245.522300437896,NA,NA,NA,NA,NA,NA
100,2023-09-10,NA,498.877335259396,NA,NA,NA,NA,NA,NA
100,2023-09-11,NA,402.641701877586,NA,NA,NA,NA,NA,NA
100,2023-09-12,NA,331.937971229725,NA,NA,NA,NA,NA,NA
100,2023-09-13,NA,298.550098423791,NA,NA,NA,NA,NA,NA
100,2023-09-14,NA,255.342263027877,NA,NA,NA,NA,NA,NA
100,2023-09-15,NA,218.026405185951,NA,NA,NA,NA,NA,NA
100,2023-09-16,NA,194.458494969997,NA,NA,NA,NA,NA,NA
100,2023-09-17,NA,257.306255545873,NA,NA,NA,NA,NA,NA
100,2023-09-18,NA,290.694128351807,NA,NA,NA,NA,NA,NA
100,2023-09-19,NA,247.486292955892,NA,NA,NA,NA,NA,NA
100,2023-09-20,NA,194.458494969997,NA,NA,NA,NA,NA,NA
100,2023-09-21,NA,180.710547344024,NA,NA,NA,NA,NA,NA
100,2023-09-22,NA,159.106629646067,NA,NA,NA,NA,NA,NA
100,2023-09-23,NA,286.766143315815,NA,NA,NA,NA,NA,NA
100,2023-09-24,NA,381.037784179628,NA,NA,NA,NA,NA,NA
100,2023-09-25,NA,347.649911373694,NA,NA,NA,NA,NA,NA
100,2023-09-26,NA,306.406068495776,NA,NA,NA,NA,NA,NA
100,2023-09-27,NA,306.406068495776,NA,NA,NA,NA,NA,NA
100,2023-09-28,NA,306.406068495776,NA,NA,NA,NA,NA,NA
100,2023-09-29,NA,296.586105905795,NA,NA,NA,NA,NA,NA
100,2023-09-30,NA,269.09021065385,NA,NA,NA,NA,NA,NA
100,2023-10-01,NA,253.378270509881,NA,NA,NA,NA,NA,NA
100,2023-10-02,NA,229.810360293927,NA,NA,NA,NA,NA,NA
100,2023-10-03,NA,218.026405185951,NA,NA,NA,NA,NA,NA
100,2023-10-04,NA,194.458494969997,NA,NA,NA,NA,NA,NA
100,2023-10-05,NA,194.458494969997,NA,NA,NA,NA,NA,NA
100,2023-10-06,NA,198.386480005989,NA,NA,NA,NA,NA,NA
100,2023-10-07,NA,253.378270509881,NA,NA,NA,NA,NA,NA
100,2023-10-08,NA,237.666330365912,NA,NA,NA,NA,NA,NA
100,2023-10-09,NA,229.810360293927,NA,NA,NA,NA,NA,NA
100,2023-10-10,NA,257.306255545873,NA,NA,NA,NA,NA,NA
100,2023-10-11,NA,204.278457559978,NA,NA,NA,NA,NA,NA
100,2023-10-12,NA,182.67453986202,NA,NA,NA,NA,NA,NA
100,2023-10-13,NA,149.286667056086,NA,NA,NA,NA,NA,NA
100,2023-10-14,NA,164.998607200055,NA,NA,NA,NA,NA,NA
100,2023-10-15,NA,184.638532380016,NA,NA,NA,NA,NA,NA
100,2023-10-16,NA,166.962599718051,NA,NA,NA,NA,NA,NA
101,2023-10-16,NA,NA,NA,NA,NA,NA,NA,1.9
100,2023-10-17,NA,149.286667056086,NA,NA,NA,NA,NA,NA
100,2023-10-18,NA,131.610734394121,NA,NA,NA,NA,NA,NA
100,2023-10-19,NA,96.258869070191,NA,NA,NA,NA,NA,NA
100,2023-10-20,NA,131.610734394121,NA,NA,NA,NA,NA,NA
100,2023-10-21,NA,172.85457727204,NA,NA,NA,NA,NA,NA
100,2023-10-22,NA,172.85457727204,NA,NA,NA,NA,NA,NA
100,2023-10-23,NA,145.358682020094,NA,NA,NA,NA,NA,NA
100,2023-10-24,NA,98.2228615881872,NA,NA,NA,NA,NA,NA
101,2023-10-24,NA,NA,NA,NA,NA,NA,NA,1.6
100,2023-10-25,NA,90.3668915162027,NA,NA,NA,NA,NA,NA
100,2023-10-26,NA,72.6909588542376,NA,NA,NA,NA,NA,NA
100,2023-10-27,NA,58.9430112282648,NA,NA,NA,NA,NA,NA
100,2023-10-28,NA,72.6909588542376,NA,NA,NA,NA,NA,NA
100,2023-10-29,NA,121.790771804141,NA,NA,NA,NA,NA,NA
100,2023-10-30,NA,159.106629646067,NA,NA,NA,NA,NA,NA
100,2023-10-31,NA,159.106629646067,NA,NA,NA,NA,NA,NA
100,2023-11-01,NA,159.106629646067,NA,NA,NA,NA,NA,NA
101,2023-11-01,NA,NA,NA,NA,NA,NA,NA,0.9
100,2023-11-02,NA,159.106629646067,NA,NA,NA,NA,NA,NA
100,2023-11-03,NA,159.106629646067,NA,NA,NA,NA,NA,NA
100,2023-11-04,NA,159.106629646067,NA,NA,NA,NA,NA,NA
100,2023-11-05,NA,166.962599718051,NA,NA,NA,NA,NA,NA
100,2023-11-06,NA,163.034614682059,NA,NA,NA,NA,NA,NA
100,2023-11-07,NA,159.106629646067,NA,NA,NA,NA,NA,NA
100,2023-11-08,NA,251.414277991884,NA,NA,NA,NA,NA,NA
100,2023-11-09,NA,115.898794250152,NA,NA,NA,NA,NA,NA
100,2023-11-10,NA,147.32267453809,NA,NA,NA,NA,NA,NA
100,2023-11-11,NA,159.106629646067,NA,NA,NA,NA,NA,NA
100,2023-11-12,NA,159.106629646067,NA,NA,NA,NA,NA,NA
100,2023-11-13,NA,159.106629646067,NA,NA,NA,NA,NA,NA
100,2023-11-14,NA,141.430696984102,NA,NA,NA,NA,NA,NA
100,2023-11-15,NA,123.754764322137,NA,NA,NA,NA,NA,NA
100,2023-11-16,NA,123.754764322137,NA,NA,NA,NA,NA,NA
100,2023-11-17,NA,123.754764322137,NA,NA,NA,NA,NA,NA
101,2023-11-17,NA,NA,NA,NA,NA,NA,NA,0.7
100,2023-11-18,NA,123.754764322137,NA,NA,NA,NA,NA,NA
100,2023-11-19,NA,123.754764322137,NA,NA,NA,NA,NA,NA
100,2023-11-20,NA,110.006816696164,NA,NA,NA,NA,NA,NA
100,2023-11-21,NA,1573.18124260327,NA,NA,NA,NA,NA,NA
100,2023-11-22,NA,2201.65884836203,NA,NA,NA,NA,NA,NA
100,2023-11-23,NA,1017.37136001037,NA,NA,NA,NA,NA,NA
100,2023-11-24,NA,705.096549648988,NA,NA,NA,NA,NA,NA
100,2023-11-25,NA,502.805320295388,NA,NA,NA,NA,NA,NA
101,2023-11-25,NA,NA,NA,NA,NA,NA,NA,0.8
100,2023-11-26,NA,386.929761733617,NA,NA,NA,NA,NA,NA
100,2023-11-27,NA,312.298046049764,NA,NA,NA,NA,NA,NA
100,2023-11-28,NA,239.630322883908,NA,NA,NA,NA,NA,NA
100,2023-11-29,NA,214.098420149958,NA,NA,NA,NA,NA,NA
100,2023-11-30,NA,194.458494969997,NA,NA,NA,NA,NA,NA
100,2023-12-01,NA,194.458494969997,NA,NA,NA,NA,NA,NA
100,2023-12-02,NA,210.170435113966,NA,NA,NA,NA,NA,NA
100,2023-12-03,NA,675.636661879046,NA,NA,NA,NA,NA,NA
100,2023-12-04,NA,532.26520806533,NA,NA,NA,NA,NA,NA
100,2023-12-05,NA,406.569686913578,NA,NA,NA,NA,NA,NA
100,2023-12-06,NA,337.829948783714,NA,NA,NA,NA,NA,NA
100,2023-12-07,NA,276.946180725834,NA,NA,NA,NA,NA,NA
100,2023-12-08,NA,241.594315401904,NA,NA,NA,NA,NA,NA
100,2023-12-09,NA,229.810360293927,NA,NA,NA,NA,NA,NA
100,2023-12-10,NA,2201.65884836203,NA,NA,NA,NA,NA,NA
100,2023-12-11,NA,2398.05810016164,NA,NA,NA,NA,NA,NA
101,2023-12-11,NA,NA,NA,NA,NA,NA,NA,0.7
100,2023-12-12,NA,1400.34990101961,NA,NA,NA,NA,NA,NA
100,2023-12-13,NA,1029.15531511835,NA,NA,NA,NA,NA,NA
100,2023-12-14,NA,801.332183030798,NA,NA,NA,NA,NA,NA
100,2023-12-15,NA,671.708676843054,NA,NA,NA,NA,NA,NA
100,2023-12-16,NA,579.401028497236,NA,NA,NA,NA,NA,NA
100,2023-12-17,NA,750.268377562899,NA,NA,NA,NA,NA,NA
100,2023-12-18,NA,1563.36128001329,NA,NA,NA,NA,NA,NA
100,2023-12-19,NA,1093.96706821222,NA,NA,NA,NA,NA,NA
100,2023-12-20,NA,862.215951088678,NA,NA,NA,NA,NA,NA
100,2023-12-21,NA,734.55643741893,NA,NA,NA,NA,NA,NA
100,2023-12-22,NA,642.248789073112,NA,NA,NA,NA,NA,NA
100,2023-12-23,NA,579.401028497236,NA,NA,NA,NA,NA,NA
100,2023-12-24,NA,534.229200583326,NA,NA,NA,NA,NA,NA
100,2023-12-25,NA,491.021365187411,NA,NA,NA,NA,NA,NA
100,2023-12-26,NA,1335.53814792574,NA,NA,NA,NA,NA,NA
100,2023-12-27,NA,7111.64014335233,NA,NA,NA,NA,NA,NA
100,2023-12-28,NA,3851.41256347877,NA,NA,NA,NA,NA,NA
100,2023-12-29,NA,2555.17750160133,NA,NA,NA,NA,NA,NA
100,2023-12-30,NA,1946.33982102254,NA,NA,NA,NA,NA,NA
100,2023-12-31,NA,1541.75736231534,NA,NA,NA,NA,NA,NA
100,2024-01-01,NA,1288.40232749384,NA,NA,NA,NA,NA,NA
100,2024-01-02,NA,1107.71501583819,NA,NA,NA,NA,NA,NA
100,2024-01-03,NA,995.767442312414,NA,NA,NA,NA,NA,NA
100,2024-01-04,NA,901.4958014486,NA,NA,NA,NA,NA,NA
100,2024-01-05,NA,791.512220440817,NA,NA,NA,NA,NA,NA
100,2024-01-06,NA,1449.44971396952,NA,NA,NA,NA,NA,NA
100,2024-01-07,NA,1710.660718863,NA,NA,NA,NA,NA,NA
100,2024-01-08,NA,1351.25008806971,NA,NA,NA,NA,NA,NA
100,2024-01-09,NA,15242.5691678563,NA,NA,NA,NA,NA,NA
101,2024-01-09,NA,NA,NA,NA,NA,NA,NA,0.7
100,2024-01-10,NA,9154.19236206829,NA,NA,NA,NA,NA,NA
100,2024-01-11,NA,5619.00582967528,NA,NA,NA,NA,NA,NA
100,2024-01-12,NA,4538.80994477741,NA,NA,NA,NA,NA,NA
100,2024-01-13,NA,4165.65136635815,NA,NA,NA,NA,NA,NA
100,2024-01-14,NA,3576.45361095932,NA,NA,NA,NA,NA,NA
100,2024-01-15,NA,3242.57488289997,NA,NA,NA,NA,NA,NA
100,2024-01-16,NA,2889.05622966067,NA,NA,NA,NA,NA,NA
100,2024-01-17,NA,2476.61780088149,NA,NA,NA,NA,NA,NA
100,2024-01-18,NA,2221.29877354199,NA,NA,NA,NA,NA,NA
100,2024-01-19,NA,2123.09914764219,NA,NA,NA,NA,NA,NA
100,2024-01-20,NA,1926.69989584257,NA,NA,NA,NA,NA,NA
100,2024-01-21,NA,1730.30064404296,NA,NA,NA,NA,NA,NA
100,2024-01-22,NA,1612.4610929632,NA,NA,NA,NA,NA,NA
100,2024-01-23,NA,1573.18124260327,NA,NA,NA,NA,NA,NA
100,2024-01-24,NA,1573.18124260327,NA,NA,NA,NA,NA,NA
100,2024-01-25,NA,1573.18124260327,NA,NA,NA,NA,NA,NA
100,2024-01-26,NA,1592.82116778323,NA,NA,NA,NA,NA,NA
100,2024-01-27,NA,1730.30064404296,NA,NA,NA,NA,NA,NA
100,2024-01-28,NA,10980.7054038047,NA,NA,NA,NA,NA,NA
100,2024-01-29,NA,6345.68306133384,NA,NA,NA,NA,NA,NA
100,2024-01-30,NA,4853.04874765679,NA,NA,NA,NA,NA,NA
100,2024-01-31,NA,4185.29129153811,NA,NA,NA,NA,NA,NA
100,2024-02-01,NA,3576.45361095932,NA,NA,NA,NA,NA,NA
100,2024-02-02,NA,3105.09540664025,NA,NA,NA,NA,NA,NA
101,2024-02-02,NA,NA,NA,NA,NA,NA,NA,0.6
100,2024-02-03,NA,2751.57675340095,NA,NA,NA,NA,NA,NA
100,2024-02-04,NA,2535.53757642137,NA,NA,NA,NA,NA,NA
100,2024-02-05,NA,2358.77824980172,NA,NA,NA,NA,NA,NA
100,2024-02-06,NA,2182.01892318207,NA,NA,NA,NA,NA,NA
100,2024-02-07,NA,2044.53944692234,NA,NA,NA,NA,NA,NA
100,2024-02-08,NA,1907.05997066261,NA,NA,NA,NA,NA,NA
100,2024-02-09,NA,1828.50026994277,NA,NA,NA,NA,NA,NA
100,2024-02-10,NA,1828.50026994277,NA,NA,NA,NA,NA,NA
101,2024-02-10,NA,NA,NA,NA,NA,NA,NA,0.6
100,2024-02-11,NA,2496.25772606145,NA,NA,NA,NA,NA,NA
100,2024-02-12,NA,2456.97787570153,NA,NA,NA,NA,NA,NA
100,2024-02-13,NA,10312.947947686,NA,NA,NA,NA,NA,NA
100,2024-02-14,NA,5717.20545557509,NA,NA,NA,NA,NA,NA
100,2024-02-15,NA,4774.48904693695,NA,NA,NA,NA,NA,NA
100,2024-02-16,NA,4126.37151599823,NA,NA,NA,NA,NA,NA
100,2024-02-17,NA,3517.53383541943,NA,NA,NA,NA,NA,NA
100,2024-02-18,NA,3046.17563110036,NA,NA,NA,NA,NA,NA
101,2024-02-18,NA,NA,NA,NA,NA,NA,NA,0.7
100,2024-02-19,NA,2731.93682822098,NA,NA,NA,NA,NA,NA
100,2024-02-20,NA,2535.53757642137,NA,NA,NA,NA,NA,NA
100,2024-02-21,NA,2358.77824980172,NA,NA,NA,NA,NA,NA
100,2024-02-22,NA,2260.57862390191,NA,NA,NA,NA,NA,NA
100,2024-02-23,NA,2162.37899800211,NA,NA,NA,NA,NA,NA
100,2024-02-24,NA,2064.1793721023,NA,NA,NA,NA,NA,NA
100,2024-02-25,NA,1907.05997066261,NA,NA,NA,NA,NA,NA
100,2024-02-26,NA,1828.50026994277,NA,NA,NA,NA,NA,NA
101,2024-02-26,NA,NA,NA,NA,NA,NA,NA,0.5
100,2024-02-27,NA,1789.22041958285,NA,NA,NA,NA,NA,NA
100,2024-02-28,NA,1965.9797462025,NA,NA,NA,NA,NA,NA
100,2024-02-29,NA,1985.61967138246,NA,NA,NA,NA,NA,NA
100,2024-03-01,NA,1828.50026994277,NA,NA,NA,NA,NA,NA
100,2024-03-02,NA,2339.13832462176,NA,NA,NA,NA,NA,NA
100,2024-03-03,NA,2280.21854908188,NA,NA,NA,NA,NA,NA
100,2024-03-04,NA,2123.09914764219,NA,NA,NA,NA,NA,NA
100,2024-03-05,NA,2005.25959656242,NA,NA,NA,NA,NA,NA
101,2024-03-05,NA,NA,NA,NA,NA,NA,NA,0.7
100,2024-03-06,NA,2024.89952174238,NA,NA,NA,NA,NA,NA
100,2024-03-07,NA,2574.81742678129,NA,NA,NA,NA,NA,NA
100,2024-03-08,NA,2339.13832462176,NA,NA,NA,NA,NA,NA
100,2024-03-09,NA,3203.29503254005,NA,NA,NA,NA,NA,NA
100,2024-03-10,NA,3713.93308721904,NA,NA,NA,NA,NA,NA
100,2024-03-11,NA,3281.8547332599,NA,NA,NA,NA,NA,NA
100,2024-03-12,NA,2987.25585556048,NA,NA,NA,NA,NA,NA
100,2024-03-13,NA,2751.57675340095,NA,NA,NA,NA,NA,NA
100,2024-03-14,NA,2555.17750160133,NA,NA,NA,NA,NA,NA
100,2024-03-15,NA,2398.05810016164,NA,NA,NA,NA,NA,NA
100,2024-03-16,NA,2240.93869872195,NA,NA,NA,NA,NA,NA
100,2024-03-17,NA,2083.81929728226,NA,NA,NA,NA,NA,NA
100,2024-03-18,NA,1965.9797462025,NA,NA,NA,NA,NA,NA
100,2024-03-19,NA,1828.50026994277,NA,NA,NA,NA,NA,NA
100,2024-03-20,NA,1769.58049440288,NA,NA,NA,NA,NA,NA
100,2024-03-21,NA,1691.02079368304,NA,NA,NA,NA,NA,NA
101,2024-03-21,NA,NA,NA,NA,NA,NA,NA,0.9
100,2024-03-22,NA,1651.74094332312,NA,NA,NA,NA,NA,NA
100,2024-03-23,NA,2653.37712750114,NA,NA,NA,NA,NA,NA
100,2024-03-24,NA,2182.01892318207,NA,NA,NA,NA,NA,NA
100,2024-03-25,NA,1985.61967138246,NA,NA,NA,NA,NA,NA
100,2024-03-26,NA,1867.78012030269,NA,NA,NA,NA,NA,NA
100,2024-03-27,NA,1867.78012030269,NA,NA,NA,NA,NA,NA
100,2024-03-28,NA,1808.86034476281,NA,NA,NA,NA,NA,NA
100,2024-03-29,NA,1671.38086850308,NA,NA,NA,NA,NA,NA
100,2024-03-30,NA,1612.4610929632,NA,NA,NA,NA,NA,NA
100,2024-03-31,NA,1651.74094332312,NA,NA,NA,NA,NA,NA
100,2024-04-01,NA,1691.02079368304,NA,NA,NA,NA,NA,NA
100,2024-04-02,NA,1946.33982102254,NA,NA,NA,NA,NA,NA
100,2024-04-03,NA,3713.93308721904,NA,NA,NA,NA,NA,NA
100,2024-04-04,NA,3438.97413469959,NA,NA,NA,NA,NA,NA
100,2024-04-05,NA,2908.69615484063,NA,NA,NA,NA,NA,NA
100,2024-04-06,NA,2555.17750160133,NA,NA,NA,NA,NA,NA
101,2024-04-06,NA,NA,NA,NA,NA,NA,NA,1
100,2024-04-07,NA,2299.85847426184,NA,NA,NA,NA,NA,NA
100,2024-04-08,NA,2142.73907282215,NA,NA,NA,NA,NA,NA
100,2024-04-09,NA,2024.89952174238,NA,NA,NA,NA,NA,NA
100,2024-04-10,NA,1946.33982102254,NA,NA,NA,NA,NA,NA
100,2024-04-11,NA,2810.49652894083,NA,NA,NA,NA,NA,NA
100,2024-04-12,NA,5402.96665269571,NA,NA,NA,NA,NA,NA
100,2024-04-13,NA,3537.17376059939,NA,NA,NA,NA,NA,NA
100,2024-04-14,NA,2987.25585556048,NA,NA,NA,NA,NA,NA
100,2024-04-15,NA,2594.45735196125,NA,NA,NA,NA,NA,NA
100,2024-04-16,NA,2299.85847426184,NA,NA,NA,NA,NA,NA
100,2024-04-17,NA,2123.09914764219,NA,NA,NA,NA,NA,NA
100,2024-04-18,NA,1965.9797462025,NA,NA,NA,NA,NA,NA
100,2024-04-19,NA,1848.14019512273,NA,NA,NA,NA,NA,NA
100,2024-04-20,NA,1730.30064404296,NA,NA,NA,NA,NA,NA
100,2024-04-21,NA,1632.10101814316,NA,NA,NA,NA,NA,NA
100,2024-04-22,NA,1549.61333238732,NA,NA,NA,NA,NA,NA
100,2024-04-23,933.715767147417,1490.69355684744,NA,NA,NA,NA,1220.832,NA
100,2024-04-24,967.434782684524,1435.70176634354,NA,NA,NA,NA,NA,NA
100,2024-04-25,836.729455130721,1400.34990101961,NA,NA,NA,NA,NA,NA
100,2024-04-26,739.084025644934,1319.82620778177,NA,NA,NA,NA,NA,NA
100,2024-04-27,729.138242197084,1258.94243972389,NA,NA,NA,NA,NA,NA
100,2024-04-28,736.200914104715,1217.69859684598,NA,NA,NA,NA,NA,NA
100,2024-04-29,726.714823188589,1150.92285123411,NA,NA,NA,NA,NA,NA
100,2024-04-30,680.839522413913,1090.03908317623,NA,NA,NA,NA,NA,NA
100,2024-05-01,716.499488973264,1040.93927022632,NA,NA,NA,NA,NA,NA
100,2024-05-02,661.26298735333,982.019494686441,NA,NA,NA,NA,NA,NA
100,2024-05-03,624.062679219434,925.063711664553,NA,NA,NA,NA,NA,NA
100,2024-05-04,550.642473051683,934.883674254534,NA,NA,NA,NA,NA,NA
100,2024-05-05,646.897813452861,1044.86725526232,NA,NA,NA,NA,NA,NA
100,2024-05-06,2815.82306617293,2083.81929728226,NA,NA,NA,NA,NA,NA
100,2024-05-07,2800.04442789243,1512.29747454539,NA,NA,NA,NA,NA,NA
100,2024-05-08,1549.03420152327,1101.8230382842,NA,NA,NA,NA,NA,NA
101,2024-05-08,NA,NA,NA,NA,NA,NA,NA,3
100,2024-05-09,1161.73498501724,950.595614398503,NA,NA,NA,NA,NA,NA
100,2024-05-10,970.603462234457,852.395988498697,NA,NA,NA,NA,NA,NA
100,2024-05-11,686.252478449333,799.368190512802,NA,NA,NA,NA,NA,NA
100,2024-05-12,610.987453802019,756.160355116887,NA,NA,NA,NA,NA,NA
100,2024-05-13,493.66499303347,705.096549648988,NA,NA,NA,NA,NA,NA
100,2024-05-14,599.353234067704,718.844497274961,NA,NA,NA,NA,NA,NA
100,2024-05-15,852.564671197948,1017.37136001037,NA,NA,NA,NA,NA,NA
100,2024-05-16,703.353361552339,1867.78012030269,NA,NA,NA,NA,NA,NA
100,2024-05-17,570.151188041161,1156.8148287881,NA,NA,NA,NA,NA,NA
100,2024-05-18,2664.41212917729,2673.0170526811,NA,NA,NA,NA,NA,NA
100,2024-05-19,2150.8074184758,1651.74094332312,NA,NA,NA,NA,NA,NA
100,2024-05-20,1540.97012517666,1276.61837238586,NA,NA,NA,NA,NA,NA
100,2024-05-21,1145.19127133905,1068.43516547827,NA,NA,NA,NA,NA,NA
100,2024-05-22,995.1956990208,1019.33535252837,2.4,0.129,0.042,0.004,858.816,NA
100,2024-05-23,898.884622046039,989.875464758426,NA,NA,NA,NA,NA,NA
100,2024-05-24,788.531637443931,864.179943606674,NA,NA,NA,NA,NA,NA
100,2024-05-25,671.08885085876,799.368190512802,NA,NA,NA,NA,NA,NA
100,2024-05-26,983.905946415012,995.767442312414,NA,NA,NA,NA,NA,NA
100,2024-05-27,1522.61781248537,1168.59878389607,NA,NA,NA,NA,NA,NA
100,2024-05-28,963.634713165969,858.287966052686,NA,NA,NA,NA,NA,NA
100,2024-05-29,728.685699829496,724.736474828949,NA,NA,NA,NA,NA,NA
100,2024-05-30,583.889305186585,616.716886339163,NA,NA,NA,NA,NA,NA
100,2024-05-31,451.204845415172,512.625282885368,NA,NA,NA,NA,NA,NA
100,2024-06-01,415.029354181051,477.273417561438,NA,NA,NA,NA,NA,NA
100,2024-06-02,411.217362602362,477.273417561438,NA,NA,NA,NA,NA,NA
100,2024-06-03,466.691140753142,463.525469935465,NA,NA,NA,NA,NA,NA
100,2024-06-04,763.963595218279,432.101589647528,NA,NA,NA,NA,NA,NA
100,2024-06-05,1111.46812664778,1146.99486619812,NA,NA,NA,NA,NA,NA
100,2024-06-06,1225.93203771676,1651.74094332312,NA,NA,NA,NA,NA,NA
100,2024-06-07,777.618581429369,1070.39915799627,NA,NA,NA,NA,NA,NA
100,2024-06-08,523.372458088634,775.800280296849,NA,NA,NA,NA,NA,NA
100,2024-06-09,480.631486598477,632.428826483132,NA,NA,NA,NA,NA,NA
101,2024-06-09,NA,NA,NA,NA,NA,NA,NA,1.9
100,2024-06-10,405.853167384479,536.193193101322,NA,NA,NA,NA,NA,NA
100,2024-06-11,348.221524605471,477.273417561438,NA,NA,NA,NA,NA,NA
100,2024-06-12,321.674373325452,459.597484899473,NA,NA,NA,NA,NA,NA
100,2024-06-13,326.681926981819,414.425656985562,NA,NA,NA,NA,NA,NA
100,2024-06-14,315.377869364391,388.893754251613,NA,NA,NA,NA,NA,NA
100,2024-06-15,299.351567606602,361.397858999667,NA,NA,NA,NA,NA,NA
100,2024-06-16,259.646231081457,306.406068495776,NA,NA,NA,NA,NA,NA
100,2024-06-17,248.258408832439,298.550098423791,NA,NA,NA,NA,NA,NA
100,2024-06-18,240.896763527396,282.838158279822,NA,NA,NA,NA,NA,NA
100,2024-06-19,221.383771267312,255.342263027877,2.3,0.115,0.223,0.008,335.232,NA
100,2024-06-20,208.650808178224,219.990397703947,NA,NA,NA,NA,NA,NA
100,2024-06-21,186.520794431204,182.67453986202,NA,NA,NA,NA,NA,NA
100,2024-06-22,179.669107085538,149.286667056086,NA,NA,NA,NA,NA,NA
100,2024-06-23,170.422344641416,123.754764322137,NA,NA,NA,NA,NA,NA
100,2024-06-24,171.237655139773,123.754764322137,NA,NA,NA,NA,NA,NA
100,2024-06-25,129.449952217409,123.754764322137,NA,NA,NA,NA,NA,NA
100,2024-06-26,144.560320330088,123.754764322137,NA,NA,NA,NA,NA,NA
100,2024-06-27,339.961580696818,176.782562308032,NA,NA,NA,NA,NA,NA
100,2024-06-28,259.050834096309,147.32267453809,NA,NA,NA,NA,NA,NA
100,2024-06-29,225.718310034273,123.754764322137,NA,NA,NA,NA,NA,NA
100,2024-06-30,210.723657267449,123.754764322137,NA,NA,NA,NA,NA,NA
100,2024-07-01,159.8956412403,115.898794250152,NA,NA,NA,NA,NA,NA
100,2024-07-02,97.8092684485631,90.3668915162027,NA,NA,NA,NA,NA,NA
100,2024-07-03,87.5831512384207,90.3668915162027,NA,NA,NA,NA,NA,NA
101,2024-07-03,NA,NA,NA,NA,NA,NA,NA,2.1
100,2024-07-04,295.099464078486,329.973978711729,NA,NA,NA,NA,NA,NA
100,2024-07-05,622.851881261109,457.633492381477,NA,NA,NA,NA,NA,NA
100,2024-07-06,591.472764388999,408.533679431574,NA,NA,NA,NA,NA,NA
100,2024-07-07,315.60963589257,263.198233099861,NA,NA,NA,NA,NA,NA
100,2024-07-08,247.561524015895,182.67453986202,NA,NA,NA,NA,NA,NA
100,2024-07-09,214.488229237811,137.502711948109,NA,NA,NA,NA,NA,NA
100,2024-07-10,194.634844478425,90.3668915162027,NA,NA,NA,NA,NA,NA
100,2024-07-11,153.670247858559,70.7269663362415,2.675,0.058,0.194,0.013,241.92,NA
100,2024-07-12,116.968738810444,49.1230486382842,NA,NA,NA,NA,NA,NA
100,2024-07-13,108.932503481162,43.2310710842958,NA,NA,NA,NA,NA,NA
100,2024-07-14,84.9484556221063,17.6991683503463,NA,NA,NA,NA,NA,NA
100,2024-07-15,51.9180595884837,-7.83273438360334,NA,NA,NA,NA,NA,NA
100,2024-07-16,28.9995283263804,-29.4366520815606,NA,NA,NA,NA,NA,NA
100,2024-07-17,59.6860452017301,339.79394130171,NA,NA,NA,NA,NA,NA
100,2024-07-18,178.984658378613,56.9790187102687,NA,NA,NA,NA,NA,NA
100,2024-07-19,128.61838083441,53.0510336742764,NA,NA,NA,NA,NA,NA
100,2024-07-20,175.663278044047,90.3668915162027,NA,NA,NA,NA,NA,NA
100,2024-07-21,166.814883113343,110.006816696164,NA,NA,NA,NA,NA,NA
100,2024-07-22,161.486175284147,457.633492381477,NA,NA,NA,NA,NA,NA
100,2024-07-23,165.756166620502,369.253829071652,NA,NA,NA,NA,NA,NA
100,2024-07-24,190.985448983036,302.478083459784,NA,NA,NA,NA,NA,NA
100,2024-07-25,226.153023035848,326.045993675737,NA,NA,NA,NA,NA,NA
100,2024-07-26,174.525147106014,237.666330365912,NA,NA,NA,NA,NA,NA
100,2024-07-27,136.86778582278,754.196362598891,NA,NA,NA,NA,NA,NA
100,2024-07-28,111.41170815841,379.073791661632,NA,NA,NA,NA,NA,NA
100,2024-07-29,100.62276740514,292.658120869803,NA,NA,NA,NA,NA,NA
100,2024-07-30,99.602718282419,239.630322883908,NA,NA,NA,NA,NA,NA
100,2024-07-31,88.3697616905682,170.890584754044,NA,NA,NA,NA,NA,NA
100,2024-08-01,63.6956360525394,113.934801732156,NA,NA,NA,NA,NA,NA
100,2024-08-02,41.4767542808065,80.5469289262221,NA,NA,NA,NA,NA,NA
100,2024-08-03,58.663957415628,72.6909588542376,NA,NA,NA,NA,NA,NA
100,2024-08-04,32.7128685879486,110.006816696164,NA,NA,NA,NA,NA,NA
100,2024-08-05,11.381868861642,49.1230486382842,NA,NA,NA,NA,NA,NA
100,2024-08-06,3.73668237525426,29.483123458323,NA,NA,NA,NA,NA,NA
100,2024-08-07,2.30833059871838,29.483123458323,NA,NA,NA,NA,NA,NA
100,2024-08-08,1154.15144673449,1398.38590850162,NA,NA,NA,NA,NA,NA
100,2024-08-09,2025.6824072069,4951.2483735566,NA,NA,NA,NA,NA,NA
100,2024-08-10,486.383902229645,2182.01892318207,NA,NA,NA,NA,NA,NA
100,2024-08-11,271.736338796152,1592.82116778323,NA,NA,NA,NA,NA,NA
100,2024-08-12,189.211866334866,1115.57098591018,NA,NA,NA,NA,NA,NA
101,2024-08-12,NA,NA,NA,NA,NA,NA,NA,2.1
100,2024-08-13,161.881243413627,754.196362598891,NA,NA,NA,NA,NA,NA
100,2024-08-14,142.645596002181,553.869125763287,2.8,0.112,0.114,0.003,147.744,NA
100,2024-08-15,127.340659220391,430.137597129531,NA,NA,NA,NA,NA,NA
100,2024-08-16,129.551985222109,367.289836553656,NA,NA,NA,NA,NA,NA
100,2024-08-17,154.198840856634,322.118008639745,NA,NA,NA,NA,NA,NA
100,2024-08-18,135.722265564428,284.802150797818,NA,NA,NA,NA,NA,NA
100,2024-08-19,112.908175977713,245.522300437896,NA,NA,NA,NA,NA,NA
100,2024-08-20,65.5668201189108,204.278457559978,NA,NA,NA,NA,NA,NA
100,2024-08-21,40.0281228790311,170.890584754044,NA,NA,NA,NA,NA,NA
100,2024-08-22,35.1360560877268,137.502711948109,NA,NA,NA,NA,NA,NA
100,2024-08-23,32.9755579892466,102.150846624179,NA,NA,NA,NA,NA,NA
100,2024-08-24,29.6394962416924,68.7629738182453,NA,NA,NA,NA,NA,NA
100,2024-08-25,22.1744461534242,51.0870411562802,NA,NA,NA,NA,NA,NA
100,2024-08-26,12.9191503111189,43.2310710842958,NA,NA,NA,NA,NA,NA
100,2024-08-27,7.93968174081832,41.2670785662997,NA,NA,NA,NA,NA,NA
100,2024-08-28,3.32987554573672,41.2670785662997,NA,NA,NA,NA,NA,NA
100,2024-08-29,2.30708690589236,39.3030860483036,NA,NA,NA,NA,NA,NA
100,2024-08-30,2.75784455908732,62.870996264257,NA,NA,NA,NA,NA,NA
100,2024-08-31,480.310766687096,259.270248063869,NA,NA,NA,NA,NA,NA
100,2024-09-01,728.860279396741,471.38144000745,NA,NA,NA,NA,NA,NA
100,2024-09-02,272.845213265575,324.082001157741,NA,NA,NA,NA,NA,NA
100,2024-09-03,141.740611158824,241.594315401904,NA,NA,NA,NA,NA,NA
100,2024-09-04,103.518516605875,186.602524898013,NA,NA,NA,NA,NA,NA
100,2024-09-05,85.093060204387,151.250659574082,NA,NA,NA,NA,NA,NA
100,2024-09-06,81.9747079833596,113.934801732156,NA,NA,NA,NA,NA,NA
100,2024-09-07,82.6720814759076,80.5469289262221,NA,NA,NA,NA,NA,NA
100,2024-09-08,45.6045119381543,62.870996264257,NA,NA,NA,NA,NA,NA
100,2024-09-09,36.0910764096846,47.1590561202881,NA,NA,NA,NA,NA,NA
100,2024-09-10,34.5234894480025,31.447115976319,NA,NA,NA,NA,NA,NA
100,2024-09-11,24.659113565945,29.483123458323,NA,NA,NA,NA,NA,NA
100,2024-09-12,15.0680731891836,29.483123458323,NA,NA,NA,NA,NA,NA
100,2024-09-13,11.8506916263283,29.483123458323,NA,NA,NA,NA,NA,NA
100,2024-09-14,13.2054460354246,29.483123458323,NA,NA,NA,NA,NA,NA
100,2024-09-15,3.04094905943843,29.483123458323,NA,NA,NA,NA,NA,NA
100,2024-09-16,0.576512977301288,29.483123458323,1.4,0.095,0.096,0.009,0,NA
100,2024-09-17,65.4499666250755,196.422487487993,NA,NA,NA,NA,NA,NA
100,2024-09-18,189.985981455903,817.044123174767,NA,NA,NA,NA,NA,NA
100,2024-09-19,218.677583623366,842.576025908716,NA,NA,NA,NA,NA,NA
100,2024-09-20,185.930901165184,677.600654397042,NA,NA,NA,NA,NA,NA
100,2024-09-21,147.014127874417,416.389649503559,NA,NA,NA,NA,NA,NA
100,2024-09-22,120.76214406264,328.009986193733,NA,NA,NA,NA,NA,NA
100,2024-09-23,159.314765454836,278.91017324383,NA,NA,NA,NA,NA,NA
100,2024-09-24,608.944340978035,1044.86725526232,NA,NA,NA,NA,NA,NA
100,2024-09-25,2756.79398822754,2299.85847426184,NA,NA,NA,NA,NA,NA
100,2024-09-26,3697.21592397083,4676.28942103714,NA,NA,NA,NA,NA,NA
100,2024-09-27,18685.4900541163,19091.9945031287,NA,NA,NA,NA,NA,NA
100,2024-09-28,4409.92400174829,7897.23715055078,NA,NA,NA,NA,NA,NA
100,2024-09-29,1748.83230583469,4283.49091743792,NA,NA,NA,NA,NA,NA
100,2024-09-30,1398.46701085509,3772.85286275893,3.767,0.118,0.021,0.004,1551.744,NA
100,2024-10-01,3652.8868874677,3105.09540664025,NA,NA,NA,NA,NA,NA
100,2024-10-02,4721.94455797709,2614.09727714122,NA,NA,NA,NA,NA,NA
100,2024-10-03,2367.18003804364,2260.57862390191,NA,NA,NA,NA,NA,NA
100,2024-10-04,1588.68341403997,2064.1793721023,NA,NA,NA,NA,NA,NA
100,2024-10-05,1209.03276645204,1848.14019512273,NA,NA,NA,NA,NA,NA
100,2024-10-06,957.1917368539,1651.74094332312,NA,NA,NA,NA,NA,NA
100,2024-10-07,869.78743004997,1484.80157929345,NA,NA,NA,NA,NA,NA
100,2024-10-08,693.390166758591,1278.58236490386,NA,NA,NA,NA,NA,NA
100,2024-10-09,554.30441023565,1115.57098591018,NA,NA,NA,NA,NA,NA
100,2024-10-10,452.325455430052,997.73143483041,NA,NA,NA,NA,NA,NA
100,2024-10-11,389.950016988914,834.720055836732,NA,NA,NA,NA,NA,NA
100,2024-10-12,350.390518099141,762.052332670876,NA,NA,NA,NA,NA,NA
100,2024-10-13,329.679351229274,710.988527202977,NA,NA,NA,NA,NA,NA
100,2024-10-14,342.06878178264,689.384609505019,NA,NA,NA,NA,NA,NA
100,2024-10-15,266.723946458359,644.212781591108,NA,NA,NA,NA,NA,NA
100,2024-10-16,262.84390148202,628.50084144714,NA,NA,NA,NA,NA,NA
100,2024-10-17,236.843959881108,616.716886339163,NA,NA,NA,NA,NA,NA
100,2024-10-18,214.764685573162,557.797110799279,NA,NA,NA,NA,NA,NA
100,2024-10-19,210.059814684174,549.941140727295,NA,NA,NA,NA,NA,NA
100,2024-10-20,223.272785737076,557.797110799279,NA,NA,NA,NA,NA,NA
100,2024-10-21,234.997179440827,563.689088353268,NA,NA,NA,NA,NA,NA
100,2024-10-22,238.662791484999,520.481252957353,NA,NA,NA,NA,NA,NA
100,2024-10-23,244.571257551467,485.129387633423,NA,NA,NA,NA,NA,NA
101,2024-10-23,NA,NA,NA,NA,NA,NA,NA,1.7
100,2024-10-24,292.290231784535,453.705507345485,NA,NA,NA,NA,NA,NA
100,2024-10-25,239.201899550806,457.633492381477,NA,NA,NA,NA,NA,NA
100,2024-10-26,278.838938620311,483.165395115427,NA,NA,NA,NA,NA,NA
100,2024-10-27,219.14929377206,475.309425043442,NA,NA,NA,NA,NA,NA
100,2024-10-28,214.445949952635,465.489462453462,1.35,0.065,0.008,0.002,43.2,NA
100,2024-10-29,273.37534020718,457.633492381477,NA,NA,NA,NA,NA,NA
100,2024-10-30,299.597334081635,465.489462453462,NA,NA,NA,NA,NA,NA
100,2024-10-31,332.672605413309,489.057372669415,NA,NA,NA,NA,NA,NA
101,2024-10-31,NA,NA,NA,NA,NA,NA,NA,1.2
100,2024-11-01,383.370095536753,479.237410079434,NA,NA,NA,NA,NA,NA
100,2024-11-02,316.426861040257,471.38144000745,NA,NA,NA,NA,NA,NA
100,2024-11-03,256.015197891169,461.561477417469,NA,NA,NA,NA,NA,NA
100,2024-11-04,247.786430469482,453.705507345485,NA,NA,NA,NA,NA,NA
100,2024-11-05,289.013253421345,443.885544755504,NA,NA,NA,NA,NA,NA
100,2024-11-06,361.059420966526,436.02957468352,NA,NA,NA,NA,NA,NA
100,2024-11-07,394.621170706664,426.209612093539,NA,NA,NA,NA,NA,NA
100,2024-11-08,391.037053512164,408.533679431574,NA,NA,NA,NA,NA,NA
101,2024-11-08,NA,NA,NA,NA,NA,NA,NA,0.9
100,2024-11-09,301.59414541315,361.397858999667,NA,NA,NA,NA,NA,NA
100,2024-11-10,281.196142138493,353.541888927683,NA,NA,NA,NA,NA,NA
100,2024-11-11,376.364989537672,375.14580662564,NA,NA,NA,NA,NA,NA
100,2024-11-12,345.937498367925,369.253829071652,NA,NA,NA,NA,NA,NA
100,2024-11-13,258.470022464356,318.190023603753,NA,NA,NA,NA,NA,NA
100,2024-11-14,998.246930991492,795.44020547681,NA,NA,NA,NA,NA,NA
100,2024-11-15,1585.30140645402,993.803449794417,NA,NA,NA,NA,NA,NA
100,2024-11-16,751.227156510365,634.392819001128,NA,NA,NA,NA,NA,NA
100,2024-11-17,455.118417810794,502.805320295388,NA,NA,NA,NA,NA,NA
100,2024-11-18,405.64132994134,434.065582165524,NA,NA,NA,NA,NA,NA
100,2024-11-19,428.010181266007,404.605694395582,NA,NA,NA,NA,NA,NA
100,2024-11-20,648.111371974637,418.353642021555,NA,NA,NA,NA,NA,NA
100,2024-11-21,519.070247157742,449.777522309493,NA,NA,NA,NA,NA,NA
100,2024-11-22,400.697622167237,422.281627057547,NA,NA,NA,NA,NA,NA
100,2024-11-23,384.070153914185,404.605694395582,NA,NA,NA,NA,NA,NA
100,2024-11-24,335.072013006295,404.605694395582,NA,NA,NA,NA,NA,NA
101,2024-11-24,NA,NA,NA,NA,NA,NA,NA,0.8
100,2024-11-25,307.398494647776,404.605694395582,NA,NA,NA,NA,NA,NA
100,2024-11-26,374.523538943715,404.605694395582,NA,NA,NA,NA,NA,NA
100,2024-11-27,294.544862146909,404.605694395582,NA,NA,NA,NA,NA,NA
100,2024-11-28,424.175704667593,428.173604611535,NA,NA,NA,NA,NA,NA
100,2024-11-29,370.494121190759,404.605694395582,NA,NA,NA,NA,NA,NA
100,2024-11-30,272.689367828236,404.605694395582,NA,NA,NA,NA,NA,NA
100,2024-12-01,255.790892334272,404.605694395582,NA,NA,NA,NA,NA,NA
100,2024-12-02,224.655225631917,384.965769215621,NA,NA,NA,NA,NA,NA
101,2024-12-02,NA,NA,NA,NA,NA,NA,NA,0.7
100,2024-12-03,209.698143097136,359.433866481671,NA,NA,NA,NA,NA,NA
100,2024-12-04,188.580544428324,359.433866481671,NA,NA,NA,NA,NA,NA
100,2024-12-05,248.575898307954,422.281627057547,NA,NA,NA,NA,NA,NA
100,2024-12-06,232.085899016771,449.777522309493,NA,NA,NA,NA,NA,NA
100,2024-12-07,250.453568342468,449.777522309493,NA,NA,NA,NA,NA,NA
100,2024-12-08,222.214328902417,459.597484899473,NA,NA,NA,NA,NA,NA
100,2024-12-09,388.641350716426,714.916512238969,NA,NA,NA,NA,NA,NA
100,2024-12-10,483.154381892044,754.196362598891,NA,NA,NA,NA,NA,NA
101,2024-12-10,NA,NA,NA,NA,NA,NA,NA,0.7
100,2024-12-11,6446.13713612213,3753.21293757897,NA,NA,NA,NA,NA,NA
100,2024-12-12,3631.94246387868,2810.49652894083,NA,NA,NA,NA,NA,NA
100,2024-12-13,1780.65681947701,1985.61967138246,NA,NA,NA,NA,NA,NA
100,2024-12-14,1258.11726324357,1612.4610929632,NA,NA,NA,NA,NA,NA
100,2024-12-15,1209.86633743288,1573.18124260327,NA,NA,NA,NA,NA,NA
100,2024-12-16,3812.1335011059,2594.45735196125,NA,NA,NA,NA,NA,NA
100,2024-12-17,3626.09045706952,2260.57862390191,3.667,0.149,0.004,0.006,2395.872,NA
100,2024-12-18,2637.86053586261,1965.9797462025,NA,NA,NA,NA,NA,NA
101,2024-12-18,NA,NA,NA,NA,NA,NA,NA,0.6
100,2024-12-19,2129.13312998592,1730.30064404296,NA,NA,NA,NA,NA,NA
100,2024-12-20,1804.87848445157,1592.82116778323,NA,NA,NA,NA,NA,NA
100,2024-12-21,1553.60035289556,1441.59374389753,NA,NA,NA,NA,NA,NA
100,2024-12-22,1168.88464117317,1298.22229008382,NA,NA,NA,NA,NA,NA
100,2024-12-23,961.935644857576,1229.48255195395,NA,NA,NA,NA,NA,NA
100,2024-12-24,930.078727446515,1178.41874648605,NA,NA,NA,NA,NA,NA
100,2024-12-25,993.313269522884,1152.8868437521,NA,NA,NA,NA,NA,NA
100,2024-12-26,903.663925477748,1152.8868437521,NA,NA,NA,NA,NA,NA
100,2024-12-27,830.087581008878,1092.00307569422,NA,NA,NA,NA,NA,NA
100,2024-12-28,1179.16760661212,1268.76240231387,NA,NA,NA,NA,NA,NA
100,2024-12-29,2397.50570888412,1691.02079368304,NA,NA,NA,NA,NA,NA
100,2024-12-30,5900.71895430389,2103.45922246223,NA,NA,NA,NA,NA,NA
100,2024-12-31,4316.49641441241,1926.69989584257,NA,NA,NA,NA,NA,NA
100,2025-01-01,3608.16038679444,1710.660718863,NA,NA,NA,NA,NA,NA
101,2025-01-01,NA,NA,NA,NA,NA,NA,NA,0.5
100,2025-01-02,2467.08336038997,1551.57732490532,NA,NA,NA,NA,NA,NA
100,2025-01-03,2101.2353315747,1453.37769900551,NA,NA,NA,NA,NA,NA
100,2025-01-04,1737.1374010866,1363.03404317769,NA,NA,NA,NA,NA,NA
100,2025-01-05,1431.4304975584,1290.36632001183,NA,NA,NA,NA,NA,NA
100,2025-01-06,2114.53286201228,1789.22041958285,NA,NA,NA,NA,NA,NA
100,2025-01-07,2308.72320688738,1691.02079368304,NA,NA,NA,NA,NA,NA
100,2025-01-08,1595.71182357349,1494.62154188343,NA,NA,NA,NA,NA,NA
100,2025-01-09,1556.41462757154,1370.89001324967,NA,NA,NA,NA,NA,NA
100,2025-01-10,1619.56557480269,1217.69859684598,NA,NA,NA,NA,NA,NA
100,2025-01-11,1591.98699273984,1215.73460432798,NA,NA,NA,NA,NA,NA
100,2025-01-12,1305.67337815114,1133.24691857214,NA,NA,NA,NA,NA,NA
100,2025-01-13,1257.59239729819,1092.00307569422,NA,NA,NA,NA,NA,NA
100,2025-01-14,1681.36587281934,1092.00307569422,NA,NA,NA,NA,NA,NA
100,2025-01-15,1864.77901653987,1048.79524029831,NA,NA,NA,NA,NA,NA
100,2025-01-16,1884.48147503596,1031.11930763634,NA,NA,NA,NA,NA,NA
100,2025-01-17,1691.72366692824,1048.79524029831,NA,NA,NA,NA,NA,NA
101,2025-01-17,NA,NA,NA,NA,NA,NA,NA,0.6
100,2025-01-18,1955.88857117947,1207.87863425599,NA,NA,NA,NA,NA,NA
100,2025-01-19,3439.7705947855,1789.22041958285,NA,NA,NA,NA,NA,NA
100,2025-01-20,4039.85702539205,1985.61967138246,NA,NA,NA,NA,NA,NA
100,2025-01-21,5232.39359456513,1632.10101814316,NA,NA,NA,NA,NA,NA
100,2025-01-22,4777.29686928949,1433.73777382555,NA,NA,NA,NA,NA,NA
100,2025-01-23,3130.13227689994,1280.54635742185,NA,NA,NA,NA,NA,NA
100,2025-01-24,1885.14989891654,1280.54635742185,NA,NA,NA,NA,NA,NA
100,2025-01-25,1693.24016621835,1233.41053698994,NA,NA,NA,NA,NA,NA
101,2025-01-25,NA,NA,NA,NA,NA,NA,NA,0.6
100,2025-01-26,1499.42311004057,1215.73460432798,NA,NA,NA,NA,NA,NA
100,2025-01-27,1408.64677045912,1227.51855943596,NA,NA,NA,NA,NA,NA
100,2025-01-28,1414.94697759947,1221.62658188197,NA,NA,NA,NA,NA,NA
100,2025-01-29,1904.21502536999,1215.73460432798,NA,NA,NA,NA,NA,NA
100,2025-01-30,2160.42438256895,1215.73460432798,NA,NA,NA,NA,NA,NA
100,2025-01-31,10918.1865411483,4970.88829873656,NA,NA,NA,NA,NA,NA
100,2025-02-01,9146.24290620198,6247.48343543404,NA,NA,NA,NA,NA,NA
100,2025-02-02,3440.33342403784,4067.45174045834,NA,NA,NA,NA,NA,NA
100,2025-02-03,2375.2842330799,3301.49465843986,NA,NA,NA,NA,NA,NA
100,2025-02-04,2069.73675725563,2810.49652894083,NA,NA,NA,NA,NA,NA
100,2025-02-05,1510.9830477468,2456.97787570153,NA,NA,NA,NA,NA,NA
100,2025-02-06,1442.66151403754,2771.21667858091,NA,NA,NA,NA,NA,NA
100,2025-02-07,1889.17510665959,2889.05622966067,NA,NA,NA,NA,NA,NA
100,2025-02-08,2048.52335189962,3340.77450879978,NA,NA,NA,NA,NA,NA
100,2025-02-09,2526.07951798598,3321.13458361982,NA,NA,NA,NA,NA,NA
100,2025-02-10,NA,2889.05622966067,NA,NA,NA,NA,NA,NA
100,2025-02-11,NA,2947.97600520056,NA,NA,NA,NA,NA,NA
100,2025-02-12,NA,4067.45174045834,NA,NA,NA,NA,NA,NA
100,2025-02-13,NA,13573.1755275596,NA,NA,NA,NA,NA,NA
100,2025-02-14,NA,9173.83228724826,NA,NA,NA,NA,NA,NA
100,2025-02-15,NA,67366.9305954733,NA,NA,NA,NA,NA,NA
100,2025-02-16,NA,43995.4196313195,NA,NA,NA,NA,NA,NA
100,2025-02-17,NA,16872.682957793,NA,NA,NA,NA,NA,NA
100,2025-02-18,NA,10607.5468253854,NA,NA,NA,NA,NA,NA
101,2025-02-18,NA,NA,NA,NA,NA,NA,NA,0.6
100,2025-02-19,NA,8407.87520522977,NA,NA,NA,NA,NA,NA
100,2025-02-20,NA,7052.72036781245,NA,NA,NA,NA,NA,NA
100,2025-02-21,NA,6149.28380953423,NA,NA,NA,NA,NA,NA
100,2025-02-22,NA,5619.00582967528,NA,NA,NA,NA,NA,NA
100,2025-02-23,NA,5206.56740089609,NA,NA,NA,NA,NA,NA
100,2025-02-24,NA,4794.12897211691,NA,NA,NA,NA,NA,NA
100,2025-02-25,NA,4401.33046851769,NA,NA,NA,NA,NA,NA
100,2025-02-26,NA,3949.61218937858,2.525,0.136,0.016,0.007,1829.088,NA
101,2025-02-26,NA,NA,NA,NA,NA,NA,NA,0.6
100,2025-02-27,NA,3713.93308721904,NA,NA,NA,NA,NA,NA
100,2025-02-28,NA,3458.61405987955,NA,NA,NA,NA,NA,NA
100,2025-03-01,NA,3262.21480807994,NA,NA,NA,NA,NA,NA
100,2025-03-02,NA,3006.89578074044,NA,NA,NA,NA,NA,NA
100,2025-03-03,NA,2849.77637930075,NA,NA,NA,NA,NA,NA
100,2025-03-04,NA,2731.93682822098,NA,NA,NA,NA,NA,NA
100,2025-03-05,NA,7406.23902105175,NA,NA,NA,NA,NA,NA
100,2025-03-06,NA,6208.20358507412,NA,NA,NA,NA,NA,NA
100,2025-03-07,NA,4951.2483735566,NA,NA,NA,NA,NA,NA
100,2025-03-08,NA,4342.4106929778,NA,NA,NA,NA,NA,NA
100,2025-03-09,NA,4008.53196491846,NA,NA,NA,NA,NA,NA
100,2025-03-10,NA,3753.21293757897,NA,NA,NA,NA,NA,NA
100,2025-03-11,NA,3576.45361095932,NA,NA,NA,NA,NA,NA
100,2025-03-12,NA,3399.69428433966,NA,NA,NA,NA,NA,NA
100,2025-03-13,NA,3124.73533182021,NA,NA,NA,NA,NA,NA
100,2025-03-14,NA,2928.3360800206,NA,NA,NA,NA,NA,NA
100,2025-03-15,NA,2849.77637930075,NA,NA,NA,NA,NA,NA
100,2025-03-16,NA,2810.49652894083,NA,NA,NA,NA,NA,NA
100,2025-03-17,NA,2594.45735196125,NA,NA,NA,NA,NA,NA
100,2025-03-18,NA,2496.25772606145,NA,NA,NA,NA,NA,NA
100,2025-03-19,NA,2437.33795052157,NA,NA,NA,NA,NA,NA
100,2025-03-20,NA,2299.85847426184,NA,NA,NA,NA,NA,NA
100,2025-03-21,NA,2221.29877354199,NA,NA,NA,NA,NA,NA
100,2025-03-22,NA,2142.73907282215,NA,NA,NA,NA,NA,NA
100,2025-03-23,NA,2083.81929728226,NA,NA,NA,NA,NA,NA
100,2025-03-24,NA,2083.81929728226,NA,NA,NA,NA,NA,NA
100,2025-03-25,NA,2005.25959656242,NA,NA,NA,NA,NA,NA
100,2025-03-26,NA,1926.69989584257,NA,NA,NA,NA,NA,NA
100,2025-03-27,NA,1848.14019512273,NA,NA,NA,NA,NA,NA
100,2025-03-28,NA,1808.86034476281,NA,NA,NA,NA,NA,NA
100,2025-03-29,NA,1730.30064404296,NA,NA,NA,NA,NA,NA
100,2025-03-30,NA,1691.02079368304,NA,NA,NA,NA,NA,NA
100,2025-03-31,NA,1691.02079368304,NA,NA,NA,NA,NA,NA
100,2025-04-01,NA,1651.74094332312,NA,NA,NA,NA,NA,NA
100,2025-04-02,NA,1553.54131742331,NA,NA,NA,NA,NA,NA
100,2025-04-03,NA,1553.54131742331,NA,NA,NA,NA,NA,NA
100,2025-04-04,NA,1553.54131742331,NA,NA,NA,NA,NA,NA
100,2025-04-05,NA,1537.82937727934,NA,NA,NA,NA,NA,NA
100,2025-04-06,NA,1482.83758677545,NA,NA,NA,NA,NA,NA
100,2025-04-07,NA,1946.33982102254,NA,NA,NA,NA,NA,NA
100,2025-04-08,NA,1671.38086850308,NA,NA,NA,NA,NA,NA
100,2025-04-09,NA,1539.79336979734,NA,NA,NA,NA,NA,NA
100,2025-04-10,NA,1482.83758677545,NA,NA,NA,NA,NA,NA
100,2025-04-11,NA,1671.38086850308,NA,NA,NA,NA,NA,NA
100,2025-04-12,NA,1887.42004548265,NA,NA,NA,NA,NA,NA
100,2025-04-13,NA,1612.4610929632,NA,NA,NA,NA,NA,NA
100,2025-04-14,NA,1514.26146706339,NA,NA,NA,NA,NA,NA
100,2025-04-15,NA,1482.83758677545,NA,NA,NA,NA,NA,NA
101,2025-04-15,NA,NA,NA,NA,NA,NA,NA,1
100,2025-04-16,2993.42246281967,1457.3056840415,2.375,0.128,0.002,0.005,2663.28,NA
100,2025-04-17,2562.32176728051,1386.60195339364,NA,NA,NA,NA,NA,NA
100,2025-04-18,2407.05534724984,1325.71818533576,NA,NA,NA,NA,NA,NA
100,2025-04-19,2309.79425401733,1264.83441727788,NA,NA,NA,NA,NA,NA
100,2025-04-20,2187.99929700497,1215.73460432798,NA,NA,NA,NA,NA,NA
100,2025-04-21,2109.32449891132,1184.31072404004,NA,NA,NA,NA,NA,NA
100,2025-04-22,1985.94262219705,1152.8868437521,NA,NA,NA,NA,NA,NA
100,2025-04-23,1709.85161470939,1127.35494101815,NA,NA,NA,NA,NA,NA
101,2025-04-23,NA,NA,NA,NA,NA,NA,NA,1.6
100,2025-04-24,1587.72549856948,1068.43516547827,NA,NA,NA,NA,NA,NA
100,2025-04-25,1546.49966175348,1031.11930763634,NA,NA,NA,NA,NA,NA
100,2025-04-26,1693.18495869583,1031.11930763634,NA,NA,NA,NA,NA,NA
100,2025-04-27,1277.27358616084,1009.51538993839,NA,NA,NA,NA,NA,NA
100,2025-04-28,1104.94735143144,970.235539578464,NA,NA,NA,NA,NA,NA
100,2025-04-29,1202.32347996476,964.343562024476,NA,NA,NA,NA,NA,NA
100,2025-04-30,1287.8499118311,913.279756556577,NA,NA,NA,NA,NA,NA
100,2025-05-01,1229.00494015619,899.531808930604,NA,NA,NA,NA,NA,NA
100,2025-05-02,1283.28196104768,856.323973534689,NA,NA,NA,NA,NA,NA
100,2025-05-03,1231.47975723647,1088.07509065823,NA,NA,NA,NA,NA,NA
100,2025-05-04,3148.8505173485,2437.33795052157,NA,NA,NA,NA,NA,NA
100,2025-05-05,1853.25456114465,1368.92602073168,NA,NA,NA,NA,NA,NA
100,2025-05-06,1302.49988662656,1152.8868437521,NA,NA,NA,NA,NA,NA
100,2025-05-07,1170.68278427523,1023.26333756436,NA,NA,NA,NA,NA,NA
100,2025-05-08,1287.46317170177,1015.40736749238,NA,NA,NA,NA,NA,NA
100,2025-05-09,1772.20543727919,1249.12247713391,NA,NA,NA,NA,NA,NA
101,2025-05-09,NA,NA,NA,NA,NA,NA,NA,2.4
100,2025-05-10,1193.89654574588,983.983487204437,NA,NA,NA,NA,NA,NA
100,2025-05-11,998.114562579516,907.387779002589,NA,NA,NA,NA,NA,NA
100,2025-05-12,2351.59932364197,1349.28609555172,NA,NA,NA,NA,NA,NA
100,2025-05-13,77647.0057186739,22980.699688761,NA,NA,NA,NA,NA,NA
100,2025-05-14,31085.4972873315,15301.4889433961,NA,NA,NA,NA,NA,NA
100,2025-05-15,13227.7976484403,8839.95355918892,NA,NA,NA,NA,NA,NA
100,2025-05-16,7199.81126473607,6188.56365989416,NA,NA,NA,NA,NA,NA
100,2025-05-17,4938.77967254686,5088.72784981633,NA,NA,NA,NA,NA,NA
100,2025-05-18,3257.28055874238,4008.53196491846,NA,NA,NA,NA,NA,NA
100,2025-05-19,2287.22129879832,3596.09353613928,NA,NA,NA,NA,NA,NA
100,2025-05-20,1688.01743463379,2987.25585556048,NA,NA,NA,NA,NA,NA
100,2025-05-21,1733.46582594556,3006.89578074044,NA,NA,NA,NA,NA,NA
100,2025-05-22,1495.69885085886,2555.17750160133,NA,NA,NA,NA,NA,NA
100,2025-05-23,1199.86967399982,2280.21854908188,NA,NA,NA,NA,NA,NA
100,2025-05-24,978.761370014926,2083.81929728226,NA,NA,NA,NA,NA,NA
100,2025-05-25,869.512930565419,1926.69989584257,NA,NA,NA,NA,NA,NA
100,2025-05-26,952.943983165168,1946.33982102254,NA,NA,NA,NA,NA,NA
100,2025-05-27,1360.97992666969,2398.05810016164,NA,NA,NA,NA,NA,NA
100,2025-05-28,4256.90260360312,4146.01144117819,NA,NA,NA,NA,6219.936,NA
100,2025-05-29,8587.96981938858,3262.21480807994,NA,NA,NA,NA,NA,NA
100,2025-05-30,9873.69235413942,3969.25211455854,NA,NA,NA,NA,NA,NA
100,2025-05-31,7437.05052280061,3988.8920397385,NA,NA,NA,NA,NA,NA
100,2025-06-01,3387.24038559513,3164.01518218013,NA,NA,NA,NA,NA,NA
100,2025-06-02,1845.92787022446,2751.57675340095,NA,NA,NA,NA,NA,NA
100,2025-06-03,1306.80204180993,2456.97787570153,NA,NA,NA,NA,NA,NA
100,2025-06-04,1143.71469060801,2260.57862390191,NA,NA,NA,NA,NA,NA
100,2025-06-05,1018.17546176751,2083.81929728226,NA,NA,NA,NA,NA,NA
100,2025-06-06,902.982322349415,1926.69989584257,NA,NA,NA,NA,NA,NA
100,2025-06-07,827.386466895945,1808.86034476281,NA,NA,NA,NA,NA,NA
100,2025-06-08,773.080379521127,1710.660718863,NA,NA,NA,NA,NA,NA
100,2025-06-09,660.994349305693,1573.18124260327,NA,NA,NA,NA,NA,NA
100,2025-06-10,563.288872595062,1457.3056840415,NA,NA,NA,NA,NA,NA
100,2025-06-11,468.264582455468,1386.60195339364,NA,NA,NA,NA,577.152,NA
300,2025-06-11,NA,NA,NA,NA,NA,NA,958.176,NA
100,2025-06-12,497.462188763246,1304.1142676378,NA,NA,NA,NA,NA,NA
100,2025-06-13,478.327011918855,1203.95064922,NA,NA,NA,NA,NA,NA
100,2025-06-14,535.835186485199,1363.03404317769,NA,NA,NA,NA,NA,NA
100,2025-06-15,769.193280512643,1632.10101814316,NA,NA,NA,NA,NA,NA
100,2025-06-16,1806.56925032312,1769.58049440288,NA,NA,NA,NA,NA,NA
100,2025-06-17,1102.66675875385,1789.22041958285,NA,NA,NA,NA,NA,NA
100,2025-06-18,783.770351262232,1447.48572145152,NA,NA,NA,NA,NA,NA
100,2025-06-19,646.973326437478,1278.58236490386,NA,NA,NA,NA,NA,NA
100,2025-06-20,539.221515285867,1176.45475396806,NA,NA,NA,NA,NA,NA
100,2025-06-21,469.508283007024,1072.36315051426,NA,NA,NA,NA,NA,NA
100,2025-06-22,442.759622920364,1005.58740490239,NA,NA,NA,NA,NA,NA
100,2025-06-23,407.525841133354,952.559606916499,NA,NA,NA,NA,NA,NA
100,2025-06-24,393.324955567233,899.531808930604,NA,NA,NA,NA,NA,NA
100,2025-06-25,359.648977658278,887.747853822627,NA,NA,NA,NA,211.68,NA
100,2025-06-26,356.914806238802,1125.39094850016,NA,NA,NA,NA,NA,NA
100,2025-06-27,359.307795154055,1789.22041958285,NA,NA,NA,NA,NA,NA
100,2025-06-28,939.902248924239,1828.50026994277,NA,NA,NA,NA,NA,NA
100,2025-06-29,4587.97426217755,1514.26146706339,NA,NA,NA,NA,NA,NA
100,2025-06-30,1328.17120786362,1117.53497842817,NA,NA,NA,NA,NA,NA
100,2025-07-01,2191.1166216655,1264.83441727788,NA,NA,NA,NA,NA,NA
100,2025-07-02,3726.65771799582,1539.79336979734,NA,NA,NA,NA,NA,NA
100,2025-07-03,1612.66339992167,1160.74281382409,NA,NA,NA,NA,NA,NA
100,2025-07-04,976.638679152267,985.947479722433,NA,NA,NA,NA,NA,NA
100,2025-07-05,730.657943102051,901.4958014486,NA,NA,NA,NA,NA,NA
100,2025-07-06,596.389286004322,856.323973534689,NA,NA,NA,NA,NA,NA
100,2025-07-07,602.140532813343,1274.65437986786,NA,NA,NA,NA,NA,NA
100,2025-07-08,806.020413025317,2869.41630448071,NA,NA,NA,NA,NA,NA
100,2025-07-09,1609.03435640389,2633.73720232118,NA,NA,NA,NA,1474.848,NA
100,2025-07-10,954.4287590068,2024.89952174238,NA,NA,NA,NA,NA,NA
100,2025-07-11,756.313093351148,1549.61333238732,NA,NA,NA,NA,NA,NA
100,2025-07-12,637.504076866056,1256.9784472059,NA,NA,NA,NA,NA,NA
100,2025-07-13,545.75886922543,1125.39094850016,NA,NA,NA,NA,NA,NA
100,2025-07-14,490.172015220384,1019.33535252837,NA,NA,NA,NA,NA,NA
100,2025-07-15,461.996433670105,1084.14710562224,NA,NA,NA,NA,NA,NA
100,2025-07-16,467.19187380618,1416.06184116358,NA,NA,NA,NA,NA,NA
100,2025-07-17,462.718250798595,3144.37525700017,NA,NA,NA,NA,NA,NA
100,2025-07-18,462.589059080361,2849.77637930075,NA,NA,NA,NA,NA,NA
100,2025-07-19,1756.32521989374,8545.3546814895,NA,NA,NA,NA,NA,NA
100,2025-07-20,2246.08883883131,6797.40134047295,NA,NA,NA,NA,NA,NA
100,2025-07-21,1170.50760345714,3949.61218937858,NA,NA,NA,NA,NA,NA
100,2025-07-22,814.111716437134,3085.45548146028,NA,NA,NA,NA,NA,NA
100,2025-07-23,592.676374204816,2614.09727714122,NA,NA,NA,NA,391.392,NA
100,2025-07-24,471.152412992578,2339.13832462176,NA,NA,NA,NA,NA,NA
100,2025-07-25,449.216676254375,1808.86034476281,NA,NA,NA,NA,NA,NA
100,2025-07-26,412.597856543482,2005.25959656242,NA,NA,NA,NA,NA,NA
100,2025-07-27,416.082823688886,1887.42004548265,NA,NA,NA,NA,NA,NA
100,2025-07-28,391.440021439266,1651.74094332312,NA,NA,NA,NA,NA,NA
100,2025-07-29,459.657694141234,1406.2418785736,NA,NA,NA,NA,NA,NA
100,2025-07-30,390.371976216123,3713.93308721904,NA,NA,NA,NA,NA,NA
100,2025-07-31,423.771050229393,6974.1606670926,NA,NA,NA,NA,NA,NA
100,2025-08-01,914.372536164476,22195.1026815625,NA,NA,NA,NA,NA,NA
100,2025-08-02,1153.74948778202,11216.3845059642,NA,NA,NA,NA,NA,NA
100,2025-08-03,578.79303885762,6404.60283687373,NA,NA,NA,NA,NA,NA
100,2025-08-04,430.166924652857,4931.60844837664,NA,NA,NA,NA,NA,NA
100,2025-08-05,409.551652271586,4342.4106929778,NA,NA,NA,NA,NA,NA
101,2025-08-05,NA,NA,NA,NA,NA,NA,NA,2.3
100,2025-08-06,619.204632090402,3969.25211455854,NA,NA,NA,NA,3.99168,NA
100,2025-08-07,683.623516364498,3635.3733864992,NA,NA,NA,NA,NA,NA
100,2025-08-08,543.041503889214,3281.8547332599,NA,NA,NA,NA,NA,NA
100,2025-08-09,439.82125944299,2790.85660376087,NA,NA,NA,NA,NA,NA
100,2025-08-10,375.167638533206,2456.97787570153,NA,NA,NA,NA,NA,NA
100,2025-08-11,338.20489456822,2280.21854908188,NA,NA,NA,NA,NA,NA
100,2025-08-12,359.546408291497,2103.45922246223,NA,NA,NA,NA,NA,NA
100,2025-08-13,356.114289450766,1985.61967138246,NA,NA,NA,NA,NA,NA
101,2025-08-13,NA,NA,NA,NA,NA,NA,NA,4.5
100,2025-08-14,347.14498800019,1887.42004548265,NA,NA,NA,NA,NA,NA
100,2025-08-15,328.899517602428,1789.22041958285,NA,NA,NA,NA,NA,NA
100,2025-08-16,284.916600281852,1632.10101814316,NA,NA,NA,NA,NA,NA
100,2025-08-17,269.163884446553,1529.97340720736,NA,NA,NA,NA,NA,NA
100,2025-08-18,239.35460710007,1439.62975137954,NA,NA,NA,NA,NA,NA
100,2025-08-19,209.175148067781,1404.27788605561,NA,NA,NA,NA,NA,NA
100,2025-08-20,229.863174903384,1384.63796087565,NA,NA,NA,NA,176.256,NA
300,2025-08-20,NA,NA,NA,NA,NA,NA,520.992,NA
100,2025-08-21,2517.19816466021,1769.58049440288,NA,NA,NA,NA,NA,NA
100,2025-08-22,3728.6333670147,2299.85847426184,NA,NA,NA,NA,NA,NA
100,2025-08-23,1609.74183621118,1808.86034476281,NA,NA,NA,NA,NA,NA
100,2025-08-24,1013.77490007599,1769.58049440288,NA,NA,NA,NA,NA,NA
100,2025-08-25,717.655205077232,1691.02079368304,NA,NA,NA,NA,NA,NA
100,2025-08-26,467.70530629936,1431.77378130755,NA,NA,NA,NA,NA,NA
100,2025-08-27,339.350477598122,1300.18628260181,NA,NA,NA,NA,NA,NA
100,2025-08-28,282.101706135907,1194.13068663002,NA,NA,NA,NA,NA,NA
100,2025-08-29,279.325519272036,1135.21091109014,NA,NA,NA,NA,NA,NA
100,2025-08-30,251.623752316453,1092.00307569422,NA,NA,NA,NA,NA,NA
100,2025-08-31,236.064760475362,1074.32714303226,NA,NA,NA,NA,NA,NA
100,2025-09-01,212.165079570359,1015.40736749238,NA,NA,NA,NA,NA,NA
100,2025-09-02,187.080307127284,956.487591952491,NA,NA,NA,NA,152.5824,NA
100,2025-09-03,175.930030091689,913.279756556577,NA,NA,NA,NA,NA,NA
100,2025-09-04,209.899131987395,927.027704182549,NA,NA,NA,NA,NA,NA
100,2025-09-05,254.341098044712,950.595614398503,NA,NA,NA,NA,NA,NA
100,2025-09-06,254.340173422875,895.603823894612,NA,NA,NA,NA,NA,NA
100,2025-09-07,211.329252900965,877.927891232647,NA,NA,NA,NA,NA,NA
100,2025-09-08,132.967876120221,844.540018426713,NA,NA,NA,NA,NA,NA
100,2025-09-09,107.821520593148,801.332183030798,NA,NA,NA,NA,NA,NA
100,2025-09-10,99.3792653386102,801.332183030798,NA,NA,NA,NA,NA,NA
100,2025-09-11,101.588567620458,801.332183030798,NA,NA,NA,NA,NA,NA
100,2025-09-12,103.564431380606,783.656250368833,NA,NA,NA,NA,NA,NA
100,2025-09-13,93.9805431711385,746.340392526906,NA,NA,NA,NA,NA,NA
100,2025-09-14,70.5018253652218,732.592444900934,NA,NA,NA,NA,NA,NA
100,2025-09-15,NA,693.312594541011,NA,NA,NA,NA,NA,NA
100,2025-09-16,NA,693.312594541011,NA,NA,NA,NA,NA,NA
100,2025-09-17,NA,693.312594541011,NA,NA,NA,NA,NA,NA
100,2025-09-18,NA,693.312594541011,NA,NA,NA,NA,NA,NA
100,2025-09-19,NA,693.312594541011,NA,NA,NA,NA,NA,NA
100,2025-09-20,NA,693.312594541011,NA,NA,NA,NA,NA,NA
100,2025-09-21,NA,693.312594541011,NA,NA,NA,NA,NA,NA
100,2025-09-22,NA,675.636661879046,NA,NA,NA,NA,NA,NA
101,2025-09-22,NA,NA,NA,NA,NA,NA,NA,1.2
100,2025-09-23,NA,642.248789073112,NA,NA,NA,NA,NA,NA
100,2025-09-24,NA,661.888714253073,NA,NA,NA,NA,NA,NA
100,2025-09-25,NA,1007.55139742039,NA,NA,NA,NA,NA,NA
100,2025-09-26,NA,899.531808930604,NA,NA,NA,NA,NA,NA
100,2025-09-27,NA,999.695427348406,NA,NA,NA,NA,NA,NA
100,2025-09-28,NA,942.739644326518,NA,NA,NA,NA,NA,NA
100,2025-09-29,NA,856.323973534689,NA,NA,NA,NA,NA,NA
100,2025-09-30,NA,856.323973534689,NA,NA,NA,NA,146.88,NA
100,2025-10-01,NA,850.431995980701,NA,NA,NA,NA,NA,NA
100,2025-10-02,NA,801.332183030798,NA,NA,NA,NA,NA,NA
100,2025-10-03,NA,775.800280296849,NA,NA,NA,NA,NA,NA
100,2025-10-04,NA,746.340392526906,NA,NA,NA,NA,NA,NA
100,2025-10-05,NA,722.772482310953,NA,NA,NA,NA,NA,NA
100,2025-10-06,NA,677.600654397042,NA,NA,NA,NA,NA,NA
100,2025-10-07,NA,679.564646915038,NA,NA,NA,NA,NA,NA
100,2025-10-08,NA,756.160355116887,NA,NA,NA,NA,NA,NA
101,2025-10-08,NA,NA,NA,NA,NA,NA,NA,1.3
100,2025-10-09,NA,718.844497274961,NA,NA,NA,NA,NA,NA
100,2025-10-10,NA,634.392819001128,NA,NA,NA,NA,NA,NA
100,2025-10-11,NA,622.608863893151,NA,NA,NA,NA,NA,NA
100,2025-10-12,NA,610.824908785174,NA,NA,NA,NA,NA,NA
100,2025-10-13,NA,601.004946195194,NA,NA,NA,NA,NA,NA
100,2025-10-14,220.778236882545,591.184983605213,NA,NA,NA,NA,37.152,NA
300,2025-10-14,NA,NA,NA,NA,NA,NA,132.624,NA
100,2025-10-15,173.977550224586,579.401028497236,NA,NA,NA,NA,NA,NA
100,2025-10-16,148.961371126889,551.905133245291,NA,NA,NA,NA,NA,NA
100,2025-10-17,94.9029040633706,510.661290367372,NA,NA,NA,NA,NA,NA
100,2025-10-18,113.546607657681,500.841327777392,NA,NA,NA,NA,NA,NA
100,2025-10-19,161.527315381675,546.013155691302,NA,NA,NA,NA,NA,NA
100,2025-10-20,118.867448073698,622.608863893151,NA,NA,NA,NA,NA,NA
100,2025-10-21,141.025800520242,632.428826483132,NA,NA,NA,NA,NA,NA
100,2025-10-22,202.619158721585,705.096549648988,NA,NA,NA,NA,NA,NA
100,2025-10-23,170.349990654638,667.780691807062,NA,NA,NA,NA,NA,NA
100,2025-10-24,140.563729569768,632.428826483132,NA,NA,NA,NA,NA,NA
101,2025-10-24,NA,NA,NA,NA,NA,NA,NA,0.7
100,2025-10-25,110.475785757252,622.608863893151,NA,NA,NA,NA,NA,NA
100,2025-10-26,127.77016429517,610.824908785174,NA,NA,NA,NA,NA,NA
100,2025-10-27,145.067251004319,601.004946195194,NA,NA,NA,NA,NA,NA
100,2025-10-28,164.785927187176,591.184983605213,NA,NA,NA,NA,54,NA
100,2025-10-29,281.776798014152,669.744684325058,NA,NA,NA,NA,NA,NA
100,2025-10-30,1420.46692982438,1867.78012030269,NA,NA,NA,NA,NA,NA
100,2025-10-31,648.846346770958,966.307554542472,NA,NA,NA,NA,NA,NA
100,2025-11-01,332.187002845799,695.276587059007,NA,NA,NA,NA,NA,NA
101,2025-11-01,NA,NA,NA,NA,NA,NA,NA,0.8
100,2025-11-02,249.869753784612,583.329013533229,NA,NA,NA,NA,NA,NA
100,2025-11-03,227.708853175143,508.697297849376,NA,NA,NA,NA,NA,NA
100,2025-11-04,204.298780623639,463.525469935465,NA,NA,NA,NA,NA,NA
100,2025-11-05,179.545946100376,414.425656985562,NA,NA,NA,NA,NA,NA
100,2025-11-06,197.620906097301,406.569686913578,NA,NA,NA,NA,NA,NA
100,2025-11-07,178.935724897179,396.749724323597,NA,NA,NA,NA,NA,NA
100,2025-11-08,341.44939655785,430.137597129531,NA,NA,NA,NA,NA,NA
100,2025-11-09,361.38337139589,402.641701877586,NA,NA,NA,NA,NA,NA
100,2025-11-10,279.1263582852,349.61390389169,NA,NA,NA,NA,NA,NA
100,2025-11-11,190.655673179882,316.226031085756,NA,NA,NA,NA,153.792,NA
300,2025-11-11,NA,NA,NA,NA,NA,NA,119.232,NA
100,2025-11-12,210.571076168216,306.406068495776,NA,NA,NA,NA,NA,NA
100,2025-11-13,232.996670265954,298.550098423791,NA,NA,NA,NA,NA,NA
100,2025-11-14,214.889247209414,288.730135833811,NA,NA,NA,NA,NA,NA
100,2025-11-15,275.802266719235,280.874165761826,NA,NA,NA,NA,NA,NA
100,2025-11-16,352.648392129374,273.018195689842,NA,NA,NA,NA,NA,NA
100,2025-11-17,222.169338363945,263.198233099861,NA,NA,NA,NA,NA,NA
100,2025-11-18,189.142531153786,255.342263027877,NA,NA,NA,NA,NA,NA
100,2025-11-19,254.181830696854,245.522300437896,NA,NA,NA,NA,NA,NA
100,2025-11-20,268.450126293763,251.414277991884,NA,NA,NA,NA,NA,NA
100,2025-11-21,290.443411341318,276.946180725834,NA,NA,NA,NA,NA,NA
100,2025-11-22,353.001231049843,276.946180725834,NA,NA,NA,NA,NA,NA
100,2025-11-23,293.76187390749,269.09021065385,NA,NA,NA,NA,NA,NA
100,2025-11-24,212.301117906915,235.702337847916,NA,NA,NA,NA,NA,NA
100,2025-11-25,206.512134227471,235.702337847916,NA,NA,NA,NA,NA,NA
100,2025-11-26,273.444008053428,235.702337847916,NA,NA,NA,NA,NA,NA
100,2025-11-27,193.932330465233,229.810360293927,NA,NA,NA,NA,NA,NA
100,2025-11-28,157.159164399605,198.386480005989,NA,NA,NA,NA,NA,NA
100,2025-11-29,114.373742408925,198.386480005989,NA,NA,NA,NA,NA,NA
100,2025-11-30,140.080775228694,198.386480005989,NA,NA,NA,NA,NA,NA
100,2025-12-01,142.462230115417,198.386480005989,NA,NA,NA,NA,NA,NA
100,2025-12-02,480.48390730259,331.937971229725,NA,NA,NA,NA,345.168,NA
300,2025-12-02,NA,NA,NA,NA,NA,NA,526.176,NA
100,2025-12-03,543.805163007334,359.433866481671,NA,NA,NA,NA,NA,NA
100,2025-12-04,352.199718310015,259.270248063869,NA,NA,NA,NA,NA,NA
100,2025-12-05,294.637407341861,300.514090941788,NA,NA,NA,NA,NA,NA
100,2025-12-06,311.227415599785,318.190023603753,NA,NA,NA,NA,NA,NA
100,2025-12-07,345.145752139641,292.658120869803,NA,NA,NA,NA,NA,NA
100,2025-12-08,431.767229457987,343.721926337702,NA,NA,NA,NA,NA,NA
100,2025-12-09,473.016992026658,377.109799143636,NA,NA,NA,NA,NA,NA
100,2025-12-10,509.585227608409,359.433866481671,NA,NA,NA,NA,NA,NA
100,2025-12-11,838.322847484962,404.605694395582,NA,NA,NA,NA,NA,NA
101,2025-12-11,NA,NA,NA,NA,NA,NA,NA,0.4
100,2025-12-12,618.771365887963,404.605694395582,NA,NA,NA,NA,NA,NA
100,2025-12-13,440.728118888178,363.361851517663,NA,NA,NA,NA,NA,NA
100,2025-12-14,462.252202682729,333.901963747721,NA,NA,NA,NA,NA,NA
100,2025-12-15,430.787191867678,269.09021065385,NA,NA,NA,NA,NA,NA
100,2025-12-16,461.923652773241,235.702337847916,NA,NA,NA,NA,NA,NA
100,2025-12-17,256.576823966255,235.702337847916,NA,NA,NA,NA,NA,NA
100,2025-12-18,311.880285133978,257.306255545873,NA,NA,NA,NA,NA,NA
100,2025-12-19,1104.61895910959,891.675838858619,NA,NA,NA,NA,NA,NA
101,2025-12-19,NA,NA,NA,NA,NA,NA,NA,0.3
100,2025-12-20,808.135771090188,622.608863893151,NA,NA,NA,NA,NA,NA
100,2025-12-21,575.011822088623,459.597484899473,NA,NA,NA,NA,NA,NA
100,2025-12-22,362.649101456739,371.217821589648,NA,NA,NA,NA,NA,NA
100,2025-12-23,405.632518748313,349.61390389169,NA,NA,NA,NA,NA,NA
100,2025-12-24,477.76585227869,302.478083459784,NA,NA,NA,NA,NA,NA
100,2025-12-25,477.46344763449,371.217821589648,NA,NA,NA,NA,NA,NA
100,2025-12-26,492.541879261845,396.749724323597,NA,NA,NA,NA,NA,NA
100,2025-12-27,433.950150995741,351.577896409687,NA,NA,NA,NA,NA,NA
101,2025-12-27,NA,NA,NA,NA,NA,NA,NA,0.4
100,2025-12-28,392.554335348091,314.26203856776,NA,NA,NA,NA,NA,NA
100,2025-12-29,397.579914630435,269.09021065385,NA,NA,NA,NA,NA,NA
100,2025-12-30,275.289129879163,235.702337847916,NA,NA,NA,NA,NA,NA
100,2025-12-31,214.12607536202,235.702337847916,NA,NA,NA,NA,NA,NA
100,2026-01-01,253.515347218139,235.702337847916,NA,NA,NA,NA,NA,NA
100,2026-01-02,224.760591684614,235.702337847916,NA,NA,NA,NA,NA,NA
100,2026-01-03,251.974179529814,235.702337847916,NA,NA,NA,NA,NA,NA
100,2026-01-04,205.382981708575,206.242450077974,NA,NA,NA,NA,NA,NA
100,2026-01-05,197.460210427606,198.386480005989,NA,NA,NA,NA,NA,NA
100,2026-01-06,217.191259435312,198.386480005989,NA,NA,NA,NA,NA,NA
100,2026-01-07,278.586609771491,198.386480005989,NA,NA,NA,NA,NA,NA
100,2026-01-08,237.534575200278,198.386480005989,NA,NA,NA,NA,NA,NA
100,2026-01-09,265.057370180884,198.386480005989,NA,NA,NA,NA,NA,NA
101,2026-01-09,NA,NA,NA,NA,NA,NA,NA,0.3
100,2026-01-10,2462.17517414755,1749.94056922292,NA,NA,NA,NA,NA,NA
100,2026-01-11,3161.78090662036,2083.81929728226,NA,NA,NA,NA,NA,NA
100,2026-01-12,1036.10576431743,1351.25008806971,NA,NA,NA,NA,NA,NA
100,2026-01-13,633.774060238229,1052.7232253343,NA,NA,NA,NA,NA,NA
100,2026-01-14,563.328414301403,889.711846340623,NA,NA,NA,NA,NA,NA
100,2026-01-15,469.014098559439,762.052332670876,NA,NA,NA,NA,NA,NA
100,2026-01-16,277.066284749714,634.392819001128,NA,NA,NA,NA,NA,NA
100,2026-01-17,266.349539482574,571.545058425252,NA,NA,NA,NA,NA,NA
100,2026-01-18,253.897789813652,534.229200583326,NA,NA,NA,NA,NA,NA
100,2026-01-19,179.807566571311,494.949350223403,NA,NA,NA,NA,NA,NA
100,2026-01-20,168.653251795411,463.525469935465,NA,NA,NA,NA,NA,NA
100,2026-01-21,207.561074204047,404.605694395582,NA,NA,NA,NA,NA,NA
100,2026-01-22,147.764665363366,404.605694395582,NA,NA,NA,NA,NA,NA
100,2026-01-23,140.634577402034,404.605694395582,NA,NA,NA,NA,NA,NA
100,2026-01-24,119.188340542879,398.713716841593,NA,NA,NA,NA,NA,NA
100,2026-01-25,127.445849856776,756.160355116887,NA,NA,NA,NA,NA,NA
100,2026-01-26,168.016311081659,591.184983605213,NA,NA,NA,NA,NA,NA
100,2026-01-27,145.253933161877,249.450285473888,NA,NA,NA,NA,NA,NA
100,2026-01-28,137.725413640059,204.278457559978,NA,NA,NA,NA,NA,NA
100,2026-01-29,134.486593055029,168.926592236047,NA,NA,NA,NA,NA,NA
100,2026-01-30,137.54933206424,135.538719430113,NA,NA,NA,NA,NA,NA
100,2026-01-31,140.325746242695,96.258869070191,NA,NA,NA,NA,NA,NA
100,2026-02-01,163.219136850889,74.6549513722337,NA,NA,NA,NA,NA,NA
100,2026-02-02,126.799877612617,70.7269663362415,NA,NA,NA,NA,NA,NA
100,2026-02-03,123.929860875335,111.97080921416,NA,NA,NA,NA,NA,NA
100,2026-02-04,155.428295139435,133.574726912117,NA,NA,NA,NA,NA,NA
100,2026-02-05,317.108203906619,145.358682020094,NA,NA,NA,NA,NA,NA
100,2026-02-06,416.148330856366,145.358682020094,NA,NA,NA,NA,NA,NA
100,2026-02-07,347.728253085281,121.790771804141,NA,NA,NA,NA,NA,NA
100,2026-02-08,207.321280056222,98.2228615881872,NA,NA,NA,NA,NA,NA
100,2026-02-09,166.859500508945,100.186854106183,NA,NA,NA,NA,NA,NA
100,2026-02-10,198.203402923649,251.414277991884,NA,NA,NA,NA,NA,NA
100,2026-02-11,3616.31097730749,1549.61333238732,NA,NA,NA,NA,NA,NA
100,2026-02-12,2038.48958060204,1512.29747454539,NA,NA,NA,NA,NA,NA
100,2026-02-13,1156.97134781207,1255.0144546879,NA,NA,NA,NA,NA,NA
100,2026-02-14,888.063697899028,1064.50718044228,NA,NA,NA,NA,NA,NA
100,2026-02-15,3749.63561645749,2673.0170526811,NA,NA,NA,NA,NA,NA
100,2026-02-16,6184.5232530606,3929.97226419862,NA,NA,NA,NA,NA,NA
100,2026-02-17,2254.82076335571,2712.29690304102,NA,NA,NA,NA,NA,NA
100,2026-02-18,1038.82338276896,2240.93869872195,NA,NA,NA,NA,NA,NA
100,2026-02-19,1728.78774684183,2555.17750160133,NA,NA,NA,NA,NA,NA
100,2026-02-20,4497.10231044252,4637.00957067722,NA,NA,NA,NA,NA,NA
100,2026-02-21,2658.61514777427,3537.17376059939,NA,NA,NA,NA,NA,NA
100,2026-02-22,1513.08513196703,3065.81555628032,NA,NA,NA,NA,NA,NA
100,2026-02-23,878.983573923738,2515.89765124141,NA,NA,NA,NA,NA,NA
100,2026-02-24,515.945397130471,2162.37899800211,NA,NA,NA,NA,NA,NA
100,2026-02-25,480.613252282725,1946.33982102254,NA,NA,NA,NA,NA,NA
100,2026-02-26,447.593542943656,1808.86034476281,NA,NA,NA,NA,NA,NA
100,2026-02-27,333.82886479022,1632.10101814316,NA,NA,NA,NA,NA,NA
100,2026-02-28,300.772295710702,1490.69355684744,NA,NA,NA,NA,NA,NA
100,2026-03-01,268.988251544475,1351.25008806971,NA,NA,NA,NA,NA,NA
100,2026-03-02,175.268862121548,1237.33852202594,NA,NA,NA,NA,NA,NA
100,2026-03-03,145.299323792055,1229.48255195395,NA,NA,NA,NA,NA,NA
100,2026-03-04,NA,1162.70680634208,NA,NA,NA,NA,NA,NA
100,2026-03-05,NA,1078.25512806825,NA,NA,NA,NA,NA,NA
100,2026-03-06,NA,1035.04729267234,NA,NA,NA,NA,NA,NA
100,2026-03-07,NA,1035.04729267234,NA,NA,NA,NA,NA,NA
100,2026-03-08,NA,1017.37136001037,NA,NA,NA,NA,NA,NA
100,2026-03-09,NA,974.163524614457,NA,NA,NA,NA,NA,NA
100,2026-03-10,NA,936.84766677253,NA,NA,NA,NA,NA,NA
100,2026-03-11,NA,913.279756556577,NA,NA,NA,NA,NA,NA
100,2026-03-12,NA,1321.79020029977,NA,NA,NA,NA,NA,NA
100,2026-03-13,NA,1347.32210303372,NA,NA,NA,NA,NA,NA
100,2026-03-14,NA,1158.77882130609,NA,NA,NA,NA,NA,NA
100,2026-03-15,NA,1064.50718044228,NA,NA,NA,NA,NA,NA
100,2026-03-16,NA,2515.89765124141,NA,NA,NA,NA,NA,NA
100,2026-03-17,NA,3203.29503254005,NA,NA,NA,NA,NA,NA
100,2026-03-18,NA,2496.25772606145,NA,NA,NA,NA,NA,NA
100,2026-03-19,NA,2162.37899800211,NA,NA,NA,NA,NA,NA
100,2026-03-20,NA,1907.05997066261,NA,NA,NA,NA,NA,NA
100,2026-03-21,NA,1749.94056922292,NA,NA,NA,NA,NA,NA
100,2026-03-22,NA,1592.82116778323,NA,NA,NA,NA,NA,NA
100,2026-03-23,NA,1473.01762418547,NA,NA,NA,NA,NA,NA
100,2026-03-24,NA,1308.0422526738,NA,NA,NA,NA,NA,NA
100,2026-03-25,NA,1229.48255195395,NA,NA,NA,NA,NA,NA
100,2026-03-26,NA,1184.31072404004,NA,NA,NA,NA,NA,NA
100,2026-03-27,NA,1164.67079886008,NA,NA,NA,NA,NA,NA
100,2026-03-28,NA,1084.14710562224,NA,NA,NA,NA,NA,NA
100,2026-03-29,NA,980.055502168445,NA,NA,NA,NA,NA,NA
100,2026-03-30,NA,991.839457276422,NA,NA,NA,NA,NA,NA
100,2026-03-31,NA,978.091509650448,NA,NA,NA,NA,NA,NA
100,2026-04-01,NA,1278.58236490386,NA,NA,NA,NA,NA,NA
