"Date","fDOM_1_QSU_daily","fDOM_1m_lag1","Diff_Dens_1_max","DOsat_1_pct_daily","Chla_1_ugL_daily","RH_Q_cms","RH_DOC_mgL"
2021-08-19,5.36006793139585,NA,3.11571557402192,112.117105263158,0.822873563218391,0.585139885784028,0.316414668222448
2021-08-20,5.03123357137813,5.36006793139585,3.20507709764115,111.136363636364,0.625384615384615,0.523896068812732,0.371630892552092
2021-08-21,4.96004291360105,5.03123357137813,3.25036574143087,111.086805555556,0.544305555555556,0.46421088056412,0.38169989017557
2021-08-22,4.87784548474783,4.96004291360105,3.32574237649067,111.880555555556,0.395,0.407688042831481,0.411197051873289
2021-08-23,4.71701404952192,4.87784548474783,3.40861855674518,112.509722222222,0.340833333333333,0.363780654733102,0.465202421385895
2021-08-24,4.78208052117286,4.71701404952192,3.48462452249294,113.313194444444,0.326388888888889,0.321234016353472,0.516908523705953
2021-08-25,4.7022957783016,4.78208052117286,3.55756897079391,114.011805555556,0.293333333333333,0.284429052128241,0.555818750862638
2021-08-26,4.66760231407109,4.7022957783016,3.55734589141912,113.870833333333,0.245486111111111,0.259680913968519,0.600617778286237
2021-08-27,4.77505720219821,4.66760231407109,3.51572265370555,115.420138888889,0.340486111111111,0.242296739491435,0.663416001243631
2021-08-28,4.72121794534,4.77505720219821,3.59398998358597,115.772916666667,0.244097222222222,0.217709344865741,0.726156245431064
2021-08-29,4.41695939692632,4.72121794534,3.65892139612288,116.824305555556,0.195347222222222,0.193582960573611,0.767329310335378
2021-08-30,4.36220556345683,4.41695939692632,3.66908949323556,116.179545454545,0.246293706293706,0.17617226076088,0.837140112562221
2021-08-31,4.57193967439267,4.36220556345683,3.51409176546395,115.739583333333,0.264861111111111,0.159713820497917,0.930050255929901
2021-09-01,4.95575845438705,4.57193967439267,3.3340183075976,112.979166666667,0.606388888888889,0.208853065799537,1.00079758995748
2021-09-02,5.61101268935708,4.95575845438705,3.09604463106291,111.725,0.723888888888889,0.361557301099074,0.434315630080466
2021-09-03,5.73747288344387,5.61101268935708,3.00776123875721,111.747916666667,0.725833333333333,0.318451508643981,0.458121070570636
2021-09-04,5.82863156311294,5.73747288344387,2.90848317693178,111.221527777778,0.9075,0.280190303491667,0.477131756526481
2021-09-05,6.18582507033795,5.82863156311294,2.86901233159881,109.79375,1.14527777777778,0.247385890388889,0.50394578829988
2021-09-06,6.23485607083838,6.18582507033795,2.88825047361831,110.61875,1.18722222222222,0.219005372765509,0.530493698267781
2021-09-07,6.10706932590351,6.23485607083838,2.87753459006115,111.486111111111,1.23055555555556,0.193909222202083,0.552641874386144
2021-09-08,6.25690753723672,6.10706932590351,2.8218448108538,110.317361111111,1.14,0.174270394194907,0.611875871390389
2021-09-09,6.74353768846644,6.25690753723672,2.72425432050102,109.7625,1.1775,0.161903221702315,0.760192145118059
2021-09-10,6.67016907815117,6.74353768846644,2.66168390103303,110.038194444444,1.20527777777778,0.161423643633796,0.696722119612728
2021-09-11,6.72086253495013,6.67016907815117,2.61188625197326,110.49375,1.18722222222222,0.143492516735648,0.713541011971222
2021-09-12,7.27624109661668,6.72086253495013,2.56055721521022,109.839583333333,1.17777777777778,0.128446285342593,0.747563191805716
2021-09-13,6.95367290294574,7.27624109661668,2.65471542036369,112.446527777778,1.01,0.115390515136574,0.781573260999494
2021-09-14,6.61264619834981,6.95367290294574,2.81126178141676,114.692361111111,0.991111111111111,0.103720428464815,0.813249314620075
2021-09-15,6.8063949394654,6.61264619834981,2.70745753292476,115.310416666667,1.13472222222222,0.0943283376185185,0.86610276253037
2021-09-16,6.81022620150064,6.8063949394654,2.69097022440303,116.486805555556,1.12833333333333,0.08710230568125,1.09631091377515
2021-09-17,6.64381696546048,6.81022620150064,2.69276320787105,116.965972222222,1.05111111111111,0.0887166376087963,1.08234168510435
2021-09-18,6.41185141425488,6.64381696546048,2.77314361015851,117.096527777778,0.848055555555556,0.11801280981875,0.773197034879278
2021-09-19,6.163139211408,6.41185141425488,2.81823880060188,117.670833333333,0.630833333333333,0.105233964116898,0.806593905174804
2021-09-20,6.46197419469573,6.163139211408,2.75480136813189,117.425,0.909166666666667,0.0970970521534722,0.923361034164358
2021-09-21,6.99365249712974,6.46197419469573,2.55922072214764,112.569444444444,1.15833333333333,0.167691049940741,0.594756023486536
2021-09-22,7.22419699358088,6.99365249712974,2.42260242007933,109.381944444444,1.36166666666667,0.6847865532,0.742166195646785
2021-09-23,8.31673712569242,7.22419699358088,2.25664366797935,106.343076923077,1.1413475177305,0.95865003363287,0.435517413502479
2021-09-24,9.2971606252984,8.31673712569242,2.14307374602822,106.311111111111,1.03361111111111,0.883236912865046,0.279297228110155
2021-09-25,8.806482670882,9.2971606252984,2.08099469498472,108.220833333333,1.195,0.773879320068287,0.300941556327142
2021-09-26,9.14599040217803,8.806482670882,2.0041203970037,109.742361111111,1.37833333333333,0.677078821167361,0.318110268301722
2021-09-27,9.42064880503438,9.14599040217803,1.99419006109474,111.343511450382,1.73225352112676,0.592897485447685,0.332854333280244
2021-09-28,9.79714243351923,9.42064880503438,1.94603833871611,110.005555555556,1.48444444444444,0.527119427600695,0.389486873688501
2021-09-29,9.69841475979551,9.79714243351923,1.93029361149706,113.979861111111,1.82555555555556,0.466784899135417,0.453468350977685
2021-09-30,9.73355385045334,9.69841475979551,1.98359214164418,115.19375,1.37388888888889,0.408230751198843,0.454834303863103
2021-10-01,9.36917566898453,9.73355385045334,1.94467451443722,116.829166666667,1.39833333333333,0.360287268028241,0.474130441824784
2021-10-02,10.3616760534283,9.36917566898453,1.95965930106615,113.700694444444,1.53361111111111,0.318747531389815,0.495975607320467
2021-10-03,10.2744725772529,10.3616760534283,1.90966160931066,115.311805555556,1.49888888888889,0.28622481735162,0.554185023659438
2021-10-04,10.3480864851165,10.2744725772529,1.88937043972578,116.537692307692,1.55156028368794,0.270066643888194,0.640379670499123
2021-10-05,9.7450691268638,10.3480864851165,1.96857561205422,117.665277777778,1.4375,0.284012604358565,0.582784326837405
2021-10-06,9.82629193992305,9.7450691268638,1.97569885889936,118.051388888889,2.40971830985916,0.294297007496065,0.54980017918078
2021-10-07,10.341440238328,9.82629193992305,1.90758268953584,117.56875,2.63097902097902,0.316371391822454,0.504731226429806
2021-10-08,10.709512373102,10.341440238328,1.84122836665711,113.942361111111,2.2775,0.317179353546296,0.493410048839232
2021-10-09,10.9455300000567,10.709512373102,1.78560031108725,108.907638888889,2.21611111111111,0.287109702548843,0.535847257663078
2021-10-10,10.9505729038483,10.9455300000567,1.76546891807436,106.711805555556,1.76583333333333,0.259652266606019,0.580252614201478
2021-10-11,10.5620262098461,10.9505729038483,1.7706749257369,107.738194444444,2.03,0.229829301230093,0.602456916251564
2021-10-12,10.5175088734183,10.5620262098461,1.78692128072021,107.697727272727,1.79937062937063,0.205422278886806,0.640464440019731
2021-10-13,10.6051966533361,10.5175088734183,1.84990534807832,106.961111111111,1.67722222222222,0.184052937981944,0.683119174031095
2021-10-14,10.0580811707937,10.6051966533361,1.8430899368775,109.199305555556,1.46638888888889,0.165411462595139,0.721618735146681
2021-10-15,10.1962436306296,10.0580811707937,1.83657898322303,111.070833333333,1.54611111111111,0.149234190890046,0.767849842697428
2021-10-16,10.4697771153493,10.1962436306296,1.74765383739611,109.674305555556,1.59527777777778,0.142216648090972,0.824390007348635
2021-10-17,11.1446532176051,10.4697771153493,1.53748155314202,102.845833333333,1.91,0.146108975843981,0.80969013920861
2021-10-18,11.2302865980571,11.1446532176051,1.42640153846617,98.8625,1.80694444444444,0.131775745473148,0.853475901383275
2021-10-19,11.1266838178836,11.2302865980571,1.35471371830045,97.2131944444444,1.7725,0.119155521278472,0.899348640069098
2021-10-20,11.0924415777351,11.1266838178836,1.31746390880846,97.0208333333333,2.01472222222222,0.108089151246065,0.947253211090225
2021-10-21,11.0088086245933,11.0924415777351,1.24532007920675,96.9256944444444,2.24527777777778,0.0993395040291667,1.02000491311267
2021-10-22,10.8248938031012,11.0088086245933,1.20786429192924,96.6013888888889,2.61527777777778,0.0925808485060185,1.17469085574796
2021-10-23,10.7027486508425,10.8248938031012,1.15106129099877,95.9263888888889,3.1775,0.0851038868935185,1.21555915721232
2021-10-24,10.3862485741544,10.7027486508425,1.13075328572756,97.6555555555556,3.78083333333333,0.0782598197895833,1.26763332180939
2021-10-25,10.1150373929518,10.3862485741544,1.12400539477369,100.069444444444,4.86638888888889,0.0914296489388889,1.09084157266862
2021-10-26,11.3174168613029,10.1150373929518,1.02010683865819,98.5312977099237,3.32424460431655,0.149177957178472,0.661453276860871
2021-10-27,11.6369111475284,11.3174168613029,0.94672985104728,98.8784722222222,2.39055555555556,0.133454268712963,0.711559866433455
2021-10-28,11.9343089983106,11.6369111475284,0.873653240553267,96.3243055555556,2.80944444444444,0.121710972114815,0.762779831229514
2021-10-29,11.8260420814526,11.9343089983106,0.845332183006349,97.2298611111111,2.88555555555556,0.195372359716435,0.925938497047044
2021-10-30,12.0375508926261,11.8260420814526,0.801866335950081,94.9291666666667,2.65027777777778,0.42651095151412,0.332102357180439
2021-10-31,12.2950734503974,12.0375508926261,0.75130916208559,91.7520833333333,2.1325,0.415744317774537,0.294765425419243
2021-11-01,12.1075721434737,12.2950734503974,0.728427679694619,92.0833333333333,1.81638888888889,0.366073504746528,0.331862414770051
2021-11-02,12.1633303179293,12.1075721434737,0.653611293307449,92.6138888888889,1.67111111111111,0.325586823933333,0.36661191928672
2021-11-03,12.1732554602388,12.1633303179293,0.572411734271441,91.6965277777778,1.70444444444444,0.29712142523588,0.403520267966026
2021-11-04,12.1052107907222,12.1732554602388,0.512107860179071,90.9972222222222,2.0775,0.262947774306944,0.44587555028306
2021-11-05,12.0018646921088,12.1052107907222,0.428932364828597,89.3159722222222,1.84805555555556,0.233472290828009,0.490805352505039
2021-11-06,11.9424542832201,12.0018646921088,0.355476995383924,88.6868055555556,1.83583333333333,0.207706640792824,0.538918332162697
2021-11-07,11.8565664798344,11.9424542832201,0.312625613338241,88.3979166666667,1.66472222222222,0.185330928653472,0.586809103842311
2021-11-08,11.7401606639151,11.8565664798344,0.308984108435084,88.7204545454545,1.80384615384615,0.165819422257407,0.639860766297254
2021-11-09,11.5197772626851,11.7401606639151,0.299750215814925,90.61875,1.55083333333333,0.148818804133796,0.695132645567906
2021-11-10,11.7996081362924,11.5197772626851,0.258230415578282,88.3527777777778,1.43277777777778,0.133986366946065,0.748328139909646
2021-11-11,11.9114743651061,11.7996081362924,0.239948794756174,87.2388888888889,1.37083333333333,0.12399108996713,0.791538665594167
2021-11-12,11.8938323318506,11.9114743651061,0.246649786975695,87.6770833333333,1.46388888888889,0.143082965553241,0.871306217789478
2021-11-13,12.0094615474141,11.8938323318506,0.177597835433403,86.6076388888889,1.50972222222222,0.207403721459722,0.588304506412519
2021-11-14,12.1015552001432,12.0094615474141,0.134939261133695,86.0166666666667,1.75361111111111,0.185176020693287,0.64746243428686
2021-11-15,12.1730679386448,12.1015552001432,0.0731158541623245,84.48125,1.5625,0.165422072729398,0.711951484675405
2021-11-16,12.3484161096444,12.1730679386448,0.0578116073027104,82.8152777777778,1.92527777777778,0.148105803111574,0.77011798923984
2021-11-17,12.3633786791338,12.3484161096444,0.0539960485128859,82.7701388888889,1.92833333333333,0.133046839557407,0.833359915786787
2021-11-18,12.2986991557403,12.3633786791338,0.0778086022654634,82.0820143884892,1.55532374100719,0.121206460230787,0.888507613591103
2021-11-19,NA,12.2986991557403,0.0212334769076961,NA,NA,0.110826565884954,1.00044517416841
2021-11-20,NA,NA,0.0167030417111391,NA,NA,0.100605293046296,1.07044927230542
2021-11-21,NA,NA,0.0138730514570398,NA,NA,0.0917516665136574,1.1506149140508
2021-11-22,NA,NA,0.00250396847150114,NA,NA,0.0884375910777778,1.18173529129475
2021-11-23,12.9591829772914,NA,0.0182663443673619,78.3770114942529,1.32724137931034,0.0932461039240741,1.12079559419234
2021-11-24,13.0503302382265,12.9591829772914,0.0175748046044646,77.7701388888889,1.55305555555556,0.0850757700377315,1.19725379909832
2021-11-25,12.9902542373416,13.0503302382265,0.0309735944368867,78.6673611111111,1.72666666666667,0.0778173771909722,1.26802331526741
2021-11-26,12.8518795686858,12.9902542373416,0.0290058939958726,80.70625,1.46833333333333,0.073839107350463,1.30041814550314
2021-11-27,12.7775679172575,12.8518795686858,0.0132351122867931,80.5527777777778,1.93951048951049,0.0730767692039352,1.35754161554712
2021-11-28,12.8098314337555,12.7775679172575,0.00680135719301234,80.2194444444444,1.96380281690141,0.0672555190425926,1.42771502492585
2021-11-29,12.6908030558695,12.8098314337555,0.0129546684522666,82.2083333333333,1.93583333333333,0.0621196835543982,1.50305307656177
2021-11-30,12.7016596392428,12.6908030558695,0.0124711429912168,82.3152777777778,2.485,0.0575493682222222,1.58554572271386
2021-12-01,12.7012243983519,12.7016596392428,0.0119243053809441,82.3854166666667,2.70678321678322,0.0537440435701389,1.64845469710879
2021-12-02,12.6338534446718,12.7012243983519,0.0303056770841295,83.6173611111111,2.57951048951049,0.0506400487925926,1.83330539725109
2021-12-03,12.4767725060988,12.6338534446718,0.0387063227826729,84.4265151515151,2.09422535211268,0.0473758409877315,1.89243362485023
2021-12-04,12.2375214035316,12.4767725060988,0.0502540545085139,86.8439393939394,2.38230769230769,0.0444851099087963,1.95578028478069
2021-12-05,12.4675114413663,12.2375214035316,0.0262227808834723,85.4597222222222,2.62622377622378,0.0419169269113426,2.01232708541632
2021-12-06,12.3923688561392,12.4675114413663,0.0277757708653326,86.4520833333333,2.61475524475524,0.0411476921775463,2.03705374985496
2021-12-07,12.4740033365583,12.3923688561392,0.00205013097775009,84.2680555555555,2.96361111111111,0.0408856218613426,2.12796325370772
2021-12-08,12.4136553058985,12.4740033365583,0.00436029479658373,85.5673611111111,3.20823529411765,0.0387296425798611,2.19163071022533
2021-12-09,12.4242236590588,12.4136553058985,0.00113872291774442,85.2208333333333,3.83935251798561,0.0369423654638889,2.29766212878396
2021-12-10,12.4765517349148,12.4242236590588,0.00519353563879577,85.0979166666667,3.70459854014599,0.0381800376252315,2.18149481026553
2021-12-11,12.3343954562665,12.4765517349148,0.0223604048665038,88.5284722222222,3.69923076923077,0.0535323713916667,1.54596265905577
2021-12-12,12.279441244962,12.3343954562665,0.00775001137174058,88.3256944444445,3.36527777777778,0.0927394700131944,0.898102543861154
2021-12-13,12.2811891658749,12.279441244962,0.0101655697316119,88.0361111111111,3.61340425531915,0.0950508877615741,0.853937601160909
2021-12-14,12.3462095645994,12.2811891658749,0.0108627214046919,88.893893129771,3.79468085106383,0.0852434101590278,0.933515057597879
2021-12-15,12.3415269894694,12.3462095645994,0.00959476846026064,89.2631944444444,3.35359712230216,0.0767271858958333,1.00947244693355
2021-12-16,12.3815922528812,12.3415269894694,0.00968371190174366,89.2673611111111,3.53510638297872,0.0693536730923611,1.0861999066786
2021-12-17,12.3899924402556,12.3815922528812,0.0367247143148006,90.8881944444444,3.90122302158273,0.0715929419277778,1.05963601873259
2021-12-18,12.4571169671018,12.3899924402556,0.0442424983218643,91.8041666666667,3.39457142857143,0.103407429504167,0.810580642513416
2021-12-19,12.4171329117627,12.4571169671018,0.0160898792089483,92.1131944444444,2.88328671328671,0.126245212990509,0.651339869143719
2021-12-20,12.418861585489,12.4171329117627,0.00267736366743065,90.0381944444444,3.51314285714286,0.114761334175,0.711895120282539
2021-12-21,12.4040636462272,12.418861585489,0.000520264829333428,90.5159722222222,3.23366197183099,0.102379307494444,0.77208473241305
2021-12-22,12.3081968862898,12.4040636462272,-0.000869259503247122,91.5284722222222,3.1675,0.091743708912963,0.855807928944812
2021-12-23,12.2560709518252,12.3081968862898,0.00695687880340756,91.46875,3.40290780141844,0.0824386211675926,0.926664779016191
2021-12-24,12.2082737631296,12.2560709518252,0.0130977926970672,92.1840277777778,3.17111888111888,0.0743600649425926,0.998801438274071
2021-12-25,12.3039976663776,12.2082737631296,0.0095231269906435,92.5,3.30118881118881,0.0673457051837963,1.07919902950861
2021-12-26,12.1567996792531,12.3039976663776,0.0206907463552852,92.6090277777778,2.26444444444444,0.0613223319648148,1.17655201051976
2021-12-27,12.067898266032,12.1567996792531,0.0346417066206186,94.64375,2.6475,0.0560082462210648,1.2597679374852
2021-12-28,12.1153337545246,12.067898266032,0.0336681181719314,95.5222222222222,2.81305555555556,0.0513965513652778,1.3521603600256
2021-12-29,12.0848096310626,12.1153337545246,0.0473572762990671,96.1493055555556,2.46861111111111,0.0493848699097222,1.38575572027071
2021-12-30,12.1080192429741,12.0848096310626,0.0816864389882994,96.9125,2.66972222222222,0.0570565274858796,1.32030385584513
2021-12-31,12.0054668807081,12.1080192429741,0.0927069092043666,98.0166666666667,3.15861111111111,0.0783950990013889,0.947392640112604
2022-01-01,11.7066646894093,12.0054668807081,0.114324695188884,100.097916666667,2.79166666666667,0.0807388776592593,0.96588519764508
2022-01-02,11.6538477714683,11.7066646894093,0.121319775119332,99.6215277777778,2.64638888888889,0.164607744925,0.770262082479277
2022-01-03,11.7595440574844,11.6538477714683,0.0339767377510043,97.1041666666667,2.39,0.45207500899838,0.82379185995069
2022-01-04,11.8432484464023,11.7595440574844,0.0127007990689663,94.4604166666667,2.87166666666667,0.540029308460648,0.377228744044403
2022-01-05,12.067113932072,11.8432484464023,0.00663500598534483,92.2333333333333,2.64160839160839,0.477241186447917,0.436863255131476
2022-01-06,12.4020538083482,12.067113932072,0.00560162377632878,91.5659722222222,2.23777777777778,0.421279624817593,0.488598528159898
2022-01-07,12.6218547789507,12.4020538083482,-0.000120956820865104,90.7958333333333,2.21111111111111,0.382258203545602,0.544026601790569
2022-01-08,12.7613995748544,12.6218547789507,0.00536828828137459,90.2652777777778,2.80083333333333,0.361937143905556,0.564310925059509
2022-01-09,12.8453352835102,12.7613995748544,0.00419447317665345,91.01875,2.92496503496504,0.339895120488657,0.650851647965737
2022-01-10,12.8044205308838,12.8453352835102,-0.00036123220945683,90.9993055555556,2.49805555555556,0.349283497787963,0.61816900467196
2022-01-11,12.7069500509924,12.8044205308838,0.00397487906514016,90.7778625954198,2.73422535211268,0.31608969275787,0.671336933937089
2022-01-12,12.697777975144,12.7069500509924,0.00511255909634656,90.6520833333333,2.72888111888112,0.282006758476852,0.735543097934459
2022-01-13,12.6525743405087,12.697777975144,0.0055870154983495,90.5229166666667,2.99305555555556,0.252266021641435,0.803332779552447
2022-01-14,12.6457483545849,12.6525743405087,0.00467870614045296,91.0826388888889,2.49222222222222,0.226902495694676,0.881440418602367
2022-01-15,12.6865423355582,12.6457483545849,0.00476159244601604,91.7659722222222,2.89777777777778,0.20438460775625,0.955191648302588
2022-01-16,12.7879783150196,12.6865423355582,0.000953063870269943,90.1131944444444,3.01444444444444,0.298362810944213,1.48290129460484
2022-01-17,12.7078009486761,12.7879783150196,-0.0001146767060618,90.0791666666667,2.68055555555556,0.464413003621759,0.93441503105959
2022-01-18,12.5603671511879,12.7078009486761,0.000928346018554294,90.3145833333333,2.81055555555556,0.445580545818287,0.695308453831638
2022-01-19,12.5608662445412,12.5603671511879,0.000533079793854085,90.0041666666667,3.1243661971831,0.398595688278009,0.769282983007896
2022-01-20,12.6077093900328,12.5608662445412,3.61710871175092e-05,91.0923611111111,2.84305555555556,0.363611423091667,0.831626310905685
2022-01-21,12.5482147406773,12.6077093900328,-0.000161749471089934,92.0472222222222,2.21527777777778,0.339175222879167,0.87746464333643
2022-01-22,12.4589040935646,12.5482147406773,0.0001030890526863,91.5680555555556,2.72305555555556,0.305632344431944,0.952936398004562
2022-01-23,12.3682665752932,12.4589040935646,-1.51186554830929e-07,91.1013888888889,2.80583333333333,0.275604072958102,1.02981457562977
2022-01-24,12.3563369922926,12.3682665752932,7.86894236171065e-06,90.7451388888889,2.8625,0.249387492216898,1.10829133809693
2022-01-25,12.2044607199614,12.3563369922926,-2.42212531702535e-05,91.8326388888889,2.39166666666667,0.226412307491898,1.19029487915461
2022-01-26,12.0518174874867,12.2044607199614,-8.14741291605969e-05,93.3943650793651,2.25613138686131,0.206571356427083,1.2763717143701
2022-01-27,12.2980161040603,12.0518174874867,4.19996381424426e-05,92.4352447552448,2.63692307692308,0.18908691618125,1.40842304314769
2022-01-28,12.2296374904219,12.2980161040603,2.65093035523023e-05,92.3445138888889,2.49479166666667,0.177369083905324,1.46258737389296
2022-01-29,12.1485683312731,12.2296374904219,6.48681809707341e-05,93.169375,1.99145833333333,0.180384484061806,1.44107898583331
2022-01-30,12.1361299753486,12.1485683312731,0.0024171413330123,92.0666666666667,2.53048611111111,0.183211023828472,1.37830786648946
2022-01-31,12.0259138383532,12.1361299753486,0.00191536099725909,92.4123776223776,2.38384615384615,0.168207763479167,1.46655312706973
2022-02-01,11.8811128743665,12.0259138383532,0.00132347463136284,93.1050694444444,2.25444444444444,0.154601327305093,1.55444681595761
2022-02-02,11.8958523911023,11.8811128743665,0.00282292319889166,92.9673426573427,2.27034965034965,0.142579514682639,1.64458384959127
2022-02-03,11.8883710246184,11.8958523911023,0.000280878389503414,93.3290277777778,2.48222222222222,0.199742143511111,1.6041985381608
2022-02-04,12.7380327764846,11.8883710246184,-6.48126319902076e-05,93.5461538461538,2.23692307692308,0.400336280803241,1.32250241840372
2022-02-05,12.6918698068094,12.7380327764846,0.000106140094089824,93.462323943662,1.90302816901408,0.423919956728009,0.842213281440648
2022-02-06,12.9038275758289,12.6918698068094,0.0030008565049684,92.654014084507,2.54521126760563,0.381093210803935,0.929899757362982
2022-02-07,12.6484705533987,12.9038275758289,0.00325992198031599,92.9367361111111,2.25305555555556,0.356508999218519,1.01336872931597
2022-02-08,12.4192928737604,12.6484705533987,0.00310412751423428,93.2848951048951,1.9951048951049,0.342191153542361,1.03406524067985
2022-02-09,12.08395175083,12.4192928737604,0.00218198494735589,93.7254263565892,2.13692857142857,0.308374003124537,1.11993834317939
2022-02-10,11.9289860070615,12.08395175083,6.75054711791745e-05,94.6936111111111,2.17722222222222,0.278670932265741,1.20885145785582
2022-02-11,12.0953583400417,11.9289860070615,-0.00014516170438128,95.4877083333333,2.30555555555556,0.252780613153009,1.29908560323533
2022-02-12,12.3516916036132,12.0953583400417,-0.000530557523802599,96.0951388888889,2.09506944444444,0.230304635244907,1.39361746237233
2022-02-13,12.4923450176747,12.3516916036132,-0.000219763577206322,96.4947916666667,1.95041666666667,0.220146492705093,1.46515203362138
2022-02-14,12.5008694229917,12.4923450176747,-0.000129497826605984,95.5594444444444,1.929375,0.214041951959028,1.50941712705128
2022-02-15,12.6046079100829,12.5008694229917,2.35419781802193e-06,94.6300694444444,2.18541666666667,0.196437617196065,1.60417842569062
2022-02-16,12.4128357745962,12.6046079100829,-0.000326129521226903,95.4638194444444,2.17472222222222,0.180747350653472,1.70234248195664
2022-02-17,12.3477218239322,12.4128357745962,0.00185884277834703,96.4519444444445,2.13895833333333,0.167442242292361,1.79642426028192
2022-02-18,12.3111538057888,12.3477218239322,0.00171978564355868,96.7200694444444,1.97145833333333,0.192377118815046,1.82004197127091
2022-02-19,12.2152579032805,12.3111538057888,0.000536992246566115,96.4386111111111,2.05722222222222,0.222266928036806,1.40105162409809
2022-02-20,12.1744536573305,12.2152579032805,0.000199569222559148,96.4727777777778,2.36763888888889,0.202742158972917,1.49934452739248
2022-02-21,12.0457466812679,12.1744536573305,0.00379678573426645,96.7801398601399,2.05608391608392,0.185361167536111,1.59986720243615
2022-02-22,11.9313179579822,12.0457466812679,0.0161283596341946,98.2217361111111,2.36083333333333,0.173145189456713,1.67291200053925
2022-02-23,11.9395782308084,11.9313179579822,0.0137669342054778,98.8647916666667,2.36513888888889,0.199807395836806,1.75235971165717
2022-02-24,11.827576402005,11.9395782308084,0.014244800400661,99.0897902097902,2.59223776223776,0.361828920536111,1.9309604658937
2022-02-25,13.072280092881,11.827576402005,0.0169387221156967,98.5231468531469,2.24006993006993,0.410266305456481,1.09265169108862
2022-02-26,12.158068945662,13.072280092881,0.00991445549664149,98.2486013986014,2.19132867132867,0.375315462193056,1.21136563453226
2022-02-27,11.6772466593711,12.158068945662,0.020334457107424,99.7461111111111,2.03395833333333,0.339103604472917,1.30943497176971
2022-02-28,11.6899415951534,11.6772466593711,0.0250991254276869,99.9877777777778,1.99006944444444,0.307519887316667,1.41114285319974
2022-03-01,11.8031096680347,11.6899415951534,0.0229919096128697,99.9963829787234,2.37900709219858,0.279552103915972,1.51057115150687
2022-03-02,11.8644514335041,11.8031096680347,0.01926658076286,99.8183216783217,2.41076923076923,0.255101580022222,1.61376189525521
2022-03-03,11.704187554116,11.8644514335041,0.022292755805438,100.24125,2.23833333333333,0.233630912335185,1.71892314120147
2022-03-04,11.3219811843569,11.704187554116,0.0583957755452502,102.226736111111,2.78631944444444,0.214906677901157,1.824254437826
2022-03-05,11.1514151708453,11.3219811843569,0.0799027790957325,103.202237762238,2.9479020979021,0.198546911886806,1.92914532449453
2022-03-06,11.4877299777514,11.1514151708453,0.0722088358031669,103.64823943662,3.41232394366197,0.185216869710185,2.02502205469565
2022-03-07,11.5391140588207,11.4877299777514,0.0870167915958291,104.253958333333,3.19555555555556,0.200221191072917,2.03754487765457
2022-03-08,11.4362458122688,11.5391140588207,0.0990309375597462,102.728741258741,3.04979020979021,0.213673249793519,1.84471611730706
2022-03-09,11.1833606809332,11.4362458122688,0.142894323879545,104.4625,3.91923611111111,0.314713558344444,1.93684764139494
2022-03-10,11.1826340757466,11.1833606809332,0.125805051892144,104.761328671329,4.49979020979021,0.366515947345139,1.33597923804313
2022-03-11,11.2526477031206,11.1826340757466,0.12726088232364,105.687222222222,4.89361111111111,0.335103583857176,1.4517142735017
2022-03-12,11.272734903615,11.2526477031206,0.076816573522251,103.666527777778,4.17590277777778,0.402959636498843,1.72464865220683
2022-03-13,11.2526510766833,11.272734903615,0.0361473223953226,101.539652777778,4.47270833333333,0.410919889726852,1.40979627669188
2022-03-14,11.363450805016,11.2526510766833,0.0226336463782673,100.585,4.65951388888889,0.374296358797454,1.52364484193071
2022-03-15,11.1248643110138,11.363450805016,0.0568272284920113,103.020909090909,4.34972027972028,0.340052150475694,1.62871785271336
2022-03-16,11.185898759378,11.1248643110138,0.054274950495028,103.937916666667,4.85097222222222,0.367434254465278,1.69503761135415
2022-03-17,10.6477836157128,11.185898759378,0.162635218593891,107.881678321678,4.77177304964539,0.393393539450694,1.67218893577311
2022-03-18,10.7537896138185,10.6477836157128,0.205062244935903,109.246901408451,5.05802817605634,0.368207733252778,1.6813914486765
2022-03-19,11.0403212311929,10.7537896138185,0.135517443719209,107.472847222222,5.1618055625,0.33720279892037,1.79665966042818
2022-03-20,10.9682068215838,11.0403212311929,0.107949304691033,104.980704225352,4.40007092198582,0.308880637035417,1.93048535218476
2022-03-21,10.6328676862894,10.9682068215838,0.174647352603984,107.182222222222,4.77743055555556,0.284190324107407,2.03846957976166
2022-03-22,10.8228013747804,10.6328676862894,0.152255061616756,107.704084507042,5.39086330935252,0.262163154878472,2.14498912328628
2022-03-23,10.7998727449807,10.8228013747804,0.175212359731745,108.642867132867,5.82591549295775,0.422306155307176,2.19460506530426
2022-03-24,10.9723216236911,10.7998727449807,0.201233553640918,109.260138888889,5.10201388194444,0.451364130003009,1.63607450250759
2022-03-25,11.4985517295493,10.9723216236911,0.174579934529675,108.978028169014,5.04323943661972,0.415946971338889,1.76518003816054
2022-03-26,11.255199889672,11.4985517295493,0.11416719023191,105.293680555556,4.98524475524476,0.381636449678009,1.87105303031356
2022-03-27,10.7434347753859,11.255199889672,0.135703102581601,105.084305555556,4.2525,0.349714269238889,2.00695379910438
2022-03-28,10.5426229012073,10.7434347753859,0.136731239021401,104.618541666667,4.27812500694444,0.321649933616435,2.11444037426584
2022-03-29,10.6092999180477,10.5426229012073,0.123311479447466,104.493680555556,5.14219858156028,0.297056703416898,2.22163089852826
2022-03-30,10.7884974072733,10.6092999180477,0.121673302462682,104.586923076923,5.10622378321678,0.275905400771065,2.32849240211583
2022-03-31,11.0418512395988,10.7884974072733,0.136210389463372,104.847361111111,5.23099290780142,0.322571423776852,2.12978008170461
2022-04-01,10.8721991210585,11.0418512395988,0.112432984021893,102.982746478873,4.6158865248227,0.321226589259491,2.03795484460181
2022-04-02,10.5608839025489,10.8721991210585,0.151684687956731,104.535694444444,4.93718309859155,0.297610021918519,2.15154583309566
2022-04-03,10.2476208080689,10.5608839025489,0.205518782062313,106.071197183099,3.92816901408451,0.274868790653935,2.25814234016888
2022-04-04,10.2785670292284,10.2476208080689,0.225327341255252,106.745833333333,4.66514084507042,0.255547736167824,2.36451770274338
2022-04-05,10.5952839773853,10.2785670292284,0.242863070812177,108.056893939394,4.62824427480916,0.271662408080787,2.31213421314206
2022-04-06,10.7552949159952,10.5952839773853,0.305554233872044,108.947202797203,3.2651048951049,0.300683777813426,2.1454305505076
2022-04-07,11.2072949709586,10.7552949159952,0.428203919872658,109.793125,3.56645833333333,0.490644969057639,2.22736173327668
2022-04-08,11.9471899175586,11.2072949709586,0.341091789111147,108.098541666667,3.73083332638889,0.500228572827315,1.81456445150521
2022-04-09,11.7003938915857,11.9471899175586,0.249609297028542,105.833125,3.27326388888889,0.477099541155556,1.93033020210646
2022-04-10,11.3630186114059,11.7003938915857,0.268039151487415,104.870211267606,2.78619718309859,0.437655836540046,2.04490549433499
2022-04-11,11.4259614805518,11.3630186114059,0.279116064275854,105.471597222222,3.47986111111111,0.401975016039583,2.15911175514934
2022-04-12,11.5173611305142,11.4259614805518,0.333519085945682,107.565531914894,3.61404255319149,0.37036742608125,2.27461866476447
2022-04-13,11.4180711589165,11.5173611305142,0.4609954471523,109.177183098592,3.44845070422535,0.343330151455093,2.39811858943653
2022-04-14,11.7508492471406,11.4180711589165,0.406460637779787,107.564685314685,3.40545454545455,0.318982545863657,2.50798714074498
2022-04-15,11.4867122325936,11.7508492471406,0.467556543968385,107.291118881119,3.16314685314685,0.298267850242593,2.63770116250943
2022-04-16,11.3641099045804,11.4867122325936,0.498846133367579,106.787013888889,3.06625,0.280440702660185,2.72970784748443
2022-04-17,11.1886557503816,11.3641099045804,0.550520303175063,105.732361111111,2.76069444444444,0.262982257243287,2.96538966632306
2022-04-18,11.055955551944,11.1886557503816,0.534244269517558,104.070347222222,3.29763888888889,0.534158190668287,2.4759579812153
2022-04-19,11.0576691489384,11.055955551944,0.458084766968796,101.342777777778,3.26555555555556,0.532304069706481,1.951388695101
2022-04-20,11.2805769719188,11.0576691489384,0.426633801767935,101.731194029851,4.02320895522388,0.494382388850463,2.07102433078014
2022-04-21,11.5894151411752,11.2805769719188,0.417238294137974,102.457777777778,4.03527777777778,0.453087746313426,2.18484285757775
2022-04-22,11.1012144710963,11.5894151411752,0.539273687132209,104.663636363636,2.83335664335664,0.418653616588426,2.31132422151204
2022-04-23,11.1852836560399,11.1012144710963,0.613318739453348,106.955833333333,2.84131944444444,0.387107565408796,2.42567432375763
2022-04-24,11.0744584094932,11.1852836560399,0.757343604369225,107.404722222222,2.70347222222222,0.35911803123287,2.60291254391122
2022-04-25,10.7514467980268,11.0744584094932,0.906919539224873,107.472237762238,2.09671328671329,0.334183154710185,2.70981629763213
2022-04-26,10.1204872306272,10.7514467980268,1.14056483357797,106.166293706294,1.44993006993007,0.380754747521065,2.46196631272127
2022-04-27,9.98390687022697,10.1204872306272,1.07025817663555,102.025281690141,0.88112676056338,0.357479295996528,2.47979876677871
2022-04-28,9.83984778709791,9.98390687022697,1.04572217388545,100.535138888889,0.844652777777778,0.333138056485648,2.5861437475516
2022-04-29,10.2337527278977,9.83984778709791,0.971844765672245,100.783986013986,1.07468531468531,0.30998780454537,2.69371102333637
2022-04-30,10.5538818438816,10.2337527278977,0.842858076052266,100.17,1.28832167832168,0.312733176784954,2.63952949877778
2022-05-01,10.5613310272153,10.5538818438816,0.8384613617784,100.782428571429,1.45956834532374,0.332174125788194,2.60323088102596
2022-05-02,10.3529912107643,10.5613310272153,0.950806418432649,102.429440559441,0.989230769230769,0.313180924450694,2.62898010139868
2022-05-03,10.4311479222115,10.3529912107643,1.04207935810348,103.416666666667,0.972638888888889,0.29382697854838,2.75339841584802
2022-05-04,9.90009752213393,10.4311479222115,1.35664392924571,105.430071428571,0.813857142857143,0.28126882363912,2.82352142349238
2022-05-05,9.69558062617791,9.90009752213393,1.48268623301351,106.547552447552,0.866503496503497,0.259948289351852,2.92857142857143
2022-05-06,10.7316247089033,9.69558062617791,1.23494176581391,106.140699300699,1.41846153846154,0.336408099864352,2.64458483014417
2022-05-07,10.0754216408777,10.7316247089033,1.20204680340407,102.134166666667,1.33402777777778,0.781162646730555,2.78237318707708
2022-05-08,10.1329174343254,10.0754216408777,1.06151029161663,99.9829370629371,1.36986013986014,0.661090409852083,1.98531636265005
2022-05-09,9.91312963965569,10.1329174343254,1.06828751707405,101.00375,1.13611111111111,0.590892170072685,2.00929049959329
2022-05-10,9.54463926110466,9.91312963965569,1.17124986920237,102.719513888889,0.932083333333333,0.526915182516204,2.06900717859912
2022-05-11,9.23301360138006,9.54463926110466,1.29647534326443,103.584444444444,0.78625,0.471179616745602,2.12684748060335
2022-05-12,9.25747667371841,9.23301360138006,1.32635988569416,103.151496062992,0.72362962962963,0.449982160015741,2.33432207985739
2022-05-13,9.32815540067121,9.25747667371841,1.40751785041289,103.519230769231,0.720769230769231,0.451457499184491,2.43010224525936
2022-05-14,9.6284236381338,9.32815540067121,1.48255031053475,104.765174825175,0.724265734265734,0.466910629226389,2.32240530290119
2022-05-15,9.68930231633501,9.6284236381338,1.51379089006389,106.245244755245,0.743566433566434,0.442106787861806,2.37590401347786
2022-05-16,9.36888943304966,9.68930231633501,1.62918281038378,106.588125,0.600694444444444,0.408834467838194,2.52514439128579
2022-05-17,8.79243086256856,9.36888943304966,1.70899026345899,104.564475524476,0.306783216783217,0.34859012551412,2.48063808707801
2022-05-18,9.04135957839044,8.79243086256856,1.70287103646467,104.569791666667,0.325902777777778,0.31421329051412,2.53761255062984
2022-05-19,8.81215144449686,9.04135957839044,1.90374836849276,104.953706293706,0.248601398601399,0.306538980404398,2.73786263267471
2022-05-20,8.99787545357044,8.81215144449686,2.05148977969645,105.409305555556,0.244444444444444,0.29605616775625,2.89573041036585
2022-05-21,8.98352024443192,8.99787545357044,2.18102392805088,105.365555555556,0.213333333333333,0.277701165994444,3.04509956749652
2022-05-22,8.51965481881626,8.98352024443192,2.34059449911638,104.130347222222,0.123055555555556,0.264575368902315,3.14804640661531
2022-05-23,8.5395477661718,8.51965481881626,2.29520548049879,101.803055555556,0.417222222222222,0.35275831675787,2.61524996014714
2022-05-24,9.05713461699944,8.5395477661718,2.03966031667494,98.6327083333333,0.606319444444444,1.62830812689931,3.10033573938414
2022-05-25,10.1509168033898,9.05713461699944,1.89798719221028,98.5653472222222,0.707986111111111,1.04361704979444,1.51890394915027
2022-05-26,10.9643140378604,10.1509168033898,1.75640831423004,97.986993006993,0.995454545454545,1.03152945433958,1.84527749363179
2022-05-27,11.6039451941715,10.9643140378604,1.71973237628981,99.7885314685315,0.842867132867133,1.14134328290949,1.94057787852773
2022-05-28,11.2158283292878,11.6039451941715,1.88463381853796,100.83661971831,0.579788732394366,0.994615205731482,2.02843976019287
2022-05-29,10.5058686363675,11.2158283292878,1.97326144845135,101.288251748252,0.319370629370629,0.816537364857639,1.82046759119393
2022-05-30,11.2059878456176,10.5058686363675,1.92652146330329,102.520416666667,0.278680555555556,0.726908786209259,1.87415706720692
2022-05-31,10.4717730275074,11.2059878456176,2.21670175430177,102.410416666667,0.129097222222222,0.65763415861713,1.96832290821323
2022-06-01,10.5409823163907,10.4717730275074,2.53241010548425,103.281398601399,0.0534965034965035,0.62523399162963,2.19250610915015
2022-06-02,11.2367381833089,10.5409823163907,2.6284244514045,103.492042253521,0.0776760563380282,0.579209881746528,2.41160280453011
2022-06-03,9.08732813281377,11.2367381833089,2.75039735562802,100.161830985915,0.00549295774647887,0.542445236031482,2.56527113830362
2022-06-04,9.05374601290994,9.08732813281377,2.68507722280879,99.2001388888889,0.0159722222222222,0.448644752592361,2.42878308980467
2022-06-05,9.25705593651495,9.05374601290994,2.60061822141608,98.9492361111111,0.0269444444444444,0.399316646900926,2.44849264256524
2022-06-06,9.62150327753485,9.25705593651495,2.51293737020967,99.3828671328671,0.124545454545455,0.356545604181713,2.46694986497244
2022-06-07,10.8032942756307,9.62150327753485,2.36304881308058,100.59013986014,0.389020979020979,0.412579845231713,2.60251585104454
2022-06-08,11.3429827167671,10.8032942756307,2.3789411147759,102.39875,0.539444444444444,0.764233647013195,2.24841087539472
2022-06-09,10.2532452385667,11.3429827167671,2.60262650758716,102.604436619718,0.28443661971831,0.738053140728472,1.62950152491728
2022-06-10,10.3363150982053,10.2532452385667,2.56449687339193,102.613286713287,0.356223776223776,0.624839294635185,1.50957365157206
2022-06-11,10.1346919115103,10.3363150982053,2.56188851884315,102.594475524476,0.494405594405594,0.55502301968912,1.56182345277682
2022-06-12,10.3738997159335,10.1346919115103,2.65045387081113,103.690902777778,0.591736111111111,0.517352799015046,1.74424864515666
2022-06-13,9.83134386151697,10.3738997159335,2.86103741991803,104.252013888889,0.417291666666667,0.4760045753,1.93142709392108
2022-06-14,9.492284497715,9.83134386151697,3.03789394850662,103.466180555556,0.41625,0.439410222239815,2.0500214902135
2022-06-15,9.54564144026844,9.492284497715,3.06456235083874,105.435034965035,0.435384615384615,0.430352350622685,2.08947128363802
2022-06-16,9.29752373901449,9.54564144026844,3.36050658977717,105.759370629371,0.43006993006993,0.4086259787,2.13954840987931
2022-06-17,9.03167222245083,9.29752373901449,3.28237547065942,103.129027777778,0.562569444444444,0.602037585605324,2.04699361581199
2022-06-18,8.99220965507221,9.03167222245083,3.08992156312263,101.080902777778,0.423194444444444,0.548828292801852,1.55528662124856
2022-06-19,9.25791177692751,8.99220965507221,2.87980674349819,100.555833333333,0.496944444444444,0.486951050815278,1.57315954496033
2022-06-20,9.1140630288422,9.25791177692751,2.76611333874337,99.6571527777778,0.581319444444444,0.428421836694213,1.59490620638928
2022-06-21,9.3344396290315,9.1140630288422,2.80432118624162,100.226111111111,0.557986111111111,0.39047787455625,1.72815051212762
2022-06-22,8.90963843011598,9.3344396290315,2.99317597543802,101.093566433566,0.327762237762238,0.362501072541435,1.87030502948145
2022-06-23,8.50832548909199,8.90963843011598,3.14183909311157,101.535244755245,0.405874125874126,0.33925639040625,2.09071220259736
2022-06-24,8.78318470083469,8.50832548909199,3.21340418919408,100.981736111111,0.434652777777778,0.302495988744907,2.15011522232472
2022-06-25,9.42223700357339,8.78318470083469,3.15462876891445,102.340559440559,0.59,0.285903330283565,2.30087674537273
2022-06-26,9.322376115746,9.42223700357339,3.13127503245403,101.583591549296,0.660774647887324,0.294753243269213,2.34878250274025
2022-06-27,9.07008687364305,9.322376115746,3.15120624473241,101.143776223776,0.653846153846154,0.294717699319444,2.2428628001584
2022-06-28,8.75705817373154,9.07008687364305,3.10719153851824,100.929861111111,0.683888888888889,0.252018275006481,2.19975918425772
2022-06-29,8.87307617316844,8.75705817373154,3.06540940075547,101.28170212766,0.789574468085106,0.227636186478704,2.24194345268614
2022-06-30,8.8494590507434,8.87307617316844,3.15426674808828,101.433888888889,0.694166666666667,0.215611721322685,2.35959313626589
2022-07-01,8.82972043151277,8.8494590507434,3.23429389680336,101.840422535211,0.672253521126761,0.198441871557639,2.55305952772409
2022-07-02,9.06984724395101,8.82972043151277,3.24963499539103,102.267234042553,0.822624113475177,0.202440831159954,2.54717648631155
2022-07-03,8.63447804989427,9.06984724395101,3.22252781444615,102.03027972028,0.80986013986014,0.219133224883333,2.3725137024771
2022-07-04,8.53651617675982,8.63447804989427,3.21545204551967,102.400902777778,0.769027777777778,0.20166310831875,2.3070872563024
2022-07-05,8.47680710580796,8.53651617675982,3.23661709598935,101.672361111111,0.739722222222222,0.210392065773843,2.44334786566378
2022-07-06,8.41196095327771,8.47680710580796,3.30077535043574,101.886736111111,0.663125,0.214243544509954,2.26075716793736
2022-07-07,8.11531769803237,8.41196095327771,3.54763168725367,102.565902777778,0.622847222222222,0.199635511661806,2.39695358360505
2022-07-08,8.22541866781972,8.11531769803237,3.59690389841319,103.798055555556,0.752013888888889,0.190317161248611,2.48643887318604
2022-07-09,8.20881424043912,8.22541866781972,3.39925773885966,101.199930555556,0.761458333333333,0.204433944880556,2.33809775895536
2022-07-10,8.76473975716727,8.20881424043912,3.18889091382232,99.7487412587413,0.878321678321678,0.282510209347454,1.90787731747942
2022-07-11,8.74459688654112,8.76473975716727,3.18912655157203,101.233216783217,0.645244755244755,0.304773454063657,1.36119548473007
2022-07-12,8.92251166667766,8.74459688654112,3.24238357814784,101.809027777778,0.625069444444444,0.312865272956482,1.63629211120682
2022-07-13,9.32293513676536,8.92251166667766,3.25544523995165,102.202727272727,0.761398601398601,0.332412323302315,1.35175249044836
2022-07-14,8.41186317223261,9.32293513676536,3.37931133551206,102.761188811189,0.716713286713287,0.292377103701852,1.38987676184117
2022-07-15,8.28626935974162,8.41186317223261,3.35205608767228,102.664615384615,0.749510489510489,0.260675614055324,1.44900696215283
2022-07-16,8.06573630953055,8.28626935974162,3.39341979982999,102.487412587413,0.711048951048951,0.238515818148148,1.56806049822064
2022-07-17,8.01121368372645,8.06573630953055,3.37088389465362,102.522887323944,0.753098591549296,0.221012810167361,1.76425264097819
2022-07-18,8.04052312255077,8.01121368372645,3.42427936509671,102.353714285714,0.763,0.206176659432639,1.87576709611184
2022-07-19,7.98332813335153,8.04052312255077,3.50156165073679,102.813541666667,0.778263888888889,0.191280030932639,2.01352891743699
2022-07-20,7.71729465053589,7.98332813335153,3.60912779348507,103.231258741259,0.684055944055944,0.172966939201157,2.09789566342883
2022-07-21,7.60007794651726,7.71729465053589,3.55332476007641,102.858169014085,0.829295774647887,0.16156210588588,2.21643577425848
2022-07-22,7.39190691577094,7.60007794651726,3.67142815592933,102.468111888112,0.792447552447552,0.148822517680787,2.3812154893077
2022-07-23,7.24580762754985,7.39190691577094,3.68676522765179,102.859929577465,0.67556338028169,0.137780550957176,2.45653889840787
2022-07-24,7.13176186173733,7.24580762754985,3.76389336219427,102.878125,0.669444444444444,0.130098283246759,2.56489720022509
2022-07-25,7.28844180740621,7.13176186173733,3.6734723495515,102.042291666667,0.804166666666667,0.133281323524537,2.67877755399349
2022-07-26,7.57765624169576,7.28844180740621,3.59273426105051,101.757202797203,0.92951048951049,0.134406528262731,2.55767598823785
2022-07-27,7.91025379294178,7.57765624169576,3.47035568996489,101.518181818182,1.05797202797203,0.139939182772222,2.43380948048403
2022-07-28,7.87799282264079,7.91025379294178,3.43922860613259,101.859020979021,1.00825174825175,0.14393336781412,2.34784179158389
2022-07-29,7.68272385088976,7.87799282264079,3.45072817258426,101.500555555556,0.825,0.137343413425694,2.43731918065904
2022-07-30,7.29176891675954,7.68272385088976,3.50299672218125,101.886363636364,0.634685314685315,0.123625570841898,2.5060828294705
2022-07-31,7.04183140515818,7.29176891675954,3.52134829825491,100.856527777778,0.637291666666667,0.22348709347662,2.91261444533329
2022-08-01,7.14143184741119,7.04183140515818,3.50238154837302,99.9841958041958,0.687412587412587,0.365484642295139,1.08863680898779
2022-08-02,7.27251970406803,7.14143184741119,3.50043852921351,100.197342657343,0.803356643356643,0.338025614832176,1.02169733589673
2022-08-03,6.98474233108032,7.27251970406803,3.61584806276221,100.980839160839,0.686083916083916,0.30007210357338,1.0872774396119
2022-08-04,7.08009760510622,6.98474233108032,3.63549618725142,101.241875,0.771597222222222,0.271850207457176,1.19624928039654
2022-08-05,7.23203894103878,7.08009760510622,3.57861214042907,101.625174825175,0.728321678321678,0.281516570274074,1.45480311162033
2022-08-06,7.10811856943727,7.23203894103878,3.45607946542577,99.924375,0.710069444444444,0.447262782605093,1.68310231696411
2022-08-07,7.42438348883169,7.10811856943727,3.50974338183858,99.9822377622378,0.624685314685315,0.473785465719676,1.01110649537948
2022-08-08,7.38470380351425,7.42438348883169,3.50017352467648,100.605384615385,0.571188811188811,0.428211225529167,1.14473459254139
2022-08-09,7.43810051835592,7.38470380351425,3.55029143127911,101.204027777778,0.657847222222222,0.38406988397037,1.25419908062235
2022-08-10,7.50242086345705,7.43810051835592,3.45120395088679,100.984195804196,0.761118881118881,0.416213285708796,1.5167775996166
2022-08-11,7.41324032676069,7.50242086345705,3.45604962597884,100.607552447552,0.823356643356643,0.411302385066898,1.30271984687238
2022-08-12,7.37798800382284,7.41324032676069,3.38056748519705,100.944615384615,0.824895104895105,0.372750992742593,1.4246433410377
2022-08-13,7.35348341150409,7.37798800382284,3.32840833422779,101.051328671329,0.70993006993007,0.322260546843056,1.41079712506873
2022-08-14,7.56409032126844,7.35348341150409,3.16550873026222,100.186993006993,0.803846153846154,0.328490817680093,1.62144179120868
2022-08-15,8.07181451085008,7.56409032126844,2.97522500992238,97.7895070422535,1.28753521126761,0.398738394583796,1.53668485853186
2022-08-16,9.05658276743572,8.07181451085008,2.77506352641626,98.30125,1.57520833333333,0.483343074660417,1.59039048531605
2022-08-17,8.96130818618712,9.05658276743572,2.71435134863543,99.8540559440559,1.2286013986014,0.456418267457407,1.43547232269883
2022-08-18,8.50030199587882,8.96130818618712,2.7862315952525,100.932253521127,0.927253521126761,0.395250312946065,1.42005226543971
2022-08-19,8.57989785866905,8.50030199587882,2.73937867778841,101.294965034965,0.934755244755245,0.365584908063889,1.59477829824531
2022-08-20,8.42859486574294,8.57989785866905,2.76747045978948,102.707638888889,0.850763888888889,0.31964196570787,1.63313538758751
2022-08-21,8.4407420725702,8.42859486574294,2.71409267203262,102.456923076923,0.977412587412587,0.315777754810648,1.77240028358405
2022-08-22,8.10485314574336,8.4407420725702,2.82821223012445,103.522112676056,0.805633802816901,0.308299732184722,1.77753457846791
2022-08-23,7.71149282726314,8.10485314574336,2.87289623955508,103.679652777778,0.563333333333333,0.270002983082639,1.78601953422025
2022-08-24,7.47705236021777,7.71149282726314,2.92377554797133,103.740208333333,0.463680555555556,0.242628306187037,1.84540572687995
2022-08-25,7.4238337921076,7.47705236021777,2.9179842836752,103.383986013986,0.573776223776224,0.228194810047454,1.99700101128689
2022-08-26,7.55195191354462,7.4238337921076,2.87655829502376,102.499583333333,0.43,0.212110907523843,2.2234616471624
2022-08-27,7.49442854408425,7.55195191354462,2.97867712753714,103.758194444444,0.469722222222222,0.190128831365509,2.28521363538705
2022-08-28,7.20654993796362,7.49442854408425,3.11992744707436,104.943829787234,0.399716312056738,0.17327357208125,2.33911683031299
2022-08-29,7.19527453405658,7.20654993796362,3.11646172733447,105.056830985915,0.45443661971831,0.164807745955787,2.47214809712194
2022-08-30,7.31857633080106,7.19527453405658,3.10499368592104,105.461944444444,0.810069444444444,0.167973279512037,2.53294086435817
2022-08-31,7.16867044391595,7.31857633080106,3.10982350896961,104.156319444444,0.463958333333333,0.162706939372454,2.36060528006104
2022-09-01,6.9471307282756,7.16867044391595,3.0953451533104,103.241875,0.465,0.14802994065162,2.41546759367105
2022-09-02,6.98083746668007,6.9471307282756,3.04709523231509,103.193636363636,0.491818181818182,0.135019794022917,2.45961864123751
2022-09-03,7.30181828463733,6.98083746668007,2.97729980708232,103.02176056338,0.553591549295775,0.123741751812037,2.51230428892357
2022-09-04,7.37752566726381,7.30181828463733,2.95102268937558,102.022291666667,0.679722222222222,0.117483364119213,2.61001106319568
2022-09-05,7.61893056696471,7.37752566726381,2.87701212451952,99.8116666666667,0.910555555555556,0.194528854042824,2.76531627964056
2022-09-06,7.78939913958809,7.61893056696471,2.91963214642738,99.6758041958042,0.93048951048951,0.363548823299537,0.99958265600056
2022-09-07,7.10198138166361,7.78939913958809,3.0226997010443,102.177272727273,0.983475177304965,0.342884525816204,1.00567199002373
2022-09-08,7.42026519713456,7.10198138166361,2.94213917881757,101.633943661972,0.845281690140845,0.312770312254861,1.09910799244872
2022-09-09,7.5663880900976,7.42026519713456,2.86272215232316,101.6575,1.0125,0.282172276571296,1.19197130244486
2022-09-10,7.86342140926892,7.5663880900976,2.73934513066843,100.0725,1.224375,0.306286989715741,1.38911020736194
2022-09-11,8.06712030646167,7.86342140926892,2.6362646312482,98.8756428571429,1.21778571428571,0.388199348224074,1.21625906044671
2022-09-12,8.07259197076439,8.06712030646167,2.66726758532002,102.562644628099,1.21435114503817,0.412004245448148,1.03911287830404
2022-09-13,8.38217298828422,8.07259197076439,2.58433776315053,104.216736111111,0.942708333333333,0.369076172741898,0.988924903515139
2022-09-14,8.93501570841357,8.38217298828422,2.49498211488037,102.632430555556,0.840694444444444,0.326208047294213,1.02943735475257
2022-09-15,8.51073550937564,8.93501570841357,2.49202078364885,103.498169014085,0.725915492957746,0.288694856607176,1.0676477019848
2022-09-16,8.30782911353261,8.51073550937564,2.4990838272081,103.604895104895,0.695244755244755,0.256477714435648,1.11281641838588
2022-09-17,8.80239950323072,8.30782911353261,2.43730913169338,103.044097222222,0.752222222222222,0.228159266097685,1.1532791726152
2022-09-18,8.84984994355644,8.80239950323072,2.41244261187387,102.937013888889,0.792361111111111,0.203416963511806,1.1944533550317
2022-09-19,9.0242480549434,8.84984994355644,2.40352531272936,103.298671328671,0.796433566433566,0.182223220328935,1.24312568961451
2022-09-20,8.67035857748345,9.0242480549434,2.51356494739093,104.253680555556,0.709236111111111,0.163880420221528,1.30133726971672
2022-09-21,8.25650317049046,8.67035857748345,2.51473963140688,105.75375,0.633680555555556,0.147755668681019,1.35359294551878
2022-09-22,8.80368572217085,8.25650317049046,2.35939423498792,105.071118881119,0.719020979020979,0.135927491008796,1.45186595998782
2022-09-23,9.03063402060176,8.80368572217085,2.15170933834838,101.577342657343,0.624545454545455,0.12230991419375,1.90845488889756
2022-09-24,9.09185027893186,9.03063402060176,2.05426368865608,100.123541666667,0.705763888888889,0.110468473853704,1.93534135003266
2022-09-25,9.54900231458202,9.09185027893186,1.93538805699359,97.1941134751773,0.906241134751773,0.100167094501389,1.97019288823922
2022-09-26,9.89778001686686,9.54900231458202,1.84995004407824,93.952027972028,0.888811188811189,0.0908476830747685,1.99711527793188
2022-09-27,9.7191543352974,9.89778001686686,1.75493496774402,93.7015492957747,0.785281690140845,0.0824746956240741,2.01332784438841
2022-09-28,9.45516398059195,9.7191543352974,1.6716626814856,94.7118309859155,0.681338028169014,0.0750300949210648,2.03632866910366
2022-09-29,9.34063834140779,9.45516398059195,1.5609810811236,95.9241911764706,0.793088235294118,0.0683743577002315,2.04833766536059
2022-09-30,9.47638338733056,9.34063834140779,1.3855839154462,94.607676056338,0.834084507042254,0.0901850801902778,2.63532512147202
2022-10-01,9.61724083083818,9.47638338733056,1.18008348639671,92.939014084507,1.0469014084507,0.511995211720833,1.1221565299563
2022-10-02,9.97810822843212,9.61724083083818,1.06818328366228,90.5684615384615,1.07307692307692,1.01354262423657,0.370580125390077
2022-10-03,10.4062317081399,9.97810822843212,0.993333275839063,90.9076223776224,0.947342657342657,0.955303066780787,0.353188722173199
2022-10-04,10.1728453052016,10.4062317081399,0.961399083554852,93.8572897196262,1.22207142857143,0.834288649980093,0.363722843193487
2022-10-05,10.1390942446481,10.1728453052016,0.950676846830447,93.8677622377622,1.12440559440559,0.730866896794676,0.385431418249706
2022-10-06,10.1037605616838,10.1390942446481,0.978170366787936,94.8872727272727,1.27,0.640869615980787,0.408101434315122
2022-10-07,10.2605582492516,10.1037605616838,0.919881860042096,94.8319444444444,1.273125,0.563021999907176,0.431549876518316
2022-10-08,10.2367274272599,10.2605582492516,0.870474123447707,96.0927777777778,1.20631944444444,0.496981341237269,0.466479149876442
2022-10-09,10.2322583043244,10.2367274272599,0.838981360917728,96.2291666666667,1.46694444444444,0.438660616254398,0.495845180203442
2022-10-10,10.3480026042645,10.2322583043244,0.779676224944978,95.0069230769231,1.3320979020979,0.387920301693056,0.525145440670873
2022-10-11,10.435292109526,10.3480026042645,0.742969854161629,95.2321678321678,1.45664335664336,0.343961454443518,0.558328346422688
2022-10-12,10.8802703404731,10.435292109526,0.683795128887709,92.9722916666667,1.56368055555556,0.306045609161343,0.598031177358713
2022-10-13,10.7636770363835,10.8802703404731,0.708443827125507,94.6824305555556,1.49493055555556,0.285821101743056,0.67190081110678
2022-10-14,10.7130532807004,10.7636770363835,0.676447033301883,95.0270138888889,1.591875,0.276655537263194,0.726759515468089
2022-10-15,10.7764275441412,10.7130532807004,0.645249494577115,93.9093006993007,1.63818181818182,0.246824083779861,0.765161919868633
2022-10-16,10.7087939207229,10.7764275441412,0.626384660639133,94.9661538461538,1.70797202797203,0.228399055131944,0.852437693075976
2022-10-17,10.5306322838642,10.7087939207229,0.614849376944335,96.4893893129771,1.79492857142857,0.227428227847222,0.835082808490786
2022-10-18,10.7631437640466,10.5306322838642,0.495839921281913,93.3149242424242,1.89727272727273,0.231357160563426,0.779626971424379
2022-10-19,10.8975380551312,10.7631437640466,0.397652650772102,91.0762237762238,2.09034965034965,0.207636613906713,0.832922407912252
2022-10-20,10.8378863971332,10.8975380551312,0.345659520156232,90.7091666666667,2.04930555555556,0.186434913123148,0.88211525547196
2022-10-21,10.8250717632743,10.8378863971332,0.310261236805331,89.8454609929078,1.97950354609929,0.167909088199769,0.935208384016783
2022-10-22,10.70102821685,10.8250717632743,0.289821524640956,90.8053472222222,2.27847222222222,0.151641630353472,0.990053980681703
2022-10-23,10.76952821234,10.70102821685,0.274868812011505,90.7286713286713,1.99797202797203,0.137367286227778,1.04659066332993
2022-10-24,10.5774648891641,10.76952821234,0.289750558201717,92.6609219858156,2.62574468085106,0.12485051084213,1.10477517825123
2022-10-25,10.7052391307836,10.5774648891641,0.257867504338265,92.1926388888889,2.48583333333333,0.113952841944444,1.16852886405959
2022-10-26,10.7492667989187,10.7052391307836,0.275571998246392,93.1201388888889,2.18291666666667,0.117225537856713,1.17211011499351
2022-10-27,10.6397379346355,10.7492667989187,0.251242126101943,93.5454929577465,2.01718309859155,0.142763070005324,1.04047832274894
2022-10-28,10.5152241585161,10.6397379346355,0.222874132533889,94.8838028169014,2.4643661971831,0.129101991639815,1.10537648547806
2022-10-29,10.4403925291395,10.5152241585161,0.234636841794213,96.3622916666667,2.73645833333333,0.117034555440046,1.174022818652
2022-10-30,10.450568896079,10.4403925291395,0.210277665341323,96.9399305555555,2.94152777777778,0.106508771748148,1.24521836149187
2022-10-31,10.6394610137481,10.450568896079,0.182278994338162,94.0578321678322,2.02160839160839,0.121293993838426,1.20277469187099
2022-11-01,10.5761522715056,10.6394610137481,0.207221710708495,93.5277083333333,1.72583333333333,0.190964379438426,0.711178277948473
2022-11-02,10.552240964779,10.5761522715056,0.192388354441846,95.0016783216783,2.23118881118881,0.171862424224769,0.777876212730623
2022-11-03,10.3443359825835,10.552240964779,0.220039568972879,97.5986713286713,2.72654929577465,0.156020963268981,0.839856102387639
2022-11-04,10.4012299199849,10.3443359825835,0.227489527085709,97.7655244755245,2.55965034965035,0.140770486791435,0.915768171214731
2022-11-05,11.1147558083189,10.4012299199849,0.20131781658722,89.4281818181818,1.62538461538462,0.135539160094907,0.951113546518455
2022-11-06,10.8756478267147,11.1147558083189,0.261022627298757,92.8228472222222,1.68027777777778,0.161540355110648,0.837432923264872
2022-11-07,10.3508169559292,10.8756478267147,0.4318116585913,99.4696478873239,1.75112676056338,0.186407326774074,0.674491143390556
2022-11-08,10.1690693486775,10.3508169559292,0.373460702234865,102.049375,1.89791666666667,0.166088919667593,0.734645900675874
2022-11-09,10.2859049642377,10.1690693486775,0.277622304578472,100.002394366197,2.30556338028169,0.148348244679398,0.797468128095553
2022-11-10,10.3768218198377,10.2859049642377,0.223451750274194,98.2114788732394,2.33697183098592,0.132992197365972,0.861625360506444
2022-11-11,10.3382724654378,10.3768218198377,0.220585268389527,98.6611111111111,2.58423611111111,0.236155063275463,1.44894979220487
2022-11-12,16.2570561137728,10.3382724654378,0.200488327405992,91.9546853146853,1.58272727272727,0.501788262563426,0.512757621058374
2022-11-13,14.2714409121833,16.2570561137728,0.102898139687568,91.180979020979,1.56321678321678,0.493691669110185,0.416933518446084
2022-11-14,14.2936533879678,14.2714409121833,0.0556417939402536,87.5123611111111,1.94153846153846,0.435579433265509,0.470122268327765
2022-11-15,15.110149157582,14.2936533879678,0.0330925310320254,83.2606993006993,1.62748251748252,0.469227882548611,0.878472339992538
2022-11-16,15.898985772011,15.110149157582,0.0757349218472427,82.3788194444444,1.460625,0.562810327728704,0.676788966266123
2022-11-17,16.7918997729363,15.898985772011,0.0819967892316527,83.6525174825175,1.48622377622378,0.530876476141898,0.565605772776375
2022-11-18,17.3934217197338,16.7918997729363,0.0748409542244417,83.3857746478873,1.61683098591549,0.471110120366204,0.630603645339501
2022-11-19,18.568476852146,17.3934217197338,0.0524915713186829,82.3908450704225,1.42815602836879,0.418662104695833,0.694396926406597
2022-11-20,19.1783172790666,18.568476852146,0.0357957731811211,83.5219444444444,1.32104166666667,0.373083089944907,0.762166942999582
2022-11-21,18.9471827883104,19.1783172790666,0.0170507462421483,83.3122916666667,1.59597222222222,0.333559809322454,0.833390324083867
2022-11-22,19.0336922373598,18.9471827883104,0.0256296681849335,83.4893706293706,1.80440559440559,0.299075281459722,0.908197547157093
2022-11-23,18.7143987778383,19.0336922373598,0.0554606160587809,84.7736111111111,1.89493055555556,0.268978574619907,0.986150502345066
2022-11-24,18.4023763921303,18.7143987778383,0.0584278901569633,85.0464788732394,2.05922535211268,0.242725919422222,1.06658273884459
2022-11-25,18.3167632672611,18.4023763921303,0.0620395814264612,85.9701398601399,1.83755244755245,0.219934290019907,1.15299078089798
2022-11-26,18.1477862158482,18.3167632672611,0.0473885496467119,86.8311888111888,2.09902097902098,0.200494402030093,1.32828830735851
2022-11-27,17.8335881897148,18.1477862158482,0.0434020485624842,88.0734965034965,2.42167832167832,0.195107636866667,1.32689463151484
2022-11-28,17.9416056954195,17.8335881897148,0.0238182711134414,87.6564335664336,2.14034965034965,0.204985671862037,1.25260095860206
2022-11-29,17.8860724941379,17.9416056954195,0.00550877562488949,86.1162237762238,2.09454545454545,0.186817408463194,1.3403417303471
2022-11-30,17.7902970494006,17.8860724941379,0.0129897792998008,87.3901408450704,2.23584507042254,0.210743261217824,1.33669310684231
2022-12-01,17.5558071294644,17.7902970494006,0.00564408305569941,87.2806993006993,2.4780985915493,0.266005615000463,0.979222923788137
2022-12-02,17.4637288752389,17.5558071294644,0.0131607917277279,87.0782638888889,2.73265734265734,0.239632534778935,1.06042660586002
2022-12-03,17.4280109129739,17.4637288752389,0.019736313762678,89.0968055555556,2.84784722222222,0.27557860863588,1.24936713490662
2022-12-04,17.3411312699849,17.4280109129739,0.00373661319849816,87.8175524475524,2.81464788732394,0.339177344906019,0.913433414770719
2022-12-05,17.2818834659673,17.3411312699849,0.00694133548358877,87.4451388888889,2.88163120567376,0.304760721902546,0.995698651454991
2022-12-06,17.259974083602,17.2818834659673,0.00663238659194576,88.0861111111111,3.16549295774648,0.33862614843125,1.32538104705103
2022-12-07,17.1965225238608,17.259974083602,0.0136943328675443,89.3526388888889,2.89151079136691,0.422230823353935,1.14712759501496
2022-12-08,18.8578127873228,17.1965225238608,0.0404681998213618,91.5314583333333,2.08825174825175,0.422962922617824,0.984596397004318
2022-12-09,17.6643389308443,18.8578127873228,0.0384495311593582,90.7176923076923,2.71916083916084,0.431194264776157,1.18971895811623
2022-12-10,17.5523979909226,17.6643389308443,0.028399365662608,90.330979020979,2.71101449275362,0.416236628004167,1.06168477775993
2022-12-11,17.443554774082,17.5523979909226,0.0178668097727268,89.9316666666667,2.41335664335664,0.37982636077338,1.14809440073523
2022-12-12,17.2479924828692,17.443554774082,0.00545998337895526,89.709875,2.0675,0.343931746067593,1.24323623956514
2022-12-13,NA,17.2479924828692,-0.00116202678611899,NA,NA,0.311406379495833,1.33901648727934
2022-12-14,NA,NA,0.00255420046858035,NA,NA,0.283559021118982,1.44432429196305
2022-12-15,NA,NA,-0.000314133853180465,NA,NA,0.514008484696528,2.36040627473808
2022-12-16,NA,NA,0.000901566531297249,NA,NA,0.556623027935417,1.10938603488848
2022-12-17,NA,NA,-0.00243384055909246,NA,NA,0.508865752621065,1.25311846139572
2022-12-18,NA,NA,0.00146987398352394,NA,NA,0.459742422520833,1.35816572622056
2022-12-19,NA,NA,0.00813241593584735,NA,NA,0.416842997177083,1.46739718356464
2022-12-20,NA,NA,0.00618380989521938,NA,NA,0.379661903692361,1.57616965621895
2022-12-21,NA,NA,0.00362742818902007,NA,NA,0.346895156566204,1.68834704095771
2022-12-22,NA,NA,0.00142178329940634,NA,NA,0.958719530012269,3.18563151257458
2022-12-23,NA,NA,-0.0027669281200815,NA,NA,0.844363502965972,1.3765874579123
2022-12-24,NA,NA,-0.000149122744005581,NA,NA,0.79059558659375,1.55878316943631
2022-12-25,NA,NA,0.00356309735127525,NA,NA,0.71875330651088,1.67989944222319
2022-12-26,NA,NA,0.00873181712006499,NA,NA,0.654615044913657,1.79911065584067
2022-12-27,NA,NA,0.008718268430016,NA,NA,0.598967012750694,1.92020349905717
2022-12-28,NA,NA,0.00566803358049128,NA,NA,0.549525378622685,2.0437322006082
2022-12-29,NA,NA,0.00698243344288585,NA,NA,0.506021175626157,2.16806713879089
2022-12-30,NA,NA,0.0102338990852786,NA,NA,0.46767349787963,2.2925268841599
2022-12-31,NA,NA,0.016274570838732,NA,NA,0.608166529660185,2.12406270826282
2023-01-01,NA,NA,0.0184325077736958,NA,NA,0.579280439139352,2.06971458086448
2023-01-02,NA,NA,0.0167879567121645,NA,NA,0.537977308494907,2.19410264653154
2023-01-03,NA,NA,0.0283172903707509,NA,NA,0.496570198534722,2.31937010565901
2023-01-04,NA,NA,0.0186748267809662,NA,NA,0.528196886734722,2.27691368217218
2023-01-05,NA,NA,0.0151505604681006,NA,NA,0.494218462276157,2.3550956046445
2023-01-06,NA,NA,0.0029023447924601,NA,NA,0.460108472152778,2.47895768476882
2023-01-07,NA,NA,0.00915496376467217,NA,NA,0.428480722939352,2.60869995864709
2023-01-08,NA,NA,0.00806304552213533,NA,NA,0.437747083694676,2.57044485299019
2023-01-09,NA,NA,0.00311623416632756,NA,NA,0.446541823982176,2.55427234720996
2023-01-10,NA,NA,0.0018565815846614,NA,NA,0.419719404574769,2.65683477698135
2023-01-11,NA,NA,0.00212799802534391,NA,NA,0.39331926851088,2.77716707377769
2023-01-12,NA,NA,0.00943785649963047,NA,NA,0.388531975933102,2.77725057654575
2023-01-13,NA,NA,0.00181253310211105,NA,NA,0.714186174218981,2.78331998746132
2023-01-14,NA,NA,-0.000659849945350288,NA,NA,0.624491812738194,2.40239015733617
2023-01-15,NA,NA,0.000412713529044595,NA,NA,0.589367493779629,2.54916504043379
2023-01-16,NA,NA,0.00159704834698005,NA,NA,0.546667538959954,2.688112042839
2023-01-17,NA,NA,0.00909076194079717,NA,NA,0.599950572196528,2.59262305011668
2023-01-18,NA,NA,0.00892064687559468,NA,NA,0.551455892551158,2.71479544276082
2023-01-19,NA,NA,0.00473800448912698,NA,NA,0.583721841340278,2.70832765311594
2023-01-20,NA,NA,-0.000401930612952128,NA,NA,0.539660075788426,2.81837181274293
2023-01-21,NA,NA,0.000680841583971414,NA,NA,0.506031255253704,2.95010609478919
2023-01-22,NA,NA,-0.000350209193811679,NA,NA,0.502597815807407,2.95442646760792
2023-01-23,NA,NA,-0.000707220636286365,NA,NA,0.507676887077315,2.95412794184955
2023-01-24,NA,NA,0.00255246587653346,NA,NA,0.474145149271065,3.06570339431547
2023-01-25,NA,NA,0.00799311637001665,NA,NA,0.637109384399306,2.95184209101999
2023-01-26,NA,NA,-0.00038448367536148,NA,NA,0.575636919034722,2.91133290939755
2023-01-27,NA,NA,0.000269209106363633,NA,NA,0.542546032306944,3.02632067852163
2023-01-28,NA,NA,0.00241364219641582,NA,NA,0.508682727805093,3.15582430005569
2023-01-29,NA,NA,0.000455954375183865,NA,NA,0.647379994362268,2.94188747894993
2023-01-30,NA,NA,0.00503614726699197,NA,NA,0.585366412150463,2.99888527383294
2023-01-31,NA,NA,0.0092407563490724,NA,NA,0.580939333630787,3.01078018199833
2023-02-01,NA,NA,0.00866263041177717,NA,NA,0.643653715210417,2.99188728744619
2023-02-02,NA,NA,0.00635470643260305,NA,NA,0.592426925993287,3.06164755860696
2023-02-03,NA,NA,-0.000431719534162767,NA,NA,0.55627979009213,3.18430032176787
2023-02-04,NA,NA,0.00118369674714813,NA,NA,0.522935851662268,3.30922596372837
2023-02-05,NA,NA,0.00171636465336178,NA,NA,0.493578140673611,3.43189415191479
2023-02-06,NA,NA,0.00129883706961209,NA,NA,0.467034237290509,3.54970438061918
2023-02-07,NA,NA,0.00685341485768731,NA,NA,0.442923237693056,3.66508325488139
2023-02-08,NA,NA,0.0174133621716237,NA,NA,0.421575647563426,3.77391256200718
2023-02-09,NA,NA,0.0378846392694641,NA,NA,0.403017992237269,3.88318842678215
2023-02-10,NA,NA,0.0214555056422796,NA,NA,0.386127719509954,3.97198861848713
2023-02-11,NA,NA,0.00633315495088027,NA,NA,0.369538774595602,4.05985267960326
2023-02-12,NA,NA,0.00663322653178966,NA,NA,1.00328421592801,3.23554435032924
2023-02-13,NA,NA,0.00569845650852585,NA,NA,1.09803112334306,2.97036687026338
2023-02-14,NA,NA,0.00525288050528161,NA,NA,0.934792616244213,2.95560631641672
2023-02-15,NA,NA,0.0237213343008307,NA,NA,0.876683032933102,3.08494988620541
2023-02-16,NA,NA,0.0251366277332181,NA,NA,0.962969419289815,2.93413134066554
2023-02-17,NA,NA,0.050557083744593,NA,NA,1.32194209168333,2.88259958071279
2023-02-18,NA,NA,0.037141029776194,NA,NA,1.05033432579398,3.24819306318092
2023-02-19,NA,NA,0.0341866928579293,NA,NA,0.986431078670602,3.35589780215584
2023-02-20,NA,NA,0.0170785470157853,NA,NA,0.919985112871991,3.47718178740983
2023-02-21,NA,NA,0.00766394890251831,NA,NA,0.86203309005463,3.61063040486817
2023-02-22,NA,NA,0.0191106417635183,NA,NA,0.807513976176852,3.73877578907812
2023-02-23,NA,NA,0.0514533697631805,NA,NA,0.761050606735417,3.84644071790003
2023-02-24,NA,NA,0.0496296192670798,NA,NA,0.718640308581018,3.96934956408761
2023-02-25,NA,NA,0.0547102119963938,NA,NA,0.707379242584954,3.9395441588177
2023-02-26,NA,NA,0.0568779150281671,NA,NA,0.661164150285185,4.09295443749759
2023-02-27,NA,NA,0.0460388778074048,NA,NA,0.635018657443518,4.14702039425098
2023-02-28,NA,NA,0.061972266468274,NA,NA,0.664424644543055,3.98104810313358
2023-03-01,NA,NA,0.0851515752074192,NA,NA,0.59903969217037,4.20657749312778
2023-03-02,NA,NA,0.106636225691204,NA,NA,0.685158438405787,3.80715081566871
2023-03-03,NA,NA,0.112574388673352,NA,NA,1.03297667665255,3.2262520985789
2023-03-04,NA,NA,0.0682688733963914,NA,NA,1.80196366381389,3.38742137920395
2023-03-05,NA,NA,0.102934808506689,NA,NA,1.26848452173819,3.46537821177953
2023-03-06,NA,NA,0.130090299883136,NA,NA,1.19984225814792,3.56149447470941
2023-03-07,NA,NA,0.101003619348148,NA,NA,1.11232615723056,3.68288816267663
2023-03-08,NA,NA,0.0930731352000294,NA,NA,1.03553318850231,3.80282483849649
2023-03-09,NA,NA,0.103161825661459,NA,NA,0.968488280624769,3.9225653500702
2023-03-10,NA,NA,0.0908229150295483,NA,NA,1.10400409842431,3.50210015487471
2023-03-11,NA,NA,0.016816038040929,NA,NA,0.925067367182176,3.92374334979409
2023-03-12,NA,NA,0.00449476097628576,NA,NA,0.983158382758333,3.66492485609019
2023-03-13,10.729323770496,NA,0.0157419197123545,103.956904761905,3.78407407407407,0.882452293436574,3.91243550913964
2023-03-14,10.8570166788883,10.729323770496,-0.000591591758734467,102.680763888889,3.53506944444444,0.828523633530324,4.0358339538943
2023-03-15,10.7273679077962,10.8570166788883,0.0183245615108945,103.290277777778,3.7475,0.783257617740046,4.13970698297857
2023-03-16,10.5706253977443,10.7273679077962,0.0402977499646795,104.554513888889,4.55645390070922,0.741095066220602,4.24350928482409
2023-03-17,10.7627348639711,10.5706253977443,0.0337178920160568,104.159090909091,5.00164285714286,0.738251019732407,4.17721810065565
2023-03-18,10.6574998977122,10.7627348639711,0.0280722324764611,103.419160839161,3.63797202797203,0.704249783485185,4.2930190794152
2023-03-19,10.4729924827387,10.6574998977122,0.021312053023621,104.175915492958,3.95347517730496,0.661597043762963,4.43748075541414
2023-03-20,10.3211577911756,10.4729924827387,0.0411017279160433,106.111608391608,5.58751825547445,0.631234022553241,4.51982149310429
2023-03-21,10.982907864754,10.3211577911756,0.0400494815377215,104.906888888889,4.18909090909091,0.602803637298843,4.60010261564281
2023-03-22,11.7761717755054,10.982907864754,0.0515110720803023,103.576805555556,2.77798611111111,0.577576982084028,4.66875534454459
2023-03-23,11.983203217207,11.7761717755054,0.0475519595969445,102.676527777778,2.53319444444444,0.555425674284259,4.79477961206221
2023-03-24,11.5828088168394,11.983203217207,0.122338795096312,106.957832167832,2.72929577464789,0.533131660178704,4.85298741825448
2023-03-25,11.4324101130643,11.5828088168394,0.164089489990147,108.754097222222,3.43615384615385,0.605698612431482,4.32586867717231
2023-03-26,11.4017969779785,11.4324101130643,0.15830571916581,107.440486111111,3.13326389583333,0.535320000369676,4.66665939927042
2023-03-27,10.8635986007898,11.4017969779785,0.259351641441981,110.229300699301,2.74753521126761,0.531505657103472,4.5923526000541
2023-03-28,10.7327106199409,10.8635986007898,0.289062722533572,110.313404255319,3.10294964028777,0.503842915062731,4.74762013563726
2023-03-29,10.5598177353395,10.7327106199409,0.306281296730617,110.331118881119,3,0.48593619147338,4.81558104117426
2023-03-30,10.3022820853912,10.5598177353395,0.327808712731667,110.261538461538,2.77601398601399,0.466770575454167,4.90192735645979
2023-03-31,10.3794861377228,10.3022820853912,0.303052721323184,110.13979020979,3.0743661971831,0.601877372578009,4.04131038938488
2023-04-01,10.8533430455701,10.3794861377228,0.245459961152619,107.213776223776,2.49265734265734,0.664156738653009,3.75580404320053
2023-04-02,10.6270224805625,10.8533430455701,0.230164575798312,104.843356643357,1.98405594405594,0.564392298746759,4.02491272462716
2023-04-03,10.5001530567434,10.6270224805625,0.266933839227477,105.892986111111,2.60762237762238,0.535559258897222,4.12966903213792
2023-04-04,10.7792844128649,10.5001530567434,0.272073975018998,106.552307692308,2.86992958450704,0.506550090818982,4.23944485056166
2023-04-05,10.6887610905012,10.7792844128649,0.379649895281659,108.365902777778,2.88119717605634,0.48016374792963,4.34756668846895
2023-04-06,10.302340931437,10.6887610905012,0.524393691861064,109.674154929577,1.75669014084507,0.490904917346991,4.18868083570451
2023-04-07,9.92722016368518,10.302340931437,0.601708354883954,107.694615384615,2.30678321678322,0.722063137893056,3.50750358905635
2023-04-08,10.0965261250663,9.92722016368518,0.465194249488263,105.446875,2.56895104895105,0.610323569955093,3.73417798538664
2023-04-09,9.96191129465326,10.0965261250663,0.44253493651172,105.773986013986,1.96020979020979,0.58107408233588,3.85184590060065
2023-04-10,9.82073409163567,9.96191129465326,0.466977795601792,106.250763888889,1.69496503496503,0.546744462433333,3.98599661559002
2023-04-11,9.8111256457909,9.82073409163567,0.455869467551793,106.748888888889,1.40916666666667,0.515931041024306,4.11403305827614
2023-04-12,9.01674893331541,9.8111256457909,0.650901648164336,108.481901408451,0.889859154929577,0.487667234877778,4.2328076862827
2023-04-13,9.07617180810183,9.01674893331541,0.675915456850248,108.027552447552,1.03223776223776,0.462219358363657,4.34304051859393
2023-04-14,8.86575349196925,9.07617180810183,0.798704135677212,109.08986013986,1.5937323943662,0.528145958090278,3.84812415247853
2023-04-15,8.46793094005377,8.86575349196925,1.00347955562734,109.557013888889,1.27284722222222,0.487649197649537,4.13831817182941
2023-04-16,8.64945652761508,8.46793094005377,0.949533076371267,109.098951048951,1.16405594405594,0.46809259818287,4.22281407604692
2023-04-17,9.36173509481418,8.64945652761508,0.657833879724194,107.348541666667,1.33944444444444,0.71975596419838,3.50400557810564
2023-04-18,8.86904578903708,9.36173509481418,0.657902949557638,105.527638888889,0.956319444444444,0.6051755328125,3.81941705018628
2023-04-19,8.63194493924731,8.86904578903708,0.859165934938915,105.505804195804,1.0386013986014,0.574867684300926,3.94787840755985
2023-04-20,8.53332109492157,8.63194493924731,0.900237312647619,106.453916083916,1.1313986013986,0.540506764502315,4.08499779162782
2023-04-21,8.52681154974509,8.53332109492157,0.973369675205163,106.958811188811,0.972237762237762,0.509628090767593,4.21488085076261
2023-04-22,8.37302004724571,8.52681154974509,0.980513733742441,106.407446808511,1.35687943262411,0.878189141491204,3.31465079274945
2023-04-23,8.3304682578444,8.37302004724571,0.898953641103731,105.281549295775,1.15366197183099,0.712944258003935,3.7354164356835
2023-04-24,8.2017169480278,8.3304682578444,0.893617469757487,104.695104895105,0.901958041958042,0.675801891509259,3.83945112569473
2023-04-25,8.23301544438275,8.2017169480278,0.85660161306032,104.068251748252,0.973916083916084,0.632697690574306,3.97105889593495
2023-04-26,8.2480188698791,8.23301544438275,0.818932597525077,103.75958041958,1.2041958041958,0.595294314776852,4.10293336565299
2023-04-27,8.40375670553517,8.2480188698791,0.777983891820554,102.719305555556,1.12569444444444,0.580162671803009,4.16422442920224
2023-04-28,8.64113331154075,8.40375670553517,0.785005420857374,101.666944444444,1.26673611111111,2.13837600773194,3.62407828882376
2023-04-29,8.98060467371684,8.64113331154075,0.821098465740306,101.446666666667,1.13277777777778,1.25839958912477,3.54753293640873
2023-04-30,9.82577373264105,8.98060467371684,0.865539290030256,101.493802816901,1.02866197183099,1.36234017787546,3.39057896462536
2023-05-01,11.1979474962975,9.82577373264105,0.706621278357261,98.4995833333333,1.10104166666667,1.17569730612083,3.68742943933204
2023-05-02,13.1069606141818,11.1979474962975,0.604110265063241,96.4977622377622,1.08923076923077,1.0941451616706,3.803723042416
2023-05-03,12.8449523807366,13.1069606141818,0.562256346523668,96.18125,1.08166666666667,1.01860418878495,3.93060838234658
2023-05-04,11.7715905537215,12.8449523807366,0.607101244984051,97.38875,0.858602941176471,0.950614978958333,4.05826217980914
2023-05-05,10.8690327064247,11.7715905537215,0.661522098950627,99.4036111111111,0.759375,0.871637383586111,4.12957052466543
2023-05-06,10.8692353179134,10.8690327064247,0.735969692673052,100.593958333333,0.768194444444444,0.797307027019444,4.1971740270248
2023-05-07,11.1521868368575,10.8692353179134,0.811181002799913,102.360281690141,0.768802816901409,0.840467992172685,4.08641434499335
2023-05-08,10.5308105754361,11.1521868368575,1.10899906473003,105.152643678161,0.632183908045977,0.715416419286342,4.30609697950322
2023-05-09,9.78813537215921,10.5308105754361,1.37173593038278,106.4792,0.5516,0.707249798946991,4.47583521545442
2023-05-10,9.75400055990367,9.78813537215921,1.41515176733606,106.669880952381,0.4078125,0.671685159416667,4.6133067955644
2023-05-11,9.73522947930106,9.75400055990367,1.3914276045756,106.074027777778,0.441319444444444,0.576932416427778,4.58477699556419
2023-05-12,9.25827486855561,9.73522947930106,1.5276587980004,106.871736111111,0.509236111111111,0.676039028009954,4.42586557453464
2023-05-13,8.83674585013594,9.25827486855561,1.81889174645187,108.679444444444,0.652152777777778,0.666005554547685,4.26950790735168
2023-05-14,8.40890204020087,8.83674585013594,1.97297798646684,108.705486111111,0.474027777777778,0.681222078595602,4.1538918010088
2023-05-15,8.80066087636585,8.40890204020087,1.87061805890039,107.5525,0.882638888888889,0.815714548945833,3.71614722550653
2023-05-16,9.24584762886808,8.80066087636585,1.76472180688415,108.520902777778,1.00347222222222,0.720862070694907,3.8754270255472
2023-05-17,8.52420084418506,9.24584762886808,1.86878587632202,108.645347222222,0.654375,0.798535680566667,3.65657918513558
2023-05-18,8.68513784961061,8.52420084418506,1.80110683440967,108.342361111111,0.620138888888889,0.59929751843287,3.70019563235281
2023-05-19,8.74771244069826,8.68513784961061,1.69220484234972,108.095833333333,0.704722222222222,0.541633030253935,3.74642620323946
2023-05-20,8.79622929460171,8.74771244069826,1.82599236882231,107.96375,0.683819444444444,0.555512677385185,3.95650612718883
2023-05-21,8.51635085513415,8.79622929460171,1.79672328026516,108.519861111111,0.697847222222222,0.531608044899074,4.15736930133044
2023-05-22,8.36784333890512,8.51635085513415,1.82689831394157,108.961597222222,0.617986111111111,0.432832469505787,4.05449297388725
2023-05-23,8.27703063243612,8.36784333890512,1.83266507294115,108.4125,0.559652777777778,0.385504374122222,4.08987823942577
2023-05-24,8.11956395727553,8.27703063243612,1.86125298199261,108.135625,0.398194444444444,0.345326978722685,4.11559933511333
2023-05-25,8.20827187408182,8.11956395727553,1.82366156381977,107.299236111111,0.506736111111111,0.308893369196528,4.11155821873696
2023-05-26,8.18570672807424,8.20827187408182,1.76442727437995,107.246388888889,0.394652777777778,0.275876753408565,4.13249363011394
2023-05-27,8.07776237587194,8.18570672807424,1.66833758399378,107.156111111111,0.579583333333333,0.249558315378472,4.13889863205893
2023-05-28,8.19034571544077,8.07776237587194,1.54964717677501,106.007986111111,0.771597222222222,0.282306494769676,4.2262917062079
2023-05-29,8.24456915245984,8.19034571544077,1.47291434529984,104.835486111111,0.952152777777778,0.778188626097685,3.10932470184978
2023-05-30,8.23158664319168,8.24456915245984,1.51552855660827,104.168263888889,0.784583333333333,0.819602632645139,1.86479371730866
2023-05-31,8.16629682467251,8.23158664319168,1.62725903793762,105.438611111111,0.640694444444444,0.710124084317824,1.81909595040106
2023-06-01,7.74463113089493,8.16629682467251,1.75517271547074,106.802361111111,0.459861111111111,0.621463149913889,1.84130463732189
2023-06-02,7.19546722710328,7.74463113089493,1.95141173504533,107.794722222222,0.332361111111111,0.550734403421528,1.89571816219372
2023-06-03,7.11894343758494,7.19546722710328,2.10080790428151,107.024236111111,0.256736111111111,0.521461573506944,2.07945470268071
2023-06-04,7.72416756547801,7.11894343758494,2.00098434088113,105.20375,0.671527777777778,0.485164304206018,2.29188763627218
2023-06-05,7.46459348807603,7.72416756547801,1.94628678844845,106.247062937063,0.472447552447552,0.415868986852083,2.24515855794486
2023-06-06,7.30250111410334,7.46459348807603,2.05601719470872,106.465694444444,0.532152777777778,0.367974840805787,2.26634122852418
2023-06-07,7.6354617046095,7.30250111410334,1.96160100315001,106.200330578512,0.366,0.32805527166875,2.30602169212832
2023-06-08,7.73906771234193,7.6354617046095,1.93265167264826,107.043194444444,0.229861111111111,0.290443406733102,2.31788018988717
2023-06-09,7.45724734117407,7.73906771234193,1.95160516865531,106.317762237762,0.182307692307692,0.258037934678472,2.33141926689816
2023-06-10,7.58084589676752,7.45724734117407,1.95087423833536,106.078531468531,0.162307692307692,0.231148140918519,2.37312720329025
2023-06-11,7.9026122349827,7.58084589676752,1.92016430903345,106.174652777778,0.272430555555556,0.215735859893519,2.52545123690552
2023-06-12,7.91096252814293,7.9026122349827,1.90579205487768,106.065277777778,0.329166666666667,0.203035529185185,2.99174331103679
2023-06-13,7.81875324090678,7.91096252814293,1.90652181230223,105.942978723404,0.27886524822695,0.180946290670833,2.99927876580998
2023-06-14,8.06667260657875,7.81875324090678,1.82528616907689,105.046993006993,0.434265734265734,0.170438544207176,3.11882343786476
2023-06-15,7.8420642983751,8.06667260657875,1.94911924489543,105.614225352113,0.260985915492958,0.160974304447917,3.30548552408259
2023-06-16,7.51773248978464,7.8420642983751,1.9616912772218,105.417816901408,0.132676056338028,0.14489305445787,3.3281830097905
2023-06-17,7.11698201653378,7.51773248978464,2.13085221747235,104.941319444444,0.0652777777777778,0.13169723047963,3.33940253295092
2023-06-18,6.96164322071064,7.11698201653378,2.15738732854459,105.239166666667,0.112083333333333,0.119682844951157,3.34661637138133
2023-06-19,7.21963379458587,6.96164322071064,2.08400372048732,105.112183098592,0.318450704225352,0.121456328892593,3.31085330910616
2023-06-20,7.47824700915142,7.21963379458587,2.00510280566755,104.143006993007,0.671188811188811,0.227520536015278,2.45526658179325
2023-06-21,7.73634839528077,7.47824700915142,1.90442767881973,103.360555555556,1.12006944444444,0.527237200090972,1.20945386416485
2023-06-22,7.82956901048627,7.73634839528077,1.75828100654041,102.354366197183,1.2087323943662,0.930870580115278,1.70629208027437
2023-06-23,8.00355701769813,7.82956901048627,1.82310343353072,102.690625,0.936319444444444,1.02038350830023,0.735671434060184
2023-06-24,7.66319460260603,8.00355701769813,2.0474208498174,104.235524475524,0.552097902097902,0.960539698544444,0.871530447230985
2023-06-25,7.40087832819038,7.66319460260603,2.22156734154953,106.052377622378,0.398181818181818,0.852518452157639,0.927199875045815
2023-06-26,7.8316205106469,7.40087832819038,2.10668942935638,106.395664335664,0.474825174825175,0.757047933586111,1.01820006334844
2023-06-27,7.47726534066397,7.8316205106469,2.18543791520005,106.428671875,0.536642857142857,0.673742464449537,1.11574978858234
2023-06-28,6.76465635044753,7.47726534066397,2.4152900327241,105.662214285714,0.311142857142857,0.582647034739815,1.09261356807529
2023-06-29,6.76252061628286,6.76465635044753,2.45428943214529,106.764615384615,0.295454545454545,0.514480635671065,1.13014041169695
2023-06-30,6.77628042639119,6.76252061628286,2.48933863987327,107.200979020979,0.339090909090909,0.469774834969676,1.26479213931685
2023-07-01,6.593383815531,6.77628042639119,2.56057886491601,107.846056338028,0.299929577464789,0.426119437559954,1.42051290351095
2023-07-02,6.64594714124855,6.593383815531,2.60205169907749,108.668811188811,0.311958041958042,0.385924004932176,1.53409864144293
2023-07-03,6.98518662510569,6.64594714124855,2.75748497324651,107.636503496503,0.382027972027972,0.344050579571296,1.59437005421475
2023-07-04,6.33525241900272,6.98518662510569,2.87089086774574,107.743450704225,0.540774647887324,0.317336914040046,1.71521138392148
2023-07-05,5.92401825109465,6.33525241900272,3.08522863798578,107.039507042254,0.419718309859155,0.281140971521296,1.77564591242914
2023-07-06,5.75447533001494,5.92401825109465,3.23940167988405,106.835664335664,0.0836363636363636,0.26154511455787,1.92085353238271
2023-07-07,5.49798295916281,5.75447533001494,3.40940100525324,105.523095238095,0.150952380952381,0.240915830517593,2.09634372990637
2023-07-08,5.51899585578952,5.49798295916281,3.44362588852186,103.852083333333,0.362916666666667,0.215043548633102,2.13639895893723
2023-07-09,NA,5.51899585578952,3.33654768343911,NA,NA,0.226261113078704,2.22508792497069
2023-07-10,5.3825816974401,NA,3.29228192452365,104.805714285714,0.455714285714286,0.235029328030556,1.82381249040693
2023-07-11,5.34632396535583,5.3825816974401,3.31900089765827,105.526666666667,0.39,0.211957591083796,1.88717969254489
2023-07-12,NA,5.34632396535583,3.23164845537246,NA,NA,0.191600987493981,1.94370455690735
2023-07-13,NA,NA,3.23241243728739,NA,NA,0.190182412543519,2.02236033161131
2023-07-14,5.6642238607356,NA,3.1439567855017,105.273493975904,0.603734939759036,0.206297614963194,1.91581226582731
2023-07-15,5.65436681776211,5.6642238607356,3.18341382814731,103.44375,0.506458333333333,0.19237605780162,2.01860313765936
2023-07-16,5.36944684999215,5.65436681776211,3.35656935575616,102.227777777778,0.457708333333333,0.612637640237037,2.72077976058524
2023-07-17,5.67137306786186,5.36944684999215,3.35637373642703,102.306944444444,0.581666666666667,0.774843781272454,0.806532778573888
2023-07-18,5.66995938292504,5.67137306786186,3.31431230956741,102.757638888889,0.624722222222222,0.708087469046759,0.996450239672505
2023-07-19,5.361903064719,5.66995938292504,3.35641141136784,104.037142857143,0.512571428571429,0.63087752204213,1.11503719313352
2023-07-20,5.36616797129859,5.361903064719,3.37317498162486,103.477083333333,0.328402777777778,0.564554103294213,1.22535776406037
2023-07-21,5.34691176020642,5.36616797129859,3.38690890138025,101.922222222222,0.255208333333333,0.506257781620139,1.33816624069597
2023-07-22,5.46166550010587,5.34691176020642,3.24244782934591,101.622916666667,0.475,0.455125422597917,1.45586875966742
2023-07-23,5.57639821788689,5.46166550010587,3.18400896358969,102.202083333333,0.487430555555556,0.500497009224074,1.55284111626487
2023-07-24,5.33558781974197,5.57639821788689,3.24681728560699,102.570138888889,0.398888888888889,0.481493197752315,1.29791430239861
2023-07-25,5.37560437692397,5.33558781974197,3.26091441413735,102.458333333333,0.328958333333333,0.429854204819213,1.37114619676627
2023-07-26,5.35976972229855,5.37560437692397,3.25895926787484,102.849305555556,0.322430555555556,0.384250256252778,1.44551765271128
2023-07-27,5.50391701795293,5.35976972229855,3.28352375032762,103.397222222222,0.342291666666667,0.352699961019444,1.58986577140829
2023-07-28,5.45001819471422,5.50391701795293,3.32798368751548,102.401388888889,0.298333333333333,0.322883361724074,1.82869122885422
2023-07-29,5.41282572384006,5.45001819471422,3.34362455060455,101.441666666667,0.266111111111111,0.29178771074375,1.93448566135229
2023-07-30,5.28213143237114,5.41282572384006,3.42643954635003,101.505555555556,0.288819444444444,0.260080916030093,1.9622641509434
2023-07-31,4.99241873282641,5.28213143237114,3.48375309828452,102.679166666667,0.229236111111111,0.242241036286574,2.11772538335866
2023-08-01,5.04153438374141,4.99241873282641,3.37985633476217,102.85625,0.342152777777778,0.215115697546065,2.25652357265636
2023-08-02,5.27600746503896,5.04153438374141,3.23153199314959,102.658333333333,0.596666666666667,0.193515586221065,2.2863408950723
2023-08-03,5.98540575339372,5.27600746503896,3.0402383810507,99.4576388888889,0.974722222222222,0.271991322242824,2.70137955650564
2023-08-04,6.10064633558614,5.98540575339372,2.9901639013093,99.86875,0.838611111111111,0.401921965368287,1.19453181612394
2023-08-05,5.50359445569539,6.10064633558614,3.10446830552678,102.463888888889,0.731944444444444,0.356061782059491,1.23962078331518
2023-08-06,5.77329558897938,5.50359445569539,2.98622872757073,101.958333333333,0.701468531468531,0.324841992508333,1.34895904782435
2023-08-07,5.69803262777075,5.77329558897938,2.99326920753094,102.659722222222,0.824265734265734,0.295577650701157,1.50046395925056
2023-08-08,6.16096389058762,5.69803262777075,2.88739842336042,102.052,0.789733333333333,0.268883083411574,1.63561820054376
2023-08-09,NA,6.16096389058762,NA,NA,NA,0.238317939144213,1.68511687854915
2023-08-10,NA,NA,NA,NA,NA,0.230016039593056,1.80590343605995
2023-08-11,NA,NA,NA,NA,NA,0.22504466118588,1.68078320254027
2023-08-12,NA,NA,NA,NA,NA,0.203623330623148,1.76902154089853
2023-08-13,NA,NA,NA,NA,NA,0.184443921429398,1.84367584669591
2023-08-14,NA,NA,3.14028183479218,NA,NA,0.17337914291713,1.93685782300852
2023-08-15,NA,NA,3.02573856891354,NA,NA,0.16215839543125,2.17557014659744
2023-08-16,NA,NA,3.00256341517138,NA,NA,0.14586335123588,2.22948816334547
2023-08-17,NA,NA,3.00384368435732,NA,NA,0.136228288315046,2.34823142735865
2023-08-18,NA,NA,2.89966115279344,NA,NA,0.123600106519676,2.46367791917935
2023-08-19,NA,NA,2.79925549234281,NA,NA,0.112171400402315,2.48767983655092
2023-08-20,NA,NA,NA,NA,NA,0.103421753185417,2.5493847108731
2023-08-21,NA,NA,2.9383226889305,NA,NA,0.0959028815425926,2.61649776519007
2023-08-22,NA,NA,3.0043721407983,NA,NA,0.0890614669722222,2.67452942578032
2023-08-23,NA,NA,2.9485250999445,NA,NA,0.081846045169213,2.70289540378146
2023-08-24,NA,NA,2.88423591937499,NA,NA,0.0764927019287037,2.76722057314062
2023-08-25,NA,NA,2.84775438756833,NA,NA,0.0746396419803241,2.82881410142507
2023-08-26,NA,NA,2.93822777837261,NA,NA,0.0722539532921296,3.39946254717397
2023-08-27,NA,NA,3.00667788037049,NA,NA,0.070171183937037,3.43988145639289
2023-08-28,NA,NA,2.92389002130199,NA,NA,0.10671673037963,2.44084310996222
2023-08-29,NA,NA,2.81189334721728,NA,NA,0.25808939382963,0.937315003617707
2023-08-30,NA,NA,2.7751098416262,NA,NA,0.272377000623148,1.12771410986545
2023-08-31,NA,NA,2.64705042427636,NA,NA,0.311661022718056,0.723431345514215
2023-09-01,NA,NA,2.6042025563703,NA,NA,0.27394570897338,0.7649331409704
2023-09-02,NA,NA,2.53607935986065,NA,NA,0.241007077672222,0.801239720358533
2023-09-03,NA,NA,2.62896321855806,NA,NA,0.212934784449074,0.849568986994868
2023-09-04,NA,NA,2.80865706176064,NA,NA,0.188932008221065,0.904151515576958
2023-09-05,NA,NA,2.89089734203117,NA,NA,0.167981237112731,0.960071752730994
2023-09-06,NA,NA,2.90585975945703,NA,NA,0.149957802046528,1.02239722077766
2023-09-07,NA,NA,2.82646238760231,NA,NA,0.138104160052083,1.14088159031979
2023-09-08,NA,NA,2.73956433348485,NA,NA,0.131314735139583,1.40186727104518
2023-09-09,NA,NA,2.70888870050942,NA,NA,0.169355780006019,1.61010418689739
2023-09-10,NA,NA,2.58547158651743,NA,NA,0.393710782465046,0.73975161054301
2023-09-11,NA,NA,2.60865889705985,NA,NA,0.44053383545787,0.513004544786742
2023-09-12,NA,NA,2.60668732431247,NA,NA,0.393241814530787,0.585491941391447
2023-09-13,NA,NA,2.60143079283864,NA,NA,0.349576868000232,0.648001590411398
2023-09-14,NA,NA,2.55397711926707,NA,NA,0.305776111751157,0.667956313922118
2023-09-15,NA,NA,2.46673041626752,NA,NA,0.269040113398611,0.696063004547086
2023-09-16,NA,NA,2.45038529471071,NA,NA,0.237232522409491,0.724538833268855
2023-09-17,NA,NA,2.28883621725731,NA,NA,0.261267129040278,1.41323814281015
2023-09-18,5.48517658692027,NA,2.18068764302984,101.093617021277,1.49595744680851,0.411581431597917,0.514289912570715
2023-09-19,5.59123333366238,5.48517658692027,2.14758411842638,100.063888888889,1.29722222222222,0.360236869890509,0.531630544751952
2023-09-20,5.68484610621718,5.59123333366238,2.07926327142934,100.034722222222,1.30916666666667,0.316292346322222,0.553498108042831
2023-09-21,5.73270262602522,5.68484610621718,2.0668527811024,100.646527777778,1.24416666666667,0.278589764738657,0.582702865336606
2023-09-22,5.53803934797421,5.73270262602522,2.00508687253,101.158333333333,1.24916666666667,0.245756173766667,0.608745207750492
2023-09-23,5.87906117300958,5.53803934797421,1.77637160578456,98.2694444444444,1.34833333333333,0.257144561373843,1.1491288695419
2023-09-24,5.99833715400882,5.87906117300958,1.72308352381322,95.9881944444444,1.48722222222222,0.404956994273148,0.465061440511437
2023-09-25,6.13553309710874,5.99833715400882,1.65368095739518,96.2638888888889,1.57611111111111,0.374054978243056,0.446751478534655
2023-09-26,6.39122308821433,6.13553309710874,1.59263160823434,94.0236111111111,1.71194444444444,0.332299855879167,0.507677423680757
2023-09-27,6.88389629793937,6.39122308821433,1.49991656764701,90.0840277777778,1.62944444444444,0.296066247383796,0.568016886407374
2023-09-28,6.91383409940309,6.88389629793937,1.49332419899179,89.8104166666667,1.46888888888889,0.26136421176875,0.590660260743014
2023-09-29,6.45379166687721,6.91383409940309,1.54851847612497,92.41875,1.32888888888889,0.231258486314815,0.619379702697743
2023-09-30,6.04835528620087,6.45379166687721,1.64872753867928,96.1076388888889,1.25138888888889,0.20496657362037,0.649653173206336
2023-10-01,5.84486248973868,6.04835528620087,1.70779055829814,99.4472222222222,1.32083333333333,0.18201101764375,0.679124075677157
2023-10-02,5.75649485616079,5.84486248973868,1.72351753284454,100.43125,1.28944444444444,0.161980675682407,0.707426669985458
2023-10-03,5.71277610355973,5.75649485616079,1.73079578795875,101.571527777778,1.11111111111111,0.144533370906481,0.737766293256596
2023-10-04,5.89126468958508,5.71277610355973,1.72359482935519,101.733333333333,1.16583333333333,0.129296157096759,0.775473695439887
2023-10-05,6.03151105869144,5.89126468958508,1.63538169689787,101.377083333333,1.33083333333333,0.115904045634722,0.810150221074891
2023-10-06,6.10156050192332,6.03151105869144,1.62571419217284,100.449305555556,1.08159722222222,0.10431937054375,0.854348787892657
2023-10-07,5.85636711138853,6.10156050192332,1.54613595145815,100.526388888889,1.17888888888889,0.0972678753150463,0.987188367539501
2023-10-08,6.14971309904395,5.85636711138853,1.3630574895983,95.7645833333333,1.5275,0.1117533611125,0.977906899465474
2023-10-09,6.53907468834767,6.14971309904395,1.21647562663588,90.1284722222222,1.45993055555556,0.107398431505787,1.21514485415792
2023-10-10,6.80093365667532,6.53907468834767,1.15584828821363,86.7569444444444,1.47027777777778,0.12814495752963,0.790720010598132
2023-10-11,7.00041594351769,6.80093365667532,1.05677623939357,85.2236111111111,1.63916666666667,0.114119421052315,0.832116924049574
2023-10-12,6.82940624623921,7.00041594351769,1.06806955392358,86.6465277777778,1.70416666666667,0.101921480201157,0.874448915006689
2023-10-13,6.70258229803006,6.82940624623921,1.05620498821327,88.4631944444444,1.64138888888889,0.0912694359115741,0.912567861336185
2023-10-14,6.76717552301875,6.70258229803006,1.04349925937174,89.3395833333333,2.13166666666667,0.0846471206136574,1.04036751295759
2023-10-15,6.95157501245098,6.76717552301875,0.920636433738082,88.3673611111111,2.12666666666667,0.0875845362833333,0.981247274313127
2023-10-16,7.26064606443811,6.95157501245098,0.841982438875561,87.3862244897959,1.84909090909091,0.079467783575,1.04809207188443
2023-10-17,8.08074670921628,7.26064606443811,0.773006691286241,90.6077777777778,1.51020833333333,0.0723361818326389,1.1660909550945
2023-10-18,8.17095972729039,8.08074670921628,0.736174117567657,91.1619444444444,1.65680555555556,0.0650570992240741,1.21501728749429
2023-10-19,8.18684058805162,8.17095972729039,0.709277179789296,91.7240972222222,1.32958333333333,0.0590369090453704,1.26702850364832
2023-10-20,8.58026303908093,8.18684058805162,0.6554074441392,87.9879861111111,1.53541666666667,0.0684947827240741,1.75041824152674
2023-10-21,8.71651898046004,8.58026303908093,0.600878773966542,87.0593055555556,1.35645833333333,0.119671704310185,0.616189378491001
2023-10-22,8.64126197745959,8.71651898046004,0.571227853058076,89.2524305555555,1.24777777777778,0.106114605260417,0.659917510311211
2023-10-23,8.60366606898046,8.64126197745959,0.526469492573597,89.9256944444444,1.23402777777778,0.0942089736081018,0.703896206281007
2023-10-24,8.46180644279948,8.60366606898046,0.500270330325861,91.2052083333333,1.13486111111111,0.0839532178331019,0.751969971753733
2023-10-25,8.59447749988009,8.46180644279948,0.480703700911818,89.9452777777778,0.982777777777778,0.0750316864412037,0.798959231867868
2023-10-26,8.45681971110503,8.59447749988009,0.503382403289379,89.8315972222222,0.806180555555556,0.0673266069421296,0.850996769364116
2023-10-27,8.23853523797088,8.45681971110503,0.565451100436348,93.0620833333333,0.531388888888889,0.0606146360097222,0.910220728526668
2023-10-28,7.82073536150547,8.23853523797088,0.755011557792045,97.7770833333333,0.335138888888889,0.0547636774724537,0.968720030224065
2023-10-29,7.94205379217416,7.82073536150547,0.778190496005323,97.9354166666667,0.406736111111111,0.0496421656655093,1.03660165642533
2023-10-30,7.99714446910989,7.94205379217416,0.683622245877245,98.4365972222222,0.547152777777778,0.0451063332696759,1.09379594236989
2023-10-31,8.13852863592509,7.99714446910989,0.574902404137219,97.4423611111111,0.960625,0.0425333757118056,1.22232616152167
2023-11-01,8.4216275776426,8.13852863592509,0.432928362194389,92.7876388888889,0.864097222222222,0.0418214357030093,1.57294534014943
2023-11-02,8.93459652707981,8.4216275776426,0.333731119442405,86.7374305555556,0.862361111111111,0.0383285795048611,1.63324059848579
2023-11-03,9.26848061902756,8.93459652707981,0.26630845141392,85.5436805555556,0.973680555555556,0.0352442134756944,1.70091066455934
2023-11-04,9.65256944737406,9.26848061902756,0.231126983764966,81.6854861111111,0.970138888888889,0.0325184699844907,1.74559929523468
2023-11-05,9.34939413244864,9.65256944737406,0.265124179155237,83.3065972222222,0.753680555555556,0.030094584812963,1.81568185023269
2023-11-06,9.12807000710457,9.34939413244864,0.245211741396588,86.9027777777778,1.09430555555556,0.0279614173201389,1.87830838408561
2023-11-07,9.47666181392387,9.12807000710457,0.218535811141123,81.9257638888889,0.877638888888889,0.0260505321400463,1.93462987475817
2023-11-08,9.43121569275213,9.47666181392387,0.218285414847173,84.9728472222222,1.10576388888889,0.0243698868733796,1.98097394257352
2023-11-09,9.18460912722586,9.43121569275213,0.258837003418535,92.3630555555556,1.34597222222222,0.0228558207145833,2.0425689947311
2023-11-10,9.04092078257683,9.18460912722586,0.275526145985282,95.714375,1.39520833333333,0.0289306530847222,1.7420324934903
2023-11-11,9.04332337868773,9.04092078257683,0.225277061177394,94.2195138888889,1.46597222222222,0.0588018945715278,0.983390622603549
2023-11-12,9.18585601714845,9.04332337868773,0.177716460923648,91.0963194444444,1.23034722222222,0.0526161862983796,1.0485879351892
2023-11-13,9.63010022295696,9.18585601714845,0.146278619035343,84.0597222222222,1.05631944444444,0.0472267686013889,1.12331783154726
2023-11-14,10.215382814902,9.63010022295696,0.115012774903903,77.7552083333333,1.15229166666667,0.0425301926715278,1.1849966944829
2023-11-15,10.4163206573327,10.215382814902,0.0692829393038892,78.1482638888889,1.30548611111111,0.0384834874650463,1.26824830096084
2023-11-16,11.0717883713027,10.4163206573327,0.0225070431413315,78.0061805555556,1.42645833333333,0.0349253789412037,1.33669532460431
2023-11-17,11.3883154660301,11.0717883713027,0.0245635067163903,75.2130555555556,1.21055555555556,0.0318457874724537,1.41598227523364
2023-11-18,10.9267944327476,11.3883154660301,0.0428465535289888,81.5404861111111,1.454375,0.0379577553125,1.3696715583508
2023-11-19,10.7155108875328,10.9267944327476,0.0225633438989234,83.3809027777778,1.881875,0.0644761943733796,0.806338810403416
2023-11-20,10.801584774032,10.7155108875328,0.0145390892021169,83.4565079365079,1.70007246376812,0.0572262896340278,0.862140890508107
2023-11-21,10.8587538698581,10.801584774032,-0.00319982809594421,83.4186111111111,1.72194444444444,0.0932413293636574,1.0355088501869
2023-11-22,10.7318445408944,10.8587538698581,0.0212564735439855,88.599375,1.81638888888889,0.298413209081944,0.284441410402734
2023-11-23,10.7421032866449,10.7318445408944,0.0134760703359689,91.7540277777778,1.83840277777778,0.376000876866204,0.150968313585173
2023-11-24,10.7144025228819,10.7421032866449,0.0366637655994282,92.1949305555556,1.91965277777778,0.327664818728009,0.174857725716229
2023-11-25,10.6539229941606,10.7144025228819,0.0191350787636111,91.7091666666667,1.99770833333333,0.285699085199074,0.19497158985405
2023-11-26,10.788848649767,10.6539229941606,0.0114525444946594,91.9552083333333,2.22951388888889,0.249556723858333,0.214705407174987
2023-11-27,10.7017512812467,10.788848649767,0.000650682569471428,93.5505555555556,2.25430555555556,0.2184074917,0.23561074190665
2023-11-28,10.6495486610861,10.7017512812467,-0.00318563701091534,95.4231944444444,2.50305555555556,0.19153096060787,0.260363289884055
2023-11-29,10.4256551144998,10.6495486610861,0.0199730984265898,96.4332638888889,2.89666666666667,0.168354713838657,0.28990348104756
2023-11-30,10.4735500089635,10.4256551144998,0.0184583733273485,97.2484027777778,2.69944444444444,0.148296255021528,0.318383612902764
2023-12-01,10.5658876381314,10.4735500089635,0.0140542896084526,96.5764583333333,3.22736111111111,0.132286623437731,0.348894565666369
2023-12-02,10.4085344810675,10.5658876381314,0.0236682217818043,99.2472916666667,2.88618055555556,0.120520515050926,0.457786777005018
2023-12-03,10.3155675794267,10.4085344810675,0.0462805822184009,102.946736111111,2.92041666666667,0.124434593579167,0.579813947936118
2023-12-04,10.3254846402413,10.3155675794267,0.0207434370571491,101.001875,2.96583333333333,0.178380760206944,0.315245385818716
2023-12-05,10.1789942244454,10.3254846402413,0.00954704110733928,101.507222222222,2.65166666666667,0.157344577517824,0.350648868988816
2023-12-06,10.0724537608799,10.1789942244454,0.00297517263118152,105.206223776224,2.53657342657343,0.138910530255787,0.389543432183162
2023-12-07,10.1031389824402,10.0724537608799,-0.00570393950306425,103.756527777778,3.05673611111111,0.122762436419907,0.423498094258576
2023-12-08,10.0098615653968,10.1031389824402,0.000409722222457276,104.434513888889,2.94333333333333,0.108775626932639,0.458444896386576
2023-12-09,10.0269247492937,10.0098615653968,-0.000444737641032589,104.882291666667,2.50993055555556,0.0996042268789352,0.505983925689603
2023-12-10,9.94606666427068,10.0269247492937,0.00791382247655292,106.962638888889,2.02708333333333,0.13353968029375,0.798503104627743
2023-12-11,10.0006717256646,9.94606666427068,-0.00415441949303386,105.939027777778,2.64208333333333,0.288022174095139,0.36653718142117
2023-12-12,10.1387733142899,10.0006717256646,0.00268265265060563,105.250625,3.12208333333333,0.34183995809838,0.223475825037052
2023-12-13,10.0327673530637,10.1387733142899,0.0119654372289233,107.088263888889,2.470625,0.299483241121991,0.253311202555077
2023-12-14,10.0988475283238,10.0327673530637,-0.00244961938051347,106.352708333333,2.54736111111111,0.262781195199074,0.282634150280615
2023-12-15,10.1475464708855,10.0988475283238,-0.00294447456474245,106.084861111111,2.356875,0.231038856535648,0.31457660744054
2023-12-16,10.2270154824688,10.1475464708855,-0.00784317354259656,105.21375,2.68770833333333,0.203574524005556,0.346592448975337
2023-12-17,10.6154723414823,10.2270154824688,-0.00765003746403181,105.343402777778,2.91423611111111,0.225543868002778,0.665650549926143
2023-12-18,10.6315720398667,10.6154723414823,-0.00451552832544166,105.318958333333,2.80659722222222,0.385168563372917,0.406314261355106
2023-12-19,10.5973403972262,10.6315720398667,-0.00754541146989141,105.556805555556,2.99715277777778,0.402689608581944,0.279290601871247
2023-12-20,10.6021983682412,10.5973403972262,-0.00482369929773085,105.303194444444,3.349375,0.354452224692361,0.315802550068174
2023-12-21,10.4956828467519,10.6021983682412,-0.0059720862566337,105.965833333333,3.0348951048951,0.31206102477963,0.350201961130982
2023-12-22,10.4997282977576,10.4956828467519,-0.0044343522915824,105.77625,2.99090277777778,0.275446512464352,0.390975590026463
2023-12-23,10.4750477856477,10.4997282977576,0.00573694753552445,105.475625,2.76902777777778,0.2437604075125,0.433092629590455
2023-12-24,10.5198097131928,10.4750477856477,-0.00046284929999274,106.239305555556,3.04875,0.216375650989352,0.48054998455375
2023-12-25,10.553995399776,10.5198097131928,-0.000846203436253745,106.618819444444,3.10881944444444,0.193374471435417,0.523992548880823
2023-12-26,10.518285206633,10.553995399776,0.0078152197864938,107.562152777778,3.39734265734266,0.218485476186806,0.871691396964377
2023-12-27,11.9156667776597,10.518285206633,0.0233226611032933,108.329027777778,3.47979166666667,0.488411005289352,1.48373431814479
2023-12-28,16.8590924029072,11.9156667776597,0.0242470565641497,107.578263888889,3.49479166666667,0.567969505512268,0.306365394907796
2023-12-29,13.2769107390466,16.8590924029072,0.0208366118199592,110.283541666667,3.76291666666667,0.503756972975231,0.368585170028339
2023-12-30,12.986103310893,13.2769107390466,0.0011196608023738,108.352361111111,3.80923611111111,0.444924839521065,0.41016884886828
2023-12-31,12.1569748494628,12.986103310893,-0.00714494797466614,104.638888888889,2.98104166666667,0.393921393630093,0.45384882659204
2024-01-01,12.1008158188945,12.1569748494628,-0.00698440852090698,104.990833333333,2.74423611111111,0.349099411958565,0.499962768729988
2024-01-02,12.2013633299637,12.1008158188945,-0.00770874107672626,105.566458333333,2.80319444444444,0.310319901747685,0.557312590819728
2024-01-03,12.2519346139955,12.2013633299637,-0.00966723689850824,104.716805555556,2.86111111111111,0.276391344920139,0.608451136767147
2024-01-04,12.1045049663257,12.2519346139955,-0.0059686473949796,105.65125,2.56784722222222,0.246959362991667,0.661631393980014
2024-01-05,12.340120930258,12.1045049663257,-0.00972849519462216,104.101597222222,2.92451388888889,0.221558171068287,0.732697211680056
2024-01-06,12.5096666358372,12.340120930258,-0.0113813727540446,104.036041666667,2.77458333333333,0.242357747763426,1.03974678335179
2024-01-07,12.4644797407006,12.5096666358372,-0.00884687619065971,104.428472222222,2.771875,0.337447362515046,0.504649535832475
2024-01-08,12.6854941670674,12.4644797407006,-0.00908869128534207,103.832708333333,2.81493055555556,0.300831789186343,0.559018807367762
2024-01-09,12.9343326099342,12.6854941670674,-0.011912653366835,103.048541666667,2.78006944444444,0.896053955050231,3.09226531079842
2024-01-10,17.586440882832,12.9343326099342,-0.00795318286259317,102.300138888889,2.53236111111111,0.958987435902315,0.416002372098632
2024-01-11,15.24273459166,17.586440882832,-0.00948940682405919,101.770972222222,2.540625,0.87404004848912,0.568720839400397
2024-01-12,15.4885320003276,15.24273459166,-0.014168518122915,100.926666666667,2.45736111111111,0.820605290332639,0.682038720404853
2024-01-13,15.6055845649135,15.4885320003276,-0.00932326463930622,101.024027777778,2.169375,0.981019379691667,1.23836531452316
2024-01-14,16.2084511938633,15.6055845649135,-0.00919307236392797,101.214027777778,2.37368055555556,0.884689970751852,0.709389121820642
2024-01-15,16.2484506939208,16.2084511938633,-0.0119732575254829,101.131458333333,2.31604166666667,0.829949635574768,0.806035615140686
2024-01-16,16.1754682293046,16.2484506939208,-0.0115848467975184,101.362569444444,2.25159722222222,0.81631189950463,0.941029673629073
2024-01-17,16.0242177792032,16.1754682293046,-0.00740014205098305,101.450902777778,2.35611111111111,0.741572522262269,0.90638742017245
2024-01-18,16.1271466909102,16.0242177792032,-0.00928108824894025,100.315416666667,2.34201388888889,0.663938169887269,0.987601446884061
2024-01-19,16.0596109504574,16.1271466909102,-0.0057311950121175,100.648541666667,2.289375,0.598396187527546,1.06563023340139
2024-01-20,16.1220501668534,16.0596109504574,-0.00198008850907172,100.067430555556,2.36368055555556,0.539381029257407,1.15665153315341
2024-01-21,16.1033225855655,16.1220501668534,-0.000556193771785729,100.099652777778,2.37722222222222,0.486637521347917,1.24930911897544
2024-01-22,15.9386480012399,16.1033225855655,0.00147536023177963,99.0643055555555,2.30347222222222,0.440332773413657,1.34333626899496
2024-01-23,15.899923808636,15.9386480012399,0.00134777340372239,95.35808,3.03125,0.399536807186806,1.44332333496653
2024-01-24,15.7900208261229,15.899923808636,-0.000230809670028975,92.4636111111111,3.62493055555556,0.368798187224306,1.54348292027544
2024-01-25,15.6748732268561,15.7900208261229,0.00400256572754643,94.5142361111111,3.48736111111111,0.47970910367662,1.7782751836611
2024-01-26,15.6970012673558,15.6748732268561,0.00711054886039619,95.1277083333333,3.68465277777778,0.523017019189352,1.28717229851037
2024-01-27,15.7758011884,15.6970012673558,0.00226776781801163,94.7835915492958,3.52695035460993,0.484315493465278,1.40755589147032
2024-01-28,18.8710112040126,15.7758011884,0.00792477894844978,94.539020979021,3.68027972027972,0.755605485833565,2.26706423957161
2024-01-29,16.8149700082807,18.8710112040126,0.00114723171975584,94.7825874125874,3.29167832167832,0.698805723596759,1.44088937340291
2024-01-30,16.5994881782263,16.8149700082807,0.00151888857487847,94.1722535211268,3.27845070422535,0.641859011000463,1.59434927572407
2024-01-31,16.279308006191,16.5994881782263,0.00350360700952024,95.8991666666667,3.29020833333333,0.596747903170371,1.69531605598543
2024-02-01,16.1721113937952,16.279308006191,0.0048722414611575,96.5755244755245,3.41405594405594,0.546555071536806,1.84129886794577
2024-02-02,16.0334186303161,16.1721113937952,0.008875774374701,97.7736111111111,3.47541666666667,0.500150588340509,1.98243702925076
2024-02-03,16.1608707404983,16.0334186303161,0.0061705058287771,97.936875,3.81145833333333,0.460254892005556,2.1266148441174
2024-02-04,15.7303058968758,16.1608707404983,0.0136811458922921,98.8443356643357,3.71573426573427,0.423247804722685,2.26367417130223
2024-02-05,15.857555569812,15.7303058968758,0.00705148390522936,97.9074125874126,3.68316901408451,0.390416866284259,2.39696058875005
2024-02-06,16.0176674401177,15.857555569812,0.002203544332815,96.8598611111111,3.57861111111111,0.36121989882963,2.52755193157252
2024-02-07,15.9297894470618,16.0176674401177,0.00223745457049063,98.1329323308271,3.97706766917293,0.335386874441898,2.65738269948956
2024-02-08,15.8367208643432,15.9297894470618,0.00395444276830403,98.6648951048951,3.88643356643357,0.312453069240509,2.78451740408271
2024-02-09,15.8758964442247,15.8367208643432,0.00701635759787678,98.5813986013986,3.87669014084507,0.292405220557639,2.90830054011296
2024-02-10,15.9201765568205,15.8758964442247,0.00951916671408526,99.0071830985916,4.06176056338028,0.2912863819,3.01781915668619
2024-02-11,16.2341135099643,15.9201765568205,0.00899629668788293,98.0984027777778,4.18076388888889,0.388562745322454,2.58861854330134
2024-02-12,16.2079046755005,16.2341135099643,0.0204034778481628,100.044444444444,4.48791666666667,0.398521417338194,2.2896424297366
2024-02-13,16.7237881866735,16.2079046755005,0.0214540215391708,99.4302112676056,3.85021126760563,0.568433168379398,2.52358629237203
2024-02-14,17.9565699046273,16.7237881866735,0.0218709307741847,98.4746527777778,3.46340277777778,0.550191164547454,2.17239334493614
2024-02-15,17.4816627000985,17.9565699046273,0.0175445128545562,98.3032638888889,3.69229166666667,0.508307129052315,2.31069327060159
2024-02-16,16.8937639751594,17.4816627000985,0.0119842277473481,97.5495104895105,3.75426573426573,0.465814071850694,2.45656593265798
2024-02-17,16.6979062151835,16.8937639751594,0.000557118006554447,97.3385416666667,3.54472222222222,0.436026119917824,2.59032369921098
2024-02-18,16.6220825872027,16.6979062151835,0.00119181756065245,96.7055944055944,3.69692307692308,0.40287687745162,2.77448944522062
2024-02-19,16.5971644345056,16.6220825872027,0.00326280340505036,96.5722916666667,3.94342657342657,0.373824207822917,2.91632075270877
2024-02-20,16.3029247312771,16.5971644345056,0.0139996541820437,97.7934027777778,3.70944444444444,0.34779860949838,3.05523057610087
2024-02-21,16.5010962738553,16.3029247312771,0.00581234039691481,96.7067132867133,3.85664335664336,0.324963478545602,3.19482559060196
2024-02-22,16.4667933614351,16.5010962738553,0.0177509106677007,96.7572916666667,3.69118055555556,0.304510322734028,3.32578976618426
2024-02-23,16.3915596285445,16.4667933614351,0.0201506464898102,98.4013194444444,3.779375,0.315339025759028,3.16952411715126
2024-02-24,16.2578055900069,16.3915596285445,0.0178843010900209,99.499014084507,3.91669014084507,0.316197916127315,3.22131436337097
2024-02-25,16.2915466724733,16.2578055900069,0.0106813277419633,98.3236805555556,4.23643356643357,0.300021174928935,3.32250586610602
2024-02-26,16.0106832340978,16.2915466724733,0.0291772390532969,99.1848251748252,4.01398601398601,0.286776013826389,3.39086519784672
2024-02-27,16.300265812306,16.0106832340978,0.0172400695628312,98.3842553191489,4.17177304964539,0.29921639624537,3.26938761036843
2024-02-28,16.1860700028716,16.300265812306,0.0294202196713513,99.4772222222222,4.33762237762238,0.380553685476852,2.8675384057769
2024-02-29,15.8638243643578,16.1860700028716,0.0247148679745806,98.7390909090909,3.51608391608392,0.37739133496088,2.79457223224189
2024-03-01,15.6976634406012,15.8638243643578,0.0303432327876862,99.2509027777778,3.8525,0.378383913020833,2.7956536978619
2024-03-02,15.7498233709119,15.6976634406012,0.0442321232293352,99.6495104895105,4.23286713286713,0.452287742190278,2.77048599626066
2024-03-03,15.7669270995989,15.7498233709119,0.0858104752085183,99.8588652482269,4.56631205673759,0.431343867669213,2.76848867084256
2024-03-04,15.986956935927,15.7669270995989,0.0761885641393292,99.3001398601399,4.55118881118881,0.401943716143519,2.92215505635773
2024-03-05,16.1349798099622,15.986956935927,0.136010302368732,100.313846153846,4.81885714285714,0.372532954483565,3.07168256147281
2024-03-06,16.2093046608831,16.1349798099622,0.136914707317374,100.929366197183,4.91276595744681,0.406055143168981,2.8990998288499
2024-03-07,16.0546095276722,16.2093046608831,0.291348077569296,105.572464788732,5.09330985915493,0.427377799483102,2.89348475613919
2024-03-08,16.3327953675393,16.0546095276722,0.176694225497727,99.6295833333333,4.85125,0.401959631344907,3.02234423049004
2024-03-09,16.0362215223027,16.3327953675393,0.125072760573403,101.564722222222,4.31520833333333,0.854952416956713,3.34392957953607
2024-03-10,15.2649312159587,16.0362215223027,0.1178687210828,102.478263888889,3.83076388888889,0.73150509637037,2.56367486655837
2024-03-11,14.8908571934781,15.2649312159587,0.127192395888414,101.726319444444,3.93416666666667,0.68700141872662,2.7606369465116
2024-03-12,15.1479931093285,14.8908571934781,0.121690575762841,99.9452777777778,4.4941958041958,0.633127931518519,2.92013004424186
2024-03-13,15.2483671217571,15.1479931093285,0.16770763359068,99.4052083333333,4.22569444444444,0.584899566243056,3.08200230379219
2024-03-14,15.4373649580234,15.2483671217571,0.170957403140164,100.167272727273,4.66091549295775,0.542924283593287,3.24504327212927
2024-03-15,15.6463794672462,15.4373649580234,0.223282336376883,99.3530555555556,4.52340277777778,0.508506069069676,3.38956880803815
2024-03-16,14.9507297523882,15.6463794672462,0.341042775019105,105.847021276596,5.07085106382979,0.478265064403935,3.6338426555004
2024-03-17,15.645772922389,14.9507297523882,0.256750447018135,100.058958333333,3.98951388888889,0.448432549907176,3.77503132057481
2024-03-18,14.1935047253068,15.645772922389,0.256526400006237,106.083076923077,4.72433566433566,0.422885999144444,3.91526665462355
2024-03-19,14.2159584830411,14.1935047253068,0.227164832676067,104.330972222222,4.72552447552448,0.399449273579167,4.04139407510113
2024-03-20,14.6989890048328,14.2159584830411,0.14793168072822,100.110694444444,4.34048611111111,0.378036961630556,4.16084288994044
2024-03-21,14.3982003453907,14.6989890048328,0.202983529656876,100.611805555556,4.62880281690141,0.35874190197338,4.27816185441236
2024-03-22,14.4749148815671,14.3982003453907,0.225428538494043,101.94,5.33090277777778,0.341600699570833,4.39033784014635
2024-03-23,14.1110226784144,14.4749148815671,0.226091455772689,103.714366197183,4.67985815602837,0.717166030425694,3.47671451957353
2024-03-24,14.1278739536958,14.1110226784144,0.216847675350778,103.176293706294,4.90577464084507,0.580247552877083,3.12225431332805
2024-03-25,14.3420592799387,14.1278739536958,0.207256229773634,101.968472222222,4.84839160839161,0.545980002259954,3.25797465328756
2024-03-26,14.7080742441954,14.3420592799387,0.189923789597287,99.2172027972028,4.52274647887324,0.984846455118982,3.36345213867938
2024-03-27,14.3484150443641,14.7080742441954,0.198343546003116,104.075804195804,5.53371428571429,0.827011158891667,2.99568672429675
2024-03-28,14.0253630412495,14.3484150443641,0.263678030432743,106.037847222222,4.7127972027972,0.768509000612963,3.15539074105777
2024-03-29,13.8419898420354,14.0253630412495,0.265631770375535,105.925486111111,4.49685714285714,0.709368642758565,3.32198334820323
2024-03-30,14.1503635419872,13.8419898420354,0.245599625346131,103.62464,4.44119402985075,0.656684551600926,3.47216612109442
2024-03-31,14.0317568237431,14.1503635419872,0.273048130695884,103.499436619718,4.17823943661972,0.616390444724537,3.58725869058172
2024-04-01,13.912656852579,14.0317568237431,0.351310689827187,105.463426573427,4.1745390070922,0.573922321338426,3.80556053679017
2024-04-02,14.3162022500711,13.912656852579,0.388690273401835,104.656180555556,4.55847222222222,0.538295612522685,3.95986131615619
2024-04-03,14.6091984025156,14.3162022500711,0.410193855325588,107.674055944056,4.4606338028169,0.946139624327778,3.25994805614243
2024-04-04,14.284609315571,14.6091984025156,0.345349584643145,104.689300699301,3.74160839160839,0.735386283482407,3.3754245431382
2024-04-05,13.9816471248601,14.284609315571,0.31352690288702,103.871188811189,3.60181818181818,0.689692148774768,3.52905974556618
2024-04-06,13.8943319782056,13.9816471248601,0.357819582709681,103.652377622378,3.47886524822695,0.643249999601852,3.67664038531323
2024-04-07,14.049707826202,13.8943319782056,0.382989708496666,103.320909090909,3.85922535211268,0.600395136821991,3.8233196876665
2024-04-08,14.4358706396987,14.049707826202,0.365308810361512,102.139300699301,4.0413986013986,0.561521726922917,3.96423871217038
2024-04-09,14.3135128472131,14.4358706396987,0.358220427683364,104.301818181818,3.79566433566434,0.551280294829167,3.9580121598448
2024-04-10,14.7791407983724,14.3135128472131,0.416768603558126,103.851875,3.82576388888889,0.513329966610648,4.22789064324705
2024-04-11,14.9605345796559,14.7791407983724,0.315319104436981,98.6098611111111,4.06972222222222,0.687348900623611,3.70780290295343
2024-04-12,14.7299734885567,14.9605345796559,0.288509333990191,97.9264583333333,3.20531914893617,1.09605074178356,3.52654467835889
2024-04-13,13.9119867554522,14.7299734885567,0.41759263702636,100.437517730496,3.02695035460993,0.842285508171296,3.52270580084399
2024-04-14,13.837330811396,13.9119867554522,0.483437245652908,101.138958333333,3.20839160839161,0.797837533732408,3.6943552698422
2024-04-15,14.127244134724,13.837330811396,0.553832913752899,101.271944444444,3.31520833333333,0.74212424924375,3.84874654817331
2024-04-16,14.2205691111754,14.127244134724,0.71053321179977,103.714195804196,3.57422535211268,0.692278899507176,4.04616614263195
2024-04-17,14.3614491849256,14.2205691111754,0.794379335110762,104.344652777778,3.57090909090909,0.648516870248148,4.1907713047917
2024-04-18,13.6606475096187,14.3614491849256,0.983025691553507,106.132269503546,2.95914893617021,0.61170182639537,4.337185139959
2024-04-19,14.2741713572398,13.6606475096187,1.06178046519835,105.343098591549,3.70035460992908,0.57812340399838,4.51660324274127
2024-04-20,13.1462030737547,14.2741713572398,1.05964044875634,106.249718309859,2.71725352112676,0.549148188349769,4.65058315839708
2024-04-21,13.4312656856326,13.1462030737547,0.992229584387587,104.093541666667,3.22027777777778,0.534176227896528,4.68658290603893
2024-04-22,12.6753555248533,13.4312656856326,0.917556623998735,103.630486111111,2.45701388888889,0.50561692951088,4.83168832095421
2024-04-23,13.5748029954885,12.6753555248533,0.897143440956825,101.653566433566,3.09633802816901,0.481172771697685,4.92940509765095
2024-04-24,12.6848929449436,13.5748029954885,0.9295083698089,102.798958333333,2.16652777777778,0.458194403932407,5.03072854675046
2024-04-25,12.398816246281,12.6848929449436,0.983231306917901,102.688591549296,2.10676056338028,0.438512604881482,5.11981727381828
2024-04-26,13.0869704205978,12.398816246281,0.955060625406759,102.737361111111,2.61458333333333,0.420628162574074,5.20255271920089
2024-04-27,13.6343601591413,13.0869704205978,0.992584055313159,102.687622377622,2.91881118881119,0.405036570280093,5.29803926704999
2024-04-28,13.3076484305593,13.6343601591413,1.0867313984993,104.123636363636,2.24804195804196,0.389569647063657,5.37084573117174
2024-04-29,12.603684210053,13.3076484305593,1.22788671617116,104.211398601399,1.46853146853147,0.375163206766435,5.43992397964306
2024-04-30,12.6647160955726,12.603684210053,1.35246240714412,105.242083333333,1.88388888888889,0.367585448878472,5.41351864279581
2024-05-01,11.8920120023634,12.6647160955726,1.51316654053414,104.813888888889,1.75520833333333,0.358674527620833,5.73141763472159
2024-05-02,12.2929060902795,11.8920120023634,1.67107672688462,106.432152777778,1.85354166666667,0.344400714001852,5.84264747563125
2024-05-03,12.4049745256819,12.2929060902795,1.78896693401009,106.878939393939,1.65007575757576,0.332750786585185,5.87661343808989
2024-05-04,12.9920434194264,12.4049745256819,1.69854699085124,105.054722222222,1.69791666666667,0.375247026827083,5.24361089551374
2024-05-05,12.3932579506186,12.9920434194264,1.54078157863069,106.187622377622,2.05482517482517,0.630794762994907,4.13946689856204
2024-05-06,11.3135681017182,12.3932579506186,1.72651590747159,105.679027777778,1.523125,0.845164037595833,3.64880116199221
2024-05-07,11.2224720734186,11.3135681017182,1.97297594410225,104.040909090909,1.27748251748252,0.672083039451389,3.43839541547278
2024-05-08,13.1706629195855,11.2224720734186,1.96797975155039,104.454166666667,2.35159722222222,0.60677448004537,3.54006595766259
2024-05-09,16.1506574116686,13.1706629195855,1.92573261867324,107.176111111111,2.08743055555556,0.621812223331019,3.6344711673819
2024-05-10,11.334281400985,16.1506574116686,1.83352405782261,106.055277777778,1.27506944444444,0.572816745348611,3.80364416339277
2024-05-11,11.7656446689585,11.334281400985,1.76819375355046,102.434195804196,1.41524475524476,0.536780485350463,3.98487486978987
2024-05-12,11.0255020575433,11.7656446689585,1.72896441502553,102.9725,1.31909722222222,0.462689917818056,3.98891954054618
2024-05-13,11.7992515999473,11.0255020575433,1.70510523504788,101.962676056338,2.14957143571429,0.412569235097454,4.05046233134325
2024-05-14,12.5633104848373,11.7992515999473,1.63424193677656,101.562394366197,2.95262411347518,0.533794793569907,3.91573030357842
2024-05-15,11.1142782925138,12.5633104848373,1.61112711151259,99.9003496503497,2.19993006993007,0.584546248772222,3.42782775369737
2024-05-16,10.2915669133092,11.1142782925138,1.84073648886306,103.64314516129,1.94044117647059,0.54457203744375,3.57131375832552
2024-05-17,10.1067883187279,10.2915669133092,1.85372193463093,104.188601398601,1.7327972027972,0.516553855905324,3.69313309349193
2024-05-18,10.1172828221583,10.1067883187279,1.82596248450011,104.477412587413,1.9786013986014,1.26606435011366,3.65846657830924
2024-05-19,10.2746051085356,10.1172828221583,1.88673372727692,105.904255319149,1.99241134751773,0.945229805315046,3.41237738873433
2024-05-20,10.0544320476426,10.2746051085356,2.05082871245168,107.656643356643,1.58090909090909,0.797348406543055,3.25882871122573
2024-05-21,9.55977723044182,10.0544320476426,2.20869442058188,108.347692307692,1.3534965034965,0.791050230846759,3.66837857666911
2024-05-22,9.37180668503988,9.55977723044182,2.34471246567375,108.753496503497,1.26202797202797,0.744343358824074,3.91638395529834
2024-05-23,8.84362549349841,9.37180668503988,2.5140662111711,107.563888888889,1.06715277777778,0.739935378546065,3.94401661634777
2024-05-24,8.82842834691994,8.84362549349841,2.50698558312592,107.098098591549,0.947535211267606,0.739735377515278,3.90492213821918
2024-05-25,8.51095629952259,8.82842834691994,2.63046845856184,106.756944444444,0.876041666666667,0.676205076611111,4.16274399046005
2024-05-26,8.60890959122017,8.51095629952259,2.64966545493985,105.748391608392,0.951328671328671,0.632883367923843,4.36218910810668
2024-05-27,9.35965969848679,8.60890959122017,2.58031622776036,105.047746478873,1.13598591549296,0.624087036116204,4.36671942658862
2024-05-28,9.37086576391078,9.35965969848679,2.51950871042277,105.439440559441,0.874405594405594,0.49017069605625,4.29452567028909
2024-05-29,9.40752763574496,9.37086576391078,2.44692049608682,104.103146853147,0.825944055944056,0.431212302004398,4.30593813474142
2024-05-30,8.79915911689012,9.40752763574496,2.42099692662214,102.485664335664,0.796503496503496,0.379229540721296,4.30723346632272
2024-05-31,8.62627365263198,8.79915911689012,2.37569077724845,102.262569444444,0.871597222222222,0.334086071981713,4.3033017916662
2024-06-01,8.53907268903254,8.62627365263198,2.32275953854344,101.758865248227,0.896808510638298,0.295285872009028,4.27228351577673
2024-06-02,8.98248274850646,8.53907268903254,2.22949112512447,101.17041958042,1.11006993006993,0.298924087046528,4.40485634524703
2024-06-03,8.99147558290631,8.98248274850646,2.27081539311371,101.367013888889,1.00541666666667,0.309458889352546,4.62347876919807
2024-06-04,8.43744451468121,8.99147558290631,2.4384060625822,101.888098591549,0.903943661971831,0.304641888398843,4.65827422694415
2024-06-05,8.46156804218419,8.43744451468121,2.45206774293979,101.667916666667,0.960347222222222,0.332069085459028,4.26234169985638
2024-06-06,8.22924477799835,8.46156804218419,2.52044400417174,101.511048951049,1.0220979020979,0.362223617530556,3.88114612441929
2024-06-07,8.39607947779991,8.22924477799835,2.51456806876683,102.096458333333,0.932013888888889,0.316456272896528,3.71489831806973
2024-06-08,7.92685918873733,8.39607947779991,2.63590469256758,101.600208333333,0.826597222222222,0.282931431677546,3.7538227303154
2024-06-09,7.75336739850123,7.92685918873733,2.65963882473329,100.718028169014,0.870985915492958,0.254452239805556,3.79242765407389
2024-06-10,7.97477912018262,7.75336739850123,2.57243088383643,99.4917361111111,0.973402777777778,0.225923180302546,3.7922994014507
2024-06-11,8.08111041655162,7.97477912018262,2.52802826755033,100.068881118881,1.01748251748252,0.201514035932407,3.80937838947801
2024-06-12,7.85688779390726,8.08111041655162,2.54522545968553,100.383402777778,0.869583333333333,0.18078819967037,3.82353631625898
2024-06-13,7.91472999302945,7.85688779390726,2.61352632672106,100.094652777778,0.845416666666667,0.174368007430093,3.95823318587571
2024-06-14,7.63540771326172,7.91472999302945,2.78925602059371,100.778472222222,0.760833333333333,0.165509075830324,4.67653686258546
2024-06-15,7.15356076288715,7.63540771326172,2.94539985164602,101.439375,0.695694444444444,0.150517486628704,4.74404703162228
2024-06-16,7.2936713704418,7.15356076288715,2.91792342784015,100.216993006993,0.643776223776224,0.144785892101852,4.83658214861498
2024-06-17,7.66510465093365,7.2936713704418,2.98085795600082,100.406929133858,0.764890510948905,0.139870216899537,5.03311157805306
2024-06-18,7.3701661310365,7.66510465093365,3.01345059182927,100.235277777778,0.7275,0.128769363930787,5.0797391329425
2024-06-19,7.21364060772994,7.3701661310365,3.10221711420263,102.384236111111,0.583541666666667,0.11818999906088,5.06762064213801
2024-06-20,6.90153465429778,7.21364060772994,3.22165328573885,102.347777777778,0.538194444444444,0.109581997136343,5.06872062005897
2024-06-21,6.78314107911794,6.90153465429778,3.29608351380853,102.39875,0.496388888888889,0.1033310365375,5.08784359629938
2024-06-22,6.69240291143119,6.78314107911794,3.42543501059538,102.230833333333,0.587972027972028,0.0989230562594907,5.11613190396259
2024-06-23,6.9585737253748,6.69240291143119,3.33467752489048,101.701805555556,0.552777777777778,0.0938169291472222,5.12881409603945
2024-06-24,6.77398938811872,6.9585737253748,3.38624988648871,100.987083333333,0.650416666666667,0.0879405062877315,5.12767921238847
2024-06-25,6.69692928233528,6.77398938811872,3.3592908892731,100.712916666667,0.679513888888889,0.0825924681143518,5.11927854784631
2024-06-26,6.79507002977028,6.69692928233528,3.40412850401037,100.781041666667,0.847222222222222,0.0830587835150463,5.07137610577077
2024-06-27,6.53337093657442,6.79507002977028,3.47956234423714,100.869166666667,0.850972222222222,0.0872657017488426,5.62327122404936
2024-06-28,6.72799216219993,6.53337093657442,3.42700700564342,100.797708333333,1.03555555555556,0.0930720977222222,5.1812585499316
2024-06-29,7.10316406848071,6.72799216219993,3.34706018218492,100.738333333333,1.14944444444444,0.0910349519444444,5.2039627039627
2024-06-30,6.89206474173975,7.10316406848071,3.51545165390803,102.039930555556,1.16923611111111,0.0884641164134259,5.27123787135541
2024-07-01,6.51065052408344,6.89206474173975,3.50241853299747,102.5825,1.03708333333333,0.0805096987592593,5.31760674749605
2024-07-02,6.77608618863151,6.51065052408344,3.3513545480314,101.981527777778,1.15909722222222,0.0737738550247685,5.29256524021487
2024-07-03,7.14124134324263,6.77608618863151,3.26100650272269,103.025902777778,1.33027777777778,0.0688491612083333,5.28586839266451
2024-07-04,6.86774922867259,7.14124134324263,3.3576740086645,102.79,1.30277777777778,0.0934254151930556,4.40643703224194
2024-07-05,6.79231642241416,6.86774922867259,3.39364849124945,103.057222222222,1.31076388888889,0.176441758171065,2.1678277524046
2024-07-06,6.6828123475143,6.79231642241416,3.50357347892418,102.960069444444,1.48375,0.157348821571528,2.3128715007704
2024-07-07,6.50396816427247,6.6828123475143,3.55231860435731,104.007222222222,1.22125,0.144564140295833,2.46603694651782
2024-07-08,6.38975807040487,6.50396816427247,3.62829535320645,103.711527777778,1.00194444444444,0.133880796110185,2.67867049182926
2024-07-09,6.48264623886974,6.38975807040487,3.70332476099566,103.52,0.949375,0.123365092045833,2.87259935839547
2024-07-10,6.77596538587806,6.48264623886974,3.67835483349188,103.387916666667,0.954652777777778,0.114112524465046,3.07297502103663
2024-07-11,6.666872191465,6.77596538587806,3.62165386277934,102.270069444444,0.901944444444444,0.103108223718056,3.19513475133517
2024-07-12,6.47662651607593,6.666872191465,3.6310596820482,101.119930555556,1.05340277777778,0.096513494769213,3.35848994376865
2024-07-13,6.36997544694914,6.47662651607593,3.67155938082931,100.655486111111,0.960763888888889,0.0889330843476852,3.58510600221907
2024-07-14,6.11214961477945,6.36997544694914,3.79211488858391,101.784166666667,0.844375,0.0826513543594907,3.69711868649589
2024-07-15,6.08423291611886,6.11214961477945,3.76168839612455,102.044444444444,0.833402777777778,0.0774561021194444,3.8081148461686
2024-07-16,6.37656478467895,6.08423291611886,3.72034471065217,101.25125,0.854305555555556,0.0746751859300926,3.87178357795428
2024-07-17,6.72176154911296,6.37656478467895,3.67408143008811,100.460972222222,0.881944444444444,0.0772789128773148,3.92668359991762
2024-07-18,6.2756493641945,6.72176154911296,3.71609669942757,100.03375,0.992986111111111,0.0876577462097222,3.45570524226249
2024-07-19,6.21451115505679,6.2756493641945,3.63688715489025,100.025208333333,1.099375,0.0952678650071759,3.16852193185172
2024-07-20,6.34312747913798,6.21451115505679,3.56353418764422,98.9973611111111,1.275,0.117397952538426,2.9101557204443
2024-07-21,6.25838078725744,6.34312747913798,3.55136797755233,100.065902777778,1.21861111111111,0.179997214161343,1.69470045064295
2024-07-22,6.4776083924207,6.25838078725744,3.47902055200484,98.63,1.35680555555556,0.181385019722454,1.86891833792032
2024-07-23,6.60471086306493,6.4776083924207,3.38599684985343,99.1338194444444,1.39979166666667,0.238641017732407,1.85623204901342
2024-07-24,6.38577709516214,6.60471086306493,3.40107083961925,98.7555555555556,1.18597222222222,0.281386065622685,1.1462830640448
2024-07-25,6.41330199661704,6.38577709516214,3.384065787748,98.5922222222222,1.12270833333333,0.272419971666898,1.38264373165806
2024-07-26,6.52461040221569,6.41330199661704,3.27259950109078,99.0204166666667,1.20458333333333,0.263509050409259,1.2260625875759
2024-07-27,6.36827618514039,6.52461040221569,3.25459001340744,99.5829861111111,1.09965277777778,0.237069656848611,1.35608695068409
2024-07-28,6.00839108552646,6.36827618514039,3.28119414199591,100.632569444444,1.05256944444444,0.208953862075,1.42176725670008
2024-07-29,6.36252670840913,6.00839108552646,3.20791236865955,99.9839583333333,1.179375,0.195472094978472,1.56053660747483
2024-07-30,6.27236667118418,6.36252670840913,3.19628319868036,100.859305555556,1.239375,0.188883201603472,1.59250427616889
2024-07-31,6.58827388102922,6.27236667118418,3.3189885163838,99.99,1.4512,0.167929247454861,1.69012304727606
2024-08-01,NA,6.58827388102922,3.53181524347713,NA,NA,0.150666559015046,1.77813770884315
2024-08-02,NA,NA,3.41675797687526,NA,NA,0.13911689736713,1.90669402137023
2024-08-03,NA,NA,3.35499728218235,NA,NA,0.146958317091435,1.95657274876812
2024-08-04,NA,NA,3.4025370929038,NA,NA,0.202425446465278,1.51479414000052
2024-08-05,5.42050900782862,NA,3.52033764157511,104.715365853659,1.11018867924528,0.209667924110648,1.2828233246125
2024-08-06,5.83510921029941,5.42050900782862,3.43042404287405,103.107361111111,0.932777777777778,0.185599895556944,1.34341753988807
2024-08-07,5.78957384739901,5.83510921029941,3.44363663439162,102.714861111111,0.794027777777778,0.167641712816435,1.48099859811458
2024-08-08,6.16439526828924,5.78957384739901,3.23506541984079,100.172777777778,0.959027777777778,0.327906199282407,2.77948552014237
2024-08-09,6.25190890464628,6.16439526828924,3.1637168052456,98.1107638888889,1.01888888888889,0.622186230563657,1.22866777795304
2024-08-10,6.05778340080104,6.25190890464628,3.20271284881051,100.323888888889,0.916111111111111,0.594329853572685,0.580198624304431
2024-08-11,5.8163233413313,6.05778340080104,3.20117030949382,101.850486111111,0.789236111111111,0.522159720341204,0.643118831697935
2024-08-12,5.81844455446875,5.8163233413313,3.12822988528694,100.666944444444,0.763402777777778,0.456390681108333,0.668377713613517
2024-08-13,6.04425246343072,5.81844455446875,3.06603666770775,99.6721527777778,0.828263888888889,0.400050337684954,0.700180747416426
2024-08-14,6.30497522536986,6.04425246343072,2.9872838049447,99.4826388888889,0.812986111111111,0.35102515132662,0.729961204753362
2024-08-15,6.08785852343407,6.30497522536986,3.00883499396889,99.9101388888889,0.693611111111111,0.312866333969907,0.818991097922849
2024-08-16,6.54301962868146,6.08785852343407,2.90151077422695,99.2341666666667,0.854652777777778,0.284855579525463,1.01312971412608
2024-08-17,6.60175288611911,6.54301962868146,2.90230774195516,99.756875,0.864305555555556,0.268665045152546,1.03074258882256
2024-08-18,6.40218663956172,6.60175288611911,2.93051393880296,100.195486111111,0.772708333333333,0.241524321717361,1.12680139960595
2024-08-19,6.21047419366982,6.40218663956172,2.91957882662712,100.847152777778,0.753611111111111,0.217453640630093,1.22713455542598
2024-08-20,6.03918886079089,6.21047419366982,2.84478087972843,100.532638888889,0.797013888888889,0.191533082634722,1.24640619546973
2024-08-21,6.20794244064476,6.03918886079089,2.69651726819222,99.9488194444444,0.834722222222222,0.17001307782338,1.26999778452475
2024-08-22,6.25471981930868,6.20794244064476,2.63322006254612,100.301388888889,0.883263888888889,0.151221999543519,1.2909925206629
2024-08-23,6.34593044997188,6.25471981930868,2.55877008908908,100.617569444444,0.822430555555556,0.134958255244213,1.31684978085261
2024-08-24,6.60048169991071,6.34593044997188,2.52913345994921,100.471527777778,0.902569444444444,0.120823434384028,1.34796334593481
2024-08-25,6.35502671669479,6.60048169991071,2.60143760370124,101.831527777778,0.885833333333333,0.108636634173843,1.39174427065275
2024-08-26,6.16649222435758,6.35502671669479,2.65183929502427,102.933888888889,0.797083333333333,0.0981548825391204,1.44307943422639
2024-08-27,5.96266627930749,6.16649222435758,2.7373575630495,104.187777777778,0.724444444444444,0.0889712808310185,1.49663108938048
2024-08-28,5.7828729333797,5.96266627930749,2.86339685430983,104.442986111111,0.712083333333333,0.080971239599537,1.55932647579113
2024-08-29,5.55586338400057,5.7828729333797,2.97739538863925,104.075,0.711527777777778,0.0832980420425926,1.94884597748
2024-08-30,5.53532099130124,5.55586338400057,3.00037753849335,103.607291666667,0.783125,0.144812947944213,1.20525623601042
2024-08-31,6.07328703397194,5.53532099130124,2.85319335433496,103.105347222222,0.955902777777778,0.209778800013657,0.776368064213478
2024-09-01,6.05545894767513,6.07328703397194,2.81184623303602,102.480416666667,0.997916666666667,0.27009263871713,0.601034722522303
2024-09-02,6.00190353441541,6.05545894767513,2.78740658276104,102.521666666667,1.05840277777778,0.260952008052778,0.620054808779163
2024-09-03,6.06935611923896,6.00190353441541,2.68682133887512,101.286666666667,1.171875,0.230578907215509,0.687927222361546
2024-09-04,6.1286059334238,6.06935611923896,2.53837645104807,101.227916666667,1.46118055555556,0.201332072129861,0.708810594742154
2024-09-05,6.33079929153311,6.1286059334238,2.4377041503534,100.645,1.47847222222222,0.177043352783565,0.734137388568432
2024-09-06,6.2926325112526,6.33079929153311,2.36467036150862,99.5146527777778,1.4725,0.155902129765278,0.758828613623526
2024-09-07,6.43949582075523,6.2926325112526,2.28188379608559,100.197361111111,1.66618055555556,0.137583202459954,0.78274717266323
2024-09-08,6.34515182084747,6.43949582075523,2.19361190483176,99.1059722222222,1.720625,0.121519459191435,0.803272462161065
2024-09-09,6.26575059450137,6.34515182084747,2.09290967739844,99.3730555555556,1.74875,0.107563419093519,0.823650101599953
2024-09-10,6.26262458201198,6.26575059450137,2.03066608237327,98.8418055555556,1.78479166666667,0.0954471762761574,0.844834006792021
2024-09-11,6.30732803323211,6.26262458201198,1.98927771381932,99.5647916666667,1.86069444444444,0.0849304111983796,0.874491701698388
2024-09-12,6.30876162330268,6.30732803323211,1.94419066439968,100.014930555556,1.87430555555556,0.0756826181780093,0.897231899397873
2024-09-13,6.41599433357504,6.30876162330268,1.90619160595531,100.374791666667,2.00965277777778,0.0682289988608796,0.95637231652036
2024-09-14,6.39450874104217,6.41599433357504,1.89978697486652,100.762291666667,2.13993055555556,0.06209315821875,1.46952026998163
2024-09-15,6.34226541229531,6.39450874104217,1.89482418811065,101.105208333333,2.24923611111111,0.0565000259439815,1.50231920527314
2024-09-16,6.32063203800492,6.34226541229531,1.80394563321533,101.082230769231,2.47577464788732,0.0508644531321759,1.52275263613513
2024-09-17,6.53309648267332,6.32063203800492,1.65762354370543,99.2483333333333,2.59798611111111,0.0672857579252315,2.98029692587891
2024-09-18,6.45820312390806,6.53309648267332,1.65043712492434,99.9497916666667,3.00215277777778,0.25860875990162,0.367198317862454
2024-09-19,6.31699104287544,6.45820312390806,1.73428927454711,102.718333333333,3.47888888888889,0.289480537049074,0.287720738617621
2024-09-20,6.11741195220585,6.31699104287544,1.83983547734488,103.939583333333,3.09034722222222,0.273435361515509,0.339526951649422
2024-09-21,6.11105568392975,6.11741195220585,1.91631393986756,105.351180555556,2.631875,0.278102229069444,0.282324215024226
2024-09-22,6.04332134412229,6.11105568392975,1.91507470986232,106.746319444444,2.67680555555556,0.244212929738657,0.312812948718227
2024-09-23,6.5293673714648,6.04332134412229,1.82218118557148,106.886666666667,2.81138888888889,0.221924751206944,0.377695863991241
2024-09-24,6.48847081330507,6.5293673714648,1.77591175768066,105.149375,3.10013888888889,0.238203880200926,0.449876617996846
2024-09-25,6.70049905126403,6.48847081330507,1.70659080888731,104.312847222222,3.44611111111111,0.356819876152315,0.346415859601964
2024-09-26,6.64378420995389,6.70049905126403,1.70164528201417,105.093333333333,3.24243055555556,0.558538157169213,0.68956412138988
2024-09-27,7.61393492251482,6.64378420995389,1.68097399917724,102.125,3.16944444444444,0.839179921873611,0.669470985165433
2024-09-28,8.94976633176869,7.61393492251482,1.61154115352019,98.9320138888889,2.76861111111111,0.914602061255556,0.243037187589906
2024-09-29,10.0168786304948,8.94976633176869,1.58614929882413,97.3538194444444,2.18604166666667,0.824341118605324,0.312766470919476
2024-09-30,10.0066253137674,10.0168786304948,1.56901539542287,98.3667361111111,2.01465277777778,0.749519512822454,0.3425731347636
2024-10-01,11.6590600170293,10.0066253137674,1.6050196543996,100.810069444444,2.10472222222222,0.704441296408565,0.412692555342599
2024-10-02,11.7372952810302,11.6590600170293,1.69756586121878,102.045208333333,2.23736111111111,0.650115286974306,0.389241273284095
2024-10-03,11.717047897984,11.7372952810302,1.66102762626656,103.777708333333,2.26527777777778,0.573875106240972,0.426161706643593
2024-10-04,11.6389150585037,11.717047897984,1.61562097694059,103.38625,2.39701388888889,0.509958596449768,0.462930694593698
2024-10-05,12.7325778138744,11.6389150585037,1.62341716429455,103.498541666667,2.52458333333333,0.44700442583588,0.458106406487546
2024-10-06,12.8107938974436,12.7325778138744,1.63515639333525,103.039444444444,2.22243055555556,0.394322987211806,0.47894846595228
2024-10-07,13.8211360000899,12.8107938974436,1.58045544706897,101.951875,2.16020833333333,0.348613998316204,0.503702441206816
2024-10-08,13.5912013446722,13.8211360000899,1.49561919018731,101.574722222222,1.81888888888889,0.308675861444213,0.525907835511153
2024-10-09,14.6822336740633,13.5912013446722,1.39243334294906,97.4611111111111,2.13194444444444,0.27374889098287,0.548434732390982
2024-10-10,17.7337127154523,14.6822336740633,1.26447736534419,92.1396527777778,2.69763888888889,0.243585870803935,0.577144636801791
2024-10-11,16.9554040994976,17.7337127154523,1.19238051629895,94.2231944444444,2.54006944444444,0.217221809196528,0.608116523918029
2024-10-12,17.9543638207575,16.9554040994976,1.11263894210947,90.48625,2.68861111111111,0.194145828196065,0.639408901992824
2024-10-13,18.4647396021698,17.9543638207575,1.07490619819737,91.3059027777778,3.32236111111111,0.173947315606713,0.670958769583609
2024-10-14,19.0007558316107,18.4647396021698,0.950642124803267,91.3384722222222,3.69520833333333,0.156264465850232,0.706145160359455
2024-10-15,19.2425132408828,19.0007558316107,0.796184022197167,88.9161111111111,4.3665034965035,0.141964126895602,0.773539710240246
2024-10-16,18.7303948248862,19.2425132408828,0.676988188973837,90.0068055555556,4.16475524475524,0.129976266702778,1.08569656005616
2024-10-17,17.7830208508272,18.7303948248862,0.604425486600576,91.3147916666667,4.10270833333333,0.117673816029167,1.12707042837693
2024-10-18,17.4547861279802,17.7830208508272,0.548267022592199,91.6753472222222,4.36972222222222,0.106752274329398,1.16286581820531
2024-10-19,16.9661982248411,17.4547861279802,0.516094763906949,89.8539583333333,4.70909721527778,0.0971511638381944,1.20679957843924
2024-10-20,16.7978884117973,16.9661982248411,0.484242008428168,89.9331944444444,4.2672027972028,0.0886216769071759,1.24512873314138
2024-10-21,16.3605943286218,16.7978884117973,0.481942698856187,91.9603472222222,3.79756944444444,0.0811192509724537,1.29488780908907
2024-10-22,16.5514302518868,16.3605943286218,0.41471220934659,92.3304861111111,3.94604166666667,0.0744099325736111,1.34034877586231
2024-10-23,16.7879552812855,16.5514302518868,0.388345174193432,89.9611805555556,4.45783216783217,0.0684369574923611,1.38756463027992
2024-10-24,16.024233960954,16.7879552812855,0.387438891905163,95.4881944444444,3.83125,0.0631695563393519,1.44447990325344
2024-10-25,15.9008264924768,16.024233960954,0.386220994767541,97.9810416666667,6.12657342657343,0.0583732451474537,1.49046195232339
2024-10-26,15.6962019617928,15.9008264924768,0.359690407118592,100.391180555556,5.51680555555556,0.0542034623835648,1.55618411909213
2024-10-27,15.6823791599678,15.6962019617928,0.286696718628605,100.806041666667,6.48274646478873,0.0504803662719907,1.60790289527613
2024-10-28,16.060893200298,15.6823791599678,0.212577017746298,95.8353472222222,6.76507247101449,0.0470914893895833,1.66728626629265
2024-10-29,15.8112003739081,16.060893200298,0.217324243554458,93.6186805555556,5.80444445138889,0.0440034098134259,1.72401321341596
2024-10-30,16.0717509681509,15.8112003739081,0.188924347126772,91.5813888888889,5.4021830915493,0.0411890717011574,1.77741141922438
2024-10-31,15.9755218004748,16.0717509681509,0.237447801208759,96.3002777777778,7.40222225,0.0388787149662037,1.85574325246295
2024-11-01,15.8137768230799,15.9755218004748,0.216985555223687,97.9095833333333,7.24893619858156,0.0367195526444444,1.90707350901526
2024-11-02,15.3155651379235,15.8137768230799,0.248346489569826,102.4125,7.33267607042254,0.0350086684951389,2.89433407585883
2024-11-03,15.5104514285639,15.3155651379235,0.156608410836725,97.8616666666667,6.04923611805556,0.0331136985164352,2.89975808648008
2024-11-04,16.079299474641,15.5104514285639,0.0930120230450484,89.58875,4.57798611111111,0.031396978793287,2.90623996755825
2024-11-05,16.0808030835031,16.079299474641,0.0995745255138445,88.6621527777778,4.34270833333333,0.0298431246310185,2.93312475557294
2024-11-06,16.0268832487185,16.0808030835031,0.193273933912337,90.1465277777778,4.66284722222222,0.0284781308585648,3.01782753674485
2024-11-07,15.6339413773964,16.0268832487185,0.250587365533079,92.4856944444444,3.87951388888889,0.0273258702780093,3.00918286124755
2024-11-08,14.901719976921,15.6339413773964,0.359781485748499,96.99375,3.75354166666667,0.0268606158907407,3.23905830304945
2024-11-09,14.7955208775003,14.901719976921,0.210118790628712,94.8636805555556,3.2225,0.0262961567481481,3.20771465461588
2024-11-10,15.1536265931525,14.7955208775003,0.0994937037639829,90.45875,3.02979166666667,0.0280224255921296,3.12369845897543
2024-11-11,16.0206995870554,15.1536265931525,0.0764270804297666,81.1115277777778,2.41659722222222,0.0648533846462963,1.42333616909888
2024-11-12,16.306334057772,16.0206995870554,0.0307731705186143,76.7547222222222,1.79055555555556,0.163472991065972,0.493274270229924
2024-11-13,15.9320657654966,16.306334057772,0.0300921827993079,79.0568055555556,2.09645833333333,0.143783234414352,0.546065011253367
2024-11-14,15.9270536931999,15.9320657654966,0.00817000910490151,77.9427083333333,2.00298611111111,0.15840559094375,0.807118720130747
2024-11-15,15.7174290217858,15.9270536931999,0.0443177820135361,80.8596527777778,1.93993055555556,0.256980634799537,0.309657601268358
2024-11-16,15.5826610682382,15.7174290217858,0.0257157772107348,81.5971527777778,1.754375,0.231460609372454,0.336923362540998
2024-11-17,15.6881433310696,15.5826610682382,0.0246303771676821,79.6235416666667,1.85680555555556,0.20272306073125,0.366366507820616
2024-11-18,15.2454396402953,15.6881433310696,0.0848640446052968,81.7981944444444,1.86479166666667,0.177959537876852,0.402442078151271
2024-11-19,15.1148599899547,15.2454396402953,0.131172014092613,84.0580555555556,2.26770833333333,0.156614069774074,0.440355536285296
2024-11-20,15.2074808347682,15.1148599899547,0.121549827703575,83.9590277777778,2.33527777777778,0.141763595358102,0.508938227622622
2024-11-21,15.4014391888967,15.2074808347682,0.010577091806681,80.8038194444444,2.28784722222222,0.135572051511111,0.528268219383922
2024-11-22,15.3647903653806,15.4014391888967,-0.00254296283685562,81.3468055555555,2.38979166666667,0.120274890442824,0.586634438529091
2024-11-23,15.3149659219334,15.3647903653806,0.0235612925006308,83.5070138888889,2.68180555555556,0.106786757265741,0.635892136796296
2024-11-24,15.1943433510167,15.3149659219334,0.0326298311567825,83.8360416666667,3.20979166666667,0.0951219756611111,0.697140052648017
2024-11-25,15.0997498271836,15.1943433510167,0.0542791555226358,84.5127083333333,3.1775,0.0849022943425926,0.749812546863284
2024-11-26,15.0075217438703,15.0997498271836,0.0568526443712472,85.3352777777778,3.11256944444444,0.0770980100881944,0.805069875936668
2024-11-27,15.0827549505184,15.0075217438703,0.0253225390117677,83.8210416666667,2.93791666666667,0.0705711859986111,0.92463127508908
2024-11-28,15.0254805552544,15.0827549505184,0.00350892443486828,84.2168055555556,2.95694444444444,0.0692656089780092,1.00333167387891
2024-11-29,14.9915497099822,15.0254805552544,-0.00686807820557078,84.8251388888889,3.04587412587413,0.0810847680361111,0.785114234121065
2024-11-30,14.8977914384605,14.9915497099822,0.00833229123088586,86.4720138888889,3.19486111111111,0.0726741146087963,0.854076939922622
2024-12-01,14.8983436719801,14.8977914384605,0.0135240462625461,86.8834722222222,3.45847222222222,0.0654767300340278,0.915550586195442
2024-12-02,14.8708385716332,14.8983436719801,0.00335727213928294,88.2113194444444,3.37319444444444,0.0592698014923611,1.02933147158598
2024-12-03,14.7519534110715,14.8708385716332,0.00338335016942892,89.2334027777778,3.45416666666667,0.0535233527775463,1.10019724256871
2024-12-04,14.7381431374901,14.7519534110715,0.00573757422182553,88.9052777777778,3.86678321678322,0.0485015762326389,1.18129614438064
2024-12-05,14.5917527763303,14.7381431374901,0.00122345753618447,90.2712389380531,3.95887096774194,0.044446913425463,1.26518822658805
2024-12-06,14.3540102799537,14.5917527763303,0.00234352867471443,96.9898611111111,4.47440559440559,0.0408145339618056,1.42977838435043
2024-12-07,14.3011820460865,14.3540102799537,0.000812779695365862,96.9252777777778,5.04834532374101,0.0373779114752315,1.51865676937707
2024-12-08,14.2385926149728,14.3011820460865,0.0198291272873803,97.9533333333333,5.17971223741007,0.0343296199025463,1.5916922934277
2024-12-09,14.180855361858,14.2385926149728,0.0272046693951324,98.264375,5.39470589705882,0.0434553963789352,1.48938507929144
2024-12-10,14.1068213665728,14.180855361858,0.0302034595135865,100.369236111111,5.42978102919708,0.0873564183967593,0.643727302539686
2024-12-11,14.141744164918,14.1068213665728,0.0172681491766298,99.3139583333333,4.53687943262411,0.135539160094907,1.08810520959724
2024-12-12,14.0689636943676,14.141744164918,-0.00428562048796266,98.7338194444444,4.56014085211268,0.34377365506713,0.203700560176541
2024-12-13,14.015550435323,14.0689636943676,0.00609575203247914,99.3827777777778,4.71700729927007,0.30092621938125,0.241519066784429
2024-12-14,13.9761340717042,14.015550435323,0.00316711337143261,100.835694444444,4.54433823529412,0.263056528183102,0.270238112043948
2024-12-15,14.0805099204343,13.9761340717042,-0.00414705221953682,99.5177083333333,4.75278193233083,0.23433012018287,0.312422177446741
2024-12-16,14.2658528518056,14.0805099204343,-0.00338252595793165,98.5437404580153,4.35647058823529,0.238286639248148,0.425230648665978
2024-12-17,14.3366527976823,14.2658528518056,0.00666271629211224,97.7868055555556,3.70868055555556,0.280884736778935,0.302191835154354
2024-12-18,14.5750503321166,14.3366527976823,0.00206204703158619,98.3457638888889,3.36769230769231,0.25680026251713,0.314006767672177
2024-12-19,14.5781580182124,14.5750503321166,0.00388258897748983,99.4153472222222,3.17451388888889,0.2287491895625,0.375704445835942
2024-12-20,14.3829124337141,14.5781580182124,0.000351620224478211,100.277291666667,3.21458333333333,0.211196844457407,0.406928842714467
2024-12-21,14.5873811470514,14.3829124337141,-0.00448243814287252,99.2352777777778,2.89034722222222,0.192935742383796,0.409698582827855
2024-12-22,14.6208748921803,14.5873811470514,-0.00385981673719016,98.7176388888889,3.04159722222222,0.170529791361806,0.454196181641141
2024-12-23,14.5620707643036,14.6208748921803,-0.00498602463028419,96.863125,3.04298611111111,0.15100555280463,0.49886876238389
2024-12-24,14.4582246323815,14.5620707643036,-0.00619597880722722,97.2097692307692,3.04591549295775,0.134364618232407,0.548808414535921
2024-12-25,14.4336587829021,14.4582246323815,-0.00362898476078044,97.9772222222222,3.02,0.120051016609954,0.63191851344484
2024-12-26,14.3778662081002,14.4336587829021,-0.00560555378683603,98.7190909090909,3.01272727272727,0.107188881354167,0.68794852759218
2024-12-27,14.4679554679328,14.3778662081002,-0.0100460415619636,98.2375,2.80879310344828,0.0961172062546296,0.756154100894138
2024-12-28,14.6094970876767,14.4679554679328,-0.00970484755850975,98.469014084507,2.92858156028369,0.100045077957407,1.03402197429262
2024-12-29,NA,14.6094970876767,0.00168427499500012,NA,NA,0.167908027186343,0.81515299916273
2024-12-30,NA,NA,-0.00551212241384746,NA,NA,0.245582167564815,0.46444310031971
2024-12-31,NA,NA,-0.00864732879529129,NA,NA,0.241684004237963,0.397302731511155
2025-01-01,NA,NA,-0.00090361132038197,NA,NA,0.213018074003009,0.440806202168169
2025-01-02,NA,NA,-0.00144939934125432,NA,NA,0.188023250221759,0.490940178657081
2025-01-03,NA,NA,-0.00281673050790232,NA,NA,0.166723936203009,0.544112920931801
2025-01-04,NA,NA,-0.00335763379189302,NA,NA,0.148238429789815,0.619121920494725
2025-01-05,NA,NA,-0.000909867566520006,NA,NA,0.137065958414815,0.731514738667327
2025-01-06,NA,NA,-0.00250647600887532,NA,NA,0.197577145615509,1.30225464582701
2025-01-07,NA,NA,-0.00212237715140873,NA,NA,0.346045284812037,0.377131714017649
2025-01-08,13.6260371650534,NA,-0.00280885235372352,99.8342553191489,2.61661016949153,0.305323589525,0.430905666409513
2025-01-09,13.5869336312602,13.6260371650534,-0.00141122400464155,99.6377777777778,2.61791666666667,0.269450195087731,0.484336822789819
2025-01-10,13.531720669499,13.5869336312602,-0.0017362391693041,100.175277777778,3.07305555555556,0.238773644410648,0.535453224494874
2025-01-11,13.5617687510183,13.531720669499,-0.000262883062646324,98.86,2.983125,0.221371432705324,0.623078342515751
2025-01-12,13.5162296093684,13.5617687510183,0.000716824312576136,98.395,3.34784722222222,0.227376238189352,0.56229322308342
2025-01-13,13.4630166105921,13.5162296093684,0.000795128488107366,98.5244444444444,3.10013888888889,0.201749580912963,0.617939710120538
2025-01-14,13.3900822312407,13.4630166105921,0.00085467652479565,99.1097916666667,3.00472222222222,0.179353179011806,0.680314364394121
2025-01-15,13.239359935017,13.3900822312407,0.00396275116895595,99.6416666666667,3.13618055555556,0.159886765686343,0.743235396585762
2025-01-16,13.1615670023093,13.239359935017,0.00735243267308761,99.4429861111111,3.35541666666667,0.142938667727315,0.812802945390034
2025-01-17,13.1054977038387,13.1615670023093,0.00487165060246753,100.266319444444,3.72902777777778,0.128231430123843,0.885340173344641
2025-01-18,13.0423222942934,13.1054977038387,0.00625859703109199,100.277569444444,3.96069444444444,0.116738532694213,0.954324224838787
2025-01-19,12.9723654826054,13.0423222942934,0.00423824343147317,101.409236111111,3.93729166666667,0.120464811846065,1.08334250798194
2025-01-20,12.9274337112317,12.9723654826054,0.00388114991687871,101.554305555556,3.60222222222222,0.158283574399769,0.730653599809628
2025-01-21,12.8459062888812,12.9274337112317,0.0161107701710534,100.896527777778,4.04027777777778,0.141524336830556,0.798434618325761
2025-01-22,12.7476145808747,12.8459062888812,0.0205177992114614,101.703611111111,4.07486111111111,0.127234077503472,0.879771509579503
2025-01-23,12.6931900984001,12.7476145808747,0.0173516386457777,102.460902777778,4.22055555555556,0.114380430355093,0.960084598758847
2025-01-24,12.7012056727016,12.6931900984001,0.014994538216456,102.876458333333,4.30520833333333,0.102898143059722,1.0362854579763
2025-01-25,12.7660522156032,12.7012056727016,0.00948149222745087,102.883541666667,4.39444444444444,0.0930911959638889,1.12266064874969
2025-01-26,12.7507830001609,12.7660522156032,0.00638547452672356,103.461319444444,4.48701388888889,0.0842312033506944,1.20296016375374
2025-01-27,12.6990089645784,12.7507830001609,0.0043526441178301,103.885118110236,4.32525179856115,0.0765133916905093,1.28963370242742
2025-01-28,12.6845963901228,12.6990089645784,0.00367058625477057,103.960694444444,4.20444444444444,0.0696597754657407,1.37082279830627
2025-01-29,12.5887293235907,12.6845963901228,0.00194103231524423,104.493402777778,3.86479166666667,0.0636130599513889,1.45108831623718
2025-01-30,12.5439278108914,12.5887293235907,0.000378726317421751,104.661736111111,4.33951388888889,0.0583032182613426,1.52864851093257
2025-01-31,12.2176560696868,12.5439278108914,-0.00043849585119915,105.770486111111,4.29729166666667,0.133242066027778,1.85140946010511
2025-02-01,12.791536689907,12.2176560696868,0.000149397612744906,105.399097222222,3.70944444444444,0.40151241418588,0.59457195443729
2025-02-02,13.9720349000814,12.791536689907,0.000195153221284272,104.982986111111,3.98541666666667,0.394572855873611,0.43293186297841
2025-02-03,13.7450838589129,13.9720349000814,0.00037002869294156,104.893958333333,3.968125,0.347228314781944,0.482795077934737
2025-02-04,13.0227532465039,13.7450838589129,-0.000329325617030918,106.046875,3.661875,0.305731549187269,0.537913347365352
2025-02-05,12.8259705918153,13.0227532465039,-0.000200862716155825,106.603541666667,4.02326388888889,0.270033752471991,0.595272007874093
2025-02-06,12.8451585867511,12.8259705918153,-0.00162594084667944,106.231736111111,3.93277777777778,0.247641064117824,0.691943676213204
2025-02-07,12.8309524439005,12.8451585867511,-0.000764605834319809,106.389861111111,3.51694444444444,0.24849252739213,0.681033120839614
2025-02-08,13.0793005136472,12.8309524439005,-0.000599891467572888,106.115069444444,3.55013888888889,0.236892467606481,0.730057777578716
2025-02-09,13.0314127811515,13.0793005136472,-0.000518122042535651,106.800486111111,3.34736111111111,0.226977297141204,0.705854855673717
2025-02-10,12.9451859744341,13.0314127811515,0.00147836909457055,107.356111111111,3.41944444444444,0.206374007929861,0.799459144038888
2025-02-11,12.9090962836795,12.9451859744341,-0.000470302598500894,107.011875,3.68854166666667,0.26128728829537,1.47607020165515
2025-02-12,13.0081573361543,12.9090962836795,-0.00174757873799081,105.33125,3.43340277777778,0.509710849814815,1.77560366361366
2025-02-13,13.5367362287484,13.0081573361543,-0.000977727656845673,105.862986111111,3.20770833333333,0.771209810288657,1.76649884469049
2025-02-14,15.1536394272649,13.5367362287484,-0.0016516182901114,104.959513888889,3.02458333333333,0.7083060378125,0.552746882372767
2025-02-15,15.3852552656934,15.1536394272649,-0.00197323034194596,104.892916666667,3.10180555555556,0.841307784299306,1.42888040977213
2025-02-16,18.6395160073242,15.3852552656934,-0.00143502002890727,104.121805555556,2.92326388888889,0.933810648318518,1.13792335520934
2025-02-17,16.1104843850723,18.6395160073242,-0.00159411889262628,103.119652777778,2.65416666666667,0.83980645030162,0.741617167616219
2025-02-18,15.6352692674468,16.1104843850723,-0.00226366923925525,103.373333333333,2.93229166666667,0.746929048543056,0.814657297042375
2025-02-19,15.7160765258164,15.6352692674468,-0.00273253726902567,103.193541666667,3.21743055555556,0.670852263877315,0.875410224981218
2025-02-20,15.8372696409055,15.7160765258164,-0.00177898616948369,103.068194444444,2.92243055555556,0.605536807884028,0.939171969221092
2025-02-21,16.7214754780753,15.8372696409055,-0.00117403663796267,102.329791666667,3.03486111111111,0.540681831717593,1.01650346356875
2025-02-22,17.6455207298737,16.7214754780753,-0.00213099660697935,101.460694444444,2.969375,0.483010977458102,1.09503762338394
2025-02-23,16.9634152056692,17.6455207298737,0.00141652372496992,103.117152777778,2.58388888888889,0.432664298877778,1.17709375551763
2025-02-24,17.0085871305911,16.9634152056692,0.000864764528841988,102.941458333333,2.89798611111111,0.388550543668056,1.26294691253854
2025-02-25,17.0282267609871,17.0085871305911,0.00693967819404406,104.448541666667,2.84180555555556,0.349955649793287,1.35523744699945
2025-02-26,17.294839373255,17.0282267609871,0.011151929026596,104.864027777778,2.94986111111111,0.316239826157639,1.44939935481598
2025-02-27,17.4107819181983,17.294839373255,0.010156480068872,104.576666666667,2.96173611111111,0.286461953852315,1.54450736881873
2025-02-28,17.7810434017252,17.4107819181983,0.00204995443289135,103.078333333333,2.69527777777778,0.2608342355625,1.65354811153823
2025-03-01,17.8711372866271,17.7810434017252,0.000266126366568642,103.174583333333,2.50638888888889,0.23754392985,1.75314001893838
2025-03-02,18.1652313603233,17.8711372866271,0.00584593822225088,103.644444444444,2.44645833333333,0.217013320058333,1.85543723781865
2025-03-03,18.0245363937417,18.1652313603233,0.00644129260547288,103.879097222222,2.82868055555556,0.199053015290972,1.96155250484392
2025-03-04,17.8432806594715,18.0245363937417,0.0151480237634587,105.004444444444,2.79993055555556,0.183060890428704,2.06625940394357
2025-03-05,18.1955407269166,17.8432806594715,NA,104.330833333333,2.96729166666667,0.256156227367593,1.99854199630529
2025-03-06,18.3691484302714,18.1955407269166,NA,103.482152777778,2.57534722222222,0.333213388438889,1.29277953969406
2025-03-07,18.2067743566121,18.3691484302714,NA,103.309583333333,2.84347222222222,0.300713486189352,1.39545058411339
2025-03-08,18.0330810441727,18.2067743566121,NA,103.627291666667,2.72006944444444,0.270730838292824,1.49512565521971
2025-03-09,17.7592948341762,18.0330810441727,NA,104.732916666667,3,0.244369959725694,1.64555450627938
2025-03-10,17.391007261569,17.7592948341762,NA,105.7,2.9425,0.22117196218125,1.74859141247329
2025-03-11,17.0916371516155,17.391007261569,NA,107.311388888889,3.09381944444444,0.200973449591898,1.8662576913838
2025-03-12,17.3689497379233,17.0916371516155,NA,107.333402777778,3.29402777777778,0.183003065196991,1.96834986186764
2025-03-13,17.4993131995878,17.3689497379233,0.0978599929663915,108.390902777778,3.42791666666667,0.167233222647454,2.0714836327415
2025-03-14,17.7722829659985,17.4993131995878,0.063826318911083,108.006388888889,3.20020833333333,0.153430498989583,2.18176788894075
2025-03-15,18.0847822533669,17.7722829659985,0.0615980984867974,106.347361111111,3.25090277777778,0.143615063786343,2.25330885476501
2025-03-16,18.1524335718858,18.0847822533669,0.0740638651753898,106.759166666667,3.02652777777778,0.148225167121991,2.41944431520062
2025-03-17,17.2848632554683,18.1524335718858,0.11611213081278,106.845555555556,2.59048611111111,0.159435304473611,2.14285238941351
2025-03-18,16.8880941712995,17.2848632554683,0.157131175431118,108.271805555556,3.376875,0.146061230239815,2.28094899100696
2025-03-19,16.8551282975982,16.8880941712995,0.151923151885853,108.292222222222,3.17972222222222,0.134054802312037,2.38234688870245
2025-03-20,16.9682893882368,16.8551282975982,0.155800681576125,108.138267716535,2.98503597122302,0.125246799356713,2.45670065102567
2025-03-21,16.3315541227565,16.9682893882368,0.160849972940923,108.738819444444,2.85375,0.116732166613657,2.68588750176105
2025-03-22,16.6078059920755,16.3315541227565,0.14733706165066,107.847916666667,3.45326388888889,0.108168727253009,2.78572024110213
2025-03-23,16.424668791078,16.6078059920755,0.160112739671035,108.671041666667,3.79395833333333,0.100626513314815,2.87853226486714
2025-03-24,16.3533942043885,16.424668791078,0.195944424606637,109.615347222222,4.29138888888889,0.102381960028009,2.76181544025825
2025-03-25,16.515658158365,16.3533942043885,0.145497486835438,108.711111111111,4.17527777777778,0.110228154312731,2.65185605860072
2025-03-26,15.9250588314696,16.515658158365,0.178309853832161,110.371805555556,4.09979166666667,0.102220685987269,2.79731167449464
2025-03-27,15.5831484966653,15.9250588314696,0.203584349352582,111.589097222222,4.84375,0.09489438828125,2.89587700908456
2025-03-28,15.4840212346421,15.5831484966653,0.241237647434218,113.833888888889,5.53444444444444,0.0884206148629629,2.99390419506576
2025-03-29,16.0967710869227,15.4840212346421,0.235146822447064,113.506666666667,5.97097222222222,0.0829935311893518,3.08740619526726
2025-03-30,15.8760122991232,16.0967710869227,0.289749174955091,117.502013888889,6.49736107638889,0.0780274578493056,3.43348223087958
2025-03-31,15.9724771015506,15.8760122991232,0.318912202583647,118.014722222222,7.59666663194444,0.094350618900463,2.95754849592353
2025-04-01,14.8403882296583,15.9724771015506,0.498230794407391,118.690972222222,5.94090277777778,0.131119508669213,1.9987133788371
2025-04-02,15.1141243086664,14.8403882296583,0.458755698324239,118.989375,7.92423607638889,0.119743853223148,2.14871785783905
2025-04-03,14.9987063464718,15.1141243086664,0.462882677142375,119.67811023622,7.72146153846154,0.110719403528935,2.26635681943413
2025-04-04,15.5800445345385,14.9987063464718,0.537481515176751,119.805,10.1461111111111,0.102180367477083,2.4349848657124
2025-04-05,15.3095797340707,15.5800445345385,0.653812419315614,125.253571428571,8.14130434057971,0.105151205069676,2.45700245700246
2025-04-06,15.6295096426828,15.3095797340707,0.594959477904808,124.429097222222,8.06290783687943,0.121544923513657,2.0164898237099
2025-04-07,14.1900600907048,15.6295096426828,0.776253064773869,119.413472222222,5.83454545454545,0.144380584973148,2.22298975587531
2025-04-08,13.846527887037,14.1900600907048,0.722478369844453,117.518263888889,4.07118055555556,0.196792526187037,1.34788328409066
2025-04-09,13.9307873106118,13.846527887037,0.656871303740559,116.925625,4.31590277777778,0.181347353745833,1.42465144308123
2025-04-10,14.5623895632279,13.9307873106118,0.556849203251886,115.135416666667,5.57729167361111,0.170032706571759,1.54129356338336
2025-04-11,14.1947815414029,14.5623895632279,0.531418006102967,114.648888888889,4.77666666666667,0.20367744230787,1.7372958612247
2025-04-12,13.6524528562635,14.1947815414029,0.519238061852889,113.042708333333,3.74965277777778,0.247872365044676,1.21779739190175
2025-04-13,13.0029493122167,13.6524528562635,0.585705246643556,113.022569444444,2.95451388888889,0.228483405699306,1.28398914297788
2025-04-14,13.1863929118745,13.0029493122167,0.632241017399679,113.402291666667,2.98868055555556,0.20421802864838,1.38719674554292
2025-04-15,13.1907869297899,13.1863929118745,0.608452039349118,111.765763888889,3.00006944444444,0.189478430135417,1.49230747693643
2025-04-16,12.6487567307296,13.1907869297899,0.621400732851157,109.843511450382,2.41447552447552,0.183903865595602,1.55196635290792
2025-04-17,12.4410172609445,12.6487567307296,0.676071648955599,109.855902777778,2.316875,0.165584407783565,1.66599919903885
2025-04-18,12.8856923687775,12.4410172609445,0.71512430714165,110.292361111111,2.49638888888889,0.149695731730324,1.78258173119518
2025-04-19,12.9627938890348,12.8856923687775,0.72582389067145,110.979791666667,2.60215277777778,0.13586542172338,1.90156381171785
2025-04-20,12.408326547234,12.9627938890348,0.930246586645353,111.929444444444,2.29763888888889,0.12381920579213,2.02658120463757
2025-04-21,12.7621443550583,12.408326547234,1.03392277466855,112.380833333333,2.73833333333333,0.113307215274769,2.14904744291446
2025-04-22,11.6416847675782,12.7621443550583,1.2792419188952,111.916666666667,2.04875,0.106021236078935,2.24169247782075
2025-04-23,11.1521796016137,11.6416847675782,1.32923888587322,111.325277777778,2.05708333333333,0.101034472977083,2.64637777042673
2025-04-24,11.3815843375218,11.1521796016137,1.33404110864672,111.838680555556,2.29347222222222,0.0933495527331019,2.76194427237544
2025-04-25,11.8427992234523,11.3815843375218,1.4830716838062,111.614166666667,2.82625,0.0978853851289352,2.6285410784064
2025-04-26,11.268232267017,11.8427992234523,1.5707649288903,112.104652777778,2.56020833333333,0.128421882033796,2.06135313994894
2025-04-27,10.8074160346845,11.268232267017,1.53872649204504,110.378472222222,2.38138888888889,0.129088198465278,1.97262976205154
2025-04-28,11.1079049091974,10.8074160346845,1.44454851279863,109.652986111111,2.34708333333333,0.117150736410185,2.09665440976688
2025-04-29,11.4669394422646,11.1079049091974,1.44077154532636,109.848125,2.96659722222222,0.106768189530787,2.2260095301033
2025-04-30,10.7257674126131,11.4669394422646,1.68895323641766,110.830277777778,2.83298611111111,0.097715622980787,2.35079508993284
2025-05-01,10.531078747102,10.7257674126131,1.86971842071694,110.863055555556,2.95333333333333,0.0898206220784722,2.48064213193472
2025-05-02,10.5452278884838,10.531078747102,1.77768768083411,110.698819444444,2.66284722222222,0.0833765570361111,2.60237713471278
2025-05-03,10.4715871550857,10.5452278884838,1.83904526758909,110.935555555556,2.86041666666667,0.0808624857233796,2.93258979826144
2025-05-04,10.2889003432633,10.4715871550857,1.83726040063061,110.617708333333,3.30597222222222,0.105765531843287,2.51796937306575
2025-05-05,10.3815793987971,10.2889003432633,1.76296469597162,110.568541666667,3.30770833333333,0.1555265310125,1.64753075049631
2025-05-06,9.98303303059418,10.3815793987971,1.73812312415271,110.886875,2.88236111111111,0.1468177328125,1.70912375790425
2025-05-07,10.1122562503795,9.98303303059418,1.83523318203947,110.677638888889,2.57298611111111,0.131062213944213,1.83362949350539
2025-05-08,9.305167241208,10.1122562503795,1.91998525700751,110.357916666667,1.88708333333333,0.126262719712037,1.91593418598007
2025-05-09,8.89582533344826,9.305167241208,1.92807772450533,109.952777777778,1.93986111111111,0.13434180644375,1.7770195827558
2025-05-10,9.11912227269652,8.89582533344826,1.83508833508063,110.423958333333,2.37840277777778,0.119644117961111,1.87559859529637
2025-05-11,9.38444996066769,9.11912227269652,1.78794504781695,111.156180555556,2.61944055944056,0.107216467703241,1.96435463280918
2025-05-12,9.51348529085337,9.38444996066769,1.69245620482354,109.703541666667,3.14173611111111,0.124110453977546,2.10731490465789
2025-05-13,10.1503872347485,9.51348529085337,1.66627365493559,108.339375,3.78111888111888,0.533415481270139,2.97568432285777
2025-05-14,10.8724656329152,10.1503872347485,1.69064946110893,109.754166666667,3.68048611111111,0.801146304101157,1.36741111662196
2025-05-15,12.3557908667755,10.8724656329152,1.74229539898067,109.824027777778,3.64819444444444,0.721732101704167,0.948210088073281
2025-05-16,13.658022898028,12.3557908667755,1.80216154682068,110.777638888889,4.39458333333333,0.641477576673843,1.06435854410306
2025-05-17,14.8829140577355,13.658022898028,1.74008314505045,107.981041666667,3.84104166666667,0.58820197053125,1.17068243209726
2025-05-18,15.6194040226114,14.8829140577355,1.70907049717982,107.265972222222,3.62395833333333,0.519573500115509,1.12621006319233
2025-05-19,11.725625947846,15.6194040226114,1.97978412287216,108.139652777778,3.61104166666667,0.456258584936806,1.16389529360741
2025-05-20,11.4858666639447,11.725625947846,2.01106100455979,107.520069444444,3.67020833333333,0.400884294237731,1.19630046727179
2025-05-21,12.967149933973,11.4858666639447,1.89956033635178,105.317083333333,4.309375,0.376918122972917,1.34274096500006
2025-05-22,11.6584575269497,12.967149933973,1.68092931950355,105.400625,3.71881944444444,0.380735649279398,1.31952407957274
2025-05-23,11.3816598852952,11.6584575269497,1.6190532254443,104.480208333333,3.47569444444444,0.331907280911574,1.33303071085381
2025-05-24,10.7436950470194,11.3816598852952,1.64266000889359,104.708125,3.56493055555556,0.291672060280324,1.34230873464666
2025-05-25,9.90343252759521,10.7436950470194,1.70029554416396,104.963888888889,3.52916666666667,0.257075595501157,1.35579929217784
2025-05-26,9.10309911900637,9.90343252759521,1.64672733410362,103.268611111111,4.49611111111111,0.24167445511713,1.51244418883382
2025-05-27,9.34141303685497,9.10309911900637,1.48681649783873,99.7758333333333,6.7345390212766,0.301516673352778,1.37061982278713
2025-05-28,12.374183568119,9.34141303685497,1.43599160335998,102.163046875,3.98728571428571,0.443077615146528,0.988988226729742
2025-05-29,15.9611893736828,12.374183568119,1.47378622143208,105.093263888889,2.44604166666667,0.483926101537963,0.806844143144675
2025-05-30,16.4458764776098,15.9611893736828,1.53985169340183,106.675972222222,2.24541666666667,0.442920585159491,0.871959669469793
2025-05-31,16.9637696576941,16.4458764776098,1.38962672173784,105.662013888889,2.15402777777778,0.394486913786111,0.953464478405173
2025-06-01,15.668682021634,16.9637696576941,1.50700361899374,106.729027777778,1.76513888888889,0.34441822072338,0.964226577842813
2025-06-02,15.0846810737711,15.668682021634,1.60162266972998,108.042361111111,1.45479166666667,0.303077954609028,0.978471868496182
2025-06-03,14.7536516163963,15.0846810737711,1.65183073553055,109.027013888889,1.29916666666667,0.267905359539583,1.00594258602492
2025-06-04,14.8378396076976,14.7536516163963,1.71924838232292,110.825625,1.174375,0.237723771625694,1.04216180510458
2025-06-05,14.3615687678569,14.8378396076976,1.90826090099301,111.115277777778,1.16958333333333,0.213583063652315,1.12269685694557
2025-06-06,13.5889475821686,14.3615687678569,2.19255254054724,111.188541666667,1.09027777777778,0.195428593428009,1.40886744973275
2025-06-07,12.9139410018689,13.5889475821686,2.59464910238285,111.885347222222,1.014375,0.191059340140046,1.43553291035555
2025-06-08,14.1728749102939,12.9139410018689,2.50267965338298,112.767708333333,1.11333333333333,0.205921485703704,1.25721352019786
2025-06-09,13.1133604691493,14.1728749102939,2.58834674994159,112.011666666667,0.849861111111111,0.183360626721528,1.30774549883836
2025-06-10,12.4837213597465,13.1133604691493,2.72413491041368,112.517291666667,0.790347222222222,0.168060813119676,1.41101602623795
2025-06-11,11.6537185383742,12.4837213597465,2.77564152917819,112.649098360656,0.748880597014925,0.151376907503704,1.50695301110239
2025-06-12,11.3596294408131,11.6537185383742,2.92259699801059,112.018125,0.686597222222222,0.136172585110185,1.55833632014461
2025-06-13,11.6507104071506,11.3596294408131,2.97569549934656,112.006319444444,0.843680555555556,0.13393172475463,1.65174681137606
2025-06-14,10.8432490465253,11.6507104071506,3.04376551813948,111.907638888889,0.848958333333333,0.160215149341667,1.34766426934743
2025-06-15,10.578844281879,10.8432490465253,3.05966334057143,111.236041666667,1.03597222222222,0.21172363762338,1.01228523391556
2025-06-16,12.3798179599382,10.578844281879,2.97080919387565,110.372847222222,1.32506944444444,0.319186260441435,1.10360783362115
2025-06-17,12.3754245442434,12.3798179599382,2.9762824491504,113.492291666667,1.308125,0.46960719484838,0.739941595449642
2025-06-18,11.960165742425,12.3754245442434,3.06882652409115,115.539375,1.13298611111111,0.466215665432407,0.654292385629691
2025-06-19,12.4262152689579,11.960165742425,3.04915327389028,115.503566433566,1.24769230769231,0.433705683555324,0.732693928425956
2025-06-20,11.9673716464846,12.4262152689579,3.1581451724179,115.634375,1.23486111111111,0.389495906630555,0.709619774556113
2025-06-21,10.618894523277,11.9673716464846,3.30114300306184,113.253055555556,1.09354166666667,0.348649542265972,0.814058408310395
2025-06-22,10.5904260961212,10.618894523277,3.49865291328854,112.607569444444,1.13826388888889,0.308704508806713,0.886742681365515
2025-06-23,9.28737837287387,10.5904260961212,3.85510390897377,111.643611111111,1.55909722222222,0.274560566253704,0.950643809994899
2025-06-24,9.01736536634865,9.28737837287387,4.06430911786242,109.829236111111,4.53139861538462,0.24645856465463,1.04181913675383
2025-06-25,8.78345874027118,9.01736536634865,4.22003500667574,108.042083333333,8.07652775694444,0.222585762571296,1.2059908668834
2025-06-26,8.26780781035076,8.78345874027118,4.27328406303809,108.374930555556,5.97895834027778,0.20201589528287,1.3051539136235
2025-06-27,8.27823910836717,8.26780781035076,4.16052952313828,106.427013888889,2.89229165277778,0.192649799265509,1.34933070443324
2025-06-28,8.56312464419568,8.27823910836717,4.0947919612164,109.044930555556,1.85159722222222,0.23012956802963,1.22639421658306
2025-06-29,8.60409768432377,8.56312464419568,4.07158447382676,108.322569444444,1.85645833333333,0.310776137520833,0.967890612997388
2025-06-30,8.67391601294114,8.60409768432377,4.07491018379574,106.691118881119,1.38611111111111,0.346864387176852,1.18225365382145
2025-07-01,9.22168990559393,8.67391601294114,3.91015534853659,107.340347222222,2.07201388888889,0.521124701744213,1.70006566121865
2025-07-02,9.42541328915735,9.22168990559393,3.84355393432133,106.476944444444,2.44083333333333,0.609397305234259,1.22746598787507
2025-07-03,8.31296381563383,9.42541328915735,3.94802193576948,105.739236111111,1.84520833333333,0.563121735169213,1.06172613871777
2025-07-04,8.40701785524841,8.31296381563383,3.86033241887674,104.562152777778,1.61791666666667,0.502368106400695,1.18695740787088
2025-07-05,8.72089858740734,8.40701785524841,3.78612601912448,103.6,2.14694444444444,0.437866978211806,1.22005149174618
2025-07-06,8.85616810683804,8.72089858740734,3.70090704658946,103.634861111111,2.11076388888889,0.395649253994213,1.35962295268807
2025-07-07,8.49067379293371,8.85616810683804,3.81754343068587,103.045069444444,2.39097222222222,0.385591907729861,1.49964847689372
2025-07-08,8.03337626739731,8.49067379293371,3.89410820172191,105.819930555556,2.87111111111111,0.410111928003009,1.42680293949864
2025-07-09,7.31229516094674,8.03337626739731,3.82979893844549,104.817013888889,5.449507,0.469086767762963,1.65908186160973
2025-07-10,7.30596482456673,7.31229516094674,3.77950687468217,105.365208333333,6.88436622535211,0.556343981404398,1.82225091374774
2025-07-11,7.55388845053602,7.30596482456673,3.86336537318005,106.628125,4.35590277777778,0.508285378277083,1.47999244348005
2025-07-12,7.40424834741603,7.55388845053602,3.97434262063121,106.594236111111,5.18202797202797,0.466219909486111,1.5975967774971
2025-07-13,7.60867957820817,7.40424834741603,3.89266377463207,106.683819444444,6.93138888888889,0.424008020842361,1.72036068769385
2025-07-14,6.9498827217818,7.60867957820817,3.95005219152847,105.422916666667,7.10293704195804,0.493820582241435,2.03255744499365
2025-07-15,7.03472229208699,6.9498827217818,3.9386539088398,104.861458333333,9.49395684172662,0.611411108716667,2.23513324031847
2025-07-16,6.98939314920973,7.03472229208699,3.97787074757343,105.686736111111,5.34895104195804,0.616383548137268,1.95545655865466
2025-07-17,7.1918887555002,6.98939314920973,3.88721632619388,107.075972222222,5.86495796638655,0.593287938388426,1.92070046551055
2025-07-18,6.72181180548544,7.1918887555002,3.88715986011312,106.645277777778,6.1863281328125,1.07983527359514,3.21447678900151
2025-07-19,6.21640534151215,6.72181180548544,3.87575854530837,104.125555555556,5.77,0.907857729413657,2.18430050084643
2025-07-20,6.28254880620009,6.21640534151215,3.84201589355666,102.622291666667,3.65631944444444,0.808923002006481,2.18846651259303
2025-07-21,6.72492267209644,6.28254880620009,3.79399135823746,103.295555555556,4.59897058823529,0.734577260745139,2.37384909483914
2025-07-22,7.5872921721287,6.72492267209644,3.73563642442707,103.414861111111,3.30685314685315,0.66898753278125,2.55028607453401
2025-07-23,8.40365109402149,7.5872921721287,3.70868886976598,107.94406779661,2.30353846153846,0.570209835361111,2.4915336236091
2025-07-24,9.17744344886272,8.40365109402149,3.64909052356666,109.313680555556,0.979930555555556,0.539289782102778,2.79276301551513
2025-07-25,9.32293486305541,9.17744344886272,3.79243149005197,111.720138888889,1.01118055555556,0.480759506968287,2.92972952692868
2025-07-26,8.75103725210357,9.32293486305541,3.92346416657529,111.262291666667,1.66965277777778,0.482710710658565,3.02229353613839
2025-07-27,8.3961722394881,8.75103725210357,3.96808017482897,110.810069444444,4.05642857142857,0.453319577746991,3.15270982079642
2025-07-28,7.79802054250974,8.3961722394881,4.08499011912966,110.835689655172,7.59906541121495,0.416725755193519,3.36335999918526
2025-07-29,7.46758423587067,7.79802054250974,4.17661638636514,110.547986111111,6.80986111111111,0.458153554915509,3.09281334854073
2025-07-30,7.04145716814428,7.46758423587067,4.0792352626321,109.267142857143,3.65657142857143,0.4826794107625,2.98072421047078
2025-07-31,6.58467529648063,7.04145716814428,4.04862004649794,108.864718309859,4.22718309859155,0.513030230317824,2.95846056644024
2025-08-01,6.60808243378955,6.58467529648063,3.86994858053117,108.161319444444,3.51340277777778,0.599243937254861,2.97901234895788
2025-08-02,7.23443299191014,6.60808243378955,3.50476112659976,108.038194444444,5.57847221527778,0.551444221403472,3.01308266640499
2025-08-03,7.94870291384926,7.23443299191014,3.27773019231586,107.286597222222,8.437968734375,0.46641301392963,2.89700449507725
2025-08-04,8.10880622718927,7.94870291384926,3.15592766493398,106.992013888889,12.7505041932773,0.415801612499537,2.96893779137566
2025-08-05,7.87052803440025,8.10880622718927,3.1050594099911,106.831319444444,15.2259663865546,0.420817022963889,3.17307837768331
2025-08-06,7.61299125759664,7.87052803440025,2.9253006483325,104.726597222222,11.8866386554622,0.485075179078241,3.07208742270567
2025-08-07,8.71509439579367,7.61299125759664,2.77493154051785,104.651944444444,6.18489512587413,0.465121230083565,2.91759671240001
2025-08-08,9.44243946495033,8.71509439579367,2.72186775049113,105.381041666667,5.12229165972222,0.432023446768519,3.10427820619873
2025-08-09,9.69852667801473,9.44243946495033,2.69471809274944,106.382986111111,4.66763889583333,0.370202438493519,3.07239033114177
2025-08-10,10.0465997589417,9.69852667801473,2.67618056141669,105.923472222222,3.63756944444444,0.332836198165972,3.15591662642076
2025-08-11,10.4517661318755,10.0465997589417,2.68310891829685,105.947291666667,3.46486111111111,0.316049374247685,3.35543432647923
2025-08-12,10.0118533294502,10.4517661318755,2.76336300904165,109.596388888889,2.71340277777778,0.302432327939352,3.62053178314699
2025-08-13,9.70050095263566,10.0118533294502,2.79086859626477,109.521736111111,2.90722222222222,0.299075281459722,3.69310018199427
2025-08-14,8.41175379772407,9.70050095263566,2.94426597488632,110.459513888889,2.45715277777778,0.334494562150695,3.33693354205028
2025-08-15,7.29369249870743,8.41175379772407,3.20827202331179,111.650416666667,2.44243055555556,0.331768818659491,3.25721440210048
2025-08-16,7.70526706983966,7.29369249870743,3.22150869640279,111.302986111111,2.74076388888889,0.310765527386574,3.43979924546339
2025-08-17,6.89056444160776,7.70526706983966,3.34295165502863,111.139791666667,2.75597222222222,0.288333051028935,3.65406022023716
2025-08-18,6.04210170449403,6.89056444160776,3.47873578448002,110.247708333333,2.67652777777778,0.26898441019375,3.86168158680007
2025-08-19,6.27490107109569,6.04210170449403,3.34499566144109,108.493194444444,2.80729166666667,0.252228886171528,4.06352731838746
2025-08-20,5.84198547156742,6.27490107109569,3.28689298395318,109.590208333333,2.57305555555556,0.24525537542963,4.13364366304423
2025-08-21,5.93168617199593,5.84198547156742,3.32104059694041,108.482180451128,2.1803007518797,0.236536497602083,4.24339884584934
2025-08-22,6.49786585721723,5.93168617199593,3.23525150856187,106.98375,2.40701388888889,0.225647316811806,4.38234554230351
2025-08-23,8.03711511770701,6.49786585721723,3.07613520450843,107.654166666667,2.59888888888889,0.213649376991435,4.57133492415458
2025-08-24,9.29885181204057,8.03711511770701,3.07674954605534,107.418125,2.605,0.208487546674306,4.63871225480093
2025-08-25,9.22138056815631,9.29885181204057,3.02057249471454,110.664027777778,2.54201388888889,0.179481561636343,4.69672293472767
2025-08-26,9.05809629440746,9.22138056815631,2.90207380965614,109.727291666667,2.51652777777778,0.161534519536806,4.70293046428302
2025-08-27,9.2432377289196,9.05809629440746,2.78799043063009,107.787777777778,2.36541666666667,0.145545047208102,4.69836085889973
2025-08-28,9.40993585237716,9.2432377289196,2.69777571838119,106.337291666667,2.38923611111111,0.131960361809259,4.6835300549963
2025-08-29,9.35628567346436,9.40993585237716,2.65569338528587,106.710277777778,1.743125,0.120782054860417,4.70411511246393
2025-08-30,9.23004975324354,9.35628567346436,2.6031507418985,105.761944444444,1.56423611111111,0.110391550380324,4.6951515471894
2025-08-31,9.51370540408666,9.23004975324354,2.51938603661131,104.029513888889,1.58638888888889,0.101390973488194,4.69336179697678
2025-09-01,8.83927430764897,9.51370540408666,2.43571604346835,105.885763888889,2.06784722222222,0.0928344307148148,4.67449940568712
2025-09-02,8.52569130119002,8.83927430764897,2.43909163957267,106.469444444444,2.02888888888889,0.0851330647627315,4.66116217479358
2025-09-03,8.65307311288757,8.52569130119002,2.39583466070223,104.836458333333,1.84069444444444,0.0849447348796296,4.69647764176867
2025-09-04,9.38160036978384,8.65307311288757,2.25487467049902,102.836992481203,2.31135338345865,0.0853304132599537,5.78189210864984
2025-09-05,9.49182316759455,9.38160036978384,2.28089465549135,104.110902777778,2.14118055555556,0.0831919407,5.79022548719518
2025-09-06,9.28533173528158,9.49182316759455,2.31582448742608,106.998611111111,1.6675,0.0825770834196759,5.75624610521853
2025-09-07,8.73609581240262,9.28533173528158,2.28890291293362,108.838958333333,1.49347222222222,0.0854550823375,5.4506400466843
2025-09-08,8.62652168253472,8.73609581240262,2.18560614038927,107.323888888889,1.45048611111111,0.0828603740043981,5.07071470187143
2025-09-09,8.3744798099391,8.62652168253472,2.10648998637237,106.273194444444,1.31506944444444,0.0757494620238426,5.05648273302191
2025-09-10,8.09653496217894,8.3744798099391,2.06123639323198,105.876875,1.283125,0.0694730371027778,5.03986071657656
2025-09-11,7.58935959403119,8.09653496217894,2.11931156877449,106.144583333333,1.26277777777778,0.0636735377166667,5.01566353395987
2025-09-12,7.26197346792859,7.58935959403119,2.12357519895659,106.957361111111,1.60909722222222,0.0587313371787037,4.99512230371789
2025-09-13,6.98506634034544,7.26197346792859,2.10011210301366,107.327152777778,2.29652777777778,0.0543047891657407,4.98222031182838
2025-09-14,7.04591094546941,6.98506634034544,2.06791280104972,106.434722222222,2.81048611111111,0.0503015855097222,4.95686473032547
2025-09-15,6.43974848712365,7.04591094546941,2.11587063048307,109.309583333333,2.44777777777778,0.0485079423131944,5.00891324081061
2025-09-16,6.5119999866577,6.43974848712365,2.04179143960005,109.298125,2.28166666666667,0.0470633725337963,6.0306152354758
2025-09-17,6.38325007007089,6.5119999866577,1.97224555098228,108.569305555556,2.35611111111111,0.0458729154699074,6.04834046490112
2025-09-18,5.84101847996592,6.38325007007089,2.06562560735256,110.149861111111,2.03833333333333,0.045162036474537,6.02607776342065
2025-09-19,5.60434316247555,5.84101847996592,2.06354216118416,109.336180555556,2.39465277777778,0.0428166662965278,5.91012154778277
2025-09-20,5.41688857364885,5.60434316247555,2.1069461047922,109.932361111111,2.47152777777778,0.0417896053002315,5.87764843283866
2025-09-21,5.19482988279455,5.41688857364885,2.09057656140146,110.192708333333,2.55034722222222,0.0417545918571759,5.90798785368519
2025-09-22,5.46031388505531,5.19482988279455,1.98400450646625,109.647916666667,3.36395833333333,0.0394553757631944,5.82200529762145
2025-09-23,5.00886116147111,5.46031388505531,1.96522364865473,106.673333333333,2.60756944444444,0.0421328431435185,5.71644422059934
2025-09-24,4.78725969514376,5.00886116147111,1.95853130458624,106.231527777778,2.65965277777778,0.0569329194217593,3.97882927374718
2025-09-25,4.52461258519099,4.78725969514376,1.97578638540301,106.764444444444,2.64180555555556,0.0803473637050926,2.7731192309216
2025-09-26,4.44097981346938,4.52461258519099,2.06684539889125,107.245347222222,2.92375,0.118221298956944,1.85778519695216
2025-09-27,3.89785887187669,4.44097981346938,2.15457875419668,107.402638888889,5.0065034965035,0.131831979184722,1.77060949207652
2025-09-28,3.79102429689389,3.89785887187669,2.1436732102768,108.746180555556,5.96055554166667,0.221793716048843,1.00459482537989
2025-09-29,3.69643311349194,3.79102429689389,2.03512765419043,107.977916666667,10.811958048951,0.212294993353241,1.03454997076272
2025-09-30,3.89619654863369,3.69643311349194,1.94443547431399,104.470629370629,18.0303571357143,0.199848775360417,1.12287072652125
2025-10-01,3.6230075054937,3.89619654863369,1.90783841966993,104.642847222222,18.428865248227,0.203738450579861,0.997278964704657
2025-10-02,3.55895098038922,3.6230075054937,1.84460249677522,106.887569444444,17.9689208633094,0.179792438570139,1.05928765118454
2025-10-03,3.36925060455145,3.55895098038922,1.74661777646293,105.729305555556,15.1116428571429,0.159039546465741,1.1207920263653
2025-10-04,3.44598708328626,3.36925060455145,1.68315695841932,104.320902777778,12.9711188881119,0.14086810002662,1.17875233020129
2025-10-05,2.70574748760548,3.44598708328626,1.61480302840198,105.374822695035,12.7194963956835,0.125076506701852,1.24274710732585
2025-10-06,5.79115196563163,2.70574748760548,1.59578479492529,107.997175572519,5.00356643356643,0.111416489349769,1.3094053395169
2025-10-07,9.27580927573285,5.79115196563163,1.62659840237109,111.781805555556,2.58326388888889,0.100473727381481,1.42033454422573
2025-10-08,9.31086593785801,9.27580927573285,1.59861386753335,111.908263888889,2.42041666666667,0.0913553779990741,1.82922580195582
2025-10-09,9.23873578144559,9.31086593785801,1.48489903032737,109.560972222222,2.35298611111111,0.0827213812456019,1.92395256815602
2025-10-10,9.25295988228078,9.23873578144559,1.34365559699381,107.806041666667,2.465625,0.0753919004993056,2.04766629372401
2025-10-11,9.30684225423954,9.25295988228078,1.24510027772476,106.758531468531,2.73979020979021,0.068610963694213,2.20364800395883
2025-10-12,9.2809074801517,9.30684225423954,1.14798930721622,106.803263888889,2.87965277777778,0.0630448872618056,2.33088464224707
2025-10-13,9.10746952990571,9.2809074801517,1.1338495036897,106.376111111111,2.73722222222222,0.0588310724407407,2.5339056413216
2025-10-14,8.93763803717558,9.10746952990571,1.15135914767109,107.058958333333,2.59631944444444,0.0543276009543981,2.61700860292753
2025-10-15,8.76980276402957,8.93763803717558,1.15494274188109,107.376805555556,2.68388888888889,0.0497493280215278,2.68722607888928
2025-10-16,8.7514818242407,8.76980276402957,1.0647850552167,108.368888888889,2.91201388888889,0.0456967872412037,2.75139891801528
2025-10-17,8.66938409215008,8.7514818242407,0.999737495599902,106.504375,3.00284722222222,0.0422071140833333,2.82805429864253
2025-10-18,8.89053240361766,8.66938409215008,0.954740374601329,104.472083333333,2.87784722222222,0.0390967532252315,2.91735077411564
2025-10-19,9.04335231542098,8.89053240361766,0.884206508885882,104.259791666667,3.11847222222222,0.0389927739094907,3.12920912640644
2025-10-20,9.66643009559784,9.04335231542098,0.739181929731217,100.008125,3.67854166666667,0.047324912343287,2.64553230127681
2025-10-21,9.36353589527898,9.66643009559784,0.687942281376991,100.214513888889,3.17951388888889,0.0474989185451389,2.60233428268275
2025-10-22,9.41061750247886,9.36353589527898,0.622262768739915,100.887916666667,3.55493055555556,0.0457386972715278,2.71408190960019
2025-10-23,9.63046935787272,9.41061750247886,0.508046928765111,99.361875,3.91784722222222,0.0423890778858796,2.77836877213622
2025-10-24,9.43201769521473,9.63046935787272,0.443944926312156,99.9870138888889,4.09868055555556,0.0392341544638889,2.88009086483855
2025-10-25,9.16305367791058,9.43201769521473,0.412964459680666,100.889791666667,3.66229166666667,0.0379094792016204,2.96673617039141
2025-10-26,9.21094157024017,9.16305367791058,0.375352863617536,102.023333333333,4.10402777777778,0.0355121193657407,3.19689273976696
2025-10-27,9.42297564727643,9.21094157024017,0.307931191200055,99.9020833333333,4.62006993006993,0.0398797811335648,2.79355619703883
2025-10-28,9.34164310515559,9.42297564727643,0.241955169073094,100.041736111111,5.45548611111111,0.0735006440675926,1.53015561393885
2025-10-29,9.37237685960867,9.34164310515559,0.177219304051164,98.2386111111111,5.44305555555556,0.13817524795162,0.806268932922264
2025-10-30,9.30699681721631,9.37237685960867,0.143649497354204,97.5259375,4.829375,0.254560463175,0.593943031485233
2025-10-31,9.35108102938599,9.30699681721631,0.0887822722758074,94.7488194444445,4.63569444444444,0.528357099762037,0.240976436520782
2025-11-01,9.86817458009846,9.35108102938599,0.0674347082466511,90.8434027777778,3.78618055555556,0.462656495895139,0.282076773041716
2025-11-02,9.68967332746687,9.86817458009846,0.0700097828120079,93.3776388888889,4.17770833333333,0.404194125619907,0.31368863712131
2025-11-03,9.37325294326029,9.68967332746687,0.0622193627475554,96.27625,4.56638888888889,0.353927023046528,0.352245150633517
2025-11-04,9.14308066721991,9.37325294326029,0.0554777899232022,93.3334027777778,4.249375,0.310332633908796,0.38976091245081
2025-11-05,9.3946988380713,9.14308066721991,0.0494208473703566,90.2752592592593,3.98955555555556,0.272700079211343,0.429930141215516
2025-11-06,8.56552975635422,9.3946988380713,0.0451896905408375,91.4172916666667,4.21972222222222,0.240157736424769,0.472724461281879
2025-11-07,8.63186687855289,8.56552975635422,0.0487037451387096,91.5505555555556,4.33375,0.212063161919676,0.520342124947153
2025-11-08,8.71877691541311,8.63186687855289,0.0445330729257876,91.2426388888889,4.06625,0.194797820946296,0.555567659426131
2025-11-09,8.43806762786664,8.71877691541311,0.0341221722318323,91.652323943662,4.47176056338028,0.195159096017824,0.644244073362274
2025-11-10,7.95525989857302,8.43806762786664,-0.000353587877498285,92.6066666666667,4.49923611111111,0.173134048815741,0.701687727512287
2025-11-11,8.17143344024557,7.95525989857302,0.0283636127077216,92.4095384615385,4.95007042253521,0.154243765780556,0.787623646594302
2025-11-12,7.53476876146082,8.17143344024557,0.0383251333091721,93.8576056338028,5.07415492253521,0.137474979090509,0.848965227156082
2025-11-13,6.4237326691137,7.53476876146082,0.0340986649990782,97.4861805555555,5.82631944444444,0.122779412634722,0.911691252084792
2025-11-14,7.07939792478442,6.4237326691137,0.0435852486025397,96.82625,6.35451388888889,0.109976694130787,0.979233496538916
2025-11-15,7.18861199238868,7.07939792478442,0.0659898650710602,96.5308333333333,5.65875,0.0988153633967593,1.04688993160319
2025-11-16,6.43334818362201,7.18861199238868,0.0676594341503005,99.3374305555556,6.32305555555556,0.0895102756513889,1.13201284923485
2025-11-17,5.87380170252054,6.43334818362201,0.0358888185527348,102.022708333333,8.07777777083333,0.0810338393916667,1.36171995705345
2025-11-18,6.55746458786586,5.87380170252054,0.0277831663587449,97.5402083333333,7.35489511888112,0.081502276819213,1.30832969908417
2025-11-19,6.50208003287668,6.55746458786586,0.0420903950207503,100.230277777778,6.23798611805556,0.105183035472454,1.02386152146831
2025-11-20,6.57890536318577,6.50208003287668,0.0425462254891045,100.03027972028,6.00398601398601,0.10561752047037,1.00458088885317
2025-11-21,6.72309622798021,6.57890536318577,0.0379852744986238,97.8568055555556,5.11222222222222,0.095194655080787,1.10342675308319
2025-11-22,6.40200398546834,6.72309622798021,0.0786058846194919,104.233194444444,5.93888112587413,0.0984509052849537,1.11003939023273
2025-11-23,6.13016352977095,6.40200398546834,0.0781033674262517,105.947482517483,6.15692307692308,0.129818175702315,0.800961153384061
2025-11-24,6.32073572352992,6.13016352977095,0.0357331131398269,101.6525,4.63145833333333,0.115312000143056,0.869517210920032
2025-11-25,8.81266314116476,6.32073572352992,0.0296528440530892,105.23046875,4.43092857142857,0.10457189173912,0.928382635693522
2025-11-26,11.2527917196447,8.81266314116476,0.0247225575565153,106.264513888889,3.64020833333333,0.102697081015509,1.00215411477247
2025-11-27,11.4901150682166,11.2527917196447,-0.000118479185630349,101.445694444444,3.37284722222222,0.109788364247685,0.908431988402996
2025-11-28,11.5007389773881,11.4901150682166,0.00907995776924508,100.928125,3.42,0.0979723882298611,0.99091928069007
2025-11-29,11.4933078676194,11.5007389773881,0.020217985053705,100.052361111111,3.76944055944056,0.0878126541699074,1.07535976221258
2025-11-30,11.5190226878256,11.4933078676194,0.0140622151484422,99.2516666666667,3.95159722222222,0.0802943130337963,1.14301571151076
2025-12-01,11.3965358214105,11.5190226878256,0.0101672441793426,99.7870833333333,4.08260563380282,0.0746990587321759,1.2783455367986
2025-12-02,11.3756109487804,11.3965358214105,0.0093718716047988,99.9018461538462,4.07397163120567,0.0947750242708333,1.1642877134061
2025-12-03,11.2949644426271,11.3756109487804,0.00202402323839124,100.411805555556,4.62993006993007,0.188165956527546,0.546954955158152
2025-12-04,11.270721404467,11.2949644426271,0.0101067987459373,100.071805555556,4.465,0.165989714912268,0.604048080948835
2025-12-05,11.3044011868732,11.270721404467,0.00600895875925289,99.0214583333333,4.69438848920863,0.173534581384028,0.758152431437647
2025-12-06,11.3008090755278,11.3044011868732,0.00864678968935095,99.1482638888889,4.78111111111111,0.239088765398148,0.463743676222597
2025-12-07,11.3066443739093,11.3008090755278,0.00889876654957789,99.0470138888889,4.85816901408451,0.210642464942361,0.518814584230555
2025-12-08,11.239918833475,11.3066443739093,0.00714793621079934,99.4820138888889,4.64832167832168,0.21579156309838,0.68589972096911
2025-12-09,11.2587974943879,11.239918833475,0.00220711620079328,98.5420138888889,5.25531469230769,0.284849213444907,0.433942093873036
2025-12-10,11.2632354808766,11.2587974943879,0.00757059481350097,98.5870138888889,5.22169013380282,0.255721742369676,0.49166758292482
2025-12-11,11.2150792023184,11.2632354808766,-0.000875202468591851,99.0495833333333,5.08532374820144,0.230111530801389,0.534860452141517
2025-12-12,11.2528274572542,11.2150792023184,0.00153490902141584,98.1329752066116,5.3848275862069,0.204974531221065,0.597864768683274
2025-12-13,11.1785480337252,11.2528274572542,0.00369838956635249,98.9011111111111,5.09514492753623,0.18358662258125,0.655957510135555
2025-12-14,11.1057538094231,11.1785480337252,-0.000297488681098912,100.790486111111,4.73145833333333,0.163274581555324,0.721315523554851
2025-12-15,11.0813067308012,11.1057538094231,0.00561018843302463,100.526666666667,5.13302817605634,0.145790671816204,0.807819106741287
2025-12-16,11.0399241065188,11.0813067308012,0.00471336801842881,100.2075,5.01503496503496,0.130375738257639,0.882986039054839
2025-12-17,10.9327554259125,11.0399241065188,0.0110083460332362,101.776180555556,4.62225352112676,0.116803254513194,0.958337307480935
2025-12-18,11.0400128827099,10.9327554259125,0.0057327430067744,100.789930555556,4.94518518518518,0.108866343580556,1.01358595013937
2025-12-19,10.969660783598,11.0400128827099,0.00135228588840164,101.203263888889,4.66811188811189,0.132349223229861,1.08627248203241
2025-12-20,10.8908120671844,10.969660783598,0.000152510014117979,101.495594405594,4.7892700729927,0.188598850005324,0.638524698529143
2025-12-21,10.8189531233179,10.8908120671844,-0.000518034526294286,102.213402777778,4.69384615384615,0.167351525644444,0.706913166970988
2025-12-22,10.8603543715637,10.8189531233179,0.00107978095786621,101.615138888889,4.65057553956835,0.148944003718056,0.783592987555119
2025-12-23,10.7647107001515,10.8603543715637,0.00498122419128322,102.711527777778,4.05936170212766,0.132729066036343,0.855339677768763
2025-12-24,10.6702617506934,10.7647107001515,0.0122044509417947,104.209513888889,3.56049295774648,0.118747031109491,0.938182695443559
2025-12-25,10.4557904908433,10.6702617506934,0.0225754689158748,105.85,3.82221428571429,0.106808508040972,1.01324671067336
2025-12-26,10.4899474155517,10.4557904908433,0.024041996541655,106.186293706294,4.01384057971014,0.0964344492689815,1.18276139026725
2025-12-27,10.5954172185629,10.4899474155517,0.0154445609839513,104.835902777778,3.78131945138889,0.0874381164305555,1.27411721878413
2025-12-28,10.7424705751386,10.5954172185629,0.00702013225100018,103.239652777778,3.89587412587413,0.0793844940210648,1.3565982130327
2025-12-29,10.7194314303711,10.7424705751386,0.00276042368182061,103.857291666667,3.65569444444444,0.0734714661983796,1.494660379947
2025-12-30,10.7122033827053,10.7194314303711,-0.000849208851377625,102.463263888889,3.61314685314685,0.0673128137675926,1.60776772485105
2025-12-31,10.621028140958,10.7122033827053,0.000303935673287015,102.416666666667,4.02214285714286,0.0617096018652778,1.71076838431251
2026-01-01,10.6057618833199,10.621028140958,1.84817312174346e-05,102.589791666667,3.85972222222222,0.0568231045321759,1.81120519834564
2026-01-02,10.5885790498827,10.6057618833199,0.000161889421747219,102.305,3.90711267605634,0.0524034531064815,1.92346628872241
2026-01-03,10.551754639604,10.5885790498827,0.00138196962848269,101.8525,4.13147887323944,0.0484331408666667,2.02637574483
2026-01-04,10.4729875210337,10.551754639604,0.00115793797385777,103.1175,3.82605633802817,0.0451588534342593,2.14980499036699
2026-01-05,10.4590962070296,10.4729875210337,0.00167549836999115,102.741388888889,3.95555554861111,0.0420044605189815,2.24809921948016
2026-01-06,10.4143161801397,10.4590962070296,0.00232775802840024,103.841944444444,3.93652777777778,0.0392622713196759,2.39160102149739
2026-01-07,10.418719170333,10.4143161801397,0.0017304972079728,103.980416666667,3.99146853146853,0.0367094730168981,2.48565689263985
2026-01-08,10.4552936051346,10.418719170333,0.000497377749525185,102.915625,3.94217392028985,0.0344245806041667,2.5735860687317
2026-01-09,10.3346022465378,10.4552936051346,0.0092547965761014,104.966330935252,3.6641726618705,0.0388755319259259,2.42903930131004
2026-01-10,10.1895277838151,10.3346022465378,0.0180996704948484,105.850902777778,3.29742857142857,0.149779551790972,1.92326083029614
2026-01-11,10.3564594436937,10.1895277838151,0.0125591812233097,106.617569444444,4.24659721527778,0.43385899999537,0.34481915335893
2026-01-12,10.3848200862936,10.3564594436937,0.00157792926756883,104.596944444444,4.38992481954887,0.383373859162963,0.405448788912013
2026-01-13,10.3133567089247,10.3848200862936,0.00384233349734586,104.743472222222,4.30922535211268,0.336170432856944,0.449755238464962
2026-01-14,10.3609443020416,10.3133567089247,0.00243070329065631,104.105277777778,4.77719423741007,0.295423273247685,0.499218848205147
2026-01-15,10.383884854742,10.3609443020416,-0.000303968291518686,103.859236111111,4.08461538461538,0.260802405159722,0.55735237281585
2026-01-16,10.3970080142261,10.383884854742,-0.000398630558606783,102.729097222222,4.63568345323741,0.230776255712731,0.634466714634802
2026-01-17,10.3699848736091,10.3970080142261,0.00116437145300097,103.321458333333,5.27835715,0.205146415396065,0.700803467296269
2026-01-18,10.3567975345671,10.3699848736091,-2.06370239084208e-05,103.518958333333,4.74316901408451,0.184926682538194,0.768822525352497
2026-01-19,10.3387544674121,10.3567975345671,-2.2086907620178e-05,103.324027777778,5.06755394244604,0.168993443921065,0.825613481043852
2026-01-20,10.3411288388988,10.3387544674121,2.84020545677777e-05,103.321538461538,5.24129497122302,0.150886188794213,0.90008051501482
2026-01-21,9.99431700218626,10.3411288388988,6.16318823176698e-06,102.845625,4.9981884057971,0.135157725768287,0.977348285322898
2026-01-22,10.2956829066497,9.99431700218626,-6.55736914723093e-05,103.232083333333,5.28028984782609,0.121640414721991,1.06414992302358
2026-01-23,10.2612798948696,10.2956829066497,-4.85595533064043e-05,103.596736111111,5.04439714893617,0.109722050908565,1.19908134896652
2026-01-24,10.2294215681637,10.2612798948696,3.78409636141441e-05,104.642222222222,5.18489051824818,0.0999262444537037,1.28477383733277
2026-01-25,10.2427805418579,10.2294215681637,0.00449258317826207,102.395625,6.55977097709924,0.0934742218106481,1.37345486327881
2026-01-26,10.2287784969748,10.2427805418579,0.0156530497830545,101.698333333333,6.12975205785124,0.0919479539974537,1.37317462973327
2026-01-27,10.2005892340158,10.2287784969748,0.00794726191247719,102.852152777778,6.03763358778626,0.0851564070581019,1.46400114628175
2026-01-28,10.2023581609099,10.2005892340158,0.00858520124438655,103.157569444444,5.85259258518519,0.0788534568013889,1.55411133088443
2026-01-29,10.1904578297298,10.2023581609099,0.0142376566506073,102.764583333333,5.97924243181818,0.0732863193555555,1.65045170257123
2026-01-30,10.178315726111,10.1904578297298,0.0157188517426903,103.280694444444,5.86036764705882,0.0683579119921296,1.74616232324957
2026-01-31,10.027830867779,10.178315726111,0.018495090043757,104.546597222222,6.98856117266187,0.0640040433988426,1.8400789078883
2026-02-01,10.0632118636068,10.027830867779,0.0064668396109937,103.815902777778,5.8709219929078,0.0603016370490741,1.92666361684907
