"Date","fDOM_1_QSU_daily","Temp_1_C_daily","Chla_1_ugL_daily","DOsat_1_pct_daily","SC_1_uScm_daily","waterlevel_m","Diff_C_1_max","Diff_Dens_1_max","RH_Q_cms","RH_DOC_mgL","Rain_mm_daily","SW_Wm2_daily","fDOM_1m_lag1","Chla_1_ugL_7day","Chla_1_ugL_14day","RH_Q_cms_7day","RH_Q_cms_14day"
2021-08-19,5.36006793139585,27.3984712643678,0.822873563218391,112.117105263158,55.9298850574713,21.86152710042,16.0897276388889,3.11571557402192,0.585139885784028,0.316414668222448,1.016,165.592404166667,NA,0.822873563218391,0.822873563218391,0.585139885784028,0.585139885784028
2021-08-20,5.03123357137813,27.5637692307692,0.625384615384615,111.136363636364,56.1097902097902,21.8765816863466,16.3958584722222,3.20507709764115,0.523896068812732,0.371630892552092,2.794,196.209395833333,5.36006793139585,0.724129089301503,0.724129089301503,0.55451797729838,0.55451797729838
2021-08-21,4.96004291360105,27.7029722222222,0.544305555555556,111.086805555556,56.4020833333333,21.8874921936933,16.5494948611111,3.25036574143087,0.46421088056412,0.38169989017557,0,246.04734375,5.03123357137813,0.664187911386187,0.664187911386187,0.524415611720293,0.524415611720293
2021-08-22,4.87784548474783,27.9681944444444,0.395,111.880555555556,56.6277777777778,21.8851990359733,16.8093230555556,3.32574237649067,0.407688042831481,0.411197051873289,0,274.469577777778,4.96004291360105,0.59689093353964,0.59689093353964,0.49523371949809,0.49523371949809
2021-08-23,4.71701404952192,28.2446944444444,0.340833333333333,112.509722222222,56.7569444444444,21.8751831928266,17.0936771527778,3.40861855674518,0.363780654733102,0.465202421385895,0,261.896782638889,4.87784548474783,0.545679413498379,0.545679413498379,0.468943106545093,0.468943106545093
2021-08-24,4.78208052117286,28.4779930555556,0.326388888888889,113.313194444444,56.8819444444444,21.8611933122466,17.3466938888889,3.48462452249294,0.321234016353472,0.516908523705953,0,272.878168055556,4.71701404952192,0.509130992730131,0.509130992730131,0.444324924846489,0.444324924846489
2021-08-25,4.7022957783016,28.7172916666667,0.293333333333333,114.011805555556,57.0548611111111,21.8470147579266,17.5961664583333,3.55756897079391,0.284429052128241,0.555818750862638,6.858,247.828590277778,4.78208052117286,0.478302755673445,0.478302755673445,0.421482657315311,0.421482657315311
2021-08-26,4.66760231407109,28.6638263888889,0.245486111111111,113.870833333333,57.1083333333333,21.8314640854466,17.5845396527778,3.55734589141912,0.259680913968519,0.600617778286237,0,237.728945138889,4.7022957783016,0.449200675103154,0.449200675103154,0.401257439396962,0.401257439396962
2021-08-27,4.77505720219821,28.5809583333333,0.340486111111111,115.420138888889,57.3534722222222,21.8164500116733,17.4203833333333,3.51572265370555,0.242296739491435,0.663416001243631,2.286,196.828365277778,4.66760231407109,0.388902243589744,0.437121279104038,0.358402046110388,0.383595139407459
2021-08-28,4.72121794534,28.7416180555556,0.244097222222222,115.772916666667,57.4409722222222,21.8029233483533,17.6801795138889,3.59398998358597,0.217709344865741,0.726156245431064,0,247.354760416667,4.77505720219821,0.341241319444444,0.417818873415856,0.320128705617014,0.367006559953287
2021-08-29,4.41695939692632,29.1266527777778,0.195347222222222,116.824305555556,57.65625,21.7888382067666,17.9012863194444,3.65892139612288,0.193582960573611,0.767329310335378,4.826,247.043956944444,4.72121794534,0.297621527777778,0.397594177852799,0.2863002156182,0.351240778191498
2021-08-30,4.36220556345683,29.1200839160839,0.246293706293706,116.179545454545,57.7356643356643,21.7772106692733,17.9163334722222,3.66908949323556,0.17617226076088,0.837140112562221,0,220.847594444444,4.41695939692632,0.279033241064491,0.384985805222874,0.257360742859375,0.33665173507228
2021-08-31,4.57193967439267,28.7054722222222,0.264861111111111,115.739583333333,57.8930555555556,21.7634951324,17.3748590277778,3.51409176546395,0.159713820497917,0.930050255929901,6.096,90.3059243055555,4.36220556345683,0.269536713286713,0.375745444137354,0.231852388579977,0.323041126258868
2021-09-01,4.95575845438705,28.1168263888889,0.606388888888889,112.979166666667,58,21.82215917814,16.7403540277778,3.3340183075976,0.208853065799537,1.00079758995748,16.51,81.9398104166667,4.57193967439267,0.304536713286713,0.392219975905321,0.217804769760735,0.314884836226058
2021-09-02,5.61101268935708,27.2588958333333,0.723888888888889,111.725,59.5354166666667,21.89490242102,15.87989125,3.09604463106291,0.361557301099074,0.434315630080466,0,286.674628472222,4.95575845438705,0.358356157731158,0.414331236770892,0.227445800882089,0.317996333884259
2021-09-03,5.73747288344387,26.8568819444444,0.725833333333333,111.747916666667,60.2222222222222,21.8993611056933,15.5441077777778,3.00776123875721,0.318451508643981,0.458121070570636,0,274.436657638889,5.61101268935708,0.418399560508936,0.407861888111888,0.234792125216522,0.30021710874159
2021-09-04,5.82863156311294,26.5282708333333,0.9075,111.221527777778,60.0006944444444,21.8942922410533,15.1679299305556,2.90848317693178,0.280190303491667,0.477131756526481,0,230.173778472222,5.73747288344387,0.489276296620047,0.42666958041958,0.239528820716551,0.283970057720185
2021-09-05,6.18582507033795,26.3829166666667,1.14527777777778,109.79375,60.3409722222222,21.8862661890333,15.0072095833333,2.86901233159881,0.247385890388889,0.50394578829988,0,190.518447916667,5.82863156311294,0.601923866064491,0.466734395234395,0.243238388906944,0.26951505837517
2021-09-06,6.23485607083838,26.5099375,1.18722222222222,110.61875,61.5652777777778,21.8768628237066,15.0745647222222,2.88825047361831,0.219005372765509,0.530493698267781,0,251.887020833333,6.18582507033795,0.725908241064491,0.51954921004921,0.246416190430932,0.256936213704105
2021-09-07,6.10706932590351,26.3772569444444,1.23055555555556,111.486111111111,62.0236111111111,21.86286774798,15.0256710416667,2.87753459006115,0.193909222202083,0.552641874386144,0,258.62109375,6.23485607083838,0.848940972222222,0.578864024864025,0.248633310611082,0.24561145153537
2021-09-08,6.25690753723672,26.2560902777778,1.14,110.317361111111,62.0097222222222,21.8484004633933,14.8059471527778,2.8218448108538,0.174270394194907,0.611875871390389,0,227.567030555556,6.10706932590351,0.958333333333333,0.633104765604766,0.250452882323206,0.235813876724799
2021-09-09,6.74353768846644,25.9480625,1.1775,109.7625,63.1340277777778,21.8354784851733,14.4304358333333,2.72425432050102,0.161903221702315,0.760192145118059,1.016,144.821482638889,6.25690753723672,1.02972222222222,0.69204921004921,0.244584151811053,0.227645488029738
2021-09-10,6.67016907815117,25.6969583333333,1.20527777777778,110.038194444444,63.8680555555556,21.8172406730333,14.1838895833333,2.66168390103303,0.161423643633796,0.696722119612728,0,256.482080555556,6.74353768846644,1.08989583333333,0.756035321160321,0.219567444627894,0.221095003340756
2021-09-11,6.72086253495013,25.4568055555556,1.18722222222222,110.49375,64.0777777777778,21.7995483512933,13.9736492361111,2.61188625197326,0.143492516735648,0.713541011971222,0,232.080844444444,6.67016907815117,1.14756944444444,0.812484395234395,0.197697570639352,0.214508055157037
2021-09-12,7.27624109661668,25.1284375,1.17777777777778,109.839583333333,64.2986111111111,21.7841849039066,13.7628020833333,2.56055721521022,0.128446285342593,0.747563191805716,0,221.639328472222,6.72086253495013,1.18135416666667,0.874729765604766,0.178729568370718,0.20855718452216
2021-09-13,6.95367290294574,25.6544305555556,1.01,112.446527777778,65.175,21.7682159721666,14.1179703472222,2.65471542036369,0.115390515136574,0.781573260999494,0,220.186493055556,7.27624109661668,1.16444444444444,0.929039950789951,0.162230146464178,0.203344354826358
2021-09-14,6.61264619834981,26.1121736111111,0.991111111111111,114.692361111111,65.9361111111111,21.7512245456466,14.7003197222222,2.81126178141676,0.103720428464815,0.813249314620075,0,209.785102777778,6.95367290294574,1.13993055555556,0.978694444444444,0.147819528426591,0.198514232673287
2021-09-15,6.8063949394654,25.809125,1.13472222222222,115.310416666667,65.5159722222222,21.7356161770666,14.3027263194444,2.70745753292476,0.0943283376185185,0.86610276253037,0,192.721070138889,6.61264619834981,1.12795138888889,1.03668518518519,0.135371917853646,0.194155200481327
2021-09-16,6.81022620150064,25.7432013888889,1.12833333333333,116.486805555556,65.7451388888889,21.7200129037266,14.2288228472222,2.69097022440303,0.08710230568125,1.09631091377515,0.762,144.661969444444,6.8063949394654,1.12649305555556,1.07148148148148,0.124475906789439,0.186038483140108
2021-09-17,6.64381696546048,25.8114583333333,1.05111111111111,116.965972222222,66.5465277777778,21.7063464210266,14.2264610416667,2.69276320787105,0.0887166376087963,1.08234168510435,0,136.383261805556,6.81022620150064,1.11069444444444,1.0932962962963,0.115327583777749,0.167849105574089
2021-09-18,6.41185141425488,26.0153888888889,0.848055555555556,117.096527777778,66.5381944444444,21.6925193883133,14.5226282638889,2.77314361015851,0.11801280981875,0.773197034879278,0,193.818357638889,6.64381696546048,1.06604166666667,1.10144444444444,0.109901229550868,0.154486525652407
2021-09-19,6.163139211408,26.2482777777778,0.630833333333333,117.670833333333,66.85625,21.6789973207,14.6799209722222,2.81823880060188,0.105233964116898,0.806593905174804,0,212.704719444444,6.41185141425488,0.996493055555556,1.083,0.105118910473524,0.142822769694089
2021-09-20,6.46197419469573,26.0404236111111,0.909166666666667,117.425,66.84375,21.66462889376,14.4387105555556,2.75480136813189,0.0970970521534722,0.923361034164358,1.27,103.879856944444,6.163139211408,0.962916666666667,1.06725925925926,0.101200256324884,0.132803513811728
2021-09-21,6.99365249712974,25.3979375,1.15833333333333,112.569444444444,66.5520833333333,21.6617384440333,13.6772597916667,2.55922072214764,0.167691049940741,0.594756023486536,36.322,24.5874944444444,6.46197419469573,0.981458333333333,1.06533333333333,0.107737823175405,0.129382558956744
2021-09-22,7.22419699358088,24.8595069444444,1.36166666666667,109.381944444444,65.8375,21.89310949598,13.1310563888889,2.42260242007933,0.6847865532,0.742166195646785,52.324,70.6160611111111,6.99365249712974,1.02777777777778,1.07407407407407,0.180371088767303,0.162107714356605
2021-09-23,8.31673712569242,24.2409007092199,1.1413475177305,106.343076923077,66.4780141843972,22.1665184758733,12.4565975694444,2.25664366797935,0.95865003363287,0.435517413502479,0,181.20774375,7.22419699358088,1.02860593971631,1.07416390858944,0.288411300769097,0.214399690319136
2021-09-24,9.2971606252984,23.7041597222222,1.03361111111111,106.311111111111,66.35,22.2231863864133,11.9787849305556,2.14307374602822,0.883236912865046,0.279297228110155,0,236.495152777778,8.31673712569242,1.01676566193853,1.06457131599685,0.387928126667072,0.262488603063318
2021-09-25,8.806482670882,23.4657708333333,1.195,108.220833333333,66.5569444444444,22.2381604475666,11.7214955555556,2.08099469498472,0.773879320068287,0.300941556327142,0,200.405361805556,9.2971606252984,1.03475177304965,1.06388613081166,0.473573461974508,0.303318981492284
2021-09-26,9.14599040217803,23.1831180555556,1.37833333333333,109.742361111111,67.8243055555556,22.2380485021466,11.3990184027778,2.0041203970037,0.677078821167361,0.318110268301722,0,227.465084722222,8.806482670882,1.10103649527187,1.0766268715524,0.543456713393084,0.338891401787731
2021-09-27,9.42064880503438,22.9154084507042,1.73225352112676,111.343511450382,68.4464788732394,22.2280625810466,11.3375720138889,1.99419006109474,0.592897485447685,0.332854333280244,0,220.808854861111,9.14599040217803,1.23871401874605,1.113591921109,0.604414653559433,0.369854815128071
2021-09-28,9.79714243351923,22.8157430555556,1.48444444444444,110.005555555556,68.4979166666667,22.22493834972,11.131220625,1.94603833871611,0.527119427600695,0.389486873688501,0,135.62751875,9.42064880503438,1.31062374096827,1.14522155073863,0.658167450490336,0.397303409292346
2021-09-29,9.69841475979551,22.7834444444444,1.82555555555556,113.979861111111,69.0638888888889,22.21967181974,11.0611817361111,1.93029361149706,0.466784899135417,0.453468350977685,0,177.6881375,9.79714243351923,1.39402651874605,1.20085118036826,0.69555418163967,0.421507707337052
2021-09-30,9.73355385045334,22.9086388888889,1.37388888888889,115.19375,69.7402777777778,22.1833941105666,11.2716445833333,1.98359214164418,0.408230751198843,0.454834303863103,0,211.269270138889,9.69841475979551,1.39555429652382,1.21679562481271,0.660984706389525,0.442434534909074
2021-10-01,9.36917566898453,22.9062013888889,1.39833333333333,116.829166666667,70.4743055555556,22.1443980409,11.1054185416667,1.94467451443722,0.360287268028241,0.474130441824784,0,204.268255555556,9.73355385045334,1.42767752347418,1.23479562481271,0.586189360688947,0.460646865732207
2021-10-02,10.3616760534283,22.5642152777778,1.53361111111111,113.700694444444,71.1222222222222,22.16586608534,11.1580022916667,1.95965930106615,0.318747531389815,0.495975607320467,0,180.197077777778,9.36917566898453,1.49017752347418,1.26696229147937,0.515628188004543,0.475982258650941
2021-10-03,10.2744725772529,22.6067361111111,1.49888888888889,115.311805555556,71.4618055555556,22.17157769952,10.9379419444444,1.90966160931066,0.28622481735162,0.554185023659438,24.384,130.263340972222,10.3616760534283,1.52816363458529,1.31035118036826,0.454671375164959,0.487196392486466
2021-10-04,10.3480864851165,22.6572907801418,1.55156028368794,116.537692307692,71.5070921985816,22.1803476066266,10.8362358333333,1.88937043972578,0.270066643888194,0.640379670499123,1.27,150.51648125,10.2744725772529,1.54981700337962,1.37173297705857,0.403794853005064,0.498185237804552
2021-10-05,9.7450691268638,22.9743888888889,1.4375,117.665277777778,72.0486111111111,22.1769652664266,11.1752185416667,1.96857561205422,0.284012604358565,0.582784326837405,20.828,128.343086111111,10.3480864851165,1.51297281323877,1.40695519928079,0.365184242868924,0.510646274618225
2021-10-06,9.82629193992305,23.0691944444444,2.40971830985916,118.051388888889,72.7701388888889,22.1947161334733,11.183871875,1.97569885889936,0.294297007496065,0.54980017918078,0,71.8022347222222,9.7450691268638,1.62863204641561,1.49038086438251,0.336081440355845,0.51908667178858
2021-10-07,10.341440238328,22.8340972222222,2.63097902097902,117.56875,72.2993055555556,22.1898735574333,10.8995870138889,1.90758268953584,0.316371391822454,0.504731226429806,0.254,53.1876569444444,9.82629193992305,1.72930997959354,1.57500168800334,0.317279751941725,0.494525661030077
2021-10-08,10.709512373102,22.5698472222222,2.2775,113.942361111111,72.3618055555555,22.1692002705266,10.602893125,1.84122836665711,0.317179353546296,0.493410048839232,2.794,37.2538944444444,10.341440238328,1.84226136848243,1.6507451868213,0.305898327235156,0.451760949024306
2021-10-09,10.9455300000567,22.3469583333333,2.21611111111111,108.907638888889,72.9722222222222,22.1807503803533,10.3518859027778,1.78560031108725,0.287109702548843,0.535847257663078,0.762,35.2199631944444,10.709512373102,1.94448359070465,1.72957852015464,0.296751131550231,0.412019135003225
2021-10-10,10.9505729038483,22.2651666666667,1.76583333333333,106.711805555556,74.0027777777778,22.1728933704133,10.2562071527778,1.76546891807436,0.259652266606019,0.580252614201478,0,152.808956944444,10.9455300000567,1.97351136848243,1.76763407571019,0.289364223452257,0.377737331439074
2021-10-11,10.5620262098461,22.2816666666667,2.03,107.738194444444,74.1215277777778,22.1624024710666,10.2740086111111,1.7706749257369,0.229829301230093,0.602456916251564,0,75.7071395833333,10.9505729038483,2.03990025737132,1.81107852015464,0.282314783937066,0.34792069677659
2021-10-12,10.5175088734183,22.2626293706294,1.79937062937063,107.697727272727,73.8594405594406,22.15058171408,10.3438828472222,1.78692128072021,0.205422278886806,0.640464440019731,0,147.189310416667,10.5620262098461,2.07087655058166,1.81555299403756,0.274234238311892,0.322089016339198
2021-10-13,10.6051966533361,22.4546111111111,1.67722222222222,106.961111111111,74.5319444444444,22.1393192855,10.6075821527778,1.84990534807832,0.184052937981944,0.683119174031095,0,159.826939583333,10.5175088734183,2.10084182835943,1.82840484588941,0.261739280014815,0.299217917031281
2021-10-14,10.0580811707937,22.5506805555556,1.46638888888889,109.199305555556,74.7423611111111,22.1026048842866,10.5705450694444,1.8430899368775,0.165411462595139,0.721618735146681,0,147.074834722222,10.6051966533361,1.98292565073815,1.80446040144497,0.245628586902199,0.279126354595262
2021-10-15,10.1962436306296,22.5285,1.54611111111111,111.070833333333,74.7541666666667,22.1092310440933,10.5354790277778,1.83657898322303,0.149234190890046,0.767849842697428,0,134.421836111111,10.0580811707937,1.84731716200466,1.81594188292645,0.224736436785648,0.261859917241343
2021-10-16,10.4697771153493,22.2006388888889,1.59527777777778,109.674305555556,74.9215277777778,22.1005894171466,10.1439929166667,1.74765383739611,0.142216648090972,0.824390007348635,0,74.5845708333333,10.1962436306296,1.76203938422688,1.82907151255608,0.202866098603733,0.247321875912191
2021-10-17,11.1446532176051,21.2762777777778,1.91,102.845833333333,75.7423611111111,22.08555146568,9.18731513888889,1.53748155314202,0.146108975843981,0.80969013920861,0,151.720563888889,10.4697771153493,1.723775495338,1.85416410514867,0.185241007765625,0.235812638875802
2021-10-18,11.2302865980571,20.7421736111111,1.80694444444444,98.8625,76.15625,22.0660570274866,8.66434027777778,1.42640153846617,0.131775745473148,0.853475901383275,0,166.712875,11.1446532176051,1.72891438422688,1.87470114218571,0.169256442624016,0.225516034083904
2021-10-19,11.1266838178836,20.3784652777778,1.7725,97.2131944444444,76.2444444444444,22.05318095638,8.31502548611111,1.35471371830045,0.119155521278472,0.899348640069098,0,158.074961111111,11.2302865980571,1.69672688422688,1.88943045660651,0.155422220130064,0.21545529257659
2021-10-20,11.0924415777351,20.1641666666667,2.01472222222222,97.0208333333333,76.2909722222222,22.03930691758,8.13593326388889,1.31746390880846,0.108089151246065,0.947253211090225,0,158.626584027778,11.1266838178836,1.72364583333333,1.92791193808799,0.143255579174971,0.20372706236909
2021-10-21,11.0088086245933,19.8759861111111,2.24527777777778,96.9256944444444,76.5847222222222,22.02460400312,7.76496590277778,1.24532007920675,0.0993395040291667,1.02000491311267,5.588,136.691676388889,11.0924415777351,1.79465277777778,1.91694923594924,0.132666399930874,0.190729895471296
2021-10-22,10.8248938031012,19.7225972222222,2.61527777777778,96.6013888888889,77.41875,22.01228326322,7.58844729166667,1.20786429192924,0.0925808485060185,1.17469085574796,0,122.855856944444,11.0088086245933,1.93826388888889,1.91590248640249,0.123562573169734,0.175810525916867
2021-10-23,10.7027486508425,19.4599930555556,3.1775,95.9263888888889,77.4715277777778,21.9692895781466,7.28657548611111,1.15106129099877,0.0851038868935185,1.21555915721232,0,145.106700694444,10.8248938031012,2.1421875,1.97590248640249,0.115546285170168,0.160338828140015
2021-10-24,10.3862485741544,19.3180625,3.78083333333333,97.6555555555556,77.5951388888889,21.9809229102266,7.18011104166667,1.13075328572756,0.0782598197895833,1.26763332180939,0,143.563470833333,10.7027486508425,2.41538194444444,2.0802173012173,0.107551681632494,0.146415502622731
2021-10-25,10.1150373929518,19.3129375,4.86638888888889,100.069444444444,77.5645833333333,21.9713625415733,7.14387520833333,1.12400539477369,0.0914296489388889,1.09084157266862,3.81,111.021375,10.3862485741544,2.78493055555556,2.286921004921,0.100716765769358,0.135200661444923
2021-10-26,11.3174168613029,18.8181971830986,3.32424460431655,98.5312977099237,77.6457746478873,21.9673489411,6.60710590277778,1.02010683865819,0.149177957178472,0.661453276860871,0,110.057659722222,10.1150373929518,2.97459307553957,2.37320397854211,0.102892042232523,0.129823905174815
2021-10-27,11.6369111475284,18.4337222222222,2.39055555555556,98.8784722222222,77.6618055555556,21.9487597572133,6.20746854166667,0.94672985104728,0.133454268712963,0.711559866433455,0,149.6534625,11.3174168613029,3.05185001998401,2.41261630695444,0.104679385661834,0.125026037829892
2021-10-28,11.9343089983106,18.0485208333333,2.80944444444444,96.3243055555556,77.5138888888889,21.9342936715066,5.81315826388889,0.873653240553267,0.121710972114815,0.762779831229514,4.572,50.923875,11.6369111475284,3.15119029776179,2.48809778843592,0.106382113270428,0.120869906772083
2021-10-29,11.8260420814526,17.8916041666667,2.88555555555556,97.2298611111111,77.2395833333333,21.95535579516,5.63971118055555,0.845332183006349,0.195372359716435,0.925938497047044,17.526,114.450236805556,11.9343089983106,3.23122501998401,2.58270889954703,0.118386220231337,0.122867299913503
2021-10-30,12.0375508926261,17.6703472222222,2.65027777777778,94.9291666666667,77.3395833333333,21.9718342009466,5.40122840277778,0.801866335950081,0.42651095151412,0.332102357180439,3.81,63.4996666666667,11.8260420814526,3.23560001998401,2.65632001065814,0.16012748310735,0.141352417288441
2021-10-31,12.2950734503974,17.400375,2.1325,91.7520833333333,77.4173611111111,21.9829053582133,5.11468076388889,0.75130916208559,0.415744317774537,0.294765425419243,0,94.5551465277778,12.0375508926261,3.10497501998401,2.69213482547296,0.201457536967477,0.159587595267346
2021-11-01,12.1075721434737,17.2590763888889,1.81638888888889,92.0833333333333,77.4201388888889,21.9769765968933,4.98356611111111,0.728427679694619,0.366073504746528,0.331862414770051,0,128.821269444444,12.2950734503974,2.85941946442846,2.68589408473221,0.237434247587095,0.174251897194182
2021-11-02,12.1633303179293,16.8406597222222,1.67111111111111,92.6138888888889,77.5319444444444,21.9706973629866,4.54255118055556,0.653611293307449,0.325586823933333,0.36661191928672,2.54,31.3820541666667,12.1075721434737,2.46000974220624,2.67683852917666,0.2667038944614,0.187172635758194
2021-11-03,12.1732554602388,16.3357083333333,1.70444444444444,91.6965277777778,77.2631944444445,21.96149885628,4.05687284722222,0.572411734271441,0.29712142523588,0.403520267966026,0,146.283940277778,12.1633303179293,2.25753472222222,2.67230149213962,0.285196827968576,0.199037029355355
2021-11-04,12.1052107907222,15.9466666666667,2.0775,90.9972222222222,77.0729166666667,21.9504237027466,3.679041875,0.512107860179071,0.262947774306944,0.44587555028306,0,100.819144444444,12.1732554602388,2.21840277777778,2.67648667732481,0.301383516167824,0.209360937559414
2021-11-05,12.0018646921088,15.4208888888889,1.84805555555556,89.3159722222222,77.0520833333333,21.9389295406533,3.15390368055555,0.428932364828597,0.233472290828009,0.490805352505039,0,138.576178472222,12.1052107907222,2.09822916666667,2.65000519584333,0.315353681006973,0.218303123346003
2021-11-06,11.9424542832201,14.9550069444444,1.83583333333333,88.6868055555556,77.0819444444444,21.9262070260933,2.66034451388889,0.355476995383924,0.207706640792824,0.538918332162697,0,135.551140277778,12.0018646921088,1.96701388888889,2.59804223288036,0.316895466141522,0.225978176165123
2021-11-07,11.8565664798344,14.6382777777778,1.66472222222222,88.3979166666667,76.9701388888889,21.9144494600733,2.37420659722222,0.312625613338241,0.185330928653472,0.586809103842311,0,135.041129166667,11.9424542832201,1.84381944444444,2.49719038102851,0.286747963283941,0.23265997894912
2021-11-08,11.7401606639151,14.6199090909091,1.80384615384615,88.7204545454545,76.793006993007,21.8989261120666,2.34128201388889,0.308984108435084,0.165819422257407,0.639860766297254,0,132.862713194444,11.8565664798344,1.80273771367521,2.36539123572937,0.2555073513443,0.238497285780309
2021-11-09,11.5197772626851,14.6420347222222,1.55083333333333,90.61875,76.6034722222222,21.8897460880933,2.27769284722222,0.299750215814925,0.148818804133796,0.695132645567906,0,131.715791666667,11.7401606639151,1.76954326923077,2.14435419869233,0.228350513767708,0.242323229459969
2021-11-10,11.7996081362924,14.405875,1.43277777777778,88.3527777777778,77.0041666666667,21.8743482728133,1.98485340277778,0.258230415578282,0.133986366946065,0.748328139909646,0,125.359303472222,11.5197772626851,1.7397516025641,2.01825641025641,0.2044004566443,0.241310456777809
2021-11-11,11.9114743651061,14.251125,1.37083333333333,87.2388888888889,77.4152777777778,21.86409510138,1.85146652777778,0.239948794756174,0.12399108996713,0.791538665594167,0.254,106.685571527778,11.7996081362924,1.69805021367521,1.95027492877493,0.182759164735706,0.240679578194753
2021-11-12,11.8938323318506,14.3256805555556,1.46388888888889,87.6770833333333,77.0305555555556,21.8905734651533,1.89899659722222,0.246649786975695,0.143082965553241,0.871306217789478,24.384,123.087182638889,11.9114743651061,1.62134882478632,1.86057122507123,0.167776063641493,0.242104377757315
2021-11-13,12.0094615474141,13.9333819444444,1.50972222222222,86.6076388888889,77.15,21.8950137170466,1.39124805555555,0.177597835433403,0.207403721459722,0.588304506412519,0,119.933477777778,11.8938323318506,1.57905715811966,1.768849002849,0.164517492470457,0.242906468540201
2021-11-14,12.1015552001432,13.6288263888889,1.75361111111111,86.0166666666667,76.7701388888889,21.8864755934066,1.07104166666667,0.134939261133695,0.185176020693287,0.64746243428686,0,83.8165993055556,12.0094615474141,1.56877938034188,1.70907122507123,0.161701164958015,0.226817473152145
2021-11-15,12.1730679386448,13.2489166666667,1.5625,84.48125,76.1944444444444,21.8779734361666,0.588665833333334,0.0731158541623245,0.165422072729398,0.711951484675405,0,123.829355555556,12.1015552001432,1.5560016025641,1.67107122507123,0.159212557967506,0.210129323482469
2021-11-16,12.3484161096444,13.0690902777778,1.92527777777778,82.8152777777778,75.7013888888889,21.8645637136,0.469295833333334,0.0578116073027104,0.148105803111574,0.77011798923984,0,98.0154930555556,12.1730679386448,1.57118055555556,1.67833048433048,0.156998355574277,0.195598143373472
2021-11-17,12.3633786791338,12.9947361111111,1.92833333333333,82.7701388888889,75.6041666666667,21.85473559508,0.440471875,0.0539960485128859,0.133046839557407,0.833359915786787,0,109.021643055556,12.3484161096444,1.61836805555556,1.69547863247863,0.155026860002228,0.182762144415077
2021-11-18,12.2986991557403,12.9724244604317,1.55532374100719,82.0820143884892,75.4028776978417,21.8455829455333,0.643614027777778,0.0778086022654634,0.121206460230787,0.888507613591103,0,90.6050881944444,12.3633786791338,1.63368630095923,1.68553725224948,0.153429371662818,0.171034480081404
2021-11-19,NA,NA,NA,NA,NA,21.8338749831733,0.178737222222221,0.0212334769076961,0.110826565884954,1.00044517416841,0,114.169304166667,12.2986991557403,NA,NA,0.151783806152546,0.160893066186605
2021-11-20,NA,NA,NA,NA,NA,21.8195503653066,0.144594861111111,0.0167030417111391,0.100605293046296,1.07044927230542,0,98.7573923611111,NA,NA,NA,0.146474097089178,0.152035266334491
2021-11-21,NA,NA,NA,NA,NA,21.80729741208,0.123835486111112,0.0138730514570398,0.0917516665136574,1.1506149140508,0,49.1381486111111,NA,NA,NA,0.13201759022092,0.14430493471588
2021-11-22,NA,NA,NA,NA,NA,21.7974013570266,0.0226243749999995,0.00250396847150114,0.0884375910777778,1.18173529129475,0,56.0303784722222,NA,NA,NA,0.119925286518981,0.1378453788775
2021-11-23,12.9591829772914,11.5563448275862,1.32724137931034,78.3770114942529,76.4137931034483,21.78232639014,0.172731944444443,0.0182663443673619,0.0932461039240741,1.12079559419234,0,107.4378875,NA,NA,NA,0.110903290418316,0.133007157655278
2021-11-24,13.0503302382265,11.2826180555556,1.55305555555556,77.7701388888889,76.4354166666667,21.76739029352,0.171478472222221,0.0175748046044646,0.0850757700377315,1.19725379909832,0,106.530866666667,12.9591829772914,NA,NA,0.103024536284086,0.128757622048873
2021-11-25,12.9902542373416,11.1379166666667,1.72666666666667,78.6673611111111,76.3930555555556,21.75471078878,0.310538055555556,0.0309735944368867,0.0778173771909722,1.26802331526741,0,97.0354208333333,13.0503302382265,NA,NA,0.0961208534882813,0.125013022731867
2021-11-26,12.8518795686858,10.9472847222222,1.46833333333333,80.70625,76.5777777777778,21.7455605869466,0.300075694444445,0.0290058939958726,0.073839107350463,1.30041814550314,0,107.048636111111,12.9902542373416,NA,NA,0.0901999343782408,0.12166955722409
2021-11-27,12.7775679172575,10.6256597222222,1.93951048951049,80.5527777777778,76.8,21.72690546466,0.140649583333333,0.0132351122867931,0.0730767692039352,1.35754161554712,0,100.477469444444,12.8518795686858,NA,NA,0.0854812097931134,0.117002477467469
2021-11-28,12.8098314337555,10.3733611111111,1.96380281690141,80.2194444444444,76.7027777777778,21.7139195961266,0.0748917708333323,0.00680135719301234,0.0672555190425926,1.42771502492585,0,60.9004784722222,12.7775679172575,NA,NA,0.0813124880426505,0.107659263972994
2021-11-29,12.6908030558695,10.1250694444444,1.93583333333333,82.2083333333333,76.7,21.70019232022,0.149177770833333,0.0129546684522666,0.0621196835543982,1.50305307656177,0,101.088772916667,12.8098314337555,NA,NA,0.0776084901727431,0.0994555081637346
2021-11-30,12.7016596392428,9.99576388888889,2.485,82.3152777777778,76.6784722222222,21.6827780886866,0.145906715277777,0.0124711429912168,0.0575493682222222,1.58554572271386,0,94.0333305555556,12.6908030558695,1.79993044682639,NA,0.0737474623157986,0.0922639945299228
2021-12-01,12.7012243983519,9.81102777777778,2.70678321678322,82.3854166666667,76.6805555555556,21.67019034822,0.143972333333334,0.0119243053809441,0.0537440435701389,1.64845469710879,0,42.9395965277778,12.7016596392428,1.9723731765105,NA,0.0688097047715567,0.0859732105604938
2021-12-02,12.6338534446718,9.79211111111111,2.57951048951049,83.6173611111111,76.6215277777778,21.6566274687333,0.371727597222222,0.0303056770841295,0.0506400487925926,1.83330539725109,0,87.8243777777778,12.7012243983519,2.10068004325487,NA,0.0645052396159144,0.0804794245095062
2021-12-03,12.4767725060988,9.89748251748252,2.09422535211268,84.4265151515151,76.686013986014,21.5682008626484,0.472625421428571,0.0387063227826729,0.0473758409877315,1.89243362485023,0,87.1629340277778,12.6338534446718,2.14662487893562,NA,0.0607000475905093,0.0755573832266358
2021-12-04,12.2375214035316,10.0627202797203,2.38230769230769,86.8439393939394,76.7,21.4960724101133,0.605690805555556,0.0502540545085139,0.0444851099087963,1.95578028478069,0,73.7942652777778,12.4767725060988,2.26087167380741,NA,0.0570307979103009,0.071134619494892
2021-12-05,12.4675114413663,9.76692361111111,2.62622377622378,85.4597222222222,76.7,21.6093069757866,0.324022104166668,0.0262227808834723,0.0419169269113426,2.01232708541632,0,48.2893875,12.2375214035316,2.34671083464657,NA,0.0531358176237268,0.0672220617525617
2021-12-06,12.3923688561392,9.79511805555556,2.61475524475524,86.4520833333333,76.6847222222222,21.61541067368,0.340753597222221,0.0277757708653326,0.0411476921775463,2.03705374985496,0,58.9403597222222,12.4675114413663,2.4280798881283,NA,0.0498723392655961,0.0638484634634877
2021-12-07,12.4740033365583,9.4485625,2.96361111111111,84.2680555555555,76.7166666666667,21.6010727182733,0.0260751944444433,0.00205013097775009,0.0408856218613426,2.12796325370772,0,90.1695659722222,12.3923688561392,2.55655211035053,2.15779069716102,0.0472180815539641,0.060678332182392
2021-12-08,12.4136553058985,9.37533333333333,3.20823529411765,85.5673611111111,76.6986111111111,21.5868939141866,0.0562231041666656,0.00436029479658373,0.0387296425798611,2.19163071022533,0,60.3116951388889,12.4740033365583,2.64695652211523,2.28319029148151,0.044865615848669,0.0570439014261111
2021-12-09,12.4242236590588,9.16604861111111,3.83935251798561,85.2208333333333,76.7,21.5709503087866,0.0152018194444459,0.00113872291774442,0.0369423654638889,2.29766212878396,0,60.8472604166667,12.4136553058985,2.78852768476553,2.43561008897685,0.0427654060853877,0.0538350077878549
2021-12-10,12.4765517349148,9.02959722222222,3.70459854014599,85.0979166666667,76.6194444444444,21.5586228251866,0.0715294513888889,0.00519353563879577,0.0381800376252315,2.18149481026553,6.096,40.4375534722222,12.4242236590588,2.92916369109497,2.56747221387547,0.0412079046894676,0.0511925184834722
2021-12-11,12.3343954562665,9.19345138888889,3.69923076923077,88.5284722222222,76.4409722222222,21.5550318798666,0.303952965277778,0.0223604048665038,0.0535323713916667,1.54596265905577,1.27,45.5065736111111,12.4765517349148,3.12978936823473,2.71619870960196,0.0419774709899595,0.0498387360862191
2021-12-12,12.279441244962,9.00313888888889,3.36527777777778,88.3256944444445,76.5618055555556,21.54465667244,0.107692479166666,0.00775001137174058,0.0927394700131944,0.898102543861154,0,91.2017173611111,12.3343954562665,3.25266062891849,2.81124986215312,0.0480092660030093,0.0511495828068364
2021-12-13,12.2811891658749,8.78453472222222,3.61340425531915,88.0361111111111,76.5881944444444,21.5288967454466,0.147662881944445,0.0101655697316119,0.0950508877615741,0.853937601160909,0,88.3762527777778,12.279441244962,3.37605818880541,2.92122329138097,0.0546510111092882,0.0530026073881019
2021-12-14,12.3462095645994,8.67435664335664,3.79468085106383,88.893893129771,76.5153846153846,21.5143683679333,0.161308944444444,0.0108627214046919,0.0852434101590278,0.933515057597879,0,88.1928611111111,12.2811891658749,3.52354888959399,3.04514645922967,0.0601629758569734,0.0545441891617438
2021-12-15,12.3415269894694,8.5863125,3.35359712230216,89.2631944444444,76.5,21.49963228446,0.144222631944444,0.00959476846026064,0.0767271858958333,1.00947244693355,0,87.6429944444444,12.3462095645994,3.57229714099287,3.10305293404981,0.0646431713612847,0.0558227103399846
2021-12-16,12.3815922528812,8.53754166666667,3.53510638297872,89.2673611111111,76.5006944444444,21.4848303624933,0.1478951875,0.00968371190174366,0.0693536730923611,1.0861999066786,0,87.3324104166667,12.3415269894694,3.6131560271005,3.15827447846284,0.0684711751753472,0.0568633523081327
2021-12-17,12.3899924402556,8.6549375,3.90122302158273,90.8881944444444,76.4659722222222,21.4703857067666,0.546062291666667,0.0367247143148006,0.0715929419277778,1.05963601873259,0,40.6960465277778,12.3815922528812,3.62088984005014,3.24638864726766,0.0728024972333333,0.0582602118504784
2021-12-18,12.4571169671018,8.80581944444445,3.39457142857143,91.8041666666667,76.4083333333333,21.46070180352,0.647225499999999,0.0442424983218643,0.103407429504167,0.810580642513416,2.286,18.39031875,12.3899924402556,3.58213645110332,3.33307838569824,0.0809559212182002,0.0619956510849074
2021-12-19,12.4171329117627,8.67442361111111,2.88328671328671,92.1131944444444,76.4243055555556,21.4523260781666,0.241423277777779,0.0160898792089483,0.126245212990509,0.651339869143719,0.254,35.9649472222222,12.4571169671018,3.48014344411031,3.36647698709684,0.0900450264180555,0.0674463246236883
2021-12-20,12.418861585489,8.33750694444444,3.51314285714286,90.0381944444444,76.4916666666667,21.4342672987733,0.0423544027777787,0.00267736366743065,0.114761334175,0.711895120282539,0,90.2734152777778,12.4171329117627,3.49862657903095,3.42560492582478,0.0927977594382813,0.0723026184412654
2021-12-21,12.4040636462272,8.123625,3.23366197183099,90.5159722222222,76.4159722222222,21.4202807151133,0.0086386041666664,0.000520264829333428,0.102379307494444,0.77208473241305,0,58.9857868055556,12.418861585489,3.45115879359493,3.4668653742965,0.09371381190489,0.0763847261290586
2021-12-22,12.3081968862898,8.06926388888889,3.1675,91.5284722222222,76.4034722222222,21.4065362053066,-0.0145950416666665,-0.000869259503247122,0.091743708912963,0.855807928944812,0,88.7061625,12.4040636462272,3.37276118721195,3.48045796688909,0.0945263492491319,0.0797752652658333
2021-12-23,12.2560709518252,7.93147916666667,3.40290780141844,91.46875,76.4027777777778,21.3878501619066,0.121777340277778,0.00695687880340756,0.0824386211675926,0.926664779016191,0,84.5684590277778,12.3081968862898,3.37892502210149,3.49343613404248,0.0952402786581018,0.0826891971716821
2021-12-24,12.2082737631296,7.885875,3.17111888111888,92.1840277777778,76.4006944444445,21.3734420220666,0.234269777777778,0.0130977926970672,0.0743600649425926,0.998801438274071,0,77.1003326388889,12.2560709518252,3.333426584369,3.44888722491803,0.0958660776393808,0.0851837104702623
2021-12-25,12.3039976663776,7.88336805555556,3.30118881118881,92.5,76.4,21.3621977765,0.169548076388889,0.0095231269906435,0.0673457051837963,1.07919902950861,0,29.7573097222222,12.2082737631296,3.25842230806976,3.42199324298755,0.0953351730463831,0.0871280883075
2021-12-26,12.1567996792531,8.15402083333333,2.26444444444444,92.6090277777778,76.4,21.3506362773133,0.35418976388889,0.0206907463552852,0.0613223319648148,1.17655201051976,0,80.3178409722222,12.3039976663776,3.11715643505389,3.32634082133513,0.0900745358539641,0.0876474190123765
2021-12-27,12.067898266032,8.314375,2.6475,94.64375,76.3916666666667,21.3368392665533,0.574233826388889,0.0346417066206186,0.0560082462210648,1.2597679374852,0,46.9470916666667,12.1567996792531,3.08768309589305,3.27848896948328,0.0812949150077836,0.0851986707595679
2021-12-28,12.1153337545246,8.31843055555556,2.81305555555556,95.5222222222222,76.3930555555556,21.3250069703466,0.558236743055555,0.0336681181719314,0.0513965513652778,1.3521603600256,0,48.3756916666667,12.067898266032,3.00017218319464,3.22513238949904,0.0733743171565683,0.0822883816664815
2021-12-29,12.0848096310626,8.54547916666667,2.46861111111111,96.1493055555556,76.3381944444444,21.3119040112,0.757587847222222,0.0473572762990671,0.0493848699097222,1.38575572027071,3.556,19.9127284722222,12.1153337545246,2.90454082560466,3.13672774016886,0.066750012458478,0.0798978123165278
2021-12-30,12.1080192429741,8.72606944444444,2.66972222222222,96.9125,76.2027777777778,21.3033490532866,1.23920207638889,0.0816864389882994,0.0570565274858796,1.32030385584513,0.254,33.7432361111111,12.0848096310626,2.84231860338243,3.09113608016353,0.0624141147800926,0.0785864350891975
2021-12-31,12.0054668807081,8.93103472222222,3.15861111111111,98.0166666666667,76.225,21.29072249908,1.37963314583333,0.0927069092043666,0.0783950990013889,0.947392640112604,0.508,37.8198777777778,12.1080192429741,2.81178151709402,3.06603639537235,0.0619086745093171,0.0791891968164661
2022-01-01,11.7066646894093,9.43740277777778,2.79166666666667,100.097916666667,75.9951388888889,21.2872137769466,1.64501301388889,0.114324695188884,0.0807388776592593,0.96588519764508,6.858,50.9202333333333,12.0054668807081,2.76434999028749,2.99206597171128,0.0627060260989005,0.0797989258652315
2022-01-02,11.6538477714683,9.6034375,2.64638888888889,99.6215277777778,75.4458333333333,21.3184780197266,1.71227563888889,0.121319775119332,0.164607744925,0.770262082479277,11.938,27.7223097222222,11.7066646894093,2.6825,2.94218713573245,0.0748637810665509,0.083878946893287
2022-01-03,11.7595440574844,9.02408333333333,2.39,97.1041666666667,75.5125,21.42439147482,0.490506256944444,0.0339767377510043,0.45207500899838,0.82379185995069,9.906,48.5259763888889,11.6538477714683,2.69819444444444,2.90930135484667,0.123707865695747,0.105600933293812
2022-01-04,11.8432484464023,8.45323611111111,2.87166666666667,94.4604166666667,75.6173611111111,21.53813461538,0.198260472222222,0.0127007990689663,0.540029308460648,0.377228744044403,0,93.0657465277778,11.7595440574844,2.72621527777778,2.86653627548159,0.184210498475694,0.133952131579522
2022-01-05,12.067113932072,8.09713194444444,2.64160839160839,92.2333333333333,75.8333333333333,21.5871270963466,0.111678875,0.00663500598534483,0.477241186447917,0.436863255131476,0,51.9435194444444,11.8432484464023,2.70478438228438,2.82706603680008,0.237441077861024,0.158942923509753
2022-01-06,12.4020538083482,7.90700694444444,2.23777777777778,91.5659722222222,76.4645833333333,21.6181226901,0.0990037083333331,0.00560162377632878,0.421279624817593,0.488598528159898,0.508,68.2401597222222,12.067113932072,2.67593021561772,2.7650845553186,0.283927922224508,0.180911984570062
2022-01-07,12.6218547789507,7.60105555555556,2.21111111111111,90.7958333333333,77.3652777777778,21.6409687971466,-0.00228112500000055,-0.000120956820865104,0.382258203545602,0.544026601790569,0,82.7738965277778,12.4020538083482,2.61860382672883,2.68563144263144,0.324578131731973,0.200899956728596
2022-01-08,12.7613995748544,7.30415277777778,2.80083333333333,90.2652777777778,78.1291666666667,21.6503970891866,0.111919923611111,0.00536828828137459,0.361937143905556,0.564310925059509,0,94.0607527777778,12.6218547789507,2.5738816045066,2.66094573944574,0.360020887344994,0.220071761992793
2022-01-09,12.8453352835102,7.08880555555556,2.92496503496504,91.01875,78.6659722222222,21.6639090662266,0.0934127916666663,0.00419447317665345,0.339895120488657,0.650851647965737,3.048,30.5147409722222,12.7613995748544,2.5905439005439,2.63586415436415,0.392415417698669,0.238241723013117
2022-01-10,12.8044205308838,6.85793055555556,2.49805555555556,90.9993055555556,79.0659722222222,21.6779133333666,-0.00854470138888885,-0.00036123220945683,0.349283497787963,0.61816900467196,0,100.820691666667,12.8453352835102,2.57200223387723,2.65143822843823,0.415499886806539,0.257439134067994
2022-01-11,12.7069500509924,6.6092676056338,2.73422535211268,90.7778625954198,79.2225352112676,21.6835805390333,0.104910493055556,0.00397487906514016,0.31608969275787,0.671336933937089,0,99.58013125,12.8044205308838,2.61503040289132,2.65721991857907,0.398501722276476,0.274777897170448
2022-01-12,12.697777975144,6.40104166666667,2.72888111888112,90.6520833333333,79.4645833333333,21.6894313731533,0.146862625,0.00511255909634656,0.282006758476852,0.735543097934459,0,101.361763888889,12.7069500509924,2.59718220941813,2.65160828946744,0.366248903528501,0.290151910977886
2022-01-13,12.6525743405087,6.27377083333333,2.99305555555556,90.5229166666667,79.3194444444444,21.6944545804466,0.171512798611111,0.0055870154983495,0.252266021641435,0.803332779552447,0,55.3930423611111,12.697777975144,2.64111310491152,2.68657125243041,0.338127007927691,0.303677321093333
2022-01-14,12.6457483545849,6.22416666666667,2.49222222222222,91.0826388888889,80.6166666666667,21.70066198146,0.148280881944444,0.00467870614045296,0.226902495694676,0.881440418602367,0,89.3343951388889,12.6525743405087,2.67291866046708,2.67473791909707,0.313829866787326,0.315000385640586
2022-01-15,12.6865423355582,6.09018055555556,2.89777777777778,91.7659722222222,82.2284722222222,21.6947827738466,0.159238013888889,0.00476159244601604,0.20438460775625,0.955191648302588,0,46.66665625,12.6457483545849,2.75875199380041,2.65734903020819,0.291595667313657,0.323399686224244
2022-01-16,12.7879783150196,5.72967361111111,3.01444444444444,90.1131944444444,83.1444444444444,21.70349778224,0.0377787986111118,0.000953063870269943,0.298362810944213,1.48290129460484,0,9.90408263888889,12.6865423355582,2.7854533826893,2.67220088206004,0.28364887569349,0.337907948443241
2022-01-17,12.7078009486761,5.30611111111111,2.68055555555556,90.0791666666667,83.75,21.7223938294533,-0.00607938194444468,-0.0001146767060618,0.464413003621759,0.93441503105959,3.048,60.9077166666667,12.7879783150196,2.75490219776311,2.67447865983781,0.299213611085127,0.357894965689691
2022-01-18,12.5603671511879,5.13254861111111,2.81055555555556,90.3145833333333,83.2618055555556,21.71823126814,0.0575993333333331,0.000928346018554294,0.445580545818287,0.695308453831638,0.254,101.242291666667,12.7078009486761,2.79396469776311,2.70251569687485,0.311250742088918,0.357462001477685
2022-01-19,12.5608662445412,4.98079166666667,3.1243661971831,90.0041666666667,83.0243055555556,21.7108844315933,0.0387380277777778,0.000533079793854085,0.398595688278009,0.769282983007896,0,50.8255006944444,12.5603671511879,2.84273230339692,2.71936233224261,0.321563991528935,0.348033093465509
2022-01-20,12.6077093900328,4.945875,2.84305555555556,91.0923611111111,83.4402777777778,21.7131837335733,0.00272427083333326,3.61710871175092e-05,0.363611423091667,0.831626310905685,1.27,34.1642104166667,12.5608662445412,2.85700410798122,2.73279214317242,0.331764574605787,0.340457775908426
2022-01-21,12.5482147406773,4.7586875,2.21527777777778,92.0472222222222,84.1395833333333,21.7186663616733,-0.0153581805555563,-0.000161749471089934,0.339175222879167,0.87746464333643,0,79.8724277777778,12.6077093900328,2.759781885759,2.73129214317242,0.342628224760503,0.334984149112531
2022-01-22,12.4589040935646,4.42459722222222,2.72305555555556,91.5680555555556,84.4451388888889,21.7182272718733,0.0196779722222225,0.0001030890526863,0.305632344431944,0.952936398004562,0,118.2052625,12.5482147406773,2.78863605242567,2.76542177280205,0.352469455852662,0.329875758504954
2022-01-23,12.3682665752932,4.19313194444444,2.80583333333333,91.1013888888889,83.4895833333333,21.7150153224933,-8.28333333329212e-05,-1.51186554830929e-07,0.275604072958102,1.02981457562977,0,108.163304861111,12.4589040935646,2.77714299687011,2.76575510613539,0.361371889002894,0.32412022044179
2022-01-24,12.3563369922926,4.15697916666667,2.8625,90.7451388888889,83.5680555555556,21.70791026008,0.00563913888888834,7.86894236171065e-06,0.249387492216898,1.10829133809693,0,102.729363888889,12.3682665752932,2.75814994131455,2.76159077047105,0.355249974161979,0.318086378557006
2022-01-25,12.2044607199614,4.30403472222222,2.39166666666667,91.8326388888889,83.8555555555556,21.70667886046,-0.00655994444444463,-2.42212531702535e-05,0.226412307491898,1.19029487915461,0,110.50024375,12.3563369922926,2.72203883020344,2.75449817787846,0.325499887145747,0.309894965870602
2022-01-26,12.0518174874867,4.36249635036496,2.25613138686131,93.3943650793651,84.447299270073,21.7169509642066,-0.0181325138888893,-8.14741291605969e-05,0.206571356427083,1.2763717143701,0,121.738572222222,12.2044607199614,2.65273580911666,2.7226252468617,0.295623738471846,0.302593743448549
2022-01-27,12.2980161040603,3.9936013986014,2.63692307692308,92.4352447552448,83.8217482517482,21.7229752363,-0.0352556805555553,4.19996381424426e-05,0.18908691618125,1.40842304314769,0,124.220089583333,12.0518174874867,2.59180541908416,2.71649471073117,0.269435141959751,0.296399087295509
2022-01-28,12.2296374904219,3.99716666666667,2.49479166666667,92.3445138888889,83.6427777777778,21.7278063230733,-0.0220123541666668,2.65093035523023e-05,0.177369083905324,1.46258737389296,0.508,43.5625423611111,12.2980161040603,2.54827243297305,2.68327711813857,0.246154849561458,0.291405958113102
2022-01-29,12.1485683312731,3.90385416666667,1.99145833333333,93.169375,84.7025694444444,21.7347180660866,-0.0222233402777778,6.48681809707341e-05,0.180384484061806,1.44107898583331,0,133.757236805556,12.2296374904219,2.52029500241749,2.64989285887931,0.226306007209288,0.288304757337577
2022-01-30,12.1361299753486,3.42844444444444,2.53048611111111,92.0666666666667,84.4308333333333,21.7327324210866,-0.296426305555556,0.0024171413330123,0.183211023828472,1.37830786648946,0,92.6544611111111,12.1485683312731,2.49622382186194,2.6254067477682,0.211003342133854,0.286893185075725
2022-01-31,12.0259138383532,3.46133566433566,2.38384615384615,92.4123776223776,84.5907692307692,21.7299195488866,-0.245894923611111,0.00191536099725909,0.168207763479167,1.46655312706973,0,103.702685416667,12.1361299753486,2.44347542442604,2.58336686172832,0.197578803448987,0.278216181911389
2022-02-01,11.8811128743665,3.54286805555556,2.25444444444444,93.1050694444444,84.9100694444444,21.72466955346,-0.182373902777778,0.00132347463136284,0.154601327305093,1.55444681595761,0,82.8773819444445,12.0259138383532,2.3674684799816,2.55495945432091,0.185730532835012,0.257562070156944
2022-02-02,11.8958523911023,3.40444055944056,2.27034965034965,92.9673426573427,85.4431468531469,21.7210172154933,-0.365317673611111,0.00282292319889166,0.142579514682639,1.64458384959127,0.508,106.210932638889,11.8811128743665,2.35230385294197,2.51894572730718,0.175251433733854,0.237362001414568
2022-02-03,11.8883710246184,3.74365277777778,2.48222222222222,93.3290277777778,85.27375,21.7562643374466,-0.056554215277778,0.000280878389503414,0.199742143511111,1.6041985381608,22.352,15.8545479166667,11.8958523911023,2.38056520736208,2.47613612897646,0.174397782119358,0.224105098430108
2022-02-04,12.7380327764846,4.08869230769231,2.23692307692308,93.5461538461538,83.847972027972,21.97154217376,0.0947532291666664,-6.48126319902076e-05,0.400336280803241,1.32250241840372,4.318,34.6970159722222,11.8883710246184,2.33056520736208,2.43572729706763,0.200803952697106,0.226553422277546
2022-02-05,12.6918698068094,3.85254225352113,1.90302816901408,93.462323943662,85.2502112676056,22.1538875757266,-0.0313958263888892,0.000106140094089824,0.423919956728009,0.842213281440648,0,139.117302083333,12.7380327764846,2.25659477015551,2.41491065648338,0.231622811799942,0.232203071200802
2022-02-06,12.9038275758289,3.45908450704225,2.54521126760563,92.654014084507,84.4250704225352,22.2527996215733,-0.435814958333333,0.0030008565049684,0.381093210803935,0.929899757362982,0,143.183734027778,12.6918698068094,2.32581388693955,2.40305437062005,0.256711402642708,0.237233795625602
2022-02-07,12.6484705533987,3.47338194444444,2.25305555555556,92.9367361111111,85.1810416666667,22.3205623173066,-0.520825708333334,0.00325992198031599,0.356508999218519,1.01336872931597,0.762,51.3384645833333,12.9038275758289,2.2911350674951,2.3662025187682,0.278373649566464,0.242627457376296
2022-02-08,12.4192928737604,3.51062237762238,1.9951048951049,93.2848951048951,85.6472727272727,22.3622924328133,-0.653191041666667,0.00310412751423428,0.342191153542361,1.03406524067985,0,144.677625,12.6484705533987,2.24254241015245,2.30837617844186,0.300121573324363,0.248814368131327
2022-02-09,12.08395175083,3.49315714285714,2.13692857142857,93.7254263565892,83.1970714285714,22.39155629436,-0.950632534722222,0.00218198494735589,0.308374003124537,1.11993834317939,0,147.272251388889,12.4192928737604,2.22785292602546,2.29139363875932,0.319343157801794,0.254278481173503
2022-02-10,11.9289860070615,3.81452777777778,2.17722222222222,94.6936111111111,81.0697916666667,22.4154418303666,-0.619137048611111,6.75054711791745e-05,0.278670932265741,1.20885145785582,0,143.839685416667,12.08395175083,2.21621199750953,2.28613302778338,0.336354584999682,0.259085119562747
2022-02-11,12.0953583400417,3.91913194444444,2.30555555555556,95.4877083333333,82.9682638888889,22.4325870132466,-0.403141701388889,-0.00014516170438128,0.252780613153009,1.29908560323533,0,150.268880555556,11.9289860070615,2.1941286641762,2.26404185969221,0.342984393704919,0.263331366027531
2022-02-12,12.3516916036132,4.13997222222222,2.09506944444444,96.0951388888889,85.5391666666667,22.4476975469066,-0.236532652777778,-0.000530557523802599,0.230304635244907,1.39361746237233,0,78.9120152777778,12.0953583400417,2.17639696011637,2.23739371154406,0.321730438010127,0.266860402783503
2022-02-13,12.4923450176747,4.31420833333333,1.95041666666667,96.4947916666667,87.9829861111111,22.4565672607733,-0.061484826388889,-0.000219763577206322,0.220146492705093,1.46515203362138,0,58.4229069444444,12.3516916036132,2.18232052232294,2.23465760043295,0.296258755007263,0.269511203359722
2022-02-14,12.5008694229917,4.1615,1.929375,95.5594444444444,88.6245138888889,22.4637188796933,-0.0904819027777783,-0.000129497826605984,0.214041951959028,1.50941712705128,0,103.252880555556,12.4923450176747,2.10534098887224,2.19458352635888,0.275377347651649,0.271566598568426
2022-02-15,12.6046079100829,3.96961805555556,2.18541666666667,94.6300694444444,89.5959722222222,22.46341521338,-0.292471375,2.35419781802193e-06,0.196437617196065,1.60417842569062,0,160.373798611111,12.5008694229917,2.09688612776113,2.18135489388025,0.255368424898843,0.273448588816219
2022-02-16,12.4128357745962,4.128375,2.17472222222222,95.4638194444444,89.8128472222222,22.4679864429133,-0.167828666666667,-0.000326129521226903,0.180747350653472,1.70234248195664,0,85.8312152777778,12.6046079100829,2.11933829365079,2.17604007906543,0.235187949537731,0.275191657039444
2022-02-17,12.3477218239322,4.56566666666667,2.13895833333333,96.4519444444445,89.9850694444444,22.47565113252,0.289537,0.00185884277834703,0.167442242292361,1.79642426028192,2.286,42.4876409722222,12.4128357745962,2.11959201388889,2.16728065793101,0.217571479433709,0.276849172213426
2022-02-18,12.3111538057888,4.75338888888889,1.97145833333333,96.7200694444444,91.7299305555556,22.4959934785933,0.182797013888889,0.00171978564355868,0.192377118815046,1.82004197127091,5.588,119.663504166667,12.3477218239322,2.09387152777778,2.13322973200508,0.206784752752373,0.276358170567022
2022-02-19,12.2152579032805,4.70491666666667,2.05722222222222,96.4386111111111,92.9140277777778,22.49574541034,0.0619122986111114,0.000536992246566115,0.222266928036806,1.40105162409809,0,170.435006944444,12.3111538057888,2.06282986111111,2.12124967502503,0.202970542112847,0.264486880382593
2022-02-20,12.1744536573305,4.61915277777778,2.36763888888889,96.4727777777778,93.1852083333333,22.4969404938866,0.0244723472222228,0.000199569222559148,0.202742158972917,1.49934452739248,0,174.471438194444,12.2152579032805,2.09690104166667,2.15222372301668,0.199525232578848,0.249741693865586
2022-02-21,12.0457466812679,4.89881118881119,2.05608391608392,96.7801398601399,93.3034265734266,22.50309049852,0.354400027777777,0.00379678573426645,0.185361167536111,1.59986720243615,0,167.553476388889,12.1744536573305,2.11010944784382,2.11961523291523,0.195177066932726,0.236692890981065
2022-02-22,11.9313179579822,5.38175694444444,2.36083333333333,98.2217361111111,93.0945138888889,22.50525912258,1.04571490277778,0.0161283596341946,0.173145189456713,1.67291200053925,3.556,30.1117479166667,12.0457466812679,2.16404173951049,2.12680041810042,0.190064971619936,0.224468636996944
2022-02-23,11.9395782308084,5.48473611111111,2.36513888888889,98.8647916666667,92.7928472222222,22.5132163389066,0.892670118055555,0.0137669342054778,0.199807395836806,1.75235971165717,3.048,125.724734722222,11.9313179579822,2.18650701728827,2.15146935101935,0.190486193950029,0.214976386483241
2022-02-24,11.827576402005,5.70699300699301,2.59223776223776,99.0897902097902,92.6798601398601,22.5472761700333,0.740451868055556,0.014244800400661,0.361828920536111,1.9309604658937,21.082,15.3592277777778,11.9395782308084,2.23869645979021,2.1818232970733,0.213121390185359,0.218540047644012
2022-02-25,13.072280092881,5.8198041958042,2.24006993006993,98.5231468531469,90.8605594405594,22.66416781924,0.837851145833333,0.0169387221156967,0.410266305456481,1.09265169108862,2.794,154.600883333333,11.827576402005,2.25133540938228,2.18601314426314,0.243474398080874,0.227313072523395
2022-02-26,12.158068945662,5.7060979020979,2.19132867132867,98.2486013986014,92.6806993006993,22.7073442336066,0.460715208333333,0.00991445549664149,0.375315462193056,1.21136563453226,0,117.730249305556,13.072280092881,2.2788192016317,2.17839801864802,0.266341691003125,0.235482062459398
2022-02-27,11.6772466593711,6.15972222222222,2.03395833333333,99.7461111111111,93.4671527777778,22.7300426286466,0.795233326388889,0.020334457107424,0.339103604472917,1.30943497176971,0,121.87885625,12.158068945662,2.27591121552059,2.17432394457394,0.280946275557639,0.242735327074599
2022-02-28,11.6899415951534,6.34141666666667,1.99006944444444,99.9877777777778,92.334375,22.7472759292066,0.879495625,0.0250991254276869,0.307519887316667,1.41114285319974,0,177.804997916667,11.6772466593711,2.22871503496504,2.17696746309246,0.294043491600608,0.248560220048704
2022-03-01,11.8031096680347,6.30650354609929,2.37900709219858,99.9963829787234,91.7997872340426,22.7532753744933,0.809714888888888,0.0229919096128697,0.279552103915972,1.51057115150687,0,168.870785416667,11.6899415951534,2.26908043197937,2.2069429359057,0.30581735864809,0.2529275635125
2022-03-02,11.8644514335041,6.26529370629371,2.41076923076923,99.8183216783217,91.9293706293706,22.7594409146133,0.680160916666666,0.01926658076286,0.255101580022222,1.61376189525521,0,189.232165277778,11.8031096680347,2.27532241915886,2.22196644017921,0.316061907468779,0.256838494367577
2022-03-03,11.704187554116,6.58152083333333,2.23833333333333,100.24125,92.8389583333333,22.7564089970466,0.682661472222222,0.022292755805438,0.233630912335185,1.71892314120147,0,188.516015972222,11.8644514335041,2.25947172471441,2.22620718091995,0.320289847031076,0.260364065146358
2022-03-04,11.3219811843569,7.40645138888889,2.78631944444444,102.226736111111,93.7361805555555,22.7496917723133,1.47079913194444,0.0583957755452502,0.214906677901157,1.824254437826,0,191.565015277778,11.704187554116,2.28373193499025,2.26936458832735,0.301924566701707,0.263528360853611
2022-03-05,11.1514151708453,7.55886014685315,2.9479020979021,103.202237762238,93.7997902097902,22.7489901277933,1.87461867361111,0.0799027790957325,0.198546911886806,1.92914532449453,0,187.020191666667,11.3219811843569,2.37221095596927,2.33446083929861,0.275459642505498,0.263939680391728
2022-03-06,11.4877299777514,7.46242254929577,3.41232394366197,103.64823943662,93.4349295774648,22.74601205992,1.72009757638889,0.0722088358031669,0.185216869710185,2.02502205469565,0,92.5773611111111,11.1514151708453,2.52483536501093,2.42480095406126,0.251697318445139,0.261469676503287
2022-03-07,11.5391140588207,7.966173625,3.19555555555556,104.253958333333,93.4188194444444,22.74539718434,1.91294788888889,0.0870167915958291,0.200221191072917,2.03754487765457,3.048,92.4928701388889,11.4877299777514,2.67003501778871,2.4799953985057,0.234337016770139,0.26130161197662
2022-03-08,11.4362458122688,8.28234963636364,3.04979020979021,102.728741258741,94.0932867132867,22.74462465604,1.95709763888889,0.0990309375597462,0.213673249793519,1.84471611730706,3.302,212.501661111111,11.5391140588207,2.80250011345693,2.54624248475279,0.222606187079745,0.263189084127114
2022-03-09,11.1833606809332,8.93958336805555,3.91923611111111,104.4625,93.8788194444444,22.7613597720066,2.61210954166667,0.142894323879545,0.314713558344444,1.93684764139494,13.208,86.7564319444444,11.4362458122688,2.99502874082099,2.6501360032713,0.227001368883304,0.272626975386296
2022-03-10,11.1826340757466,8.82029370629371,4.49979020979021,104.761328671329,93.8997902097902,22.7807255803666,2.30814852083333,0.125805051892144,0.366515947345139,1.33597923804313,0,132.791951388889,11.1833606809332,3.25615636319862,2.79244609133139,0.240928164798669,0.283740878820185
2022-03-11,11.2526477031206,8.78175688194444,4.89361111111111,105.687222222222,93.658125,22.7881497946266,2.33038544444444,0.12726088232364,0.335103583857176,1.4517142735017,0,213.700069444444,11.1826340757466,3.58806608542084,2.94587098125628,0.253612248738918,0.281959189708256
2022-03-12,11.272734903615,8.60011110416667,4.17590277777778,103.666527777778,93.2557638888889,22.8136007681933,1.34415259722222,0.076816573522251,0.402959636498843,1.72464865220683,6.858,84.7724694444444,11.2526477031206,3.76176400208751,3.07492650443681,0.277118868563628,0.281472078444414
2022-03-13,11.2526510766833,8.04631249305556,4.47270833333333,101.539652777778,93.4255555555556,22.8144194533733,0.665401131944445,0.0361473223953226,0.410919889726852,1.40979627669188,0,228.574609027778,11.272734903615,3.95236478151641,3.22701848190378,0.303665490793634,0.283845706946667
2022-03-14,11.363450805016,7.84404859722222,4.65951388888889,100.585,93.3981944444444,22.8216154308533,0.419675715277778,0.0226336463782673,0.374296358797454,1.52364484193071,0,217.402575694444,11.2526510766833,4.10826352466978,3.40205551894082,0.327300426929543,0.286191890568302
2022-03-15,11.1248643110138,8.38533565734266,4.34972027972028,103.020909090909,93.2021678321678,22.8268815612066,0.977492993055556,0.0568272284920113,0.340052150475694,1.62871785271336,0,213.787645833333,11.363450805016,4.25253411519037,3.55936557462588,0.34477929685489,0.288360708112238
2022-03-16,11.185898759378,8.34994443055556,4.85097222222222,103.937916666667,92.9453472222222,22.82958058976,0.919044854166668,0.054274950495028,0.367434254465278,1.69503761135415,4.572,107.222233333333,11.1248643110138,4.47768186674437,3.72416324996079,0.36399942243886,0.294219518148858
2022-03-17,10.6477836157128,9.8724965034965,4.77177304964539,107.881678321678,92.9853846153846,22.8385641472733,2.34856036111111,0.162635218593891,0.393393539450694,1.67218893577311,0.254,168.043738888889,11.185898759378,4.58424898406115,3.88156350455253,0.373834420077141,0.303438982110756
2022-03-18,10.7537896138185,9.99434507042253,5.05802817605634,109.246901408451,92.7938028169014,22.8355364257866,2.83751647222222,0.205062244935903,0.368207733252778,1.6813914486765,0,155.170435416667,10.6477836157128,4.65402872984442,4.06954316073406,0.374045893315596,0.312410770171929
2022-03-19,11.0403212311929,9.49884725,5.1618055625,107.472847222222,92.7691666666667,22.8403334443866,1.9963875625,0.135517443719209,0.33720279892037,1.79665966042818,0,147.837311111111,10.7537896138185,4.68755303626803,4.22790890193777,0.374308295198495,0.320563844906543
2022-03-20,10.9682068215838,9.44059864788732,4.40007092198582,104.980704225352,92.8722535211268,22.8411423387133,1.60779951388889,0.107949304691033,0.308880637035417,1.93048535218476,0,141.195882638889,11.0403212311929,4.71557405429403,4.32472015687668,0.362548420265567,0.327919426583117
2022-03-21,10.6328676862894,10.1652361180556,4.77743055555556,107.182222222222,92.8684722222222,22.8369265771,2.419717125,0.174647352603984,0.284190324107407,2.03846957976166,0,218.209838194444,10.9682068215838,4.75366433207181,4.41572726433625,0.346707224563137,0.334517656876265
2022-03-22,10.8228013747804,9.91143664084507,5.39086330935252,107.704084507042,92.7553521126761,22.8330330144866,2.14002242361111,0.152255061616756,0.262163154878472,2.14498912328628,0,148.988551388889,10.6328676862894,4.84508300962976,4.56208111458938,0.332690574073264,0.338647121129969
2022-03-23,10.7998727449807,10.1069091188811,5.82591549295775,108.642867132867,92.1797202797203,22.8466831124933,2.40007263888889,0.175212359731745,0.422306155307176,2.19460506530426,25.908,14.69449375,10.8228013747804,5.02960741128445,4.74715613346722,0.342972324677199,0.352555981497546
2022-03-24,10.9723216236911,10.2283680208333,5.10201388194444,109.260138888889,91.27125,22.9065135685666,2.68506702777778,0.201233553640918,0.451364130003009,1.63607450250759,0.254,128.348039583333,10.7998727449807,5.06098761874973,4.82600798485611,0.353463559119416,0.361666019608117
2022-03-25,11.4985517295493,10.2664999859155,5.04323943661972,108.978028169014,90.0253521126761,22.9786220044866,2.36555855555556,0.174579934529675,0.415946971338889,1.76518003816054,0,166.440584722222,10.9723216236911,5.09492091712152,4.86223793331141,0.35628273810544,0.364961421207701
2022-03-26,11.255199889672,9.66245136111111,4.98524475524476,105.293680555556,91.3266666666667,23.00425290996,1.6284039375,0.11416719023191,0.381636449678009,1.87105303031356,0.254,157.779795833333,11.4985517295493,5.08582298952007,4.86834684292032,0.357961327658594,0.368063612262423
2022-03-27,10.7434347753859,9.99733336805556,4.2525,105.084305555556,91.3867361111111,23.0181075668666,1.85167620833333,0.135703102581601,0.349714269238889,2.00695379910438,0,276.971103472222,11.255199889672,4.97215979420757,4.8734533244018,0.359525261448409,0.364513921111759
2022-03-28,10.5426229012073,10.017638875,4.27812500694444,104.618541666667,91.3516666666667,23.0170510039133,1.8620963125,0.136731239021401,0.321649933616435,2.11444037426584,0,275.071329166667,10.7434347753859,4.9569165548274,4.86048110264254,0.361121423521036,0.358562590704398
2022-03-29,10.6092999180477,9.80603475694445,5.14219858156028,104.493680555556,91.2819444444444,23.0226109597733,1.70433645138889,0.123311479447466,0.297056703416898,2.22163089852826,0,212.653495138889,10.5426229012073,5.00251255807799,4.89266008215397,0.362729720934722,0.353413280345694
2022-03-30,10.7884974072733,9.78796504195804,5.10622378321678,104.586923076923,91.1053846153846,23.02006868478,1.65845849305556,0.121673302462682,0.275905400771065,2.32849240211583,0,250.900052083333,10.6092999180477,4.96693261731102,4.94309364905373,0.364447501671296,0.349136830365386
2022-03-31,11.0418512395988,9.7861736875,5.23099290780142,104.847361111111,91.0279861111111,23.0254513063066,1.81752697916667,0.136210389463372,0.322571423776852,2.12978008170461,0.254,65.3689854166667,10.7884974072733,4.89256729416648,4.96842836142568,0.351980660230006,0.346145974986157
2022-04-01,10.8721991210585,9.957155,4.6158865248227,102.982746478873,90.8288028169014,23.0268823194466,1.49507322916667,0.112432984021893,0.321226589259491,2.03795484460181,0,240.238806944444,11.0418512395988,4.83180137452626,4.9580359264375,0.335713467637066,0.34133484497341
2022-04-02,10.5608839025489,10.3564722222222,4.93718309859155,104.535694444444,90.7897222222222,23.0192920103533,1.91993867361111,0.151684687956731,0.297610021918519,2.15154583309566,0,262.033401388889,10.8721991210585,4.81854433227274,4.94997958793985,0.32092134895952,0.33662833088446
2022-04-03,10.2476208080689,11.1513450704225,3.92816901408451,106.071197183099,90.83,23.0161321623,2.4061696875,0.205518782062313,0.274868790653935,2.25814234016888,0,275.881072222222,10.5608839025489,4.68640986462771,4.86773715137882,0.30757539158151,0.332472730333364
2022-04-04,10.2785670292284,11.2237847222222,4.66514084507042,106.745833333333,90.7940277777778,23.00914838658,2.62751639583333,0.225327341255252,0.255547736167824,2.36451770274338,0,199.590244444444,10.2476208080689,4.73798997026151,4.88540847958446,0.295804574947627,0.328917203608858
2022-04-05,10.5952839773853,11.4275681818182,4.62824427480916,108.056893939394,93.4825757575758,23.0096128117341,2.76369097744361,0.242863070812177,0.271662408080787,2.31213421314206,21.59,75.4842577777778,10.2785670292284,4.7817548787446,4.8754627275347,0.289556134255671,0.328082009207083
2022-04-06,10.7552949159952,12.0133636363636,3.2651048951049,108.947202797203,95.7874125874126,23.0992475155,3.33857721527778,0.305554233872044,0.300683777813426,2.1454305505076,0.762,187.698361111111,10.5952839773853,4.54711816793768,4.73374549991819,0.290009518555237,0.33065005073608
2022-04-07,11.2072949709586,12.6329166666667,3.56645833333333,109.793125,94.2002083333333,23.1887624401866,4.34209036111111,0.428203919872658,0.490644969057639,2.22736173327668,22.86,88.6716048611111,10.7552949159952,4.35464748670225,4.58311502260989,0.316851964591059,0.335205971652778
2022-04-08,11.9471899175586,12.4127569444444,3.73083332638889,108.098541666667,93.2797916666667,23.20974618706,3.60791789583333,0.341091789111147,0.500228572827315,1.81456445150521,1.016,205.964431944444,11.2072949709586,4.16712753902568,4.49170298557286,0.339059108222367,0.338463601174398
2022-04-09,11.7003938915857,11.7430486111111,3.27326388888889,105.833125,94.2515972222222,23.17481127344,2.76648202083333,0.249609297028542,0.477099541155556,1.93033020210646,0,186.499227083333,11.9471899175586,3.99929970953396,4.37370461572413,0.358543227209375,0.342540439162176
2022-04-10,11.3630186114059,11.886514084507,2.78619718309859,104.870211267606,94.0989436619718,23.1425827315133,2.93442188194444,0.268039151487415,0.437655836540046,2.04490549433499,0,260.032678472222,11.7003938915857,3.73042647009734,4.22710144424772,0.376048954037066,0.346275064952978
2022-04-11,11.4259614805518,11.9403958333333,3.47986111111111,105.471597222222,94.0092361111111,23.1220516117933,3.01754364583333,0.279116064275854,0.401975016039583,2.15911175514934,0,248.445829861111,11.3630186114059,3.67438798222566,4.17559218498846,0.391937232210272,0.349759114739691
2022-04-12,11.5173611305142,12.3846595744681,3.61404255319149,107.565531914894,93.6539716312057,23.1079428922333,3.48548065972222,0.333519085945682,0.37036742608125,2.27461866476447,0,149.268607638889,11.4259614805518,3.54300069574079,4.13132002140493,0.40628969344945,0.353006947570679
2022-04-13,11.4180711589165,13.1112464788732,3.44845070422535,109.177183098592,93.5428873239437,23.0955324361466,4.48756754861111,0.4609954471523,0.343330151455093,2.39811858943653,0,196.222966666667,11.5173611305142,3.39552649941782,4.01840349624927,0.415248161371238,0.356091844106559
2022-04-14,11.7508492471406,13.1233076923077,3.40545454545455,107.564685314685,93.291958041958,23.0747294703866,4.00457382638889,0.406460637779787,0.318982545863657,2.50798714074498,0,169.250097222222,11.4180711589165,3.41307020571152,3.90501888039846,0.417535507377517,0.358963653779398
2022-04-15,11.4867122325936,13.615993006993,3.16314685314685,107.291118881119,92.9815384615385,23.0406603978933,4.46264635416667,0.467556543968385,0.298267850242593,2.63770116250943,0,286.534036805556,11.7508492471406,3.36265627068821,3.76716247675482,0.393488367525637,0.357343415543781
2022-04-16,11.3641099045804,13.8469583333333,3.06625,106.787013888889,93.0259722222222,23.0647953508933,4.67560386111111,0.498846133367579,0.280440702660185,2.72970784748443,0,217.838128472222,11.4867122325936,3.2795833548896,3.66385337509997,0.366014883754745,0.354624356437161
2022-04-17,11.1886557503816,14.3057291666667,2.76069444444444,105.732361111111,92.6940972222222,23.058069734,5.033908375,0.550520303175063,0.262982257243287,2.96538966632306,0,277.944872222222,11.3641099045804,3.21551217433405,3.51875413149017,0.339250223265712,0.352315838792145
2022-04-18,11.055955551944,14.296625,3.29763888888889,104.070347222222,92.1299305555556,23.0435487995333,4.86234340972222,0.534244269517558,0.534158190668287,2.4759579812153,24.384,54.5953347222222,11.1886557503816,3.27944238755784,3.47671878981046,0.351313017531742,0.369601798793102
2022-04-19,11.0576691489384,13.7384930555556,3.26555555555556,101.342777777778,91.7922222222222,23.11393484452,4.29884992361111,0.458084766968796,0.532304069706481,1.951388695101,0,277.015286805556,11.055955551944,3.25265419311339,3.3834131038428,0.367604149240104,0.388052221029012
2022-04-20,11.2805769719188,13.4639402985075,4.02320895522388,101.731194029851,91.6076865671642,23.1107089934212,4.06076052205882,0.426633801767935,0.494382388850463,2.07102433078014,0,259.77196373057,11.0576691489384,3.30379999336744,3.34307741587045,0.383106019586256,0.402900219746991
2022-04-21,11.5894151411752,13.4275277777778,4.03527777777778,102.457777777778,91.1779166666667,23.1020792201066,3.97849345833333,0.417238294137974,0.453087746313426,2.18484285757775,0,161.593561805556,11.2805769719188,3.37715337756149,3.39442227471531,0.396825718943547,0.413060484313657
2022-04-22,11.1012144710963,14.2463146853147,2.83335664335664,104.663636363636,91.0633566433566,23.0960921132933,4.87577591666667,0.539273687132209,0.418653616588426,2.31132422151204,0,289.632997916667,11.5894151411752,3.30564113979926,3.34554882871686,0.409284602784143,0.40826106081571
2022-04-23,11.1852836560399,14.5824305555556,2.84131944444444,106.955833333333,90.9153472222222,23.0867920015066,5.37208718055556,0.613318739453348,0.387107565408796,2.42567432375763,0,289.643754861111,11.1012144710963,3.26541271371145,3.2862479032539,0.420389567179919,0.400719660321142
2022-04-24,11.0744584094932,15.4847638888889,2.70347222222222,107.404722222222,90.6196527777778,23.0783860044333,6.28831036805555,0.757343604369225,0.35911803123287,2.60291254391122,0,299.768979861111,11.1852836560399,3.22006549148923,3.24826179214279,0.430224233251505,0.392854226326296
2022-04-25,10.7514467980268,16.4626643356643,2.09671328671329,107.472237762238,91.1076923076923,23.0719566108066,7.1431659375,0.906919539224873,0.334183154710185,2.70981629763213,0,292.300103472222,11.0744584094932,3.13706784677284,3.20229619905043,0.439124345434867,0.385956047537639
2022-04-26,10.1204872306272,17.9378881118881,1.44993006993007,106.166293706294,91.5551048951049,23.0681600076133,8.45531600694444,1.14056483357797,0.380754747521065,2.46196631272127,0,138.737336805556,10.7514467980268,2.90610424440298,3.0669674629717,0.419948915041464,0.384541362969738
2022-04-27,9.98390687022697,17.788014084507,0.88112676056338,102.025281690141,91.6457746478873,23.0561863434733,8.06087398611111,1.07025817663555,0.357479295996528,2.47979876677871,0,318.232831944444,10.1204872306272,2.60805064502896,2.88477307679649,0.39809581832772,0.383682154297423
2022-04-28,9.83984778709791,17.6513055555556,0.844652777777778,100.535138888889,91.6390972222222,23.0422050049133,7.90788484027778,1.04572217388545,0.333138056485648,2.5861437475516,0,323.517200694444,9.98390687022697,2.2107311228482,2.71118654836665,0.377940276782118,0.38300268129946
2022-04-29,10.2337527278977,17.1816293706294,1.07468531468531,100.783986013986,91.3965734265734,23.0320082807466,7.47844703472222,0.971844765672245,0.30998780454537,2.69371102333637,0,145.910736111111,9.83984778709791,1.84065706496164,2.55580193298204,0.360052784061111,0.382403031878241
2022-04-30,10.5538818438816,16.462034965035,1.28832167832168,100.17,91.0330769230769,23.02596192928,6.72063213194444,0.842858076052266,0.312733176784954,2.63952949877778,6.35,52.5882006944444,10.2337527278977,1.64752769433227,2.43081358799369,0.346812729085677,0.383367386981065
2022-05-01,10.5613310272153,16.3687142857143,1.45956834532374,100.782428571429,90.9807142857143,23.0286282883533,6.67761829166667,0.8384613617784,0.332174125788194,2.60323088102596,1.524,95.3303701388889,10.5538818438816,1.47480880694218,2.32370147768194,0.339946049133102,0.386816281856265
2022-05-02,10.3529912107643,16.9552097902098,0.989230769230769,102.429440559441,90.9510489510489,23.02493149192,7.33058325,0.950806418432649,0.313180924450694,2.62898010139868,0,309.140150694444,10.5613310272153,1.26052862531825,2.20560389933436,0.33420391078533,0.390162859670093
2022-05-03,10.4311479222115,17.2573819444444,0.972638888888889,103.416666666667,90.9779861111111,23.0155043488066,7.81520782638889,1.04207935810348,0.29382697854838,2.75339841584802,1.016,247.330921527778,10.3529912107643,1.1200193255902,2.05060389933436,0.329159388765104,0.374140778862099
2022-05-04,9.90009752213393,18.8720428571429,0.813857142857143,105.430071428571,91.3319285714286,23.0081132036533,9.48595296527778,1.35664392924571,0.28126882363912,2.82352142349238,0.254,268.5463125,10.4311479222115,1.04051020970609,1.8871573384878,0.316723648279861,0.357405095790941
2022-05-05,9.69558062617791,19.5835104895105,0.866503496503497,106.547552447552,91.6255944055944,22.9961001263333,10.1020828263889,1.48268623301351,0.259948289351852,2.92857142857143,0,253.731980555556,9.90009752213393,1.0386823016986,1.67671030790644,0.304532272449277,0.341776155824367
2022-05-06,10.7316247089033,18.2437482517483,1.41846153846154,106.140699300699,91.0423076923077,22.99221315756,8.82579811111111,1.23494176581391,0.336408099864352,2.64458483014417,22.606,40.1762638888889,9.69558062617791,1.11040839678407,1.50225589195203,0.304941027871615,0.333997512727762
2022-05-07,10.0754216408777,18.6071666666667,1.33402777777778,102.134166666667,90.7385416666667,23.01282954762,8.63901284722222,1.20204680340407,0.781162646730555,2.78237318707708,2.032,68.8572770833333,10.7316247089033,1.14282620467063,1.40230063424677,0.363837883144763,0.358164781403904
2022-05-08,10.1329174343254,17.8451118881119,1.36986013986014,99.9829370629371,90.7658041958042,23.01477518,7.87143697222222,1.06151029161663,0.661090409852083,1.98531636265005,0,123.090378472222,10.0754216408777,1.15301851236294,1.30420334727448,0.407382537278154,0.37643030436679
2022-05-09,9.91312963965569,17.8259236111111,1.13611111111111,101.00375,90.6753472222222,23.00934095668,7.90069280555556,1.06828751707405,0.590892170072685,2.00929049959329,0,338.353381944444,10.1329174343254,1.11258635808636,1.19971260653374,0.439722292813715,0.391881913622778
2022-05-10,9.54463926110466,18.2646805555556,0.932083333333333,102.719513888889,90.7525,23.0013919826533,8.43403384722222,1.17124986920237,0.526915182516204,2.06900717859912,0,333.085613888889,9.91312963965569,1.10544292859918,1.12207060964174,0.466439075071904,0.404730715476512
2022-05-11,9.23301360138006,19.0280347222222,0.78625,103.584444444444,90.89875,22.9926246231666,9.08256617361111,1.29647534326443,0.471179616745602,2.12684748060335,0,335.068998611111,9.54463926110466,1.08214431748807,1.07782527164641,0.488608154846557,0.410759040091481
2022-05-12,9.25747667371841,19.2940814814815,0.72362962962963,103.151496062992,90.8354074074074,22.9841060734941,9.21190141549296,1.32635988569416,0.449982160015741,2.33432207985739,3.556,161.598164788732,9.23301360138006,1.07086587833463,1.06732546291749,0.509697321893634,0.416925897692762
2022-05-13,9.32815540067121,19.5653216783217,0.720769230769231,103.519230769231,90.7767832167832,22.9784189441866,9.60158732638889,1.40751785041289,0.451457499184491,2.43010224525936,9.144,153.259317361111,9.25747667371841,1.05264909511785,1.05906655978359,0.533635973122714,0.424813860539352
2022-05-14,9.6284236381338,19.5696363636364,0.724265734265734,104.765174825175,90.6205594405594,22.9778289453666,9.96240698611111,1.48255031053475,0.466910629226389,2.32240530290119,0.762,175.915077777778,9.32815540067121,0.96587461959337,1.03570525442228,0.549948789292969,0.435275382184753
2022-05-15,9.68930231633501,19.7783146853147,0.743566433566434,106.245244755245,90.6681118881119,22.9755670584333,10.0963210694444,1.51379089006389,0.442106787861806,2.37590401347786,0,226.229241666667,9.6284236381338,0.892066951566952,0.999388238105264,0.507566806934375,0.443900289589876
2022-05-16,9.36888943304966,20.4856597222222,0.600694444444444,106.588125,90.8425,22.9668355154866,10.6510436041667,1.62918281038378,0.408834467838194,2.52514439128579,0,250.027563888889,9.68930231633501,0.79592123963999,0.942129978046645,0.476034814182639,0.449010979059877
2022-05-17,8.79243086256856,21.1301958041958,0.306783216783217,104.564475524476,91.0523776223776,22.95765544156,10.9920010763889,1.70899026345899,0.34859012551412,2.48063808707801,0,313.030272916667,9.36888943304966,0.692255252849003,0.896633474550141,0.445747058612818,0.451371592464105
2022-05-18,9.04135957839044,20.7910763888889,0.325902777777778,104.569791666667,90.9386111111111,22.9410700856866,10.9710970347222,1.70287103646467,0.31421329051412,2.53761255062984,0,280.555443055556,8.79243086256856,0.616482683404558,0.8535177338094,0.419159322112558,0.452730679928488
2022-05-19,8.81215144449686,21.8943636363636,0.248601398601399,104.953706293706,91.3020979020979,22.93253545878,11.8623198402778,1.90374836849276,0.306538980404398,2.73786263267471,0,282.281843055556,9.04135957839044,0.549276608229733,0.815834017525684,0.398579242569907,0.454415357046173
2022-05-20,8.99787545357044,22.2468611111111,0.244444444444444,105.409305555556,91.4514583333333,22.91843603054,12.4915447916667,2.05148977969645,0.29605616775625,2.89573041036585,0,311.616558333333,8.81215144449686,0.489378460081585,0.774363414055081,0.379338493537471,0.456822548939799
2022-05-21,8.98352024443192,22.8312569444444,0.213333333333333,105.365555555556,91.6216666666667,22.9048606127666,13.0257016111111,2.18102392805088,0.277701165994444,3.04509956749652,4.826,248.752177083333,8.99787545357044,0.425948972902098,0.6940215337132,0.357618951888715,0.452908753348472
2022-05-22,8.51965481881626,23.7669583333333,0.123055555555556,104.130347222222,91.7017361111111,22.89499403018,13.6791359027778,2.34059449911638,0.264575368902315,3.14804640661531,5.334,267.929629861111,8.98352024443192,0.350797700563326,0.613290052231719,0.332327044348206,0.418469601493256
2022-05-23,8.5395477661718,23.8132361111111,0.417222222222222,101.803055555556,91.4647222222222,22.8937904046133,13.4665704166667,2.29520548049879,0.35275831675787,2.61524996014714,35.306,43.1949465277778,8.51965481881626,0.310004674145299,0.549780857722524,0.321158485460214,0.397914128620309
2022-05-24,9.05713461699944,22.7286388888889,0.606319444444444,98.6327083333333,90.1627083333333,23.02347440314,12.4034470138889,2.03966031667494,1.62830812689931,3.10033573938414,14.986,84.7268111111111,8.5395477661718,0.310707799145299,0.51446141327808,0.473592692842853,0.46707519240875
2022-05-25,10.1509168033898,22.0740694444444,0.707986111111111,98.5653472222222,89.0724305555556,23.0996684222866,11.7661309027778,1.89798719221028,1.04361704979444,1.51890394915027,1.778,102.138190277778,9.05713461699944,0.360858160936286,0.499521598463265,0.560471058377894,0.501521983560633
2022-05-26,10.9643140378604,21.4716013986014,0.995454545454545,97.986993006993,88.1393706293706,23.0957158647866,11.1170695833333,1.75640831423004,1.03152945433958,1.84527749363179,12.446,46.6981013888889,10.1509168033898,0.444552131895882,0.513468568160235,0.650135578856076,0.538878639400232
2022-05-27,11.6039451941715,21.2621748251748,0.842867132867133,99.7885314685315,87.1967832167832,23.17032626336,10.9512777083333,1.71973237628981,1.14134328290949,1.94057787852773,36.322,206.666353472222,10.9643140378604,0.518835348679099,0.521417735042735,0.754486116669213,0.584969380926482
2022-05-28,11.2158283292878,21.7932042253521,0.579788732394366,100.83661971831,86.9311971830986,23.2515958408933,11.6789054861111,1.88463381853796,0.994615205731482,2.02843976019287,0,259.894905555556,11.6039451941715,0.560753384672839,0.512019035151077,0.841805996416117,0.621179894696281
2022-05-29,10.5058686363675,22.2385384615385,0.319370629370629,101.288251748252,87.3282517482517,23.1828364263,12.0650039583333,1.97326144845135,0.816537364857639,1.82046759119393,0,303.178679861111,11.2158283292878,0.574008046677501,0.48502602815807,0.909160521274016,0.644488343738364
2022-05-30,11.2059878456176,22.2355,0.278680555555556,102.520416666667,86.5452083333333,23.14253217874,11.8312765277778,1.92652146330329,0.726908786209259,1.87415706720692,0,285.237748611111,10.5058686363675,0.593461171677501,0.454033636290679,0.966952198437384,0.663475143628194
2022-05-31,10.4717730275074,23.1169027777778,0.129097222222222,102.410416666667,87.0540277777778,23.1102572301666,13.0741497222222,2.21670175430177,0.65763415861713,1.96832290821323,0,323.748168055556,11.2059878456176,0.557445546677501,0.422593821475864,1.00506167866979,0.680061789680124
2022-06-01,10.5409823163907,23.8086783216783,0.0534965034965035,103.281398601399,87.0716083916084,23.0814850093266,14.3430940972222,2.53241010548425,0.62523399162963,2.19250610915015,0,287.613519444444,10.4717730275074,0.488342679059008,0.405708040590083,0.879677411761082,0.698504714087824
2022-06-02,11.2367381833089,24.2154577464789,0.0776760563380282,103.492042253521,86.3847887323944,23.0711251375733,14.7106660416667,2.6284244514045,0.579209881746528,2.41160280453011,1.778,274.324716666667,10.5409823163907,0.409553922212373,0.3891595924941,0.821626515755093,0.716171153503318
2022-06-03,9.08732813281377,25.6270704225352,0.00549295774647887,100.161830985915,87.8657746478873,23.05793545944,15.175631875,2.75039735562802,0.542445236031482,2.56527113830362,0,237.011723611111,11.2367381833089,0.285808723748865,0.372952363103772,0.76049098846658,0.73189823721179
2022-06-04,9.05374601290994,25.3263472222222,0.0159722222222222,99.2001388888889,87.6392361111111,23.04198016496,14.9157386111111,2.68507722280879,0.448644752592361,2.42878308980467,0,333.692013194444,9.08732813281377,0.182446859918251,0.35772088162229,0.673903672176939,0.742070809534198
2022-06-05,9.25705593651495,24.9866736111111,0.0269444444444444,98.9492361111111,87.2273611111111,23.0321269199133,14.5794877777778,2.60061822141608,0.399316646900926,2.44849264256524,0,328.186579166667,9.05374601290994,0.113341323924511,0.345294955696364,0.599491352323119,0.750178508261296
2022-06-06,9.62150327753485,24.680034965035,0.124545454545455,99.3828671328671,86.8695104895105,23.0124152346733,14.2057365277778,2.51293737020967,0.356545604181713,2.46694986497244,0.508,183.486767361111,9.25705593651495,0.0889881770713637,0.345394282295691,0.541992382238628,0.756309857279923
2022-06-07,10.8032942756307,24.0923916083916,0.389020979020979,100.59013986014,86.0933566433566,22.9989405727733,13.6041811805556,2.36304881308058,0.412579845231713,2.60251585104454,0,121.915817361111,9.62150327753485,0.102780730004542,0.343514199415608,0.502701264616435,0.760297959178179
2022-06-08,11.3429827167671,24.1517152777778,0.539444444444444,102.39875,85.5041666666667,22.99143253682,13.6621576388889,2.3789411147759,0.764233647013195,2.24841087539472,1.778,259.933400694444,10.8032942756307,0.154074132782319,0.339055866082275,0.516026200665943,0.702692993852438
2022-06-09,10.2532452385667,25.0944154929577,0.28443661971831,102.604436619718,85.7980281690141,22.9943877260666,14.5443243055556,2.60262650758716,0.738053140728472,1.62950152491728,1.27,332.244398611111,11.3429827167671,0.182941647310045,0.310819233322754,0.530128594303299,0.682322066581374
2022-06-10,10.3363150982053,24.876965034965,0.356223776223776,102.613286713287,85.7446853146853,22.97333574294,14.3869979166667,2.56449687339193,0.624839294635185,1.50957365157206,0,251.955167361111,10.2532452385667,0.217760112295764,0.26820384870737,0.535832270914381,0.655209389267747
2022-06-11,10.1346919115103,24.8877062937063,0.494405594405594,102.594475524476,85.7888111888112,22.9622121846266,14.3555951388889,2.56188851884315,0.55502301968912,1.56182345277682,0,246.54066875,10.3363150982053,0.278874191878153,0.244973079476601,0.537404493871586,0.616121371719722
2022-06-12,10.3738997159335,25.149,0.591736111111111,103.690902777778,85.8129861111111,22.94790944632,14.7018610416667,2.65045387081113,0.517352799015046,1.74424864515666,0,280.258909027778,10.1346919115103,0.350844677989264,0.24576957139105,0.545992999674421,0.584303877938627
2022-06-13,9.83134386151697,25.7514305555556,0.417291666666667,104.252013888889,86.0720138888889,22.9389678496066,15.4962080555556,2.86103741991803,0.4760045753,1.93142709392108,0.762,267.334165277778,10.3738997159335,0.399638080767042,0.252297640544119,0.555578990724306,0.561601691968117
2022-06-14,9.492284497715,26.1594513888889,0.41625,103.466180555556,86.1926388888889,22.9185384848266,16.1425586111111,3.03789394850662,0.439410222239815,2.0500214902135,1.778,212.1841,9.83134386151697,0.43610114894886,0.261468936840416,0.565937067981568,0.542435121036821
2022-06-15,9.54564144026844,26.4980699300699,0.435384615384615,105.435034965035,86.2404195804196,22.9030820243333,16.2365779861111,3.06456235083874,0.430352350622685,2.08947128363802,0,292.8840625,9.492284497715,0.441896603494315,0.281888096384575,0.56815863115544,0.527283000503858
2022-06-16,9.29752373901449,27.2422307692308,0.43006993006993,105.759370629371,86.4537062937063,22.89788153266,17.2841331944444,3.36050658977717,0.4086259787,2.13954840987931,11.176,243.775838194444,9.54564144026844,0.4282247891975,0.30699299148947,0.52370767261629,0.512842466308549
2022-06-17,9.03167222245083,27.6680555555556,0.562569444444444,103.129027777778,86.0766666666667,22.90119598628,17.0056434027778,3.28237547065942,0.602037585605324,2.04699361581199,7.62,226.225579166667,9.29752373901449,0.462991392288267,0.339319217363231,0.506705728225897,0.514364313232469
2022-06-18,8.99220965507221,27.0321597222222,0.423194444444444,101.080902777778,86.0163888888889,22.8874429844066,16.3041397916667,3.08992156312263,0.548828292801852,1.55528662124856,0,356.711350694444,9.03167222245083,0.471362725815851,0.367165983143096,0.49720435299673,0.514789850350494
2022-06-19,9.25791177692751,26.2574930555556,0.496944444444444,100.555833333333,85.8110416666667,22.8685404932133,15.5019328472222,2.87980674349819,0.486951050815278,1.57315954496033,0,352.232630555556,8.99220965507221,0.471680082070707,0.399230797957911,0.4886953568875,0.517343603565355
2022-06-20,9.1140630288422,25.8024444444444,0.581319444444444,99.6571527777778,85.8233333333333,22.8431413212533,15.0729478472222,2.76611333874337,0.428421836694213,1.59490620638928,0,209.072104861111,9.25791177692751,0.470377998737374,0.436189131291244,0.477578986597396,0.519283949551574
2022-06-21,9.3344396290315,25.6239722222222,0.557986111111111,100.226111111111,85.7781944444444,22.82634556194,15.2015652083333,2.80432118624162,0.39047787455625,1.72815051212762,0,333.791935416667,9.1140630288422,0.487964804292929,0.465085175062288,0.466888149004427,0.521546100909877
2022-06-22,8.90963843011598,26.4209160839161,0.327762237762238,101.093566433566,86.0360839160839,22.80574610606,15.8980135416667,2.99317597543802,0.362501072541435,1.87030502948145,0.254,317.905663194444,9.3344396290315,0.476903834013209,0.461001258978372,0.45727450529213,0.518207516063858
2022-06-23,8.50832548909199,27.1586923076923,0.405874125874126,101.535244755245,86.202027972028,22.78684396454,16.4308171527778,3.14183909311157,0.33925639040625,2.09071220259736,0.508,274.450215972222,8.90963843011598,0.473215022824398,0.452096571073684,0.445887510265075,0.489875698956728
2022-06-24,8.78318470083469,27.250125,0.434652777777778,100.981736111111,86.2375694444444,22.7703250965533,16.6774032638889,3.21340418919408,0.302495988744907,2.15011522232472,0,276.088384027778,8.50832548909199,0.473787878787879,0.462110981610982,0.432621261520689,0.460838555491157
2022-06-25,9.42223700357339,27.1195874125874,0.59,102.340559440559,86.058951048951,22.7563734802266,16.4596245138889,3.15462876891445,0.285903330283565,2.30087674537273,0,261.775343055556,8.78318470083469,0.477216698232323,0.477696063196063,0.393104479605469,0.438242824534383
2022-06-26,9.322376115746,27.1710704225352,0.660774647887324,101.583591549296,86.0922535211268,22.7400402388266,16.3637114583333,3.13127503245403,0.294753243269213,2.34878250274025,0.508,149.989559722222,9.42223700357339,0.506914223662683,0.488787333428178,0.361345098413889,0.420891506106389
2022-06-27,9.07008687364305,27.2720909090909,0.653846153846154,101.143776223776,86.1336363636364,22.72269923888,16.43083875,3.15120624473241,0.294717699319444,2.2428628001584,0.762,248.029695833333,9.322376115746,0.526526937337897,0.492928002943848,0.33731592947691,0.406049166126682
2022-06-28,8.75705817373154,27.0243680555556,0.683888888888889,100.929861111111,86.2313888888889,22.7004176045,16.2563472222222,3.10719153851824,0.252018275006481,2.19975918425772,0,334.553236111111,9.07008687364305,0.539348117893452,0.510701151091996,0.315265484265943,0.391116746107114
2022-06-29,8.87307617316844,26.9069219858156,0.789574468085106,101.28170212766,86.2249645390071,22.6853559751533,16.1000763194444,3.06540940075547,0.227636186478704,2.24194345268614,0,269.205732638889,8.75705817373154,0.568296662515202,0.535589448964337,0.29491027325625,0.376998477056373
2022-06-30,8.8494590507434,27.1075,0.694166666666667,101.433888888889,86.2963194444444,22.6653324812066,16.4082869444444,3.15426674808828,0.215611721322685,2.35959313626589,0,267.9942875,8.87307617316844,0.614097216128255,0.552841585716473,0.276549104353906,0.36268243510304
2022-07-01,8.82972043151277,27.4249788732394,0.672253521126761,101.840422535211,86.4345070422535,22.64624890918,16.683586875,3.23429389680336,0.198441871557639,2.55305952772409,0,257.717592361111,8.8494590507434,0.647394640534835,0.568987158453595,0.25894728949783,0.348670161293549
2022-07-02,9.06984724395101,27.3834893617021,0.822624113475177,102.267234042553,86.4445390070922,22.6247442489466,16.7313961111111,3.24963499539103,0.202440831159954,2.54717648631155,0,208.948936111111,8.82972043151277,0.69589105749701,0.586324136388978,0.246440394799711,0.322030377663858
2022-07-03,8.63447804989427,27.5445734265734,0.80986013986014,102.03027972028,86.5545454545454,22.6029057505866,16.6270792361111,3.22252781444615,0.219133224883333,2.3725137024771,0,183.848314583333,9.06984724395101,0.723373574979527,0.612101849416691,0.238094131624682,0.30005070646929
2022-07-04,8.53651617675982,27.4641388888889,0.769027777777778,102.400902777778,86.6484027777778,22.5914913639666,16.59509625,3.21545204551967,0.20166310831875,2.3070872563024,0,276.172445138889,8.63447804989427,0.736905216215834,0.630240738305579,0.226457864755874,0.281031510302855
2022-07-05,8.47680710580796,27.5467708333333,0.739722222222222,101.672361111111,86.7179166666667,22.5730546876066,16.6695488888889,3.23661709598935,0.210392065773843,2.44334786566378,2.54,201.617030555556,8.53651617675982,0.747639724762842,0.640800923490765,0.215917160562674,0.266496192241497
2022-07-06,8.41196095327771,27.6864930555556,0.663125,101.886736111111,86.7286111111111,22.55917140744,16.8805709027778,3.30077535043574,0.214243544509954,2.26075716793736,9.144,234.348640972222,8.47680710580796,0.745044238651731,0.647810182750024,0.211195319250608,0.254747236905077
2022-07-07,8.11531769803237,28.1851666666667,0.622847222222222,102.565902777778,86.668125,22.54940608026,17.7312255555556,3.54763168725367,0.199635511661806,2.39695358360505,0,265.754990277778,8.41196095327771,0.724203332918871,0.667482515047356,0.207695234898495,0.243889532846435
2022-07-08,8.22541866781972,28.5255347222222,0.752013888888889,103.798055555556,86.6461805555556,22.5378137598666,17.8952616666667,3.59690389841319,0.190317161248611,2.48643887318604,10.922,204.588874305556,8.11531769803237,0.731434235696649,0.69055849924834,0.204533414889236,0.233960250902593
2022-07-09,8.20881424043912,28.2038402777778,0.761458333333333,101.199930555556,86.1836805555556,22.53011909826,17.2033857638889,3.39925773885966,0.204433944880556,2.33809775895536,18.034,89.7319013888889,8.22541866781972,0.74258483722247,0.712345536285377,0.205282424054601,0.227422781311636
2022-07-10,8.76473975716727,27.4876013986014,0.878321678321678,99.7487412587413,85.8852447552448,22.5424938377133,16.4348873611111,3.18889091382232,0.282510209347454,1.90787731747942,16.002,83.9014722222222,8.20881424043912,0.749547032828283,0.731566981506823,0.215291096328038,0.227196573249228
2022-07-11,8.74459688654112,27.189,0.645244755244755,101.233216783217,85.8091608391608,22.5350595828333,16.4322138194444,3.18912655157203,0.304773454063657,1.36119548473007,0,341.884509027778,8.76473975716727,0.72897010975136,0.730531655330651,0.225996124975579,0.227864587302191
2022-07-12,8.92251166667766,27.2848194444444,0.625069444444444,101.809027777778,85.6390972222222,22.5183797652066,16.61922875,3.24238357814784,0.312865272956482,1.63629211120682,6.858,313.717995138889,8.74459688654112,0.710975318084693,0.728613208037204,0.239896395555295,0.22907442554466
2022-07-13,9.32293513676536,27.2652797202797,0.761398601398601,102.202727272727,85.6143356643357,22.5076818092933,16.6521184027778,3.25544523995165,0.332412323302315,1.35175249044836,0.762,222.870936805556,8.92251166667766,0.71368486548174,0.733780522204518,0.255148927746354,0.234434028764383
2022-07-14,8.41186317223261,27.812027972028,0.716713286713287,102.761188811189,86.055034965035,22.4859139949,17.0880197916667,3.37931133551206,0.292377103701852,1.38987676184117,0.762,285.628314583333,9.32293513676536,0.720383401320901,0.728923110113064,0.264915622645341,0.238750089912593
2022-07-15,8.28626935974162,27.8242447552448,0.749510489510489,102.664615384615,85.993006993007,22.4729838243333,16.9793613888889,3.35205608767228,0.260675614055324,1.44900696215283,0,274.985663194444,8.41186317223261,0.736216309731935,0.732612698302652,0.272545635444531,0.241754349428102
2022-07-16,8.06573630953055,28.1399020979021,0.711048951048951,102.487412587413,86.0876223776224,22.4549536682,17.1223847916667,3.39341979982999,0.238515818148148,1.56806049822064,8.89,203.278734027778,8.28626935974162,0.731095692501943,0.735199060297465,0.278570467556973,0.244425945867469
2022-07-17,8.01121368372645,28.0272887323944,0.753098591549296,102.522887323944,85.7816197183099,22.45265571496,17.0265275,3.37088389465362,0.221012810167361,1.76425264097819,3.81,207.526747916667,8.06573630953055,0.730050724778938,0.730564025502406,0.280642825717824,0.245664077801296
2022-07-18,8.04052312255077,28.1942428571429,0.763,102.353714285714,85.8999285714286,22.4494440653,17.2172486111111,3.42427936509671,0.206176659432639,1.87576709611184,1.016,271.078972222222,8.01121368372645,0.715635514988728,0.727440016178396,0.271101131978472,0.24480030677125
2022-07-19,7.98332813335153,28.3541666666667,0.778263888888889,102.813541666667,85.9489583333333,22.4330360937133,17.4674604861111,3.50156165073679,0.191280030932639,2.01352891743699,2.17948415,280.684217361111,8.04052312255077,0.732262906694245,0.728055756919137,0.256914454087095,0.244108101612176
2022-07-20,7.71729465053589,28.4842867132867,0.684055944055944,103.231258741259,86.0883916083916,22.39995894456,17.8282124305556,3.60912779348507,0.172966939201157,2.09789566342883,2.17948415,291.81008125,7.98332813335153,0.739636219145682,0.724344671708052,0.239427162367679,0.241613093173997
2022-07-21,7.60007794651726,28.6726830985915,0.829295774647887,102.858169014085,86.1732394366197,22.3849465692,17.6292588888889,3.55332476007641,0.16156210588588,2.21643577425848,2.15136,231.058799305556,7.71729465053589,0.748123365801843,0.735422723351244,0.218070885190625,0.238100997265725
2022-07-22,7.39190691577094,28.7902867132867,0.792447552447552,102.468111888112,86.3439160839161,22.3710895644866,18.0326201388889,3.67142815592933,0.148822517680787,2.3812154893077,2.15136,282.24645,7.60007794651726,0.757590149018626,0.746729412032933,0.200126561937992,0.234713464333657
2022-07-23,7.24580762754985,29.0289788732394,0.67556338028169,102.859929577465,86.4917605633803,22.3488082298266,18.0663852777778,3.68676522765179,0.137780550957176,2.45653889840787,2.15136,298.791645833333,7.39190691577094,0.748346760365026,0.74163271145912,0.184764679050723,0.231211023647562
2022-07-24,7.13176186173733,29.2120208333333,0.669444444444444,102.878125,86.6492361111111,22.32637363834,18.3182364583333,3.76389336219427,0.130098283246759,2.56489720022509,2.15136,264.718595833333,7.24580762754985,0.743146197039463,0.735498452199861,0.17121248718805,0.226255312871975
2022-07-25,7.28844180740621,29.1974027777778,0.804166666666667,102.042291666667,86.6609722222222,22.3079905119533,18.0010567361111,3.6734723495515,0.133281323524537,2.67877755399349,2.17948415,195.985497916667,7.13176186173733,0.749529706429134,0.730554784756193,0.160246051357697,0.216306720483781
2022-07-26,7.57765624169576,28.9321958041958,0.92951048951049,101.757202797203,86.6477622377622,22.3020035050466,17.71923375,3.59273426105051,0.134406528262731,2.55767598823785,2.15136,138.5441375,7.28844180740621,0.770343517617945,0.749505833707242,0.151274784961458,0.204948925430386
2022-07-27,7.91025379294178,28.546034965035,1.05797202797203,101.518181818182,86.4535664335664,22.2916861935333,17.2770507638889,3.47035568996489,0.139939182772222,2.43380948048403,2.15136,87.0274388888889,7.57765624169576,0.805307035003338,0.778366005942414,0.144857178941406,0.193420519418102
2022-07-28,7.87799282264079,28.3311748251748,1.00825174825175,101.859020979021,86.4252447552447,22.27678631308,17.1705040972222,3.43922860613259,0.14393336781412,2.34784179158389,2.15136,156.403252083333,7.91025379294178,0.845831510527813,0.794822882399291,0.141227982518027,0.180855255718889
2022-07-29,7.68272385088976,28.4304930555556,0.825,101.500555555556,86.468125,22.2603966244133,17.1947995833333,3.45072817258426,0.137343413425694,2.43731918065904,2.15136,217.416179861111,7.87799282264079,0.845294538696827,0.802041996618405,0.138200645960503,0.170519676367145
2022-07-30,7.29176891675954,28.5451538461538,0.634685314685315,101.886363636364,86.5827972027972,22.2433887632466,17.3677284722222,3.50299672218125,0.123625570841898,2.5060828294705,2.15136,283.808465972222,7.68272385088976,0.825574258976548,0.794386984963393,0.135051027605642,0.161383006819583
2022-07-31,7.04183140515818,28.6782013888889,0.637291666666667,100.856527777778,86.4876388888889,22.2299461214333,17.4257168055556,3.52134829825491,0.22348709347662,2.91261444533329,2.17948415,149.686284027778,7.29176891675954,0.82079029477467,0.789469832671241,0.145764345420573,0.160381091841481
2022-08-01,7.14143184741119,28.5784265734266,0.687412587412587,99.9841958041958,86.0520979020979,22.23790079014,17.3481946527778,3.50238154837302,0.365484642295139,1.08863680898779,2.17948415,178.396644444444,7.04183140515818,0.823036312645688,0.785090765728794,0.17518764030162,0.170012547316667
2022-08-02,7.27251970406803,28.6575034965035,0.803356643356643,100.197342657343,86.1004895104895,22.2257974471466,17.33689875,3.50043852921351,0.338025614832176,1.02169733589673,2.15136,272.838322916667,7.14143184741119,0.822935059731935,0.787781208619237,0.200780676715075,0.178802477676636
2022-08-03,6.98474233108032,28.7601468531469,0.686083916083916,100.980839160839,86.1997902097902,22.2073215074666,17.7232136805556,3.61584806276221,0.30007210357338,1.0872774396119,2.17948415,285.679880555556,7.27251970406803,0.792506738053613,0.781635877098905,0.221488873628906,0.186055282519352
2022-08-04,7.08009760510622,28.7894791666667,0.771597222222222,101.241875,86.1716666666667,22.19186814408,17.7808658333333,3.63549618725142,0.271850207457176,1.19624928039654,2.17948415,202.662470833333,6.98474233108032,0.756709887334887,0.787471962309991,0.237977751714525,0.192647500403086
2022-08-05,7.23203894103878,28.7187062937063,0.728321678321678,101.625174825175,85.8735664335664,22.19267514018,17.5799577777778,3.57861214042907,0.281516570274074,1.45480311162033,2.15136,203.021163194444,7.08009760510622,0.721718628593629,0.780740355888243,0.25517565202202,0.200644464695633
2022-08-06,7.10811856943727,28.5524583333333,0.710069444444444,99.924375,85.1184722222222,22.2633311829333,17.14247,3.45607946542577,0.447262782605093,1.68310231696411,2.17948415,130.2339625,7.23203894103878,0.707352309149184,0.775248482021369,0.293915573169444,0.220540482357253
2022-08-07,7.42438348883169,28.4973146853147,0.624685314685315,99.9822377622378,85.1293006993007,22.2797487955133,17.319755,3.50974338183858,0.473785465719676,1.01110649537948,2.17948415,240.6364875,7.10811856943727,0.706102309149184,0.771856610981611,0.337685560029167,0.242940810008086
2022-08-08,7.38470380351425,28.6181538461538,0.571188811188811,100.605384615385,84.9974125874126,22.2829653406,17.2806474305556,3.50017352467648,0.428211225529167,1.14473459254139,2.15136,190.145022222222,7.42438348883169,0.697839452214452,0.765306235431235,0.363276076535735,0.262815006160247
2022-08-09,7.43810051835592,28.590375,0.657847222222222,101.204027777778,84.8426388888889,22.2855279965533,17.4471225,3.55029143127911,0.38406988397037,1.25419908062235,2.17948415,251.638464583333,7.38470380351425,0.694143781565657,0.755551605801606,0.365599231745139,0.279534243523302
2022-08-10,7.50242086345705,28.493965034965,0.761118881118881,100.984195804196,84.4997902097902,22.2816538158333,17.0910879166667,3.45120395088679,0.416213285708796,1.5167775996166,2.17948415,158.647488194444,7.43810051835592,0.688864061285936,0.744325498575499,0.375372690604716,0.298321360686373
2022-08-11,7.41324032676069,28.4995384615385,0.823356643356643,100.607552447552,84.5167132867133,22.2788644217,17.1040242361111,3.45604962597884,0.411302385066898,1.30271984687238,2.15136,219.769219444444,7.50242086345705,0.706023152195027,0.728684472934473,0.389276475791406,0.316412240839352
2022-08-12,7.37798800382284,28.2881958041958,0.824895104895105,100.944615384615,84.5837062937063,22.2641098554933,16.8296097916667,3.38056748519705,0.372750992742593,1.4246433410377,2.17948415,229.020971527778,7.41324032676069,0.712685387529138,0.716460696710697,0.401889073952083,0.331666749167917
2022-08-13,7.35348341150409,27.9295524475524,0.70993006993007,101.051328671329,84.7217482517483,22.2438897452266,16.6257586111111,3.32840833422779,0.322260546843056,1.41079712506873,2.15136,301.768132638889,7.37798800382284,0.710386436480187,0.708789368039368,0.406982071023206,0.343994558062407
2022-08-14,7.56409032126844,27.5830629370629,0.803846153846154,100.186993006993,84.6472727272727,22.22593491872,16.030406875,3.16550873026222,0.328490817680093,1.62144179120868,2.15136,125.269113888889,7.35348341150409,0.7221085251554,0.720066757316757,0.392135575407581,0.357652241184954
2022-08-15,8.07181451085008,26.9335070422535,1.28753521126761,97.7895070422535,84.1594366197183,22.23517004122,15.3283753472222,2.97522500992238,0.398738394583796,1.53668485853186,2.17948415,28.3418604166667,7.56409032126844,0.804964762228187,0.76341632695682,0.382754691515596,0.369335661258765
2022-08-16,9.05658276743572,26.2049027777778,1.57520833333333,98.30125,84.0513888888889,22.2430515782466,14.5661725694444,2.77506352641626,0.483343074660417,1.59039048531605,2.15136,72.1938881944444,8.07181451085008,0.930467202496252,0.822602710018203,0.389646172657002,0.377192890083117
2022-08-17,8.96130818618712,25.8516783216783,1.2286013986014,99.8540559440559,84.2288111888112,22.2372591395733,14.3264751388889,2.71435134863543,0.456418267457407,1.43547232269883,2.17948415,234.485745138889,9.05658276743572,1.00181147454365,0.850952360367853,0.398689720592882,0.385085733591466
2022-08-18,8.50030199587882,25.9044507042254,0.927253521126761,100.932253521127,84.1795774647887,22.2233903458733,14.5837488194444,2.7862315952525,0.395250312946065,1.42005226543971,2.15136,231.466293055556,8.96130818618712,1.02257830454463,0.867030334037376,0.396069348997541,0.391430947549645
2022-08-19,8.57989785866905,25.822013986014,0.934755244755245,101.294965034965,84.0595104895105,22.21174527476,14.3934961805556,2.73937867778841,0.365584908063889,1.59477829824531,2.17948415,195.704955555556,8.50030199587882,1.03650312971946,0.877907535539578,0.390354664372164,0.397679927590093
2022-08-20,8.42859486574294,25.9657569444444,0.850763888888889,102.707638888889,84.1777083333333,22.1955087430133,14.4878705555556,2.76747045978948,0.31964196570787,1.63313538758751,2.15136,235.569049305556,8.57989785866905,1.03973672771868,0.886070349577392,0.383716035992824,0.400221620619012
2022-08-21,8.4407420725702,25.9608461538462,0.977412587412587,102.456923076923,84.0486013986014,22.1842020058266,14.2659006944444,2.71409267203262,0.315777754810648,1.77240028358405,2.15136,89.5962645833333,8.42859486574294,1.073172042404,0.903893225775268,0.382905686988773,0.391455952099383
2022-08-22,8.10485314574336,26.1379647887324,0.805633802816901,103.522112676056,84.0225352112676,22.1779289661333,14.6856872222222,2.82821223012445,0.308299732184722,1.77753457846791,2.17948415,239.266402777778,8.4407420725702,1.07339549852534,0.915956458317374,0.380381801301852,0.380423569863719
2022-08-23,7.71149282726314,26.4441875,0.563333333333333,103.679652777778,84.3229861111111,22.1635109854866,14.8306965972222,2.87289623955508,0.270002983082639,1.78601953422025,2.15136,223.90799375,8.10485314574336,0.982870263783556,0.915432759793675,0.364289874864207,0.369876353700617
2022-08-24,7.47705236021777,26.7104375,0.463680555555556,103.740208333333,84.5547222222222,22.14427455626,15.005019375,2.92377554797133,0.242628306187037,1.84540572687995,2.15136,285.484138194444,7.71149282726314,0.843929291561334,0.902488315349231,0.334200528805035,0.360446915181728
2022-08-25,7.4238337921076,26.7721888111888,0.573776223776224,103.383986013986,84.4769230769231,22.1303214413333,14.970203125,2.9179842836752,0.228194810047454,1.99700101128689,2.17948415,148.970085416667,7.47705236021777,0.762076144708187,0.88999880485972,0.30567259662879,0.347912350137639
2022-08-26,7.55195191354462,26.5833541666667,0.43,102.499583333333,84.1415277777778,22.1442560235733,14.8049752083333,2.87655829502376,0.212110907523843,2.2234616471624,2.15136,230.640184027778,7.4238337921076,0.699919454567342,0.863775028635944,0.282780170951013,0.334632918301435
2022-08-27,7.49442854408425,26.9424930555556,0.469722222222222,103.758194444444,84.2886805555556,22.1317353704333,15.1617047916667,2.97867712753714,0.190128831365509,2.28521363538705,2.15136,278.62628125,7.55195191354462,0.641790326750714,0.840096836457752,0.260848161363715,0.322458107542963
2022-08-28,7.20654993796362,27.3792765957447,0.399716312056738,104.943829787234,84.4100709219858,22.1136155480666,15.6744148611111,3.11992744707436,0.17327357208125,2.33911683031299,2.15136,253.528854166667,7.49442854408425,0.585409379646695,0.819415919266197,0.242552112160388,0.312525642558843
2022-08-29,7.19527453405658,27.4568802816901,0.45443661971831,105.056830985915,84.4319014084507,22.0941319997,15.6429296527778,3.11646172733447,0.164807745955787,2.47214809712194,2.15136,259.268703472222,7.20654993796362,0.52003738368491,0.79612195032434,0.22368086105353,0.301613437777222
2022-08-30,7.31857633080106,27.4906388888889,0.810069444444444,105.461944444444,84.3961111111111,22.0757846399,15.5919002777778,3.10499368592104,0.167973279512037,2.53294086435817,2.15136,193.161484027778,7.19527453405658,0.520591838888353,0.764290899202796,0.206140054469444,0.286229096772438
2022-08-31,7.16867044391595,27.52775,0.463958333333333,104.156319444444,84.4565277777778,22.05627676426,15.5915623611111,3.10982350896961,0.162706939372454,2.36060528006104,2.15136,281.829788194444,7.31857633080106,0.508169963888353,0.690207565869463,0.192728049005671,0.264853354419907
2022-09-01,6.9471307282756,27.4518680555556,0.465,103.241875,84.5797222222222,22.0325783034866,15.5255594444444,3.0953451533104,0.14802994065162,2.41546759367105,2.15136,278.92223125,7.16867044391595,0.508334894443909,0.639300805962703,0.180903253313744,0.244294132632855
2022-09-02,6.98083746668007,27.2961818181818,0.491818181818182,103.193636363636,84.595034965035,22.00969008578,15.3457088888889,3.04709523231509,0.135019794022917,2.45961864123751,2.17948415,259.032194444444,6.9471307282756,0.498090139199154,0.610271783342131,0.169256376310677,0.226945431371312
2022-09-03,7.30181828463733,27.0604647887324,0.553591549295775,103.02176056338,84.5868309859155,21.9876189547466,15.0668270833333,2.97729980708232,0.123741751812037,2.51230428892357,2.15136,230.312165972222,6.98083746668007,0.513539082861125,0.5848608703115,0.158210231846701,0.210822554287855
2022-09-04,7.37752566726381,26.9945277777778,0.679722222222222,102.022291666667,84.3401388888889,21.97421912294,14.9574828472222,2.95102268937558,0.117483364119213,2.61001106319568,2.15136,152.9221625,7.30181828463733,0.539789082861125,0.573458092533722,0.149129548440914,0.197345314181944
2022-09-05,7.61893056696471,26.7543055555556,0.910555555555556,99.8116666666667,83.6127083333333,22.0177919170066,14.67265625,2.87701212451952,0.194528854042824,2.76531627964056,2.15136,72.2558902777778,7.37752566726381,0.603643988298478,0.569000957076586,0.151786458686111,0.189262054130756
2022-09-06,7.78939913958809,26.769006993007,0.93048951048951,99.6758041958042,83.4708391608392,22.0752760650133,14.8160326388889,2.91963214642738,0.363548823299537,0.99958265600056,2.17948415,192.126677777778,7.61893056696471,0.663150599644878,0.577324670921427,0.17662909335408,0.192945326871744
2022-09-07,7.10198138166361,27.2806573426573,0.983475177304965,102.177272727273,83.7041258741259,22.0911043281666,15.1844297222222,3.0226997010443,0.342884525816204,1.00567199002373,2.15136,207.746491666667,7.78939913958809,0.684826316252443,0.605334127186202,0.198492999142101,0.197804096387315
2022-09-08,7.42026519713456,26.9685352112676,0.845281690140845,101.633943661972,83.5344366197183,22.0867408545466,14.8744340277778,2.94213917881757,0.312770312254861,1.09910799244872,2.15136,176.634227777778,7.10198138166361,0.732491735853382,0.630774202825222,0.217250920752402,0.20248023012517
2022-09-09,7.5663880900976,26.7153958333333,1.0125,101.6575,83.5602083333333,22.0784733281133,14.5701892361111,2.86272215232316,0.282172276571296,1.19197130244486,2.15136,227.933542361111,7.42026519713456,0.800929235853382,0.660022454573473,0.234018712742361,0.206078727893426
2022-09-10,7.86342140926892,26.2885625,1.224375,100.0725,83.4720833333333,22.0723394584066,14.1020707638889,2.73934513066843,0.306286989715741,1.38911020736194,2.17948415,53.7446243055556,7.5663880900976,0.892498838126109,0.712980787906807,0.255427112203964,0.212357133372886
2022-09-11,8.06712030646167,25.8972285714286,1.21778571428571,98.8756428571429,83.2791428571429,22.10598712458,13.6975723611111,2.6362646312482,0.388199348224074,1.21625906044671,2.15136,84.2354111111111,7.86342140926892,0.975523108749851,0.762851687377706,0.288484311755469,0.22556183449679
2022-09-12,8.07259197076439,25.9020305343511,1.21435114503817,102.562644628099,83.2164885496183,22.165686914487,13.7910473880597,2.66726758532002,0.412004245448148,1.03911287830404,5.9241315,184.961972916667,8.06712030646167,1.04235172410184,0.817160676243135,0.325299421921586,0.24147721272125
2022-09-13,8.38217298828422,25.7283680555556,0.942708333333333,104.216736111111,83.1515277777778,22.1251771971133,13.4690322916667,2.58433776315053,0.369076172741898,0.988924903515139,0,233.99534375,8.07259197076439,1.04637082132407,0.84971212381747,0.34711783675897,0.255095107840324
2022-09-14,8.93501570841357,25.3842083333333,0.840694444444444,102.632430555556,83.4364583333333,22.10819845874,13.1162971527778,2.49498211488037,0.326208047294213,1.02943735475257,0,255.094144444444,8.38217298828422,1.03514643806843,0.851753790484136,0.342450239758304,0.265644092359136
2022-09-15,8.51073550937564,25.3624929577465,0.725915492957746,103.498169014085,83.9538732394366,22.1374692638,13.0925865277778,2.49202078364885,0.288694856607176,1.0676477019848,0,234.768525694444,8.93501570841357,1.00295147752503,0.869217601125764,0.335676531107176,0.274043286841451
2022-09-16,8.30782911353261,25.3839020979021,0.695244755244755,103.604895104895,84.119020979021,22.15439550122,13.1140081944444,2.4990838272081,0.256477714435648,1.11281641838588,0,232.511717361111,8.51073550937564,0.98419686066302,0.884567251475414,0.328639956379774,0.281273138427052
2022-09-17,8.80239950323072,25.1592083333333,0.752222222222222,103.044097222222,84.3609027777778,22.1492430147,12.8570470138889,2.43730913169338,0.228159266097685,1.1532791726152,0,214.03668125,8.30782911353261,0.951662138440798,0.901927520835684,0.321888330070573,0.28748243656537
2022-09-18,8.84984994355644,25.0629861111111,0.792361111111111,102.937013888889,84.980625,22.13436776124,12.74764875,2.41244261187387,0.203416963511806,1.1944533550317,0,218.670771527778,8.80239950323072,0.897660402329687,0.917845491623373,0.309029576795081,0.292794117345355
2022-09-19,9.0242480549434,25.0167342657343,0.796433566433566,103.298671328671,85.4876923076923,22.1029846295266,12.7008904166667,2.40352531272936,0.182223220328935,1.24312568961451,0,191.184554166667,8.84984994355644,0.844991383848168,0.925626247904129,0.283282560808189,0.297110107759336
2022-09-20,8.67035857748345,25.3917708333333,0.709236111111111,104.253680555556,85.9149305555556,22.0949287054133,13.1233376388889,2.51356494739093,0.163880420221528,1.30133726971672,0,231.402989583333,9.0242480549434,0.781852004607286,0.912204951607833,0.252267082654861,0.295066878837917
2022-09-21,8.25650317049046,25.4740486111111,0.633680555555556,105.75375,86.4885416666667,22.0775292101133,13.1076961805556,2.51473963140688,0.147755668681019,1.35359294551878,0,233.824464583333,8.67035857748345,0.743223532385064,0.892417687945569,0.224602019647251,0.280680668530015
2022-09-22,8.80368572217085,24.9383216783217,0.719020979020979,105.071118881119,86.0195104895105,22.05948032148,12.5034020138889,2.35939423498792,0.135927491008796,1.45186595998782,0,155.76295625,8.25650317049046,0.728014349207131,0.87478740805997,0.200816950111574,0.266883532876188
2022-09-23,9.03063402060176,24.1023636363636,0.624545454545455,101.577342657343,87.0108391608392,22.0345325777933,11.6639265277778,2.15170933834838,0.12230991419375,1.90845488889756,0,239.921161111111,8.80368572217085,0.715343094405594,0.860071659020277,0.180018832309896,0.254186173005448
2022-09-24,9.09185027893186,23.689375,0.705763888888889,100.123541666667,87.5205555555556,22.0088413286933,11.246126875,2.05426368865608,0.110468473853704,1.93534135003266,0.254,216.007453472222,9.03063402060176,0.716657986111111,0.839622584946203,0.161767677237153,0.242739252824275
2022-09-25,9.54900231458202,23.2443546099291,0.906241134751773,97.1941134751773,87.6645390070922,21.98914562852,10.7321668055556,1.93538805699359,0.100167094501389,1.97019288823922,2.032,79.9520652777778,9.09185027893186,0.735910350177305,0.818413660596322,0.145768655787616,0.228997926476651
2022-09-26,9.89778001686686,22.8725874125874,0.888811188811189,93.952027972028,88.849020979021,21.97252705368,10.3668400694444,1.84995004407824,0.0908476830747685,1.99711527793188,0.254,221.671225,9.54900231458202,0.747966609889815,0.796482025564687,0.131697495732986,0.209174482133364
2022-09-27,9.7191543352974,22.4832464788732,0.785281690140845,93.7015492957747,88.9698591549296,21.9467312023,9.94108111111111,1.75493496774402,0.0824746956240741,2.01332784438841,0,224.758784027778,9.89778001686686,0.746572625353225,0.767877395238198,0.119228930144878,0.187205845478426
2022-09-28,9.45516398059195,22.135176056338,0.681338028169014,94.7118309859155,89.0785915492958,21.9236153472533,9.56276111111111,1.6716626814856,0.0750300949210648,2.03632866910366,0,226.097190972222,9.7191543352974,0.743085364985462,0.750452708227244,0.108122639482321,0.167602773623704
2022-09-29,9.34063834140779,21.6639926470588,0.793088235294118,95.9241911764706,89.3349264705882,21.9017299318539,9.05924086956522,1.5609810811236,0.0683743577002315,2.04833766536059,0,175.92185380117,9.45516398059195,0.763011324952783,0.747278960950555,0.0981999756097222,0.150413860984105
2022-09-30,9.47638338733056,20.8760070422535,0.834084507042254,94.607676056338,89.4288028169014,21.8829031807733,8.24431534722222,1.3855839154462,0.0901850801902778,2.63532512147202,7.874,36.8176166666667,9.34063834140779,0.777394265955442,0.754490228556189,0.0924821742574074,0.137179875889645
2022-10-01,9.61724083083818,19.8898450704225,1.0469014084507,92.939014084507,88.9680281690141,21.98785938014,7.24769222222222,1.18008348639671,0.511995211720833,1.1221565299563,12.446,27.7660645833333,9.47638338733056,0.830188760193598,0.777934005436586,0.141192836448293,0.154214375708657
2022-10-02,9.97810822843212,19.3490979020979,1.07307692307692,90.5684615384615,88.9863636363636,22.0908088542,6.67601361111111,1.06818328366228,1.01354262423657,0.370580125390077,0,26.4065715277778,9.61724083083818,0.876102889467102,0.799324318826899,0.254077105246152,0.20657326625125
2022-10-03,10.4062317081399,18.9758181818182,0.947342657342657,90.9076223776224,89.7590909090909,22.10272257434,6.28516854166667,0.993333275839063,0.955303066780787,0.353188722173199,0,197.568491666667,9.97810822843212,0.881240579790963,0.809656421909002,0.360969101781076,0.256699006469182
2022-10-04,10.1728453052016,18.8181428571429,1.22207142857143,93.8572897196262,89.5439285714286,22.10693648768,6.11335044444444,0.961399083554852,0.834288649980093,0.363722843193487,0,149.367397079277,10.4062317081399,0.922898109760993,0.83803227938486,0.453899222644242,0.300170035112593
2022-10-05,10.1390942446481,18.7822097902098,1.12440559440559,93.8677622377622,90.6195104895105,21.9997836404333,6.03585541666667,0.950676846830447,0.730866896794676,0.385431418249706,0,196.585079861111,10.1728453052016,0.965288597794087,0.865710244937825,0.534948247790567,0.337969133550802
2022-10-06,10.1037605616838,18.7809090909091,1.27,94.8872727272727,90.9044055944056,22.0052943423066,6.17355770833333,0.978170366787936,0.640869615980787,0.408101434315122,0,186.472810416667,10.1390942446481,1.03887134427296,0.908131541234121,0.605678187923032,0.37084339670412
2022-10-07,10.2605582492516,18.5920555555556,1.273125,94.8319444444444,90.9119444444444,22.06345071232,5.85383125,0.919881860042096,0.563021999907176,0.431549876518316,0,190.449160416667,10.1037605616838,1.0988759398612,0.945071809299389,0.6675091431989,0.399316363964012
2022-10-08,10.2367274272599,18.4117083333333,1.20631944444444,96.0927777777778,92.0261111111111,22.1013763320066,5.58629847222222,0.870474123447707,0.496981341237269,0.466479149876442,0,187.1064,10.2605582492516,1.14540530703647,0.983856741959322,0.718358675829774,0.424294459100247
2022-10-09,10.2322583043244,18.1834583333333,1.46694444444444,96.2291666666667,92.7025,22.0828607793333,5.41526069444444,0.838981360917728,0.438660616254398,0.495845180203442,0,191.937959027778,10.2367274272599,1.19791068653569,1.03460211232969,0.70919185139647,0.446173935260293
2022-10-10,10.3480026042645,17.8966923076923,1.3320979020979,95.0069230769231,93.5663636363636,22.06585296812,5.07214284722222,0.779676224944978,0.387920301693056,0.525145440670873,0,186.282009027778,10.2322583043244,1.23028830891331,1.0629925634861,0.63098906107853,0.465357482406404
2022-10-11,10.435292109526,17.7196853146853,1.45664335664336,95.2321678321678,94.0616083916084,22.0488893156533,4.86945145833333,0.742969854161629,0.343961454443518,0.558328346422688,0,173.324005555556,10.3480026042645,1.2939508963259,1.10084804134158,0.554571359536372,0.482231733830988
2022-10-12,10.8802703404731,17.4307291666667,1.56368055555556,92.9722916666667,94.9889583333333,22.0313553959333,4.52457215277778,0.683795128887709,0.306045609161343,0.598031177358713,4.318,112.015961111111,10.435292109526,1.33665203719891,1.15274129903589,0.488540979434028,0.497136461400139
2022-10-13,10.7636770363835,17.5788125,1.49493055555556,94.6824305555556,95.0085416666667,22.0206468998666,4.65135854166667,0.708443827125507,0.285821101743056,0.67190081110678,0.508,105.810398611111,10.8802703404731,1.38296765734266,1.20698080086166,0.432910255052575,0.511189195188272
2022-10-14,10.7130532807004,17.4245555555556,1.591875,95.0270138888889,95.6445138888889,22.00540528866,4.45938416666666,0.676447033301883,0.276655537263194,0.726759515468089,0,176.370526388889,10.7636770363835,1.42320203234266,1.26023325184205,0.387383495212876,0.525074607159136
2022-10-15,10.7764275441412,17.2317972027972,1.63818181818182,93.9093006993007,96.1444055944056,21.9902630346333,4.27558326388889,0.645249494577115,0.246824083779861,0.765161919868633,0,168.441489583333,10.7130532807004,1.46883413461538,1.31383973925136,0.347858755696962,0.535517207398441
2022-10-16,10.7087939207229,17.2182587412587,1.70797202797203,94.9661538461538,96.5715384615385,21.97881682774,4.15921770833333,0.626384660639133,0.228399055131944,0.852437693075976,13.462,57.6982493055556,10.7764275441412,1.53154070755633,1.35791111388611,0.314285969933796,0.516610796959182
2022-10-17,10.5306322838642,17.1737357142857,1.79492857142857,96.4893893129771,96.5018571428571,21.9825195271693,4.08707390070922,0.614849376944335,0.227428227847222,0.835082808490786,0.762,107.331629166667,10.7087939207229,1.57253872342935,1.40603455710956,0.287881921382899,0.464203170533225
2022-10-18,10.7631437640466,16.4805874125874,1.89727272727273,93.3149242424242,97.0332167832168,21.963509375944,3.38183163120567,0.495839921281913,0.231357160563426,0.779626971424379,0,108.831754166667,10.5306322838642,1.6431855765762,1.46936322843823,0.268311528741696,0.415940110118735
2022-10-19,10.8975380551312,15.8768531468531,2.09034965034965,91.0762237762238,97.3606293706294,21.94162801972,2.77149513888889,0.397652650772102,0.207636613906713,0.832922407912252,0,94.2055527777778,10.7631437640466,1.72239886328949,1.52724844322344,0.251270923674595,0.374163307713843
2022-10-20,10.8378863971332,15.5362986111111,2.04930555555556,90.7091666666667,97.5511111111111,21.92531336096,2.43679902777778,0.345659520156232,0.186434913123148,0.88211525547196,0,168.959902083333,10.8975380551312,1.78310198828949,1.58890844063344,0.236319586669821,0.337867842135741
2022-10-21,10.8250717632743,15.2605886524823,1.97950354609929,89.8454609929078,97.9841843971631,21.9091404198066,2.20118326388889,0.310261236805331,0.167909088199769,0.935208384016783,0,164.020247222222,10.8378863971332,1.84367361210746,1.63620867704006,0.22158058497691,0.306337140283673
2022-10-22,10.70102821685,15.1654652777778,2.27847222222222,90.8053472222222,98.1293055555556,21.89152307802,2.05903923611111,0.289821524640956,0.151641630353472,0.990053980681703,0,162.502988888889,10.8250717632743,1.92949826488523,1.70323182518821,0.205953846613194,0.278911782313426
2022-10-23,10.76952821234,15.1446853146853,1.99797202797203,90.7286713286713,98.5548251748252,21.8564812642666,1.95993104166667,0.274868812011505,0.137367286227778,1.04659066332993,0,160.923099305556,10.70102821685,1.97447204110901,1.75600866409005,0.192271746919184,0.25493751197946
2022-10-24,10.5774648891641,15.2538156028369,2.62574468085106,92.6609219858156,98.9772340425532,21.8581732835733,2.04264527777778,0.289750558201717,0.12485051084213,1.10477517825123,0,160.133208333333,10.76952821234,2.08919362271889,1.83326201318382,0.179328178882957,0.234016838285309
2022-10-25,10.7052391307836,15.0365416666667,2.48583333333333,92.1926388888889,98.9889583333333,21.84136283798,1.83610819444444,0.257867504338265,0.113952841944444,1.16852886405959,0,155.794154861111,10.5774648891641,2.17555671795698,1.91017770859952,0.16514375564511,0.215752340968735
2022-10-26,10.7492667989187,15.2113402777778,2.18291666666667,93.1201388888889,99.0536111111111,21.82516012464,1.94418444444444,0.275571998246392,0.117225537856713,1.17211011499351,1.27,88.9454291666667,10.7052391307836,2.21126221038123,1.95859592926774,0.150877302806771,0.200636613196281
2022-10-27,10.6397379346355,15.1185985915493,2.01718309859155,93.5454929577465,99.6092253521127,21.80328041478,1.78250104166667,0.251242126101943,0.142763070005324,1.04047832274894,0,152.213484027778,10.7492667989187,2.20211639141146,1.9888294321368,0.142768109819097,0.18975111058588
2022-10-28,10.5152241585161,15.0213732394366,2.4643661971831,94.8838028169014,99.8935915492958,21.7846533662666,1.58179131944445,0.222874132533889,0.129101991639815,1.10537648547806,0,126.997854166667,10.6397379346355,2.25399897161491,2.05345847491197,0.135601494633681,0.17930316991233
2022-10-29,10.4403925291395,15.0581597222222,2.73645833333333,96.3622916666667,99.7772916666667,21.7655272839533,1.65802215277778,0.234636841794213,0.117034555440046,1.174022818652,0,79.60094375,10.5152241585161,2.34861832001916,2.12976403046753,0.129242178038715,0.16866177112412
2022-10-30,10.450568896079,14.9507152777778,2.94152777777778,96.9399305555555,99.7320138888889,21.74874456246,1.49361611111111,0.210277665341323,0.106508771748148,1.24521836149187,0,66.1630138888889,10.4403925291395,2.43150026446361,2.21665376110726,0.12360057071305,0.159307416988673
2022-10-31,10.6394610137481,14.8175174825175,2.02160839160839,94.0578321678322,99.7689510489511,21.73955739516,1.30017430555556,0.182278994338162,0.121293993838426,1.20277469187099,8.89,16.5911027777778,10.450568896079,2.43445480991815,2.23756285201635,0.121591409164381,0.152167079569105
2022-11-01,10.5761522715056,14.9924375,1.72583333333333,93.5277083333333,99.943125,21.72875323846,1.46310861111111,0.207221710708495,0.190964379438426,0.711178277948473,0,89.80534375,10.6394610137481,2.32196589147844,2.23295650281,0.129855642738918,0.149736156341852
2022-11-02,10.552240964779,14.9478531468531,2.23118881118881,95.0016783216783,100.130909090909,21.71141863254,1.36081715277778,0.192388354441846,0.171862424224769,0.777876212730623,1.016,66.5256340277778,10.5761522715056,2.29013532621037,2.25521757507107,0.137094340523958,0.145769840585941
2022-11-03,10.3443359825835,15.0848601398601,2.72654929577465,97.5986713286713,100.071958041958,21.6968275635933,1.54225784722222,0.220039568972879,0.156020963268981,0.839856102387639,0,114.182559027778,10.552240964779,2.35808940484887,2.29763088476607,0.141943768700492,0.142328797210093
2022-11-04,10.4012299199849,15.1133916083916,2.55965034965035,97.7655244755245,100.063006993007,21.6799199088133,1.59094368055556,0.227489527085709,0.140770486791435,0.915768171214731,0,117.479439583333,10.3443359825835,2.42589781123122,2.33165387103906,0.141694695798756,0.139284502121312
2022-11-05,11.1147558083189,14.800979020979,1.62538461538462,89.4281818181818,100.354335664336,21.6726197786333,1.41152020833333,0.20131781658722,0.135539160094907,0.951113546518455,7.62,71.9137361111111,10.4012299199849,2.32102511350641,2.30804594232475,0.142499341855642,0.137126506914321
2022-11-06,10.8756478267147,15.3327291666667,1.68027777777778,92.8228472222222,100.034375,21.6796912724066,1.79698631944444,0.261022627298757,0.161540355110648,0.837432923264872,14.224,44.5233298611111,11.1147558083189,2.18900254406196,2.26816631269512,0.148062566814468,0.137786421898133
2022-11-07,10.3508169559292,16.3077183098592,1.75112676056338,99.4696478873239,99.5511267605634,21.68745362078,2.84379375,0.4318116585913,0.186407326774074,0.674491143390556,0.254,93.1804277777778,10.8756478267147,2.04020241691016,2.25170996153454,0.158049886192708,0.141055757934552
2022-11-08,10.1690693486775,16.2784097222222,1.89791666666667,102.049375,100.105347222222,21.6809239708133,2.49248708333334,0.373460702234865,0.166088919667593,0.734645900675874,0,138.23195625,10.3508169559292,2.02474095129245,2.20318809392225,0.163649251921354,0.143804985189583
2022-11-09,10.2859049642377,15.6708309859155,2.30556338028169,100.002394366197,100.263450704225,21.6661123079466,1.88824555555556,0.277622304578472,0.148348244679398,0.797468128095553,0,134.448126388889,10.1690693486775,2.09720720716099,2.19117009705214,0.158322235076476,0.14609801203858
2022-11-10,10.3768218198377,15.3322183098592,2.33697183098592,98.2114788732394,100.311971830986,21.6515294813,1.54263194444444,0.223451750274194,0.132992197365972,0.861625360506444,2.794,75.9629076388889,10.2859049642377,2.11043008463563,2.20144044134009,0.153463456719126,0.147149122672531
2022-11-11,10.3382724654378,15.4127847222222,2.58423611111111,98.6611111111111,99.0485416666667,21.8493564702866,1.51212555555555,0.220585268389527,0.236155063275463,1.44894979220487,60.706,17.9381263888889,10.3768218198377,2.09264093655269,2.23924397550806,0.163480219219936,0.153375255557207
2022-11-12,16.2570561137728,15.2207272727273,1.58272727272727,91.9546853146853,95.2025874125874,22.3515118540866,1.38201479166667,0.200488327405992,0.501788262563426,0.512757621058374,0,101.531329166667,10.3382724654378,1.9705255519373,2.180468047211,0.208607441191435,0.178221006952114
2022-11-13,14.2714409121833,14.6903076923077,1.56321678321678,91.180979020979,97.7537062937063,22.4869461806266,0.725347291666667,0.102898139687568,0.493691669110185,0.416933518446084,0,93.2489326388889,16.2570561137728,1.96275457291632,2.1022519438699,0.253376504818345,0.20333148119679
2022-11-14,14.2936533879678,14.2601805555556,1.94153846153846,87.5123611111111,98.5300694444445,22.5358638315,0.400691111111112,0.0556417939402536,0.435579433265509,0.470122268327765,0,116.759120833333,14.2714409121833,1.99541215838641,2.03558598945395,0.287631389587703,0.225269525297948
2022-11-15,15.110149157582,13.9687762237762,1.62748251748252,83.2606993006993,97.9420979020979,22.5963467780133,0.244816041666665,0.0330925310320254,0.469227882548611,0.878472339992538,21.59,10.5758784722222,14.2936533879678,1.9799566280013,2.00931093117889,0.32298395905952,0.248465117878627
2022-11-16,15.898985772011,13.6597777777778,1.460625,82.3788194444444,99.4670138888889,22.8121391836133,0.587616805555555,0.0757349218472427,0.562810327728704,0.676788966266123,0,85.107175,15.110149157582,1.92529516966797,1.99163037562333,0.372574135067159,0.273254847764645
2022-11-17,16.7918997729363,13.2066713286713,1.48622377622378,83.6525174825175,100.576083916084,22.91870457966,0.667861875,0.0819967892316527,0.530876476141898,0.565605772776375,0,107.358715972222,15.898985772011,1.82287771916073,1.941966039959,0.420390163999971,0.297189117892454
2022-11-18,17.3934217197338,12.8096549295775,1.61683098591549,83.3857746478873,101.414436619718,22.9580690052066,0.63344625,0.0748409542244417,0.471110120366204,0.630603645339501,0,117.663665277778,16.7918997729363,1.73286011352693,1.86798481930172,0.462654904375,0.318195061698935
2022-11-19,18.568476852146,12.4636901408451,1.42815602836879,82.3908450704225,103.364507042254,22.969382586,0.456724652777778,0.0524915713186829,0.418662104695833,0.694396926406597,0,109.914417361111,17.3934217197338,1.58835010318414,1.79255186454962,0.485468284552546,0.336721169559228
2022-11-20,19.1783172790666,11.9485208333333,1.32104166666667,83.5219444444444,105.364305555556,22.9716091059733,0.327926388888889,0.0357957731811211,0.373083089944907,0.762166942999582,0,114.536243055556,18.568476852146,1.55563940242656,1.77226233463509,0.469380137975231,0.352557431549228
2022-11-21,18.9471827883104,11.5790138888889,1.59597222222222,83.3122916666667,104.486736111111,22.96578234936,0.161674027777778,0.0170507462421483,0.333559809322454,0.833390324083867,0,110.762704861111,19.1783172790666,1.55973383230224,1.76664196426472,0.449363655501765,0.364025395163349
2022-11-22,19.0336922373598,11.2872587412587,1.80440559440559,83.4893706293706,104.45048951049,22.9567164188,0.252923541666668,0.0256296681849335,0.299075281459722,0.908197547157093,0,109.078190277778,18.9471827883104,1.54259222391063,1.77019388652086,0.432300636526042,0.371536592142392
2022-11-23,18.7143987778383,11.0870138888889,1.89493055555556,84.7736111111111,104.307777777778,22.9457381747333,0.573842847222222,0.0554606160587809,0.268978574619907,0.986150502345066,0,106.672219444444,19.0336922373598,1.57602322866976,1.76999481244679,0.407269473034954,0.378395902472546
2022-11-24,18.4023763921303,10.9236830985915,2.05922535211268,85.0464788732394,104.227605633803,22.9440000485,0.620681041666668,0.0584278901569633,0.242725919422222,1.06658273884459,0,99.6499048611111,18.7143987778383,1.65084827268385,1.75357227723552,0.367258921996644,0.384687747455401
2022-11-25,18.3167632672611,10.9345664335664,1.83755244755245,85.9701398601399,104.171398601399,22.93799995382,0.6614944375,0.0620395814264612,0.219934290019907,1.15299078089798,0,64.4825465277778,18.4023763921303,1.69476435659993,1.72027765167329,0.328391148731395,0.390483886965664
2022-11-26,18.1477862158482,10.8186643356643,2.09902097902098,86.8311888111888,104.023986013986,22.9286094265,0.506302430555555,0.0473885496467119,0.200494402030093,1.32828830735851,0,93.3190631944444,18.3167632672611,1.75503810573812,1.68792997620062,0.294564183939381,0.388106509549306
2022-11-27,17.8335881897148,10.8238811188811,2.42167832167832,88.0734965034965,103.96,22.9195005860266,0.463318263888889,0.0434020485624842,0.195107636866667,1.32689463151484,1.524,23.5510194444444,18.1477862158482,1.87922839240181,1.74386004613069,0.266619875460735,0.367661134502855
2022-11-28,17.9416056954195,10.711,2.14034965034965,87.6564335664336,103.934755244755,22.9122171902133,0.254689305555555,0.0238182711134414,0.204985671862037,1.25260095860206,0,70.17525,17.8335881897148,1.98164189036218,1.78233557060621,0.245607698200376,0.348414068019645
2022-11-29,17.8860724941379,10.5675384615385,2.09454545454545,86.1162237762238,103.773566433566,22.8985903205066,0.0592172222222231,0.00550877562488949,0.186817408463194,1.3403417303471,0,96.0903763888889,17.9416056954195,2.04396354440258,1.79253603680668,0.227264898092969,0.331829933032824
2022-11-30,17.7902970494006,10.5919084507042,2.23584507042254,87.3901408450704,103.488802816901,22.8979512675133,0.139879027777777,0.0129897792998008,0.210743261217824,1.33669310684231,10.414,34.9547722222222,17.8860724941379,2.0978934789047,1.83309354033601,0.216223395562731,0.314597624944105
2022-12-01,17.5558071294644,10.2638391608392,2.4780985915493,87.2806993006993,103.683706293706,22.8912210549133,0.0635104444444448,0.00564408305569941,0.266005615000463,0.979222923788137,0,97.1722208333333,17.7902970494006,2.17078948340392,1.90092511310596,0.215851775610301,0.294810644095556
2022-12-02,17.4637288752389,10.0426944166667,2.73265734265734,87.0782638888889,103.600069444444,22.88525582766,0.153598576388887,0.0131607917277279,0.239632534778935,1.06042660586002,0.254,82.6112361111111,17.5558071294644,2.254968482222,1.98402068420154,0.21546510252989,0.275394381338025
2022-12-03,17.4280109129739,9.99329175,2.84784722222222,89.0968055555556,103.486527777778,22.8926067104266,0.234387784722223,0.019736313762678,0.27557860863588,1.24936713490662,8.89,31.5709097222222,17.4637288752389,2.38125532905573,2.06608843328865,0.222420642356887,0.26235894722267
2022-12-04,17.3411312699849,9.79726572027972,2.81464788732394,87.8175524475524,103.506853146853,22.89952474756,0.0451560694444435,0.00373661319849816,0.339177344906019,0.913433414770719,0,62.1818833333333,17.4280109129739,2.4707086925936,2.15852122388566,0.239756010216377,0.257059963236682
2022-12-05,17.2818834659673,9.55917365972222,2.88163120567376,87.4451388888889,103.411597222222,22.9001106002533,0.0875243888888892,0.00694133548358877,0.304760721902546,0.995698651454991,0,57.5792930555556,17.3411312699849,2.52820280309303,2.26256052648613,0.253462645845862,0.252505138700525
2022-12-06,17.259974083602,9.47492365277778,3.16549295774648,88.0861111111111,103.301666666667,22.9209979871466,0.0850492916666674,0.00663238659194576,0.33862614843125,1.32538104705103,25.4,12.6397263888889,17.2818834659673,2.65634571651763,2.36719524218775,0.270167705417014,0.252842894641111
2022-12-07,17.1965225238608,9.4901875,2.89151079136691,89.3526388888889,103.084722222222,23.0243985398066,0.17637929861111,0.0136943328675443,0.422230823353935,1.14712759501496,3.302,24.1193159722222,17.259974083602,2.75596638362031,2.43966892198517,0.299594382278356,0.261053264100725
2022-12-08,18.8578127873228,9.61028471527778,2.08825174825175,91.5314583333333,95.2420138888889,23.07816850762,0.525537006944443,0.0404681998213618,0.422962922617824,0.984596397004318,5.08,35.3703833333333,17.1965225238608,2.73751721834896,2.45255700149825,0.326121839953356,0.271318887300586
2022-12-09,17.6643389308443,9.51116083916084,2.71916083916084,90.7176923076923,99.2497902097902,23.12465867626,0.509213138888889,0.0384495311593582,0.431194264776157,1.18971895811623,4.826,25.5248743055556,18.8578127873228,2.76764999930041,2.49655270063479,0.346770421175318,0.283883443657515
2022-12-10,17.5523979909226,9.39770631468532,2.71101449275362,90.330979020979,100.838531468531,23.1438883118333,0.379016500000001,0.028399365662608,0.416236628004167,1.06168477775993,2.286,24.2288881944444,17.6643389308443,2.76494464306244,2.55478350364821,0.368845932828472,0.296970266189799
2022-12-11,17.443554774082,9.31945130555556,2.41335664335664,89.9316666666667,101.818680555556,23.1353151209533,0.238791916666667,0.0178668097727268,0.37982636077338,1.14809440073523,0.254,63.2385854166667,17.5523979909226,2.71063332070424,2.57573921460392,0.38187690184566,0.308925730106019
2022-12-12,17.2479924828692,9.2534750625,2.0675,89.709875,102.497875,23.1248668817533,0.0728963402777776,0.00545998337895526,0.343931746067593,1.24323623956514,0,93.2936548611111,17.443554774082,2.61723983478875,2.55212732649203,0.382471201990856,0.31884733738608
2022-12-13,NA,NA,NA,NA,NA,23.1106528605666,-0.0155378333333331,-0.00116202678611899,0.311406379495833,1.33901648727934,0,42.8303243055556,17.2479924828692,NA,NA,0.383301909190017,0.325942051228333
2022-12-14,NA,NA,NA,NA,NA,23.0983565478466,0.0352140347222214,0.00255420046858035,0.283559021118982,1.44432429196305,7.874,36.9173069444444,NA,NA,NA,0.376418518275984,0.332391492072052
2022-12-15,NA,NA,NA,NA,NA,23.1424124406,-0.00444154166666699,-0.000314133853180465,0.514008484696528,2.36040627473808,15.748,17.8454993055556,NA,NA,NA,0.387890725943808,0.352609173637299
2022-12-16,NA,NA,NA,NA,NA,23.1881639992533,0.013111958333333,0.000901566531297249,0.556623027935417,1.10938603488848,0,59.5169944444444,NA,NA,NA,0.404598239108507,0.371983667832963
2022-12-17,NA,NA,NA,NA,NA,23.16758127774,-0.0364070625000004,-0.00243384055909246,0.508865752621065,1.25311846139572,0,60.2504680555556,NA,NA,NA,0.41430717508912,0.389932549022438
2022-12-18,NA,NA,NA,NA,NA,23.14310359492,0.0232197222222226,0.00146987398352394,0.459742422520833,1.35816572622056,0,55.1680729166667,NA,NA,NA,0.419745399403704,0.402210136614769
2022-12-19,NA,NA,NA,NA,NA,23.1204009038933,0.136709173611111,0.00813241593584735,0.416842997177083,1.46739718356464,0,70.2620277777778,NA,NA,NA,0.424372478954167,0.407387846766173
2022-12-20,NA,NA,NA,NA,NA,23.10395401866,0.108293909722223,0.00618380989521938,0.379661903692361,1.57616965621895,0,74.8294097222222,NA,NA,NA,0.428838748657263,0.412381258885494
2022-12-21,NA,NA,NA,NA,NA,23.09168393144,0.0656568333333327,0.00362742818902007,0.346895156566204,1.68834704095771,0,90.9954923611111,NA,NA,NA,0.433274845791059,0.412932526094491
2022-12-22,NA,NA,NA,NA,NA,23.1163308062,0.0268009861111107,0.00142178329940634,0.958719530012269,3.18563151257458,17.272,21.1652645833333,NA,NA,NA,0.51766990940272,0.448698439871713
2022-12-23,NA,NA,NA,NA,NA,23.1739012236133,-0.0557867291666669,-0.0027669281200815,0.844363502965972,1.3765874579123,2.032,118.076574305556,NA,NA,NA,0.558964286686401,0.476791811894923
2022-12-24,NA,NA,NA,NA,NA,23.14181839556,-0.00358838194444466,-0.000149122744005581,0.79059558659375,1.55878316943631,0,114.454628472222,NA,NA,NA,0.588210856518692,0.500751900016096
2022-12-25,NA,NA,NA,NA,NA,23.10321610802,0.103198819444445,0.00356309735127525,0.71875330651088,1.67989944222319,0,92.7702090277778,NA,NA,NA,0.614446800754919,0.52091967858321
2022-12-26,NA,NA,NA,NA,NA,23.1119328148266,0.326573576388889,0.00873181712006499,0.654615044913657,1.79911065584067,0,103.323344444444,NA,NA,NA,0.638805878554022,0.539238924192562
2022-12-27,NA,NA,NA,NA,NA,23.0961316763333,0.371526743055555,0.008718268430016,0.598967012750694,1.92020349905717,0,94.9016993055556,NA,NA,NA,0.661571380500723,0.556241275304769
2022-12-28,NA,NA,NA,NA,NA,23.0823178313,0.244080416666667,0.00566803358049128,0.549525378622685,2.0437322006082,0,94.6827784722222,NA,NA,NA,0.682804314867014,0.572115875246559
2022-12-29,NA,NA,NA,NA,NA,23.07449558888,0.319512736111111,0.00698243344288585,0.506021175626157,2.16806713879089,0,91.1433152777778,NA,NA,NA,0.702695067249508,0.586946685547037
2022-12-30,NA,NA,NA,NA,NA,23.0665388221333,0.468166152777778,0.0102338990852786,0.46767349787963,2.2925268841599,0,93.6005256944444,NA,NA,NA,0.641314313232928,0.583857686425911
2022-12-31,NA,NA,NA,NA,NA,23.0632501444333,0.688602208333334,0.016274570838732,0.608166529660185,2.12406270826282,4.826,11.0919701388889,NA,NA,NA,0.611789691569705,0.587293919874228
2023-01-01,NA,NA,NA,NA,NA,23.0609218195666,0.757715708333333,0.0184325077736958,0.579280439139352,2.06971458086448,0,92.6713118055556,NA,NA,NA,0.585375298137905,0.591988232308781
2023-01-02,NA,NA,NA,NA,NA,23.0577972385666,0.689462256944445,0.0167879567121645,0.537977308494907,2.19410264653154,0,74.5459055555555,NA,NA,NA,0.562778298385909,0.597203891373719
2023-01-03,NA,NA,NA,NA,NA,23.0512273262133,1.03325592361111,0.0283172903707509,0.496570198534722,2.31937010565901,0.508,62.7149229166667,NA,NA,NA,0.543022692588542,0.602519038130895
2023-01-04,NA,NA,NA,NA,NA,23.0462080278556,0.755610951048951,0.0186748267809662,0.528196886734722,2.27691368217218,0.762,30.06811875,NA,NA,NA,0.534176426836545,0.612421370333719
2023-01-05,NA,NA,NA,NA,NA,23.0143100645133,0.608423465277777,0.0151505604681006,0.494218462276157,2.3550956046445,0,92.2493451388889,NA,NA,NA,0.527263062293229,0.622242924047716
2023-01-06,NA,NA,NA,NA,NA,23.00104980232,0.119513909722222,0.0029023447924601,0.460108472152778,2.47895768476882,0,80.0740013888889,NA,NA,NA,0.521523974359057,0.589002186857083
2023-01-07,NA,NA,NA,NA,NA,22.98889046164,0.344744847222222,0.00915496376467217,0.428480722939352,2.60869995864709,0,85.3099493055556,NA,NA,NA,0.516624877491522,0.561276668188642
2023-01-08,NA,NA,NA,NA,NA,22.9862121137666,0.308033666666667,0.00806304552213533,0.437747083694676,2.57044485299019,7.874,16.0519152777778,NA,NA,NA,0.495322446745833,0.537753434662037
2023-01-09,NA,NA,NA,NA,NA,22.9906942765066,0.116809465277778,0.00311623416632756,0.446541823982176,2.55427234720996,0,97.7893708333333,NA,NA,NA,0.478730119851186,0.519606002493457
2023-01-10,NA,NA,NA,NA,NA,22.99666639732,0.0716251319444448,0.0018565815846614,0.419719404574769,2.65683477698135,0,76.6059583333333,NA,NA,NA,0.463947881861169,0.503946293137531
2023-01-11,NA,NA,NA,NA,NA,22.9677175914466,0.0834951111111115,0.00212799802534391,0.39331926851088,2.77716707377769,0,69.0577076388889,NA,NA,NA,0.451041515608189,0.490236443521543
2023-01-12,NA,NA,NA,NA,NA,22.9369145677933,0.344790618055556,0.00943785649963047,0.388531975933102,2.77725057654575,16.51,46.6965333333333,NA,NA,NA,0.433583401757986,0.479503550008904
2023-01-13,NA,NA,NA,NA,NA,22.97860077432,0.0649134305555563,0.00181253310211105,0.714186174218981,2.78331998746132,0.762,95.0650236111111,NA,NA,NA,0.461079365750839,0.493381216581759
2023-01-14,NA,NA,NA,NA,NA,22.9931810033933,-0.0260499166666666,-0.000659849945350288,0.624491812738194,2.40239015733617,0,73.7195659722222,NA,NA,NA,0.481627283324016,0.503835770905664
2023-01-15,NA,NA,NA,NA,NA,22.9947878522666,0.0185674166666665,0.000412713529044595,0.589367493779629,2.54916504043379,0,105.108822916667,NA,NA,NA,0.501738129679051,0.50258250184696
2023-01-16,NA,NA,NA,NA,NA,22.99413316388,0.0757791527777778,0.00159704834698005,0.546667538959954,2.688112042839,0,89.0990618055556,NA,NA,NA,0.515353186587211,0.500408308501667
2023-01-17,NA,NA,NA,NA,NA,22.8410768498933,0.407500993055556,0.00909076194079717,0.599950572196528,2.59262305011668,6.096,55.4019375,NA,NA,NA,0.534529280114005,0.504539859415108
2023-01-18,NA,NA,NA,NA,NA,22.8849207407,0.390368541666667,0.00892064687559468,0.551455892551158,2.71479544276082,0,91.2675375,NA,NA,NA,0.550996341111053,0.50819890568287
2023-01-19,NA,NA,NA,NA,NA,22.8450726170266,0.200660909722222,0.00473800448912698,0.583721841340278,2.70832765311594,1.778,11.6801451388889,NA,NA,NA,0.574796662714728,0.511900569323241
2023-01-20,NA,NA,NA,NA,NA,22.8007783469666,-0.0173534791666663,-0.000401930612952128,0.539660075788426,2.81837181274293,0,112.278297222222,NA,NA,NA,0.593687675196644,0.514930010224059
2023-01-21,NA,NA,NA,NA,NA,22.82388830752,0.0295946388888888,0.000680841583971414,0.506031255253704,2.95010609478919,0,68.2802,NA,NA,NA,0.567668310325984,0.517991529097454
2023-01-22,NA,NA,NA,NA,NA,22.8012896193333,-0.0159000763888884,-0.000350209193811679,0.502597815807407,2.95442646760792,1.27,20.52985,NA,NA,NA,0.552431560709635,0.522932668621991
2023-01-23,NA,NA,NA,NA,NA,22.7974460100533,-0.032796590277778,-0.000707220636286365,0.507676887077315,2.95412794184955,0.762,55.68454375,NA,NA,NA,0.542220234871846,0.527594655514167
2023-01-24,NA,NA,NA,NA,NA,22.8257949206377,0.119766364285714,0.00255246587653346,0.474145149271065,3.06570339431547,0,118.955979152189,NA,NA,NA,0.533154936160735,0.529434877200093
2023-01-25,NA,NA,NA,NA,NA,22.7880500877733,0.356655513888889,0.00799311637001665,0.637109384399306,2.95184209101999,15.24,11.6995090277778,NA,NA,NA,0.537799787686082,0.543927542521728
2023-01-26,NA,NA,NA,NA,NA,22.8197853405333,-0.0184442222222216,-0.00038448367536148,0.575636919034722,2.91133290939755,0,54.4500604166667,NA,NA,NA,0.540822415996528,0.556082052556651
2023-01-27,NA,NA,NA,NA,NA,22.81536981554,0.0134790972222225,0.000269209106363633,0.542546032306944,3.02632067852163,0,119.566886111111,NA,NA,NA,0.535675439867361,0.566349656314907
2023-01-28,NA,NA,NA,NA,NA,22.8399550478867,0.124437972222222,0.00241364219641582,0.508682727805093,3.15582430005569,0,126.124298611111,NA,NA,NA,0.531803271369444,0.552649426553982
2023-01-29,NA,NA,NA,NA,NA,22.82257628322,0.0246586041666665,0.000455954375183865,0.647379994362268,2.94188747894993,3.556,29.7222625,NA,NA,NA,0.549471863758015,0.55417530532892
2023-01-30,NA,NA,NA,NA,NA,22.8163088882533,0.253711902777778,0.00503614726699197,0.585366412150463,2.99888527383294,0,72.0420895833333,NA,NA,NA,0.559817938300897,0.553908566553642
2023-01-31,NA,NA,NA,NA,NA,22.8121993274266,0.4249693125,0.0092407563490724,0.580939333630787,3.01078018199833,4.064,27.285775,NA,NA,NA,0.568975744120081,0.556193352865031
2023-02-01,NA,NA,NA,NA,NA,22.8170833647333,0.391348319444444,0.00866263041177717,0.643653715210417,2.99188728744619,4.826,75.8101604166667,NA,NA,NA,0.5901643148625,0.559106895732624
2023-02-02,NA,NA,NA,NA,NA,22.8166522175133,0.288469145833333,0.00635470643260305,0.592426925993287,3.06164755860696,3.302,45.2007444444444,NA,NA,NA,0.584579007561748,0.561838297962099
2023-02-03,NA,NA,NA,NA,NA,22.9322188046,-0.0206413611111111,-0.000431719534162767,0.55627979009213,3.18430032176787,0,136.57975,NA,NA,NA,0.582159366443924,0.560008827878889
2023-02-04,NA,NA,NA,NA,NA,22.85412915636,0.0631296319444443,0.00118369674714813,0.522935851662268,3.30922596372837,0,141.759021527778,NA,NA,NA,0.579708093863339,0.558893879603812
2023-02-05,NA,NA,NA,NA,NA,22.8133096401666,0.0944887708333324,0.00171636465336178,0.493578140673611,3.43189415191479,0,116.781857638889,NA,NA,NA,0.577820020471904,0.558063671965139
2023-02-06,NA,NA,NA,NA,NA,22.8118005000133,0.0663585000000007,0.00129883706961209,0.467034237290509,3.54970438061918,0,137.062988194444,NA,NA,NA,0.555276800837934,0.555692766730679
2023-02-07,NA,NA,NA,NA,NA,22.8075771454933,0.3324763125,0.00685341485768731,0.442923237693056,3.66508325488139,0,144.178064583333,NA,NA,NA,0.537471404030758,0.551375856771728
2023-02-08,NA,NA,NA,NA,NA,22.8094887596533,0.736175763888889,0.0174133621716237,0.421575647563426,3.77391256200718,0,106.192090972222,NA,NA,NA,0.517550943272338,0.547871223324552
2023-02-09,NA,NA,NA,NA,NA,22.8190790503533,1.30440269444444,0.0378846392694641,0.403017992237269,3.88318842678215,0,53.26729375,NA,NA,NA,0.487471477900694,0.53226513051375
2023-02-10,NA,NA,NA,NA,NA,22.8001595250733,0.808421909722223,0.0214555056422796,0.386127719509954,3.97198861848713,0,136.394859722222,NA,NA,NA,0.461684077090278,0.519631183878765
2023-02-11,NA,NA,NA,NA,NA,22.78370050118,0.211056819444445,0.00633315495088027,0.369538774595602,4.05985267960326,0,123.044252083333,NA,NA,NA,0.438341450153212,0.508097366698009
2023-02-12,NA,NA,NA,NA,NA,22.8736594110933,0.21662775,0.00663322653178966,1.00328421592801,3.23554435032924,38.608,19.3987243055556,NA,NA,NA,0.498384995686429,0.541070799239537
2023-02-13,NA,NA,NA,NA,NA,23.0810890792066,0.183430993055556,0.00569845650852585,1.09803112334306,2.97036687026338,0,98.1054527777778,NA,NA,NA,0.57394161852011,0.571114207838256
2023-02-14,NA,NA,NA,NA,NA,23.0121195608933,0.172820027777778,0.00525288050528161,0.934792616244213,2.95560631641672,0,150.782404861111,NA,NA,NA,0.632411415889323,0.594409288111173
2023-02-15,NA,NA,NA,NA,NA,22.94806170408,0.693681083333334,0.0237213343008307,0.876683032933102,3.08494988620541,0.254,140.834374305556,NA,NA,NA,0.686631390294329,0.614125534731327
2023-02-16,NA,NA,NA,NA,NA,22.9493729291266,0.724681631944444,0.0251366277332181,0.962969419289815,2.93413134066554,1.27,76.9895520833333,NA,NA,NA,0.754305611760127,0.63541324833662
2023-02-17,NA,NA,NA,NA,NA,22.9085095039533,1.26136521527778,0.050557083744593,1.32194209168333,2.88259958071279,16.51,93.7816520833333,NA,NA,NA,0.869171124190885,0.684047592715957
2023-02-18,NA,NA,NA,NA,NA,22.9171665165266,0.922258152777777,0.037141029776194,1.05033432579398,3.24819306318092,0,168.674386111111,NA,NA,NA,0.952196949976389,0.716984561762747
2023-02-19,NA,NA,NA,NA,NA,22.8779882670533,0.850922895833333,0.0341866928579293,0.986431078670602,3.35589780215584,0,164.101394444444,NA,NA,NA,1.02930848798576,0.747884243563303
2023-02-20,NA,NA,NA,NA,NA,22.8854997497866,0.437634729166668,0.0170785470157853,0.919985112871991,3.47718178740983,0,82.0629673611111,NA,NA,NA,1.01889610010376,0.776311375043194
2023-02-21,NA,NA,NA,NA,NA,22.9098107383333,0.189921881944444,0.00766394890251831,0.86203309005463,3.61063040486817,0,170.550754861111,NA,NA,NA,0.989396345942708,0.802644631894136
2023-02-22,NA,NA,NA,NA,NA,22.8880926275066,0.439076229166666,0.0191106417635183,0.807513976176852,3.73877578907812,0,113.882229166667,NA,NA,NA,0.973486515934288,0.826950681126389
2023-02-23,NA,NA,NA,NA,NA,22.8729799958066,1.06666172916667,0.0514533697631805,0.761050606735417,3.84644071790003,0,54.1809201388889,NA,NA,NA,0.959032462659578,0.849582345071188
2023-02-24,NA,NA,NA,NA,NA,22.8284969021466,0.9789664375,0.0496296192670798,0.718640308581018,3.96934956408761,0,157.56340625,NA,NA,NA,0.928491323820978,0.870623832827438
2023-02-25,NA,NA,NA,NA,NA,22.81141261238,1.06241297916667,0.0547102119963938,0.707379242584954,3.9395441588177,3.048,36.63738125,NA,NA,NA,0.851670967683681,0.892040601032438
2023-02-26,NA,NA,NA,NA,NA,22.8200081324,1.0855356875,0.0568779150281671,0.661164150285185,4.09295443749759,0,156.982067361111,NA,NA,NA,0.803024695745081,0.911482292745077
2023-02-27,NA,NA,NA,NA,NA,22.8064769233266,0.890545770833333,0.0460388778074048,0.635018657443518,4.14702039425098,8.382,53.1225090277778,NA,NA,NA,0.759098143091696,0.886931255512778
2023-02-28,NA,NA,NA,NA,NA,22.8263011034733,1.11890228472222,0.061972266468274,0.664424644543055,3.98104810313358,0.254,137.824457063712,NA,NA,NA,0.727153084550579,0.858024156926111
2023-03-01,NA,NA,NA,NA,NA,22.8227854378266,1.44601784722222,0.0851515752074192,0.59903969217037,4.20657749312778,0,136.542834722222,NA,NA,NA,0.694278909815046,0.835640628654522
2023-03-02,NA,NA,NA,NA,NA,22.8069490822333,1.72426246527778,0.106636225691204,0.685158438405787,3.80715081566871,2.286,69.2364222222222,NA,NA,NA,0.678984467593663,0.822872322352701
2023-03-03,NA,NA,NA,NA,NA,22.8107654669466,1.80843445833333,0.112574388673352,1.03297667665255,3.2262520985789,19.05,8.74757083333333,NA,NA,NA,0.712975226333304,0.827539472843549
2023-03-04,NA,NA,NA,NA,NA,22.88513908672,1.13017448611111,0.0682688733963914,1.80196366381389,3.38742137920395,0,195.093783333333,NA,NA,NA,0.848390645737413,0.859540910985586
2023-03-05,NA,NA,NA,NA,NA,22.8807803586666,1.58570555555556,0.102934808506689,1.26848452173819,3.46537821177953,0,204.323265277778,NA,NA,NA,0.918528805631568,0.874084257381867
2023-03-06,NA,NA,NA,NA,NA,22.8619138338733,1.93194290972222,0.130090299883136,1.19984225814792,3.56149447470941,0,195.390751388889,NA,NA,NA,0.98586356911441,0.888311669347022
2023-03-07,NA,NA,NA,NA,NA,22.8565411031066,1.48606597916667,0.101003619348148,1.11232615723056,3.68288816267663,0,211.892244444444,NA,NA,NA,1.04552700658779,0.901134405637593
2023-03-08,NA,NA,NA,NA,NA,22.8449444867266,1.34860015277778,0.0930731352000294,1.03553318850231,3.80282483849649,0,210.810260416667,NA,NA,NA,1.0919155745827,0.912701078867438
2023-03-09,NA,NA,NA,NA,NA,22.8399840707733,1.46974333333333,0.103161825661459,0.968488280624769,3.9225653500702,0,210.858252083333,NA,NA,NA,1.1380966481395,0.923432699163966
2023-03-10,NA,NA,NA,NA,NA,22.82131685978,1.28753509722222,0.0908229150295483,1.10400409842431,3.50210015487471,2.794,68.6535625,NA,NA,NA,1.19045235564181,0.946296265276559
2023-03-11,NA,NA,NA,NA,NA,22.8350319970266,0.243043500000001,0.016816038040929,0.925067367182176,3.92374334979409,0,132.545624305556,NA,NA,NA,1.17696369195801,0.960058069183302
2023-03-12,NA,NA,NA,NA,NA,22.8984934609933,0.0656506944444448,0.00449476097628576,0.983158382758333,3.66492485609019,4.318,27.0637305555556,NA,NA,NA,1.07461303182607,0.978443345194861
2023-03-13,10.729323770496,8.66144448148148,3.78407407407407,103.956904761905,83.9731481481481,22.8543644072168,0.235831335664335,0.0157419197123545,0.882452293436574,3.91243550913964,0,113.99828581363,NA,NA,NA,1.02635900328837,0.99319588807162
2023-03-14,10.8570166788883,8.32067361111111,3.53506944444444,102.680763888889,83.9104861111111,22.8300368135533,-0.00917412499999948,-0.000591591758734467,0.828523633530324,4.0358339538943,0,114.914752777778,10.729323770496,NA,NA,0.979944175211169,1.00609621981074
2023-03-15,10.7273679077962,8.23786109722222,3.7475,103.290277777778,83.915,22.7823978181533,0.30013342361111,0.0183245615108945,0.783257617740046,4.13970698297857,0,244.027897916667,10.8570166788883,NA,NA,0.938810607774855,1.01401841802387
2023-03-16,10.5706253977443,8.37859724305556,4.55645390070922,104.554513888889,83.8630555555556,22.7765362440666,0.651890083333332,0.0402977499646795,0.741095066220602,4.24350928482409,0,220.761559027778,10.7273679077962,NA,NA,0.902005842489641,1.02348877629389
2023-03-17,10.7627348639711,8.31504193006993,5.00164285714286,104.159090909091,83.7663636363636,22.7634597102333,0.548179868055556,0.0337178920160568,0.738251019732407,4.17721810065565,0.254,81.7148430555556,10.5706253977443,NA,NA,0.873226184878096,1.02702828171566
2023-03-18,10.6574998977122,8.32517476923077,3.63797202797203,103.419160839161,83.6051748251748,22.7953117039333,0.457921159722223,0.0280722324764611,0.704249783485185,4.2930190794152,0,242.363436111111,10.7627348639711,NA,NA,0.823256895510706,1.00511315550451
2023-03-19,10.4729924827387,8.24369716901408,3.95347517730496,104.175915492958,83.628661971831,22.7464830199466,0.350022881944444,0.021312053023621,0.661597043762963,4.43748075541414,0,254.716842361111,10.6574998977122,NA,NA,0.790323105083304,0.929088714167778
2023-03-20,10.3211577911756,8.38039858041958,5.58751825547445,106.111608391608,83.5667132867133,22.7368847367133,0.664056583333334,0.0411017279160433,0.631234022553241,4.51982149310429,0,256.747638194444,10.4729924827387,4.22546321714025,NA,0.746332560057668,0.886605347555448
2023-03-21,10.982907864754,8.57325,4.18909090909091,104.906888888889,84.0624,22.7188627729266,0.639125027777777,0.0400494815377215,0.602803637298843,4.60010261564281,0,242.802859027778,10.3211577911756,4.27609032151736,NA,0.711376478040451,0.846802772832176
2023-03-22,11.7761717755054,8.73968053472222,2.77798611111111,103.576805555556,84.4060416666667,22.7118741517333,0.800771999999999,0.0515110720803023,0.577576982084028,4.66875534454459,0,95.0731888888889,10.982907864754,4.18145490485069,NA,0.680008146609664,0.811152827822407
2023-03-23,11.983203217207,8.70384730555556,2.53319444444444,102.676527777778,84.2085416666667,22.70060133286,0.737280798611111,0.0475519595969445,0.555425674284259,4.79477961206221,0,198.879288194444,11.7761717755054,4.02966671040625,NA,0.651529153677691,0.77914566020787
2023-03-24,11.5828088168394,9.8087413006993,2.72929577464789,106.957832167832,84.254965034965,22.6897662050933,1.68115502777778,0.122338795096312,0.533131660178704,4.85298741825448,0,135.94675,11.983203217207,3.80127194464858,NA,0.625533727922454,0.750121885511466
2023-03-25,11.4324101130643,10.3130138819444,3.43615384615385,108.754097222222,84.1399305555556,22.6844243454866,2.15207463194444,0.164089489990147,0.605698612431482,4.32586867717231,3.81,99.3558743055556,11.5828088168394,3.60558581827496,NA,0.608964677009838,0.716901519778611
2023-03-26,11.4017969779785,10.1775555625,3.13326389583333,107.440486111111,84.1127083333333,22.6776930838666,2.03725946527778,0.15830571916581,0.535320000369676,4.66665939927042,0,262.135259722222,11.4324101130643,3.54249730175762,NA,0.587848454120399,0.690918361991111
2023-03-27,10.8635986007898,11.3912867132867,2.74753521126761,110.229300699301,84.1264335664336,22.66922259704,3.06844508333333,0.259351641441981,0.531505657103472,4.5923526000541,0,214.61250625,11.4017969779785,3.39175480600295,3.69001506197808,0.571587030787963,0.660808180280787
2023-03-28,10.7327106199409,11.6958936170213,3.10294964028777,110.313404255319,84.1156028368794,22.6584255337133,3.32338161111111,0.289062722533572,0.503842915062731,4.74762013563726,0,84.8957166666667,10.8635986007898,3.08118372910461,3.64460676639232,0.555663142351649,0.635567555055864
2023-03-29,10.5598177353395,11.8290839160839,3,110.331118881119,84.0343356643357,22.6402695950866,3.47832475,0.306281296730617,0.48593619147338,4.81558104117426,0,266.779722916667,10.7327106199409,2.93254736546825,3.60893547009603,0.541054711623466,0.612728392252068
2023-03-30,10.3022820853912,12.042958041958,2.77601398601399,110.261538461538,84.067972027972,22.62661814834,3.65271217361111,0.327808712731667,0.466770575454167,4.90192735645979,0,251.7794,10.5598177353395,2.93230084983111,3.54416973583029,0.527203910794734,0.591629256099676
2023-03-31,10.3794861377228,11.8143776223776,3.0743661971831,110.13979020979,83.9676223776224,22.6315531380466,3.42705365972222,0.303052721323184,0.601877372578009,4.04131038938488,7.874,71.0968645833333,10.3022820853912,2.99994731892344,3.44536388892855,0.533010373081453,0.582348076523503
2023-04-01,10.8533430455701,11.335027979021,2.49265734265734,107.213776223776,83.6045454545455,22.6320859902533,2.84669476388889,0.245459961152619,0.664156738653009,3.75580404320053,13.97,205.90190625,10.3794861377228,2.97036751492462,3.27809818796285,0.549388507890741,0.577408457784877
2023-04-02,10.6270224805625,11.5751608391608,1.98405594405594,104.843356643357,83.6511888111888,22.6368981946666,2.56158844444444,0.230164575798312,0.564392298746759,4.02491272462716,0,257.007497222222,10.8533430455701,2.78885527716238,3.16783711570178,0.544225218680151,0.568084625468982
2023-04-03,10.5001530567434,11.7783819444444,2.60762237762238,105.892986111111,83.6341666666667,22.6536372069933,2.8883553125,0.266933839227477,0.535559258897222,4.12966903213792,0,186.452353472222,10.6270224805625,2.72315008738602,3.07811359572294,0.544255125996094,0.559682106477932
2023-04-04,10.7792844128649,11.7962167832168,2.86992958450704,106.552307692308,83.4677622377622,22.6476633877666,2.92569597222222,0.272073975018998,0.506550090818982,4.23944485056166,0,254.387515277778,10.5001530567434,2.73844938404094,2.89694101765845,0.541135680210532,0.551369844362315
2023-04-05,10.6887610905012,12.1896597222222,2.88119717605634,108.365902777778,83.4690972222222,22.6208619258333,3.8095555,0.379649895281659,0.48016374792963,4.34756668846895,0,176.780765277778,10.7792844128649,2.71073032601202,2.80974810212281,0.538175784318895,0.543193851737701
2023-04-06,10.302340931437,13.8577676056338,1.75669014084507,109.674154929577,83.3838732394366,22.6297990267466,4.82345952083333,0.524393691861064,0.490904917346991,4.18868083570451,0,158.802645138889,10.6887610905012,2.55531659361765,2.74166170410507,0.538796875053096,0.537415714088565
2023-04-07,9.92722016368518,14.7296153846154,2.30678321678322,107.694615384615,83.4738461538462,22.67779503862,5.38006560416667,0.601708354883954,0.722063137893056,3.50750358905635,7.62,35.7923916666667,10.302340931437,2.4966627474638,2.72656762226099,0.570708445357957,0.548524878329151
2023-04-08,10.0965261250663,13.7818472222222,2.56895104895105,105.446875,83.2715972222222,22.7102962757933,4.37406428472222,0.465194249488263,0.610323569955093,3.73417798538664,0,78.7406798611111,9.92722016368518,2.4334858539348,2.7158779738812,0.571764220030093,0.553671005647577
2023-04-09,9.96191129465326,13.559048951049,1.96020979020979,105.773986013986,83.260979020979,22.7109153474533,4.18635596527778,0.44253493651172,0.58107408233588,3.85184590060065,0,297.297613194444,10.0965261250663,2.36692990987885,2.61748170348493,0.561378887990451,0.55202937030787
2023-04-10,9.82073409163567,13.6121319444444,1.69496503496503,106.250763888889,83.1109027777778,22.6657920518733,4.35817523611111,0.466977795601792,0.546744462433333,3.98599661559002,0,294.161470833333,9.96191129465326,2.33079354624249,2.52159511276038,0.559172908451273,0.552791001112114
2023-04-11,9.8111256457909,13.6266736111111,1.40916666666667,106.748888888889,83.1021527777778,22.61628485176,4.26007543055556,0.455869467551793,0.515931041024306,4.11403305827614,0,298.185329166667,9.82073409163567,2.18098658237303,2.43237054312032,0.556719381217159,0.551752693373503
2023-04-12,9.01674893331541,14.9187957746479,0.889859154929577,108.481901408451,83.4866197183099,22.6083114505533,5.61205213194444,0.650901648164336,0.487667234877778,4.2328076862827,0,287.797972222222,9.8111256457909,1.93347777867584,2.28483117742977,0.554359024224508,0.550674314694506
2023-04-13,9.07617180810183,14.8631888111888,1.03223776223776,108.027552447552,83.2901398601399,22.6024211533,5.76933841666667,0.675915456850248,0.462219358363657,4.34304051859393,0,290.47115625,9.01674893331541,1.70235785194852,2.15364702824562,0.552115975528762,0.549093192487191
2023-04-14,8.86575349196925,15.5799160839161,1.5937323943662,109.08986013986,83.2803496503496,22.6179480479933,6.53475047222222,0.798704135677212,0.528145958090278,3.84812415247853,8.382,152.479896527778,9.07617180810183,1.68198813363866,2.0748282554691,0.556771105621672,0.553184884662932
2023-04-15,8.46793094005377,16.8427916666667,1.27284722222222,109.557013888889,83.2930555555556,22.62490270092,7.69996751388889,1.00347955562734,0.487649197649537,4.13831817182941,0,188.071781944444,8.86575349196925,1.55274613431854,1.95472699047171,0.527469363091233,0.545569673001034
2023-04-16,8.64945652761508,16.5771748251748,1.16405594405594,109.098951048951,83.0556643356643,22.6188513041666,7.39033453472222,0.949533076371267,0.46809259818287,4.22281407604692,4.572,142.433555555556,8.46793094005377,1.37713424620665,1.86615356389828,0.509690491619705,0.532498730303025
2023-04-17,9.36173509481418,15.16225,1.33944444444444,107.348541666667,82.7151388888889,22.59849077508,5.56840827083333,0.657833879724194,0.71975596419838,3.50400557810564,0,207.408215972222,8.64945652761508,1.29953857798598,1.82317946392418,0.527025726852517,0.542856307999799
2023-04-18,8.86904578903708,15.3251666666667,0.956319444444444,105.527638888889,83.060625,22.5813323046133,5.52535083333333,0.657902949557638,0.6051755328125,3.81941705018628,0,309.578989583333,9.36173509481418,1.20720787917091,1.71309260171232,0.534329610649913,0.547497392927485
2023-04-19,8.63194493924731,16.0293496503497,1.0386013986014,105.505804195804,83.2276923076923,22.5719136535666,6.7622270625,0.859165934938915,0.574867684300926,3.94787840755985,0,282.915877083333,8.86904578903708,1.16088722066275,1.59100405598528,0.541696691059491,0.552051899159614
2023-04-20,8.53332109492157,16.4733076923077,1.1313986013986,106.453916083916,83.2975524475524,22.5763469119933,7.011599125,0.900237312647619,0.540506764502315,4.08499779162782,0,279.789141666667,8.63194493924731,1.19107965147138,1.47435081767476,0.548301632262558,0.556074766931127
2023-04-21,8.52681154974509,16.7402097902098,0.972237762237762,106.958811188811,83.288951048951,22.5440161655466,7.41607546527778,0.973369675205163,0.509628090767593,4.21488085076261,0,285.781866666667,8.53332109492157,1.18357965147138,1.42205399243427,0.55422772381305,0.5573229784925
2023-04-22,8.37302004724571,17.3923333333333,1.35687943262411,106.407446808511,83.2821985815603,22.5362253937266,7.39973352083333,0.980513733742441,0.878189141491204,3.31465079274945,7.62,86.4731729166667,8.52681154974509,1.15397303125362,1.35872707349033,0.597983121738165,0.567731378732377
2023-04-23,8.3304682578444,16.904323943662,1.15366197183099,105.281549295775,83.2080281690141,22.5224653484333,6.93062659722222,0.898953641103731,0.712944258003935,3.7354164356835,0,229.452736805556,8.37302004724571,1.13907487495471,1.264374468349,0.626145004282465,0.574572757935633
2023-04-24,8.2017169480278,16.893986013986,0.901958041958042,104.695104895105,83.2583916083916,22.50440581974,6.89493732638889,0.893617469757487,0.675801891509259,3.83945112569473,0,320.717071527778,8.3304682578444,1.10631263719247,1.19382435179888,0.652108665948264,0.580887945213858
2023-04-25,8.23301544438275,16.6036713286713,0.973916083916084,104.068251748252,83.217972027972,22.4863896005866,6.65707034722222,0.85660161306032,0.632697690574306,3.97105889593495,0,251.269801388889,8.2017169480278,1.06062159212643,1.14575442172895,0.641226381745255,0.586618160423256
2023-04-26,8.2480188698791,16.4207972027972,1.2041958041958,103.75958041958,83.2125874125874,22.3633410531866,6.42671241666667,0.818932597525077,0.595294314776852,4.10293336565299,0,183.617072916667,8.23301544438275,1.09160613709535,1.13208969756423,0.639991229490799,0.591909045340093
2023-04-27,8.40375670553517,16.1963402777778,1.12569444444444,102.719305555556,83.0906944444445,22.3044307874666,6.15954345138889,0.777983891820554,0.580162671803009,4.16422442920224,16.764,176.26535625,8.2480188698791,1.10249276782573,1.14781205019855,0.640653102928559,0.598075407801775
2023-04-28,8.64113331154075,16.3086527777778,1.26673611111111,101.666944444444,82.0524305555556,22.64128539612,6.19171915972222,0.785005420857374,2.13837600773194,3.62407828882376,42.926,77.8815659722222,8.40375670553517,1.11940995653979,1.16344527345677,0.840386758332263,0.709819184426327
2023-04-29,8.98060467371684,16.5133263888889,1.13277777777778,101.446666666667,81.6577083333333,22.90411196216,6.39014219444445,0.821098465740306,1.25839958912477,3.54753293640873,0,187.698891666667,8.64113331154075,1.1394774584823,1.13271496568421,0.93398319562691,0.758502759828627
2023-04-30,9.82577373264105,16.7788802816901,1.02866197183099,101.493802816901,80.6310563380282,22.8884409021466,6.64990588194444,0.865539290030256,1.36234017787546,3.39057896462536,4.064,131.029536111111,8.98060467371684,1.09845027588315,1.11643594899146,0.994502075174942,0.816815491843688
2023-05-01,11.1979474962975,15.8857291666667,1.10104166666667,98.4995833333333,79.6052777777778,22.92416397946,5.66723646527778,0.706621278357261,1.17569730612083,3.68742943933204,1.016,95.0075173611111,9.82577373264105,1.09187273773761,1.11223499716551,1.05234620618955,0.863989139039552
2023-05-02,13.1069606141818,15.2173916083916,1.08923076923077,96.4977622377622,78.2583916083916,22.8555928889333,4.99739277777778,0.604110265063241,1.0941451616706,3.803723042416,0,298.371302083333,11.1979474962975,1.11528182864671,1.0955540854846,1.10463911495972,0.888948418871034
2023-05-03,12.8449523807366,14.9775069444444,1.08166666666667,96.18125,78.6283333333333,22.8317009089466,4.70685923611111,0.562256346523668,1.01860418878495,3.93060838234658,0.254,185.320586805556,13.1069606141818,1.12875065149053,1.10391056696608,1.15287742723605,0.916510329269198
2023-05-04,11.7715905537215,15.2660588235294,0.858602941176471,97.38875,77.5288235294118,22.81410859378,4.99777791666667,0.607101244984051,0.950614978958333,4.05826217980914,0,264.748275694444,12.8449523807366,1.08555154361311,1.09191066980442,1.19729251025874,0.941560148913025
2023-05-05,10.8690327064247,15.5268611111111,0.759375,99.4036111111111,74.248125,22.82239705066,5.32420465277778,0.661522098950627,0.871637383586111,4.12957052466543,0,319.574403472222,11.7715905537215,1.03976161305756,1.06710909637785,1.23372684923163,0.963635523518611
2023-05-06,10.8692353179134,15.8188958333333,0.768194444444444,100.593958333333,74.2070833333333,22.78960243756,5.79564756944444,0.735969692673052,0.797307027019444,4.1971740270248,0,316.223270138889,10.8690327064247,0.977443904724223,1.05350620852496,1.06609322664256,0.982814119268735
2023-05-07,11.1521868368575,15.8966690140845,0.768802816901409,102.360281690141,74.1593661971831,22.77519489716,6.225865625,0.811181002799913,0.840467992172685,4.08641434499335,2.286,190.072759722222,10.8692353179134,0.931947034614677,1.01430110081011,1.01385177702355,0.980299375980833
2023-05-08,10.5308105754361,17.3083333333333,0.632183908045977,105.152643678161,74.3328735632184,22.7711564199266,7.91162604166667,1.10899906473003,0.715416419286342,4.30609697950322,0,282.469959027778,11.1521868368575,0.88238727664155,0.979535896557777,0.932986307199913,0.980464186732994
2023-05-09,9.78813537215921,18.39554,0.5516,106.4792,74.5318,22.7574077639933,9.24298,1.37173593038278,0.707249798946991,4.47583521545442,3.048,209.445840972222,10.5308105754361,0.813707068308217,0.956178693760574,0.874430368803183,0.982560713895509
2023-05-10,9.75400055990367,19.152625,0.4078125,106.669880952381,74.5085416666667,22.7486751220733,9.43365972222222,1.41515176733606,0.671685159416667,4.6133067955644,0,302.288117361111,9.78813537215921,0.728529784654371,0.918438454832835,0.821622868521441,0.985159878485
2023-05-11,9.73522947930106,19.1356666666667,0.441319444444444,106.074027777778,74.5563888888889,22.7295546345333,9.31593659722222,1.3914276045756,0.576932416427778,4.58477699556419,0,304.845452083333,9.75400055990367,0.648486381876593,0.867580030849411,0.766413896976794,0.983935751928395
2023-05-12,9.25827486855561,20.0064861111111,0.509236111111111,106.871736111111,74.6701388888889,22.7180707128733,9.95355854166667,1.5276587980004,0.676039028009954,4.42586557453464,6.096,190.847756944444,9.73522947930106,0.604815528118423,0.826482808627189,0.732091903108246,0.990327509008858
2023-05-13,8.83674585013594,21.3049444444444,0.652152777777778,108.679444444444,74.8473611111111,22.7080500742066,11.295668125,1.81889174645187,0.666005554547685,4.26950790735168,1.27,227.760021527778,9.25827486855561,0.591412750340645,0.785510586404967,0.706387924478443,0.892169478796574
2023-05-14,8.40890204020087,22.3847638888889,0.474027777777778,108.705486111111,74.9320833333333,22.6934033072933,11.9466638194444,1.97297798646684,0.681222078595602,4.1538918010088,0,247.951579166667,8.83674585013594,0.554641917007312,0.7415939197383,0.691877305925463,0.85369097809463
2023-05-15,8.80066087636585,21.9497847222222,0.882638888888889,107.5525,74.8347222222222,22.68036978328,11.4780434027778,1.87061805890039,0.815714548945833,3.71614722550653,5.08,51.5901465277778,8.40890204020087,0.568871426005747,0.73185904754216,0.688783125522107,0.817249269499321
2023-05-16,9.24584762886808,21.1446458333333,1.00347222222222,108.520902777778,74.64375,22.67516964128,10.9950477777778,1.76472180688415,0.720862070694907,3.8754270255472,11.176,177.775695138889,8.80066087636585,0.615282465277778,0.725354417912531,0.689463831948177,0.786926920470926
2023-05-17,8.52420084418506,22.0801736111111,0.654375,108.645347222222,74.615625,22.6668528109066,11.4533914583333,1.86878587632202,0.798535680566667,3.65657918513558,0,298.335067361111,9.24584762886808,0.628129340277778,0.696364033297146,0.700874567150637,0.767219621730664
2023-05-18,8.68513784961061,21.7537986111111,0.620138888888889,108.342361111111,74.6320138888889,22.6442084653733,11.1262938194444,1.80110683440967,0.59929751843287,3.70019563235281,0,185.024019444444,8.52420084418506,0.654670138888889,0.665595514778627,0.691826112027662,0.739265843707191
2023-05-19,8.74771244069826,21.2519722222222,0.704722222222222,108.095833333333,74.6288194444444,22.6270850121933,10.6055370138889,1.69220484234972,0.541633030253935,3.74642620323946,0,181.802990277778,8.68513784961061,0.687595486111111,0.655336800181678,0.687413688755932,0.712000380460232
2023-05-20,8.79622929460171,21.6714583333333,0.683819444444444,107.96375,74.6646527777778,22.6085486789333,11.2132390277778,1.82599236882231,0.555512677385185,3.95650612718883,0,195.612081944444,8.74771244069826,0.709418402777778,0.650299763144641,0.672347894927836,0.690925400046836
2023-05-21,8.51635085513415,21.7886666666667,0.697847222222222,108.519861111111,74.788125,22.5921327647666,11.0667572222222,1.79672328026516,0.531608044899074,4.15736930133044,0,321.393627083333,8.79622929460171,0.715130208333333,0.645609948329826,0.655548206221759,0.673212134572145
2023-05-22,8.36784333890512,21.8996805555556,0.617986111111111,108.961597222222,74.9129861111111,22.57420056712,11.1884301388889,1.82689831394157,0.432832469505787,4.05449297388725,0,266.848113194444,8.51635085513415,0.733125,0.635555501277139,0.624499505085532,0.646036433061019
2023-05-23,8.27703063243612,21.9950486111111,0.559652777777778,108.4125,74.9931944444444,22.55543719596,11.198735,1.83266507294115,0.385504374122222,4.08987823942577,0,253.677761111111,8.36784333890512,0.692751736111111,0.630720092592593,0.570723233232581,0.624042296716744
2023-05-24,8.11956395727553,22.0596041666667,0.398194444444444,108.135625,75.0823611111111,22.53615575878,11.3151072916667,1.86125298199261,0.345326978722685,4.11559933511333,0,327.529685416667,8.27703063243612,0.617092013888889,0.620493055555556,0.523781346736053,0.59991410870179
2023-05-25,8.20827187408182,21.9771597222222,0.506736111111111,107.299236111111,75.1122222222222,22.5137102275133,11.1283077777778,1.82366156381977,0.308893369196528,4.11155821873696,0,227.901497916667,8.11956395727553,0.598637152777778,0.627087962962963,0.462576057814786,0.575727989353781
2023-05-26,8.18570672807424,21.7338125,0.394652777777778,107.246388888889,75.1546527777778,22.4927055501933,10.8515997916667,1.76442727437995,0.275876753408565,4.13249363011394,0,311.370384722222,8.20827187408182,0.570451388888889,0.623976851851852,0.422148462186748,0.555657611819167
2023-05-27,8.07776237587194,21.3381319444444,0.579583333333333,107.156111111111,75.2002083333333,22.4706389649133,10.4109428472222,1.66833758399378,0.249558315378472,4.13889863205893,0,196.984043055556,8.18570672807424,0.554809027777778,0.628666666666667,0.385639122827315,0.527225564310401
2023-05-28,8.19034571544077,20.8043819444444,0.771597222222222,106.007986111111,75.0931944444444,22.4548615043,9.83681340277778,1.54964717677501,0.282306494769676,4.2262917062079,5.334,85.3528326388889,8.07776237587194,0.56578125,0.63662962962963,0.351488350000376,0.501645626991867
2023-05-29,8.24456915245984,20.4408194444444,0.952152777777778,104.835486111111,74.7328472222222,22.4600042998733,9.45408097222222,1.47291434529984,0.778188626097685,3.10932470184978,20.574,121.211870833333,8.19034571544077,0.597569444444444,0.66850462962963,0.382310922650203,0.508110063492006
2023-05-30,8.23158664319168,20.5911666666667,0.784583333333333,104.168263888889,74.33875,22.46617128864,9.65392326388889,1.51552855660827,0.819602632645139,1.86479371730866,14.732,134.862352777778,8.24456915245984,0.618394097222222,0.661967592592593,0.430657193042622,0.50836926907196
2023-05-31,8.16629682467251,20.9197569444444,0.640694444444444,105.438611111111,74.2327083333333,22.4645663879466,10.1553677083333,1.62725903793762,0.710124084317824,1.81909595040106,0,208.019970833333,8.23158664319168,0.628524305555556,0.637782407407407,0.471234656817072,0.507653403313488
2023-06-01,7.74463113089493,21.6229236111111,0.459861111111111,106.802361111111,74.6104861111111,22.45087103222,10.7211690972222,1.75517271547074,0.621463149913889,1.84130463732189,0,338.82544375,8.16629682467251,0.636232638888889,0.624814814814815,0.505751678215972,0.495848567936636
2023-06-02,7.19546722710328,22.5892361111111,0.332361111111111,107.794722222222,74.7723611111111,22.4340451010933,11.5748165277778,1.95141173504533,0.550734403421528,1.89571816219372,0,336.560703472222,7.74463113089493,0.614435763888889,0.60562962962963,0.535981807494097,0.49261102693588
2023-06-03,7.11894343758494,23.2049861111111,0.256736111111111,107.024236111111,75.4286805555556,22.4158795714266,12.1976379861111,2.10080790428151,0.521461573506944,2.07945470268071,0.254,272.292551388889,7.19546722710328,0.597196180555556,0.575763888888889,0.566679910006395,0.491266263152747
2023-06-04,7.72416756547801,22.7664166666667,0.671527777777778,105.20375,75.3481944444444,22.39901752404,11.7571703472222,2.00098434088113,0.485164304206018,2.29188763627218,0,66.94214375,7.11894343758494,0.608689236111111,0.574944444444444,0.596130658609838,0.486576371607469
2023-06-05,7.46459348807603,22.5769300699301,0.472447552447552,106.247062937063,75.6586713286713,22.3821979369866,11.5056138194444,1.94628678844845,0.415868986852083,2.24515855794486,0,315.402988888889,7.72416756547801,0.571295527389277,0.5599177997928,0.612825970120139,0.478860434404336
2023-06-06,7.30250111410334,23.0185833333333,0.532152777777778,106.465694444444,75.9895138888889,22.3626788718,11.9747321527778,2.05601719470872,0.367974840805787,2.26634122852418,0,261.009084722222,7.46459348807603,0.518795527389277,0.554195577570578,0.561549246958652,0.474536592491003
2023-06-07,7.6354617046095,22.6773538461538,0.366,106.200330578512,77.4314615384615,22.3432654712811,11.552256971831,1.96160100315001,0.32805527166875,2.30602169212832,0.254,193.442167601683,7.30250111410334,0.466472610722611,0.541285392385392,0.500105826836603,0.470706652327438
2023-06-08,7.73906771234193,22.6013541666667,0.229861111111111,107.043194444444,79.7948611111111,22.3219093588933,11.4133468055556,1.93265167264826,0.290443406733102,2.31788018988717,0,319.427181944444,7.6354617046095,0.415118444055944,0.53006317016317,0.447645742138513,0.467047747528133
2023-06-09,7.45724734117407,22.6737972027972,0.182307692307692,106.317762237762,79.9811188811189,22.30061735,11.4808188194444,1.95160516865531,0.258037934678472,2.33141926689816,0,268.390584027778,7.73906771234193,0.380424266705517,0.508434608909609,0.402217590234086,0.463657385226929
2023-06-10,7.58084589676752,22.4744055944056,0.162307692307692,106.078531468531,79.9235664335664,22.2781726179867,11.4655275,1.95087423833536,0.231148140918519,2.37312720329025,0,334.964560416667,7.45724734117407,0.359167589355089,0.492944936544937,0.362269307421209,0.460675477727593
2023-06-11,7.9026122349827,22.2690902777778,0.272430555555556,106.174652777778,79.8678472222222,22.25916772246,11.3255296527778,1.92016430903345,0.215735859893519,2.52545123690552,2.54,227.361693055556,7.58084589676752,0.361129394910645,0.472468084693085,0.324053593219531,0.458420647361929
2023-06-12,7.91096252814293,22.5010416666667,0.329166666666667,106.065277777778,79.9523611111111,22.2413411761133,11.2478381944444,1.90579205487768,0.203035529185185,2.99174331103679,0.508,194.768569444444,7.9026122349827,0.318334256021756,0.442972714322714,0.288787496341927,0.453135916322963
2023-06-13,7.81875324090678,22.5450992907801,0.27886524822695,105.942978723404,80.0214184397163,22.21736082868,11.2414754861111,1.90652181230223,0.180946290670833,2.99927876580998,0,297.213550694444,7.91096252814293,0.294136467994181,0.398086879019326,0.259422159319271,0.413319760627839
2023-06-14,8.06667260657875,22.2173776223776,0.434265734265734,105.046993006993,80.0360839160839,22.19594058958,10.87432875,1.82528616907689,0.170438544207176,3.11882343786476,0,134.732703472222,7.81875324090678,0.281900587555175,0.374732372414819,0.234730122244444,0.370042154731975
2023-06-15,7.8420642983751,22.5563309859155,0.260985915492958,105.614225352113,80.1580281690141,22.1739175636066,11.3895691666667,1.94911924489543,0.160974304447917,3.30548552408259,0,242.907098611111,8.06667260657875,0.268773826991795,0.34941847048472,0.21384500134184,0.333432169407315
2023-06-16,7.51773248978464,22.8329366197183,0.132676056338028,105.417816901408,80.3031690140845,22.1542568307666,11.44687625,1.9616912772218,0.14489305445787,3.3281830097905,0,272.637327083333,7.8420642983751,0.25662569514516,0.327606133499848,0.195651207307436,0.301660829710247
2023-06-17,7.11698201653378,23.6070138888889,0.0652777777777778,104.941319444444,80.6836805555556,22.1284272109333,12.1363347916667,2.13085221747235,0.13169723047963,3.33940253295092,0,325.025795833333,7.51773248978464,0.24199695582892,0.309800577944292,0.179858619282581,0.273725018180787
2023-06-18,6.96164322071064,23.6959652777778,0.112083333333333,105.239166666667,80.7861805555556,22.1053289894133,12.2422727777778,2.15738732854459,0.119682844951157,3.34661637138133,0,321.870011111111,7.11698201653378,0.235718910957125,0.300157059425774,0.165925457286661,0.246939769610401
2023-06-19,7.21963379458587,23.3992605633803,0.318450704225352,105.112183098592,80.5872535211268,22.0874680751733,11.9153336111111,2.08400372048732,0.121456328892593,3.31085330910616,19.812,126.115104166667,6.96164322071064,0.24147142954085,0.276618587855612,0.154140515911545,0.222692571256173
2023-06-20,7.47824700915142,23.0617902097902,0.671188811188811,104.143006993007,79.7400699300699,22.1224641316733,11.5780034027778,2.00510280566755,0.227520536015278,2.45526658179325,25.654,80.3346118055556,7.21963379458587,0.284224197606118,0.289868005105029,0.157201141765307,0.210136007867052
2023-06-21,7.73634839528077,22.6388055555556,1.12006944444444,103.360555555556,79.6481944444444,22.1258071086466,11.1323514583333,1.90442767881973,0.527237200090972,1.20945386416485,4.826,79.0478597222222,7.47824700915142,0.389374722133305,0.329062449549474,0.200487505442824,0.220753498486065
2023-06-22,7.82956901048627,22.0299788732394,1.2087323943662,102.354366197183,79.2214084507042,22.1625790561,10.4762058333333,1.75828100654041,0.930870580115278,1.70629208027437,19.05,55.9235104166667,7.73634839528077,0.486183054645863,0.385244609173887,0.295541509931337,0.260941185715833
2023-06-23,8.00355701769813,22.0102291666667,0.936319444444444,102.690625,78.8984722222222,22.2183589961866,10.7556688888889,1.82310343353072,1.02038350830023,0.735671434060184,0.254,210.16136875,7.82956901048627,0.570599745764799,0.432341831396109,0.402967660412876,0.309603859153642
2023-06-24,7.66319460260603,23.0556363636364,0.552097902097902,104.235524475524,79.0141258741259,22.2254809428266,11.7130022222222,2.0474208498174,0.960539698544444,0.871530447230985,0,248.037617361111,8.00355701769813,0.623027476484783,0.45699451204879,0.504923490923698,0.35643731007804
2023-06-25,7.40087832819038,23.5636013986014,0.398181818181818,106.052377622378,79.0365034965035,22.2190553956066,12.4179933333333,2.22156734154953,0.852518452157639,0.927199875045815,0,287.453300694444,7.66319460260603,0.664640481535288,0.472719453773732,0.595026143633449,0.397861997493981
2023-06-26,7.8316205106469,23.3597482517483,0.474825174825175,106.395664335664,78.9455244755245,22.20380838944,11.9325999305556,2.10668942935638,0.757047933586111,1.01820006334844,2.286,292.964300694444,7.40087832819038,0.709983211721768,0.486212428391706,0.674696779712818,0.433949469073488
2023-06-27,7.47726534066397,23.8175714285714,0.536642857142857,106.428671875,79.286,22.1913323746685,12.2445465034965,2.18543791520005,0.673742464449537,1.11574978858234,0.254,219.227807152875,7.8316205106469,0.737257230836456,0.500044174423452,0.743732546657436,0.465329931424444
2023-06-28,6.76465635044753,24.77595,0.311142857142857,105.662214285714,79.8002142857143,22.1730414820466,13.1705572916667,2.4152900327241,0.582647034739815,1.09261356807529,0,291.098063194444,7.47726534066397,0.692251486580712,0.502196015017846,0.788123358998003,0.492109981029043
2023-06-29,6.76252061628286,24.9777832167832,0.295454545454545,106.764615384615,79.9051048951049,22.1454322747133,13.3034449305556,2.45428943214529,0.514480635671065,1.13014041169695,0,310.030884027778,6.76465635044753,0.589174624206975,0.492941935763767,0.786528788445515,0.515046120459969
2023-06-30,6.77628042639119,25.1473636363636,0.339090909090909,107.200979020979,79.8684615384615,22.12132064992,13.4272374305556,2.48933863987327,0.469774834969676,1.26479213931685,0,212.354231944444,6.76252061628286,0.480469438547564,0.498148935336964,0.728891820302315,0.535632822494753
2023-07-01,6.593383815531,25.6558873239437,0.299929577464789,107.846056338028,80.0021830985915,22.0985935317133,13.6930109722222,2.56057886491601,0.426119437559954,1.42051290351095,0,211.91680625,6.77628042639119,0.400920705175107,0.509299170078748,0.65460881145978,0.554381248034892
2023-07-02,6.64594714124855,25.8576363636364,0.311958041958042,108.668811188811,80.1060839160839,22.0791673797266,13.8393420138889,2.60205169907749,0.385924004932176,1.53409864144293,0.762,282.916048611111,6.593383815531,0.370903222657624,0.525744521024099,0.582781849758247,0.571329699665062
2023-07-03,6.98518662510569,26.3437762237762,0.382027972027972,107.636503496503,80.2552447552448,22.0584033276133,14.4225499305556,2.75748497324651,0.344050579571296,1.59437005421475,0,243.721714583333,6.64594714124855,0.368883991888393,0.543740830270408,0.519223365684954,0.586287548639738
2023-07-04,6.33525241900272,26.7719295774648,0.540774647887324,107.743450704225,80.3882394366197,22.0364845042933,14.8234400694444,2.87089086774574,0.317336914040046,1.71521138392148,0,217.553453472222,6.98518662510569,0.377127676021162,0.558562426514539,0.464259488241696,0.599346254316235
2023-07-05,5.92401825109465,27.5202112676056,0.419718309859155,107.039507042254,80.7074647887324,22.0555835119,15.60583125,3.08522863798578,0.281140971521296,1.77564591242914,0,274.957706944444,6.33525241900272,0.362512107610699,0.541797726425895,0.415184301625665,0.602920950016636
2023-07-06,5.75447533001494,28.0598111888112,0.0836363636363636,106.835664335664,80.8724475524476,22.14385659672,16.1394857638889,3.23940167988405,0.26154511455787,1.92085353238271,10.668,306.327479861111,5.92401825109465,0.334073795922387,0.472702187705357,0.375046561602922,0.585208144314429
2023-07-07,5.49798295916281,28.8454920634921,0.150952380952381,105.523095238095,80.7549206349206,22.0820295558666,16.7219855555556,3.40940100525324,0.240915830517593,2.09634372990637,0,273.596390277778,5.75447533001494,0.316011025359617,0.402183520144436,0.340850960958738,0.539211161007917
2023-07-08,5.51899585578952,28.8993333333333,0.362916666666667,103.852083333333,80.885,21.9511291936733,16.8210713194444,3.44362588852186,0.215043548633102,2.13639895893723,0,260.613542361111,5.49798295916281,0.318989245056587,0.363956668292584,0.309009550166667,0.485521830363441
2023-07-09,NA,NA,NA,NA,NA,21.9537907072733,16.4383267361111,3.33654768343911,0.226261113078704,2.22508792497069,8.89,178.449888888889,5.51899585578952,NA,NA,0.28402725960651,0.436569924665725
2023-07-10,5.3825816974401,28.5148571428571,0.455714285714286,104.805714285714,80.7757142857143,21.9437877021333,16.2702286805556,3.29228192452365,0.235029328030556,1.82381249040693,0,296.751359027778,NA,NA,NA,0.265165424993808,0.395403983057253
2023-07-11,5.34632396535583,28.1016666666667,0.39,105.526666666667,80.71,21.92475033694,16.3518184722222,3.31900089765827,0.211957591083796,1.88717969254489,0,335.168976388889,5.3825816974401,NA,NA,0.24865380143287,0.359064626890432
2023-07-12,NA,NA,NA,NA,NA,21.9069486174,16.0295760416667,3.23164845537246,0.191600987493981,1.94370455690735,0,289.392667361111,5.34632396535583,NA,NA,0.232936810614612,0.326921861760062
2023-07-13,NA,NA,NA,NA,NA,21.8886777361533,16.0101224305556,3.23241243728739,0.190182412543519,2.02236033161131,19.812,274.748214583333,NA,NA,NA,0.22156699074239,0.300757553613642
2023-07-14,5.6642238607356,27.8138674698795,0.603734939759036,105.273493975904,79.7602409638554,21.91349015626,15.6867725694444,3.1439567855017,0.206297614963194,1.91581226582731,17.78,210.383546527778,NA,NA,NA,0.214661053293056,0.280212018899784
2023-07-15,5.65436681776211,27.8590694444444,0.506458333333333,103.44375,79.6659722222222,21.90666777976,15.8079951388889,3.18341382814731,0.19237605780162,2.01860313765936,7.112,223.905736805556,5.6642238607356,NA,NA,0.208593581703559,0.26171876708858
2023-07-16,5.36944684999215,28.4991805555556,0.457708333333333,102.227777777778,79.7826388888889,21.8992749861466,16.4058889583333,3.35656935575616,0.612637640237037,2.72077976058524,3.302,279.078979166667,5.65436681776211,NA,NA,0.258292843154051,0.274153313933719
2023-07-17,5.67137306786186,28.4967152777778,0.581666666666667,102.306944444444,79.9215277777778,21.8821204619933,16.3814045833333,3.35637373642703,0.774843781272454,0.806532778573888,0.508,243.397166666667,5.36944684999215,NA,NA,0.32686567667827,0.300081299023071
2023-07-18,5.66995938292504,28.4327083333333,0.624722222222222,102.757638888889,79.9305555555556,21.8645118120866,16.2118984722222,3.31431230956741,0.708087469046759,0.996450239672505,0,298.291038888889,5.67137306786186,NA,NA,0.385997944305295,0.324350424988102
2023-07-19,5.361903064719,28.5134428571429,0.512571428571429,104.037142857143,79.9164285714286,21.8526024378866,16.3407672222222,3.35641141136784,0.63087752204213,1.11503719313352,6.604,243.427294444444,5.66995938292504,NA,NA,0.438362935675087,0.345253132188241
2023-07-20,5.36616797129859,28.6142361111111,0.328402777777778,103.477083333333,79.8305555555555,21.8349125139066,16.3798904861111,3.37317498162486,0.564554103294213,1.22535776406037,23.368,199.577525694444,5.361903064719,NA,NA,0.484982075150116,0.364147340973102
2023-07-21,5.34691176020642,28.6329513888889,0.255208333333333,101.922222222222,79.6465277777778,21.8247387682733,16.4130584027778,3.38690890138025,0.506257781620139,1.33816624069597,0,275.949775,5.36616797129859,0.483809129374641,NA,0.524491496284693,0.380461518777253
2023-07-22,5.46166550010587,28.1319722222222,0.475,101.622916666667,79.6611111111111,21.8046518335933,15.890409375,3.24244782934591,0.455125422597917,1.45586875966742,0,130.83090625,5.34691176020642,0.467717261904762,NA,0.555594972239034,0.394742158249275
2023-07-23,5.57639821788689,27.9529930555556,0.487430555555556,102.202083333333,79.6520833333333,21.7871595749533,15.6683676388889,3.18400896358969,0.500497009224074,1.55284111626487,3.556,222.832326388889,5.46166550010587,0.46533878968254,NA,0.59411009116684,0.41377238895534
2023-07-24,5.33558781974197,28.2590347222222,0.398888888888889,102.570138888889,79.7833333333333,21.7696295515933,15.8751347222222,3.24681728560699,0.481493197752315,1.29791430239861,0,312.111374305556,5.57639821788689,0.457986359126984,NA,0.57771703585625,0.430787861266914
2023-07-25,5.37560437692397,28.2847708333333,0.328958333333333,102.458333333333,79.8597222222222,21.7696144157333,15.9044388888889,3.26091441413735,0.429854204819213,1.37114619676627,0,266.652257638889,5.33558781974197,0.426397817460317,NA,0.534593338799595,0.443776186386157
2023-07-26,5.35976972229855,28.2872916666667,0.322430555555556,102.849305555556,79.9277777777778,21.7584928056,15.8840646527778,3.25895926787484,0.384250256252778,1.44551765271128,0,248.569154861111,5.37560437692397,0.388611359126984,NA,0.494113687200347,0.45526236406409
2023-07-27,5.50391701795293,28.4083541666667,0.342291666666667,103.397222222222,80.0166666666667,21.7046622443933,15.9517602777778,3.28352375032762,0.352699961019444,1.58986577140829,0,270.062036111111,5.35976972229855,0.367326388888889,NA,0.459341492072512,0.466002295632454
2023-07-28,5.45001819471422,28.5639652777778,0.298333333333333,102.401388888889,80.1840277777778,21.6875284508733,16.0951672222222,3.32798368751548,0.322883361724074,1.82869122885422,1.778,251.644988194444,5.50391701795293,0.363567708333333,0.434920424555364,0.429132649376244,0.474849025577824
2023-07-29,5.41282572384006,28.5944375,0.266111111111111,101.441666666667,80.1916666666667,21.6744768937066,16.1555207638889,3.34362455060455,0.29178771074375,1.93448566135229,0,275.070670138889,5.45001819471422,0.364930555555556,0.412412169312169,0.402323890516696,0.480548365296528
2023-07-30,5.28213143237114,28.8421180555556,0.288819444444444,101.505555555556,80.3770833333333,21.6842534603866,16.4371398611111,3.42643954635003,0.260080916030093,1.9622641509434,0,253.412024305556,5.41282572384006,0.341657986111111,0.39790291005291,0.377943327195718,0.485062022511759
2023-07-31,4.99241873282641,29.0575277777778,0.229236111111111,102.679166666667,80.6111111111111,21.6248374171666,16.62758125,3.48375309828452,0.242241036286574,2.11772538335866,0,289.350032638889,5.28213143237114,0.309383680555556,0.382671428571429,0.34566133057853,0.460368915581728
2023-08-01,5.04153438374141,28.7099027777778,0.342152777777778,102.85625,80.6201388888889,21.5967325229066,16.24063375,3.37985633476217,0.215115697546065,2.25652357265636,0,282.424751388889,4.99241873282641,0.302291666666667,0.366703835978836,0.312364143052749,0.423053709999969
2023-08-02,5.27600746503896,28.2300416666667,0.596666666666667,102.658333333333,80.5666666666667,21.57013332202,15.7093403472222,3.23153199314959,0.193515586221065,2.2863408950723,0,233.428743055556,5.04153438374141,0.335755208333333,0.364833465608466,0.28282181572798,0.388748917811589
2023-08-03,5.98540575339372,27.5225972222222,0.974722222222222,99.4576388888889,80.4145833333333,21.5508896995133,15.0108788194444,3.0402383810507,0.271991322242824,2.70137955650564,6.858,30.7962548611111,5.27600746503896,0.417291666666667,0.395643518518519,0.268789448976736,0.364823171158302
2023-08-04,6.10064633558614,27.3989166666667,0.838611111111111,99.86875,80.3951388888889,21.5350862132133,14.8099146527778,2.9901639013093,0.401921965368287,1.19453181612394,0.508,262.357090972222,5.98540575339372,0.479331597222222,0.429657407407407,0.274942199520341,0.353981028629907
2023-08-05,5.50359445569539,27.8476805555556,0.731944444444444,102.463888888889,80.6125,21.5159277111866,15.2085983333333,3.10446830552678,0.356061782059491,1.23962078331518,0,272.245416666667,6.10064633558614,0.533532986111111,0.461439814814815,0.279089502062269,0.343967961992531
2023-08-06,5.77329558897938,27.3867291666667,0.701468531468531,101.958333333333,80.2375,21.4989876866466,14.7653238888889,2.98622872757073,0.324841992508333,1.34895904782435,12.954,124.555961111111,5.50359445569539,0.587952663655789,0.476537716912717,0.283221287282841,0.335282399986559
2023-08-07,5.69803262777075,27.5284097222222,0.824265734265734,102.659722222222,80.1868055555556,21.4837289914,14.7790420833333,2.99326920753094,0.295577650701157,1.50046395925056,0,245.180691666667,5.77329558897938,0.65488344988345,0.498993395493395,0.287658379116725,0.321621109418364
2023-08-08,6.16096389058762,27.0375333333333,0.789733333333333,102.052,80.3346666666667,21.469845901056,14.3871829333333,2.88739842336042,0.268883083411574,1.63561820054376,0,269.957246527778,5.69803262777075,0.724945602661228,0.525049691789692,0.29098863500735,0.307447101795648
2023-08-09,NA,NA,NA,NA,NA,NA,NA,NA,0.238317939144213,1.68511687854915,0,217.27920625,6.16096389058762,NA,NA,0.293888915207118,0.294678017417315
2023-08-10,NA,NA,NA,NA,NA,NA,NA,NA,0.230016039593056,1.80590343605995,4.826,118.231982638889,NA,NA,NA,0.298451471878617,0.284395736306667
2023-08-11,NA,NA,NA,NA,NA,NA,NA,NA,0.22504466118588,1.68078320254027,0,267.017218055556,NA,NA,NA,0.292583139246499,0.275885382984429
2023-08-12,NA,NA,NA,NA,NA,NA,NA,NA,0.203623330623148,1.76902154089853,0,264.889815972222,NA,NA,NA,0.267795809903356,0.267934714244367
2023-08-13,NA,NA,NA,NA,NA,NA,NA,NA,0.184443921429398,1.84367584669591,0,277.550673611111,NA,NA,NA,0.246343577324595,0.260778461623411
2023-08-14,NA,NA,NA,NA,NA,21.3374223158656,15.1869126666667,3.14028183479218,0.17337914291713,1.93685782300852,6.858,156.540995833333,NA,NA,NA,0.227410721125694,0.25499834341588
2023-08-15,NA,NA,NA,NA,NA,21.3223074922133,14.7512127777778,3.02573856891354,0.16215839543125,2.17557014659744,0,226.30501875,NA,NA,NA,0.210733314216956,0.249659500692191
2023-08-16,NA,NA,NA,NA,NA,21.2983774477866,14.6581007638889,3.00256341517138,0.14586335123588,2.22948816334547,0,248.951318055556,NA,NA,NA,0.195355847694994,0.245042677604846
2023-08-17,NA,NA,NA,NA,NA,21.2754747436133,14.6442175,3.00384368435732,0.136228288315046,2.34823142735865,0,220.292747916667,NA,NA,NA,0.182594641341348,0.241223524411111
2023-08-18,NA,NA,NA,NA,NA,21.25051176416,14.2472255555556,2.89966115279344,0.123600106519676,2.46367791917935,0,289.854023611111,NA,NA,NA,0.169292649707176,0.231330776696235
2023-08-19,NA,NA,NA,NA,NA,21.2332891869155,13.8578222222222,2.79925549234281,0.112171400402315,2.48767983655092,0,294.745613194444,NA,NA,NA,0.15518349210923,0.21201407236517
2023-08-20,NA,NA,NA,NA,NA,NA,NA,NA,0.103421753185417,2.5493847108731,0,289.82356875,NA,NA,NA,0.142658294929514,0.195171403773565
2023-08-21,NA,NA,NA,NA,NA,21.1744926850317,14.3340936781609,2.9383226889305,0.0959028815425926,2.61649776519007,0,233.659426388889,NA,NA,NA,0.131590664943663,0.179908796375849
2023-08-22,NA,NA,NA,NA,NA,21.15704633006,14.5725071527778,3.0043721407983,0.0890614669722222,2.67452942578032,0,240.874654166667,NA,NA,NA,0.12105095545055,0.16614105079392
2023-08-23,NA,NA,NA,NA,NA,21.1307889598333,14.3547185416667,2.9485250999445,0.081846045169213,2.70289540378146,0,280.609329861111,NA,NA,NA,0.111011911667795,0.153671914911096
2023-08-24,NA,NA,NA,NA,NA,21.1073865724666,14.1100193055556,2.88423591937499,0.0764927019287037,2.76722057314062,0,179.580098611111,NA,NA,NA,0.102340580504398,0.142883565763395
2023-08-25,NA,NA,NA,NA,NA,21.0905265232133,13.95984875,2.84775438756833,0.0746396419803241,2.82881410142507,1.016,183.880359722222,NA,NA,NA,0.0946419997125579,0.13252513925588
2023-08-26,NA,NA,NA,NA,NA,21.0670823249066,14.281115625,2.93822777837261,0.0722539532921296,3.39946254717397,0,217.073311111111,NA,NA,NA,0.0882237305591146,0.122339092062963
2023-08-27,NA,NA,NA,NA,NA,21.0429025138133,14.5033265277778,3.00667788037049,0.070171183937037,3.43988145639289,0.508,158.413638194444,NA,NA,NA,0.0829737035009549,0.113442282283889
2023-08-28,NA,NA,NA,NA,NA,21.0372225700466,14.1977749305556,2.92389002130199,0.10671673037963,2.44084310996222,14.986,48.7391506944444,NA,NA,NA,0.0833855756502315,0.108260469547238
2023-08-29,NA,NA,NA,NA,NA,21.0281709760933,13.7688413194444,2.81189334721728,0.25808939382963,0.937315003617707,34.544,69.8689743055556,NA,NA,NA,0.103658889686111,0.113907819608071
2023-08-30,NA,NA,NA,NA,NA,21.0432683220733,13.6191838888889,2.7751098416262,0.272377000623148,1.12771410986545,0,182.449035416667,NA,NA,NA,0.126573331392477,0.121255726620864
2023-08-31,NA,NA,NA,NA,NA,21.0213559926866,13.1390329861111,2.64705042427636,0.311661022718056,0.723431345514215,0,292.905935416667,NA,NA,NA,0.155300203586082,0.132308904719676
2023-09-01,NA,NA,NA,NA,NA,20.99438573844,12.9598715277778,2.6042025563703,0.27394570897338,0.7649331409704,0,285.795797916667,NA,NA,NA,0.179981829466667,0.141490066096898
2023-09-02,NA,NA,NA,NA,NA,20.9711114813733,12.6912555555556,2.53607935986065,0.241007077672222,0.801239720358533,0,279.063167361111,NA,NA,NA,0.200777758928154,0.149317197507068
2023-09-03,NA,NA,NA,NA,NA,20.95019202444,13.0259750694444,2.62896321855806,0.212934784449074,0.849568986994868,0,262.134516666667,NA,NA,NA,0.218362862822772,0.156034756443519
2023-09-04,NA,NA,NA,NA,NA,20.9297474738466,13.6677100694444,2.80865706176064,0.188932008221065,0.904151515576958,0,265.984860416667,NA,NA,NA,0.233207965858275,0.161735440112562
2023-09-05,NA,NA,NA,NA,NA,20.90668601798,13.9521540277778,2.89089734203117,0.167981237112731,0.960071752730994,0,265.004961111111,NA,NA,NA,0.240866029199913,0.166540663817238
2023-09-06,NA,NA,NA,NA,NA,20.8835088701933,14.0007369444444,2.90585975945703,0.149957802046528,1.02239722077766,0,239.986273611111,NA,NA,NA,0.227349580227025,0.170600419488858
2023-09-07,NA,NA,NA,NA,NA,20.8685412030666,13.70677125,2.82646238760231,0.138104160052083,1.14088159031979,26.67,140.355920138889,NA,NA,NA,0.210565475155642,0.174350960481049
2023-09-08,NA,NA,NA,NA,NA,20.8636736004066,13.3952892361111,2.73956433348485,0.131314735139583,1.40186727104518,2.794,247.554802083333,NA,NA,NA,0.188022189208333,0.178005762695108
2023-09-09,NA,NA,NA,NA,NA,20.8453761439866,13.3061351388889,2.70888870050942,0.169355780006019,1.61010418689739,6.096,129.837610416667,NA,NA,NA,0.174948448087413,0.184320171896821
2023-09-10,NA,NA,NA,NA,NA,20.8363373380866,12.851045,2.58547158651743,0.393710782465046,0.73975161054301,9.144,93.5505673611111,NA,NA,NA,0.194036411186516,0.205750627175015
2023-09-11,NA,NA,NA,NA,NA,20.82307582706,12.95577375,2.60865889705985,0.44053383545787,0.513004544786742,0,226.2474875,NA,NA,NA,0.222486292562616,0.230441470609738
2023-09-12,NA,NA,NA,NA,NA,20.8035072081666,12.9698063194444,2.60668732431247,0.393241814530787,0.585491941391447,0.508,176.977134722222,NA,NA,NA,0.248025018351331,0.249543142886481
2023-09-13,NA,NA,NA,NA,NA,20.78307339754,12.9566536111111,2.60143079283864,0.349576868000232,0.648001590411398,0,203.438980555556,NA,NA,NA,0.270724472212269,0.255642307831188
2023-09-14,NA,NA,NA,NA,NA,20.7617900305733,12.7937386111111,2.55397711926707,0.305776111751157,0.667956313922118,0,256.8788625,NA,NA,NA,0.290201760925347,0.257868915239722
2023-09-15,NA,NA,NA,NA,NA,20.7378289651266,12.4793431944444,2.46673041626752,0.269040113398611,0.696063004547086,0,258.551723611111,NA,NA,NA,0.306568755093663,0.255027521285093
2023-09-16,NA,NA,NA,NA,NA,20.7150402045066,12.4210375694444,2.45038529471071,0.237232522409491,0.724538833268855,0,244.908414583333,NA,NA,NA,0.319808478502402,0.252579975514167
2023-09-17,NA,NA,NA,NA,NA,20.7005298601466,11.7982636805556,2.28883621725731,0.261267129040278,1.41323814281015,9.906,40.0763666666667,NA,NA,NA,0.331297397131684,0.25393064560537
2023-09-18,5.48517658692027,24.7094468085106,1.49595744680851,101.093617021277,81.4787234042553,20.7284877417466,11.3892048611111,2.18068764302984,0.411581431597917,0.514289912570715,0,214.012806944444,NA,NA,NA,0.333531228273293,0.267173755415293
2023-09-19,5.59123333366238,24.3520694444444,1.29722222222222,100.063888888889,81.5027777777778,20.7916273064333,11.2631190972222,2.14758411842638,0.360236869890509,0.531630544751952,0,221.708188194444,5.48517658692027,NA,NA,0.323494107577373,0.27859407952659
2023-09-20,5.68484610621718,24.0361736111111,1.30916666666667,100.034722222222,81.5326388888889,20.7269037215466,10.9999023611111,2.07926327142934,0.316292346322222,0.553498108042831,0,217.044972916667,5.59123333366238,NA,NA,0.313875424051302,0.288481486807222
2023-09-21,5.73270262602522,23.9216666666667,1.24416666666667,100.646527777778,81.5916666666667,20.6244057756666,10.96716125,2.0668527811024,0.278589764738657,0.582702865336606,0,196.393118055556,5.68484610621718,NA,NA,0.305002036143605,0.297056950986698
2023-09-22,5.53803934797421,23.8564930555556,1.24916666666667,101.158333333333,81.6833333333333,20.5959606992066,10.7190892361111,2.00508687253,0.245756173766667,0.608745207750492,0,223.235026388889,5.73270262602522,NA,NA,0.297499543895544,0.304233751901003
2023-09-23,5.87906117300958,22.8994930555556,1.34833333333333,98.2694444444444,81.5229166666667,20.5904597881866,9.77984118055556,1.77637160578456,0.257144561373843,1.1491288695419,6.35,54.2662604166667,5.53803934797421,NA,NA,0.296012599892448,0.312622406983287
2023-09-24,5.99833715400882,22.5642430555556,1.48722222222222,95.9881944444444,81.4444444444444,20.5673976829266,9.52662736111111,1.72308352381322,0.404956994273148,0.465061440511437,0,137.689829861111,5.87906117300958,NA,NA,0.316978158875405,0.328329154601096
2023-09-25,6.13553309710874,22.2762777777778,1.57611111111111,96.2638888888889,81.5569444444444,20.54953202312,9.22923847222222,1.65368095739518,0.374054978243056,0.446751478534655,0,80.6403868055556,5.99833715400882,1.37591829196218,NA,0.331076640025752,0.327018767652963
2023-09-26,6.39122308821433,22.0337569444444,1.71194444444444,94.0236111111111,81.6284722222222,20.53015362652,9.00173111111111,1.59263160823434,0.332299855879167,0.507677423680757,1.778,32.5340527777778,6.13553309710874,1.40291666666667,NA,0.321166443060909,0.319803169014383
2023-09-27,6.88389629793937,21.6481527777778,1.62944444444444,90.0840277777778,81.7895833333333,20.5114064901933,8.56270326388889,1.49991656764701,0.296066247383796,0.568016886407374,0.762,53.0029020833333,6.39122308821433,1.44444444444444,NA,0.313145115247569,0.31332479787125
2023-09-28,6.91383409940309,21.4716736111111,1.46888888888889,89.8104166666667,81.8951388888889,20.4901142315333,8.56555034722222,1.49332419899179,0.26136421176875,0.590660260743014,0,144.994138194444,6.88389629793937,1.46440972222222,NA,0.306279098428385,0.307443954122485
2023-09-29,6.45379166687721,21.7120972222222,1.32888888888889,92.41875,81.9784722222222,20.4690437656733,8.81429256944444,1.54851847612497,0.231258486314815,0.619379702697743,0,209.333001388889,6.91383409940309,1.475,NA,0.300362688625405,0.302476112426728
2023-09-30,6.04835528620087,22.1869166666667,1.25138888888889,96.1076388888889,82.0958333333333,20.4495459306533,9.25819159722222,1.64872753867928,0.20496657362037,0.649653173206336,0,215.678115277778,6.45379166687721,1.47527777777778,NA,0.295263988607118,0.298204543108179
2023-10-01,5.84486248973868,22.4196736111111,1.32083333333333,99.4472222222222,82.1708333333333,20.4285258177533,9.52993631944444,1.70779055829814,0.18201101764375,0.679124075677157,0,215.107286111111,6.04835528620087,1.47184027777778,NA,0.285872295640856,0.29452310945713
2023-10-02,5.75649485616079,22.4729097222222,1.28944444444444,100.43125,82.2236111111111,20.4055703129066,9.60082451388889,1.72351753284454,0.161980675682407,0.707426669985458,0,210.653692361111,5.84486248973868,1.44711805555556,1.40054531126872,0.255500255817014,0.287904012566605
2023-10-03,5.71277610355973,22.5130208333333,1.11111111111111,101.571527777778,82.2638888888889,20.3829410033266,9.63398805555556,1.73079578795875,0.144533370906481,0.737766293256596,0,168.803125694444,5.75649485616079,1.38899305555556,1.37488888888889,0.226810054899942,0.270100808520509
2023-10-04,5.89126468958508,22.4117708333333,1.16583333333333,101.733333333333,82.2972222222222,20.35891100228,9.61295680555556,1.72359482935519,0.129296157096759,0.775473695439887,0,187.556504166667,5.71277610355973,1.32072916666667,1.36612962962963,0.201434592552141,0.254704761000926
2023-10-05,6.03151105869144,22.1370277777778,1.33083333333333,101.377083333333,82.2680555555556,20.33530505508,9.22078770833333,1.63538169689787,0.115904045634722,0.810150221074891,0,105.683571527778,5.89126468958508,1.28340277777778,1.36757407407407,0.178914317333507,0.241345540955093
2023-10-06,6.10156050192332,21.9333402777778,1.08159722222222,100.449305555556,82.1118055555556,20.3151692160866,9.19984729166667,1.62571419217284,0.10431937054375,0.854348787892657,22.352,120.619740277778,6.03151105869144,1.23499131944444,1.35673611111111,0.159283712180382,0.229727514675432
2023-10-07,5.85636711138853,21.7940138888889,1.17888888888889,100.526388888889,81.6944444444444,20.3137929018466,8.83924034722222,1.54613595145815,0.0972678753150463,0.987188367539501,0.762,204.182509027778,6.10156050192332,1.21624131944444,1.35205092592593,0.142534885805411,0.219828294778657
2023-10-08,6.14971309904395,20.9270138888889,1.5275,95.7645833333333,82.0458333333333,20.2870830043733,8.00945972222222,1.3630574895983,0.1117533611125,0.977906899465474,0,140.619890277778,5.85636711138853,1.25075520833333,1.36399537037037,0.130883234241927,0.210135548094568
2023-10-09,6.53907468834767,20.2398958333333,1.45993055555556,90.1284722222222,82.2284722222222,20.2641468314666,7.29519041666667,1.21647562663588,0.107398431505787,1.21514485415792,5.334,89.1104361111111,6.14971309904395,1.26814236111111,1.36217592592593,0.121556660974682,0.190298310576744
2023-10-10,6.80093365667532,19.8070625,1.47027777777778,86.7569444444444,82.3756944444444,20.2466768520133,7.03054951388889,1.15584828821363,0.12814495752963,0.790720010598132,0,177.003879166667,6.53907468834767,1.29074652777778,1.35512037037037,0.117327196205584,0.173904309195849
2023-10-11,7.00041594351769,19.3481944444444,1.63916666666667,85.2236111111111,82.4770833333333,20.2235399666133,6.53140243055556,1.05677623939357,0.114119421052315,0.832116924049574,0,124.54780625,6.80093365667532,1.35675347222222,1.35026851851852,0.113525452473814,0.159358946874059
2023-10-12,6.82940624623921,19.2813819444444,1.70416666666667,86.6465277777778,82.49375,20.2029519500466,6.60038763888889,1.06806955392358,0.101921480201157,0.874448915006689,0,169.959728472222,7.00041594351769,1.42404513888889,1.35525,0.110103617861863,0.146415962395216
2023-10-13,6.70258229803006,19.3247916666667,1.64138888888889,88.4631944444444,82.5375,20.1796013642866,6.53584284722222,1.05620498821327,0.0912694359115741,0.912567861336185,0,174.279415972222,6.82940624623921,1.46286458333333,1.36675,0.10702429164647,0.135076310671404
2023-10-14,6.76717552301875,19.3083055555556,2.13166666666667,89.3395833333333,82.5069444444444,20.16519881922,6.47671506944445,1.04349925937174,0.0846471206136574,1.04036751295759,5.334,49.8361013888889,6.70258229803006,1.59412326388889,1.42026851851852,0.104565260405208,0.12530221962466
2023-10-15,6.95157501245098,18.7433472222222,2.12666666666667,88.3673611111111,82.5569444444444,20.1483084482933,5.84346798611111,0.920636433738082,0.0875845362833333,0.981247274313127,0,138.904295833333,6.76717552301875,1.71259548611111,1.47862037037037,0.103354843026244,0.117476750468858
2023-10-16,7.26064606443811,18.2671363636364,1.84909090909091,87.3862244897959,82.3570909090909,20.1223678321533,5.43280645833333,0.841982438875561,0.079467783575,1.04809207188443,0,122.617555246699,6.95157501245098,1.75279434974747,1.51383754208754,0.0993191458340567,0.110640534864275
2023-10-17,8.08074670921628,17.8088819444444,1.51020833333333,90.6077777777778,81.7483333333333,20.0980922105666,5.04314069444444,0.773006691286241,0.0723361818326389,1.1660909550945,0,111.103727083333,7.26064606443811,1.7590790719697,1.52855513468013,0.0949363646249132,0.10466423527429
2023-10-18,8.17095972729039,17.5550208333333,1.65680555555556,91.1619444444444,81.7836111111111,20.0742020289,4.85571916666667,0.736174117567657,0.0650570992240741,1.21501728749429,0,142.60239375,8.08074670921628,1.78239504419192,1.56493476430976,0.0870503823367187,0.0993658171621296
2023-10-19,8.18684058805162,17.3952986111111,1.32958333333333,91.7240972222222,81.8157638888889,20.0520235481533,4.70598583333333,0.709277179789296,0.0590369090453704,1.26702850364832,0,151.384788194444,8.17095972729039,1.74369712752525,1.57585143097643,0.0801650683358507,0.094681867292037
2023-10-20,8.58026303908093,17.0686527777778,1.53541666666667,87.9879861111111,81.889375,20.0333749198,4.41341868055556,0.6554074441392,0.0684947827240741,1.75041824152674,4.572,40.6524770833333,8.18684058805162,1.72260337752525,1.58949031986532,0.0759867311512153,0.0915212497646605
2023-10-21,8.71651898046004,16.7580763888889,1.35645833333333,87.0593055555556,81.9478472222222,20.01716441374,4.09687701388889,0.600878773966542,0.119671704310185,0.616189378491001,0,149.2879875,8.58026303908093,1.68698705808081,1.60781439393939,0.0795370147010417,0.0925447386824228
2023-10-22,8.64126197745959,16.5709930555556,1.24777777777778,89.2524305555555,81.9965972222222,19.9972548133933,3.92776611111111,0.571227853058076,0.106114605260417,0.659917510311211,0,103.8020125,8.71651898046004,1.5765009469697,1.61240698653199,0.0822204502818866,0.0931345206787809
2023-10-23,8.60366606898046,16.3622569444444,1.23402777777778,89.9256944444444,82.1233333333333,19.9707819444866,3.63377701388889,0.526469492573597,0.0942089736081018,0.703896206281007,0,159.696413194444,8.64126197745959,1.46492108585859,1.59284217171717,0.0830485049474826,0.0919648948451543
2023-10-24,8.46180644279948,16.1793194444444,1.13486111111111,91.2052083333333,82.128125,20.0469734160133,3.48048756944444,0.500270330325861,0.0839532178331019,0.751969971753733,0,156.410154166667,8.60366606898046,1.37564236111111,1.57117087542088,0.0836091842297454,0.0904018806003086
2023-10-25,8.59447749988009,16.0252291666667,0.982777777777778,89.9452777777778,82.1625694444444,20.0975501669466,3.37490444444444,0.480703700911818,0.0750316864412037,0.798959231867868,0,154.836679861111,8.46180644279948,1.30971354166667,1.53867087542088,0.083946122305816,0.0868609958610802
2023-10-26,8.45681971110503,16.1341666666667,0.806180555555556,89.8315972222222,82.2744444444444,20.1385843825666,3.51745048611111,0.503382403289379,0.0673266069421296,0.850996769364116,0,145.419361805556,8.59447749988009,1.20338541666667,1.48313846801347,0.0842298107705729,0.0837414749204012
2023-10-27,8.23853523797088,16.5163888888889,0.531388888888889,93.0620833333333,82.3101388888889,20.1197738055066,3.88999534722222,0.565451100436348,0.0606146360097222,0.910220728526668,0,126.234741666667,8.45681971110503,1.10361111111111,1.40495328282828,0.0844270266411169,0.0809876853076389
2023-10-28,7.82073536150547,17.5862916666667,0.335138888888889,97.7770833333333,82.5382638888889,20.1165849345666,4.97840854166667,0.755011557792045,0.0547636774724537,0.968720030224065,0,147.182303472222,8.23853523797088,0.953576388888889,1.31786994949495,0.0827106384846644,0.0785539680783642
2023-10-29,7.94205379217416,17.649875,0.406736111111111,97.9354166666667,82.5469444444444,20.0948809605333,5.11900590277778,0.778190496005323,0.0496421656655093,1.03660165642533,0,133.917436111111,7.82073536150547,0.834861111111111,1.20287457912458,0.0739569461540799,0.0762203044151543
2023-10-30,7.99714446910989,17.2296180555556,0.547152777777778,98.4365972222222,82.4811111111111,20.07653190232,4.56615111111111,0.683622245877245,0.0451063332696759,1.09379594236989,0,88.8250868055556,7.94205379217416,0.747282986111111,1.09757365319865,0.0663309121552373,0.0733884242142438
2023-10-31,8.13852863592509,16.6757847222222,0.960625,97.4423611111111,82.4336111111111,20.0514347981666,3.91684152777778,0.574902404137219,0.0425333757118056,1.22232616152167,0,27.2186013888889,7.99714446910989,0.713107638888889,1.03834259259259,0.0598714624182002,0.0709261303566975
2023-11-01,8.4216275776426,15.7371041666667,0.864097222222222,92.7876388888889,82.5008333333333,20.0313790343666,3.07659354166667,0.432928362194389,0.0418214357030093,1.57294534014943,0,151.606322222222,8.13852863592509,0.679262152777778,0.995268518518518,0.0546049896519387,0.0688918139480556
2023-11-02,8.93459652707981,15.1192986111111,0.862361111111111,86.7374305555556,82.8595833333333,20.0059057816133,2.43164284722222,0.333731119442405,0.0383285795048611,1.63324059848579,0,148.318788194444,8.4216275776426,0.664210069444444,0.942305555555556,0.0500171012848958,0.0671099126334414
2023-11-03,9.26848061902756,14.6485555555556,0.973680555555556,85.5436805555556,83.04,19.9827022085133,1.98054513888889,0.26630845141392,0.0352442134756944,1.70091066455934,0,142.442622916667,8.93459652707981,0.685147569444444,0.918578703703704,0.0460068021015914,0.0655237329287963
2023-11-04,9.65256944737406,14.3660902777778,0.970138888888889,81.6854861111111,83.3705555555556,19.9602654690333,1.74551083333333,0.231126983764966,0.0325184699844907,1.74559929523468,0,144.729927083333,9.26848061902756,0.739991319444444,0.880893518518518,0.0424947813484375,0.0631253120794907
2023-11-05,9.34939413244864,14.6089861111111,0.753680555555556,83.3065972222222,83.3041666666667,19.9413793625333,1.98009125,0.265124179155237,0.030094584812963,1.81568185023269,0,125.808116666667,9.65256944737406,0.792309027777778,0.840708333333333,0.0394111447660012,0.0571535041130093
2023-11-06,9.12807000710457,14.4849513888889,1.09430555555556,86.9027777777778,83.2197916666667,19.9185946481333,1.84088472222222,0.245211741396588,0.0279614173201389,1.87830838408561,0,133.594575694444,9.34939413244864,0.878255208333333,0.830476851851852,0.0367010512228299,0.0519432915836574
2023-11-07,9.47666181392387,14.3167430555556,0.877638888888889,81.9257638888889,83.2836111111111,19.6384685434133,1.65414201388889,0.218535811141123,0.0260505321400463,1.93462987475817,0,120.500863888889,9.12807000710457,0.919565972222222,0.806717592592593,0.0343190760816262,0.047399395485787
2023-11-08,9.43121569275213,14.4005763888889,1.10576388888889,84.9728472222222,83.3840972222222,19.3105821066466,1.63830159722222,0.218285414847173,0.0243698868733796,1.98097394257352,0,114.349576388889,9.47666181392387,0.937708333333333,0.804777777777778,0.0320486399768229,0.0434271734218056
2023-11-09,9.18460912722586,14.6944583333333,1.34597222222222,92.3630555555556,83.2715277777778,19.3002717386466,1.91512618055556,0.258837003418535,0.0228558207145833,2.0425689947311,0,100.738174305556,9.43121569275213,0.997942708333333,0.828990740740741,0.0296779381032697,0.0399487823733642
2023-11-10,9.04092078257683,14.7620486111111,1.39520833333333,95.714375,83.1879861111111,19.28305047684,2.03736770833333,0.275526145985282,0.0289306530847222,1.7420324934903,2.794,21.7544868055556,9.18460912722586,1.06454861111111,0.868259259259259,0.0285031973007523,0.0373890521162037
2023-11-11,9.04332337868773,14.4399097222222,1.46597222222222,94.2195138888889,83.3109027777778,19.2640027213533,1.68590263888889,0.225277061177394,0.0588018945715278,0.983390622603549,0,105.131793055556,9.04092078257683,1.12608506944444,0.930564814814815,0.0314479074377315,0.0372682026869907
2023-11-12,9.18585601714845,14.1149097222222,1.23034722222222,91.0963194444444,83.3582638888889,19.2432515072466,1.34885979166667,0.177716460923648,0.0526161862983796,1.0485879351892,0,120.655389583333,9.04332337868773,1.15861111111111,0.99024537037037,0.0339601219769676,0.0371250366087191
2023-11-13,9.63010022295696,13.8847986111111,1.05631944444444,84.0597222222222,83.7302777777778,19.2271469522066,1.12244819444444,0.146278619035343,0.0472267686013889,1.12331783154726,0,121.723754166667,9.18585601714845,1.19644097222222,1.03355092592593,0.0361016449505208,0.0369640101377778
2023-11-14,10.215382814902,13.6491666666667,1.15229166666667,77.7552083333333,84.4227777777778,19.60082860684,0.894015416666667,0.115012774903903,0.0425301926715278,1.1849966944829,0,121.01121875,9.63010022295696,1.20368923611111,1.07389351851852,0.0379227418694444,0.0367922674312346
2023-11-15,10.4163206573327,13.4554166666667,1.30548611111111,78.1482638888889,84.5823611111111,20.1040320115733,0.538912083333333,0.0692829393038892,0.0384834874650463,1.26824830096084,0,89.4470194444445,10.215382814902,1.25717013888889,1.09688425925926,0.0394768612850694,0.0365222748814506
2023-11-16,11.0717883713027,13.2685833333333,1.42645833333333,78.0061805555556,85.4411805555556,20.0940592781533,0.175414999999999,0.0225070431413315,0.0349253789412037,1.33669532460431,0,115.234211805556,10.4163206573327,1.29725694444444,1.134375,0.0407962977935475,0.0360625377639969
2023-11-17,11.3883154660301,13.1995555555556,1.21055555555556,75.2130555555556,85.8177083333333,20.0849719675666,0.193011319444444,0.0245635067163903,0.0318457874724537,1.41598227523364,1.016,88.2924701388889,11.0717883713027,1.28032986111111,1.15758796296296,0.0419200436382813,0.0356303516285031
2023-11-18,10.9267944327476,13.2847013888889,1.454375,81.5404861111111,85.3282638888889,20.08260363008,0.336514027777778,0.0428465535289888,0.0379577553125,1.3696715583508,0,104.956415972222,11.3883154660301,1.28772569444444,1.18963425925926,0.0430484314167535,0.0358112544176235
2023-11-19,10.7155108875328,12.9986736111111,1.881875,83.3809027777778,84.9918055555556,20.06785710636,0.180304583333333,0.0225633438989234,0.0644761943733796,0.806338810403416,0,114.799006944444,10.9267944327476,1.33971354166667,1.25041666666667,0.043757718891985,0.0379417693768827
2023-11-20,10.801584774032,12.7722173913043,1.70007246376812,83.4565079365079,85.0007246376812,20.0513322439733,0.118345277777777,0.0145390892021169,0.0572262896340278,0.862140890508107,0,73.7217215277778,10.7155108875328,1.3984291968599,1.3135094605475,0.044333981808941,0.039750549698287
2023-11-21,10.8587538698581,12.54075,1.72194444444444,83.4186111111111,84.7839583333333,20.0640859793666,-0.0264759722222223,-0.00319982809594421,0.0932413293636574,1.0355088501869,50.038,6.65913819444444,10.801584774032,1.4816323218599,1.3553520531401,0.0500858019042245,0.0441025438345216
2023-11-22,10.7318445408944,12.4184722222222,1.81638888888889,88.599375,84.4267361111111,20.1295295416466,0.179995694444445,0.0212564735439855,0.298413209081944,0.284441410402734,0,83.4910722222222,10.8587538698581,1.56464447463768,1.41793538647343,0.0820711789555266,0.0622600556306481
2023-11-23,10.7421032866449,12.2295486111111,1.83840277777778,91.7540277777778,84.288125,20.1355758931133,0.116221597222221,0.0134760703359689,0.376000876866204,0.150968313585173,0,107.218591666667,10.7318445408944,1.63125905797101,1.46677797906602,0.124260852630671,0.0857021216301698
2023-11-24,10.7144025228819,12.0246805555556,1.91965277777778,92.1949305555556,84.2575,20.1299077383333,0.327552847222222,0.0366637655994282,0.327664818728009,0.174857725716229,0,71.5750208333333,10.7421032866449,1.69290836352657,1.50502334943639,0.160853282604022,0.106022721497731
2023-11-25,10.6539229941606,11.6805277777778,1.99770833333333,91.7091666666667,84.8209027777778,20.1165098547066,0.175886805555555,0.0191350787636111,0.285699085199074,0.19497158985405,0,46.0183090277778,10.7144025228819,1.79130246074879,1.54519001610306,0.19258494481985,0.123140616972022
2023-11-26,10.788848649767,11.3818055555556,2.22951388888889,91.9552083333333,86.3510416666667,20.09943680444,0.108726736111111,0.0114525444946594,0.249556723858333,0.214705407174987,0,105.828952083333,10.6539229941606,1.8881948218599,1.59609279388084,0.219034815888079,0.135857605591142
2023-11-27,10.7017512812467,11.1131319444444,2.25430555555556,93.5505555555556,85.9479861111111,20.08352571866,0.00633680555555571,0.000650682569471428,0.2184074917,0.23561074190665,0,99.5986965277778,10.788848649767,1.93474864130435,1.66435668276973,0.238276228053906,0.146910359284583
2023-11-28,10.6495486610861,10.7079583333333,2.50305555555556,95.4231944444444,85.943125,20.0616025993533,-0.0326095138888896,-0.00318563701091534,0.19153096060787,0.260363289884055,0,98.0163090277778,10.7017512812467,2.03512152777778,1.7608057568438,0.255064311925637,0.156530638751682
2023-11-29,10.4256551144998,10.3147847222222,2.89666666666667,96.4332638888889,85.8469444444444,20.0372211266533,0.219952513888888,0.0199730984265898,0.168354713838657,0.28990348104756,0,102.736884722222,10.6495486610861,2.18196180555556,1.87709742351047,0.264453484985012,0.164918940162824
2023-11-30,10.4735500089635,10.0546667083333,2.69944444444444,97.2484027777778,85.8040277777778,20.0164142645333,0.212201756944445,0.0184583733273485,0.148296255021528,0.318383612902764,0,101.568038194444,10.4256551144998,2.29234375,1.97002797906602,0.24568886572746,0.172239791333256
2023-12-01,10.5658876381314,9.73824296527778,3.22736111111111,96.5764583333333,85.7541666666667,19.9966288981266,0.168477770833334,0.0140542896084526,0.132286623437731,0.348894565666369,2.286,17.617625,10.4735500089635,2.46596354166667,2.09008816425121,0.2152245840489,0.178730540966358
2023-12-02,10.4085344810675,9.77440279861111,2.88618055555556,99.2472916666667,85.4186805555556,19.9808820589066,0.288243861111111,0.0236682217818043,0.120520515050926,0.457786777005018,9.652,51.9384493055556,10.5658876381314,2.58677951388889,2.20179649758454,0.189331546089265,0.18464218947159
2023-12-03,10.3155675794267,10.1466527916667,2.92041666666667,102.946736111111,84.9284027777778,19.9799816500733,0.565294916666668,0.0462805822184009,0.124434593579167,0.579813947936118,6.858,64.4947840277778,10.4085344810675,2.70211805555556,2.29953260869565,0.169173484636777,0.190407312022701
2023-12-04,10.3254846402413,9.65824302083333,2.96583333333333,101.001875,85.7882638888889,19.9636514558266,0.254131555555555,0.0207434370571491,0.178380760206944,0.315245385818716,0,73.0686020833333,10.3155675794267,2.79415798611111,2.37179649758454,0.160276489180353,0.198000949744938
2023-12-05,10.1789942244454,9.58190277777778,2.65166666666667,101.507222222222,85.880625,19.9449610165333,0.117769416666667,0.00954704110733928,0.157344577517824,0.350648868988816,0.508,82.4713284722222,10.3254846402413,2.843828125,2.43523611111111,0.152643624907581,0.204675502270525
2023-12-06,10.0724537608799,9.45320978321678,2.53657342657343,105.206223776224,85.674055944056,19.92894258104,0.0369173333333332,0.00297517263118152,0.138910530255787,0.389543432183162,0,75.4313430555556,10.1789942244454,2.84801785887723,2.48954470991971,0.146066071113571,0.207720115663333
2023-12-07,10.1031389824402,9.25622921527778,3.05673611111111,103.756527777778,85.92875,19.9039573723533,-0.072602777777778,-0.00570393950306425,0.122762436419907,0.423498094258576,0,74.00555,10.0724537608799,2.86802653943279,2.57223452473452,0.140367036436227,0.196010064152531
2023-12-08,10.0098615653968,9.12875002777778,2.94333333333333,104.434513888889,85.8388194444444,19.8833889874466,0.00537810416666673,0.000409722222457276,0.108775626932639,0.458444896386576,0,83.5653326388889,10.1031389824402,2.8985126505439,2.64589656177156,0.135426957925116,0.178195047490293
2023-12-09,10.0269247492937,9.02109028472222,2.50993055555556,104.882291666667,85.7395138888889,19.86441271518,-0.00593498611111087,-0.000444737641032589,0.0996042268789352,0.505983925689603,3.048,31.9500979166667,10.0098615653968,2.80883383109946,2.68524841362341,0.131341658355266,0.162991008033688
2023-12-10,9.94606666427068,9.22104171527778,2.02708333333333,106.962638888889,85.0388194444444,19.89600664996,0.103899611111112,0.00791382247655292,0.13353968029375,0.798503104627743,32.004,17.0034215277778,10.0269247492937,2.70144667832168,2.68720674695675,0.132969054010619,0.152847047706667
2023-12-11,10.0006717256646,8.85612497916667,2.64208333333333,105.939027777778,85.3622222222222,20.0053407095067,-0.0568292916666682,-0.00415441949303386,0.288022174095139,0.36653718142117,0,72.3346888888889,9.94606666427068,2.66665501165501,2.71471137658638,0.153417501575116,0.155411411055787
2023-12-12,10.1387733142899,8.62409028472222,3.12208333333333,105.250625,85.3113888888889,20.03556617272,0.0389372222222217,0.00268265265060563,0.34183995809838,0.223475825037052,0,98.6407208333333,10.0006717256646,2.68618626165501,2.77256322843823,0.173849901311545,0.163640242149012
2023-12-13,10.0327673530637,8.55777778472222,2.470625,107.088263888889,85.2772222222222,20.03894791348,0.177806833333333,0.0119654372289233,0.299483241121991,0.253311202555077,0,87.9937965277778,10.1387733142899,2.66355605332168,2.77040119140119,0.191617234262066,0.170837060849954
2023-12-14,10.0988475283238,8.32676389583333,2.54736111111111,106.352708333333,85.3455555555555,20.0319997045333,-0.0375722152777769,-0.00244961938051347,0.262781195199074,0.282634150280615,0,91.6587409722222,10.0327673530637,2.66490451388889,2.74711415436415,0.207101067379977,0.177132159607315
2023-12-15,10.1475464708855,8.15545139583333,2.356875,106.084861111111,85.5986111111111,20.0250062378666,-0.0469898680555563,-0.00294447456474245,0.231038856535648,0.31457660744054,0,90.8151743055556,10.0988475283238,2.577421875,2.72427619140119,0.220635619894444,0.18264833304159
2023-12-16,10.2270154824688,7.96749303472222,2.68770833333333,105.21375,86.056875,20.0133762027066,-0.127982937500001,-0.00784317354259656,0.203574524005556,0.346592448975337,0,81.8994131944444,10.1475464708855,2.54546875,2.68829933954934,0.232485482028559,0.187400859746111
2023-12-17,10.6154723414823,7.86164583333333,2.91423611111111,105.343402777778,87.8896527777778,20.0063416744,-0.128163597222223,-0.00765003746403181,0.225543868002778,0.665650549926143,8.636,8.46729444444444,10.2270154824688,2.59600694444444,2.69016970991971,0.248227937169039,0.194402416609568
2023-12-18,10.6315720398667,7.80068055555556,2.80659722222222,105.318958333333,88.2351388888889,20.0328835788133,-0.0771785763888886,-0.00451552832544166,0.385168563372917,0.406314261355106,0,85.1082083333333,10.6154723414823,2.69344618055556,2.68258174695675,0.279681547553935,0.211784681262485
2023-12-19,10.5973403972262,7.5335,2.99715277777778,105.556805555556,88.4152083333333,20.03881378878,-0.136508111111111,-0.00754541146989141,0.402689608581944,0.279290601871247,0,86.8766361111111,10.6315720398667,2.73782986111111,2.68466970991971,0.294014976864786,0.226738604487485
2023-12-20,10.6021983682412,7.28282638888889,3.349375,105.303194444444,88.9773611111111,20.0324391440066,-0.0943538055555564,-0.00482369929773085,0.354452224692361,0.315802550068174,0,85.2638090277778,10.5973403972262,2.76624131944444,2.7311835988086,0.295591510189034,0.23987911429912
2023-12-21,10.4956828467519,7.16759027777778,3.0348951048951,105.965833333333,88.7102083333333,20.0241394476266,-0.120267506944445,-0.0059720862566337,0.31206102477963,0.350201961130982,0,92.4509,10.6021983682412,2.83677508255633,2.76440504403004,0.297163733146238,0.25142248060071
2023-12-22,10.4997282977576,7.07475,2.99090277777778,105.77625,88.6539583333333,20.0107583982733,-0.0920734374999999,-0.0044343522915824,0.275446512464352,0.390975590026463,0,88.3395569444444,10.4956828467519,2.89221779088967,2.76001615514116,0.298746897804398,0.261601419003673
2023-12-23,10.4750477856477,7.00789583333333,2.76902777777778,105.475625,89.1983333333333,19.9954778234667,0.125494638888889,0.00573694753552445,0.2437604075125,0.433092629590455,0,85.0614097222222,10.4997282977576,2.94373688811189,2.74839578477078,0.300337091676505,0.270600404375664
2023-12-24,10.5198097131928,6.92607638888889,3.04875,106.239305555556,90.1260416666667,19.9793244140666,-0.0101731805555554,-0.00046284929999274,0.216375650989352,0.48054998455375,0,75.8736131944444,10.4750477856477,2.98886709644522,2.78431708106708,0.301937232549479,0.278385165983025
2023-12-25,10.553995399776,6.97796527777778,3.10881944444444,106.618819444444,91.2235416666667,19.96479268968,-0.0183692291666668,-0.000846203436253745,0.193374471435417,0.523992548880823,4.318,41.7824013888889,10.5198097131928,3.01319001311189,2.85643282180782,0.297916057978559,0.282374152059136
2023-12-26,10.518285206633,7.20048611111111,3.39734265734266,107.562152777778,90.7609027777778,19.97313584546,0.164857229166667,0.0078152197864938,0.218485476186806,0.871691396964377,21.844,7.50077986111111,10.553995399776,3.08703319250194,2.90678344340844,0.277080672080295,0.27773837219858
2023-12-27,11.9156667776597,7.4673194375,3.47979166666667,108.329027777778,88.2554166666667,20.1791182156466,0.467331958333333,0.0233226611032933,0.488411005289352,1.48373431814479,16.764,39.6636763888889,10.518285206633,3.14736305361305,2.93063066563067,0.287795846668721,0.287509775344645
2023-12-28,16.8590924029072,7.46956248611111,3.49479166666667,107.578263888889,83.4355555555556,20.4218980094866,0.483427083333333,0.0242470565641497,0.567969505512268,0.306365394907796,0,79.8746208333333,11.9156667776597,3.16554013694639,2.99890844340844,0.314485506771209,0.30540885963733
2023-12-29,13.2769107390466,7.4650625,3.76291666666667,110.283541666667,88.7933333333333,20.5104269053266,0.413094458333333,0.0208366118199592,0.503756972975231,0.368585170028339,0,20.66428125,16.8590924029072,3.25654283216783,3.07994548044548,0.33844750029566,0.321473911489074
2023-12-30,12.986103310893,7.13163888888889,3.80923611111111,108.352361111111,89.4842361111111,20.5530661215466,0.023069798611111,0.0011196608023738,0.444924839521065,0.41016884886828,0,50.3241236111111,13.2769107390466,3.3588344988345,3.17676955451955,0.359632291177749,0.335732977021435
2023-12-31,12.1569748494628,6.98673611111111,2.98104166666667,104.638888888889,90.6455555555556,20.5748056124,-0.149732819444445,-0.00714494797466614,0.393921393630093,0.45384882659204,0,93.4093701388889,12.986103310893,3.38533623494561,3.19632511007511,0.378402414442448,0.348422768329738
2024-01-01,12.1008158188945,6.84997222222222,2.74423611111111,104.990833333333,91.5001388888889,20.5895373998866,-0.152853652777778,-0.00698440852090698,0.349099411958565,0.499962768729988,0,86.5958590277778,12.1569748494628,3.3472719988345,3.18499177674178,0.3949928845636,0.356659804593457
2024-01-02,12.2013633299637,6.74156944444444,2.80319444444444,105.566458333333,92.3633333333333,20.5861093024333,-0.174009534722223,-0.00770874107672626,0.310319901747685,0.557312590819728,0,97.7335430555556,12.1008158188945,3.3090688738345,3.18476492488993,0.409611063352633,0.351669893818441
2024-01-03,12.2519346139955,6.60756944444444,2.86111111111111,104.716805555556,92.666875,20.57734678842,-0.226163013888889,-0.00966723689850824,0.276391344920139,0.608451136767147,0,89.7685083333333,12.2013633299637,3.24203993055556,3.17569548044548,0.4168492969443,0.343250009574321
2024-01-04,12.1045049663257,6.52395138888889,2.56784722222222,105.65125,92.5133333333333,20.5719691622266,-0.145533055555556,-0.0059686473949796,0.246959362991667,0.661631393980014,0,55.8604409722222,12.2519346139955,3.128046875,3.12359362859363,0.386667841657089,0.336083818794275
2024-01-05,12.340120930258,6.29370833333333,2.92451388888889,104.101597222222,93.3241666666667,20.5559143607066,-0.253379,-0.00972849519462216,0.221558171068287,0.732697211680056,0,91.1114125,12.1045049663257,3.05676215277778,3.11623488085988,0.343366424851591,0.330050295213519
2024-01-06,12.5096666358372,6.14189583333333,2.77458333333333,104.036041666667,94.1286805555556,20.55859390746,-0.312055409722222,-0.0113813727540446,0.242357747763426,1.03974678335179,14.224,22.3620590277778,12.340120930258,2.93322048611111,3.10181358456358,0.310691521700116,0.32784437756679
2024-01-07,12.4644797407006,6.133375,2.771875,104.428472222222,94.286875,20.59160746602,-0.246697138888889,-0.00884687619065971,0.337447362515046,0.504649535832475,0,86.2716951388889,12.5096666358372,2.80355034722222,3.1020033993784,0.297256837074363,0.33409017456696
2024-01-08,12.6854941670674,6.01832638888889,2.81493055555556,103.832708333333,95.6188888888889,20.60449347784,-0.264808666666666,-0.00908869128534207,0.300831789186343,0.559018807367762,0,102.140158333333,12.4644797407006,2.78278645833333,3.08641543641544,0.285620636518895,0.339720583780093
2024-01-09,12.9343326099342,5.97636805555556,2.78006944444444,103.048541666667,96.9134027777778,20.7256739703866,-0.346686270833334,-0.011912653366835,0.896053955050231,3.09226531079842,46.482,7.12581319444444,12.6854941670674,2.787265625,3.06449876974877,0.353989954405353,0.386565882687747
2024-01-10,17.586440882832,5.97425,2.53236111111111,102.300138888889,89.66,21.18087571852,-0.238265152777778,-0.00795318286259317,0.958987435902315,0.416002372098632,0.254,43.77674375,12.9343326099342,2.75341145833333,3.00683333333333,0.435073396174682,0.435932680002114
2024-01-11,15.24273459166,5.87925694444444,2.540625,101.770972222222,94.3198611111111,21.3220465859533,-0.289594201388889,-0.00948940682405919,0.87404004848912,0.568720839400397,0,101.437995138889,17.586440882832,2.71335069444444,2.94422222222222,0.509779484120804,0.461641282882099
2024-01-12,15.4885320003276,5.6909375,2.45736111111111,100.926666666667,97.1096527777778,21.4003414424866,-0.455676395833333,-0.014168518122915,0.820605290332639,0.682038720404853,4.318,68.6199,15.24273459166,2.69953993055556,2.87506018518519,0.581485225038426,0.47848366853679
2024-01-13,15.6055845649135,5.66548611111111,2.169375,101.024027777778,99.3313194444444,21.4628301651933,-0.318058673611112,-0.00932326463930622,0.981019379691667,1.23836531452316,0.254,83.1152451388889,15.4885320003276,2.60514756944444,2.76882407407407,0.676417876116348,0.510301162317886
2024-01-14,16.2084511938633,5.567875,2.37368055555556,101.214027777778,103.080763888889,21.5070977601733,-0.328234979166667,-0.00919307236392797,0.884689970751852,0.709389121820642,0,105.301051388889,15.6055845649135,2.55503472222222,2.67312037037037,0.756709403989902,0.539618837733272
2024-01-15,16.2484506939208,5.46475694444444,2.31604166666667,101.131458333333,104.080208333333,21.5408511276,-0.439833979166667,-0.0119732575254829,0.829949635574768,0.806035615140686,0,22.3192736111111,16.2084511938633,2.49805555555556,2.62878703703704,0.818272188122367,0.56868738719625
2024-01-16,16.1754682293046,5.29465277777778,2.25159722222222,101.362569444444,103.950138888889,21.5777996600866,-0.465770680555556,-0.0115848467975184,0.81631189950463,0.941029673629073,0,66.58855,16.2484506939208,2.42763888888889,2.59594444444444,0.882707201912153,0.599834886365988
2024-01-17,16.0242177792032,4.95770138888889,2.35611111111111,101.450902777778,103.871597222222,21.5903024299333,-0.384814138888889,-0.00740014205098305,0.741572522262269,0.90638742017245,0,113.206206944444,16.1754682293046,2.37464409722222,2.56613888888889,0.863397022813657,0.62858506106696
2024-01-18,16.1271466909102,4.77389583333333,2.34201388888889,100.315416666667,104.612847222222,21.59878160864,-0.527555701388889,-0.00928108824894025,0.663938169887269,0.987601446884061,4.572,77.0054076388889,16.0242177792032,2.35085069444444,2.53153240740741,0.826515864561777,0.654421516064769
2024-01-19,16.0596109504574,4.58602083333333,2.289375,100.648541666667,104.767291666667,21.6076194023266,-0.417672694444445,-0.0057311950121175,0.598396187527546,1.06563023340139,0.762,77.9720805555556,16.1271466909102,2.31944444444444,2.51296759259259,0.79206038194158,0.677850637700494
2024-01-20,16.1220501668534,4.21759027777778,2.36368055555556,100.067430555556,106.433958333333,21.60691930636,-0.280503368055555,-0.00198008850907172,0.539381029257407,1.15665153315341,0,75.5383541666667,16.0596109504574,2.307734375,2.4755787037037,0.756907349307176,0.699038828246435
2024-01-21,16.1033225855655,3.781375,2.37722222222222,100.099652777778,107.266805555556,21.5953073043533,-0.418305243055555,-0.000556193771785729,0.486637521347917,1.24930911897544,0,119.405551388889,16.1220501668534,2.33371527777778,2.44908796296296,0.695109617014207,0.715324146485401
2024-01-22,15.9386480012399,3.35021527777778,2.30347222222222,99.0643055555555,106.326041666667,21.5843017857666,-0.956766923611111,0.00147536023177963,0.440332773413657,1.34333626899496,0,114.749973611111,16.1033225855655,2.32493923611111,2.41786111111111,0.639564967346933,0.722183173878642
2024-01-23,15.899923808636,3.60211029411765,3.03125,95.35808,107.251470588235,21.58251760256,-0.512369583333334,0.00134777340372239,0.399536807186806,1.44332333496653,0,74.8869743055556,15.9386480012399,2.41434027777778,2.43228240740741,0.585763363798438,0.728763508412006
2024-01-24,15.7900208261229,4.12836111111111,3.62493055555556,92.4636111111111,107.522222222222,NA,0.224866451388889,-0.000230809670028975,0.368798187224306,1.54348292027544,0,28.25058125,15.899923808636,2.58600694444444,2.48860648148148,0.529824149763397,0.693613123890278
2024-01-25,15.6748732268561,4.65239583333333,3.48736111111111,94.5142361111111,107.310972222222,NA,0.844893840277778,0.00400256572754643,0.47970910367662,1.7782751836611,2.54,33.4277173611111,15.7900208261229,2.72741319444444,2.55227314814815,0.497091222440191,0.661661235075231
2024-01-26,15.6970012673558,4.80022222222222,3.68465277777778,95.1277083333333,107.359930555556,NA,1.15998286111111,0.00711054886039619,0.523017019189352,1.28717229851037,2.032,115.451030555556,15.6748732268561,2.89524305555556,2.62854166666667,0.479476078602951,0.63825969978858
2024-01-27,15.7758011884,4.60793661971831,3.52695035460993,94.7835915492958,108.20838028169,NA,0.673524763888889,0.00226776781801163,0.484315493465278,1.40755589147032,17.526,74.3218291666667,15.6970012673558,3.0499399748818,2.69984761623325,0.465215991845168,0.615840379997423
2024-01-28,18.8710112040126,4.95786713286713,3.68027972027972,94.539020979021,104.288811188811,NA,1.00977135416667,0.00792477894844978,0.755605485833565,2.26706423957161,16.51,47.8457270833333,15.7758011884,3.21451487047232,2.80057459758524,0.492244048917188,0.600812787073549
2024-01-29,16.8149700082807,4.79777622377622,3.29167832167832,94.7825874125874,107.793356643357,NA,0.115913354166667,0.00114723171975584,0.698805723596759,1.44088937340291,0,120.124671527778,18.8710112040126,3.32882188290433,2.86177444866009,0.518765074198293,0.588420503929877
2024-01-30,16.5994881782263,4.68116901408451,3.27845070422535,94.1722535211268,108.17176056338,NA,0.205927743055556,0.00151888857487847,0.641859011000463,1.59434927572407,0,107.397797916667,16.8149700082807,3.45069419315472,2.925935051164,0.543955853896643,0.575881128958256
2024-01-31,16.279308006191,4.93960416666667,3.29020833333333,95.8991666666667,106.584305555556,NA,0.330276888888889,0.00350360700952024,0.596747903170371,1.69531605598543,0.762,67.2356673611111,16.5994881782263,3.48306398482139,2.99517579190474,0.568607240894589,0.561243529202639
2024-02-01,16.1721113937952,5.04420979020979,3.41405594405594,96.5755244755245,107.854755244755,NA,0.432356541666667,0.0048722414611575,0.546555071536806,1.84129886794577,0,135.478596527778,16.279308006191,3.45670465838394,3.0657054474344,0.590826851433652,0.548242365820941
2024-02-02,16.0334186303161,5.34757638888889,3.47541666666667,97.7736111111111,109.010763888889,NA,0.557884631944444,0.008875774374701,0.500150588340509,1.98243702925076,0,99.2437875,16.1721113937952,3.45521160282838,3.14126563261958,0.593382037016638,0.537323193717824
2024-02-03,16.1608707404983,5.235625,3.81145833333333,97.936875,110.726805555556,NA,0.410445736111111,0.0061705058287771,0.460254892005556,2.1266148441174,0,141.409476388889,16.0334186303161,3.47106229727282,3.2427378548418,0.585536771118663,0.528113774016358
2024-02-04,15.7303058968758,5.56523776223776,3.71573426573427,98.8443356643357,109.673636363636,NA,0.770328104166667,0.0136811458922921,0.423247804722685,2.26367417130223,0,143.553470833333,16.1608707404983,3.49466028616337,3.33287476885372,0.577903310025839,0.520371559047377
2024-02-05,15.857555569812,5.32955244755245,3.68316901408451,97.9074125874126,109.536713286713,NA,0.447403805555555,0.00705148390522936,0.390416866284259,2.39696058875005,0,143.349677083333,15.7303058968758,3.49502144788897,3.4199378883112,0.532254732582176,0.513956848709799
2024-02-06,16.0176674401177,5.21076388888889,3.57861111111111,96.8598611111111,110.08875,NA,0.136658270833333,0.002203544332815,0.36121989882963,2.52755193157252,0,143.552685416667,15.857555569812,3.53088804656806,3.50494714757046,0.490056504486285,0.508682657070864
2024-02-07,15.9297894470618,5.38863157894737,3.97706766917293,98.1329323308271,110.901879699248,NA,0.118393513888889,0.00223745457049063,0.335386874441898,2.65738269948956,0,147.73508125,16.0176674401177,3.61821516718651,3.56800165884866,0.451747487416464,0.50440599488787
2024-02-08,15.8367208643432,5.48638461538462,3.88643356643357,98.6648951048951,111.388041958042,NA,0.195349361111112,0.00395444276830403,0.312453069240509,2.78451740408271,0,129.979315972222,15.9297894470618,3.69274332132404,3.58543519290719,0.416210633175231,0.500649653688951
2024-02-09,15.8758964442247,5.61702097902098,3.87669014084507,98.5813986013986,111.091748251748,NA,0.3248329375,0.00701635759787678,0.292405220557639,2.90830054011296,0,68.4527354166667,15.8367208643432,3.75057259592268,3.61139046155612,0.384441901802836,0.488162728147685
2024-02-10,15.9201765568205,5.718,4.06176056338028,99.0071830985916,110.711197183099,NA,0.435577381944444,0.00951916671408526,0.2912863819,3.01781915668619,2.032,41.2733868055556,15.8758964442247,3.82386558301188,3.63653098059629,0.358333875997772,0.472714018995062
2024-02-11,16.2341135099643,5.57692361111111,4.18076388888889,98.0984027777778,112.256597222222,NA,0.407834770833333,0.00899629668788293,0.388562745322454,2.58861854330134,12.446,38.5451861111111,15.9201765568205,3.87002877745633,3.68011854954822,0.349372357662384,0.466330502452207
2024-02-12,16.2079046755005,5.88253472222222,4.48791666666667,100.044444444444,112.708263888889,NA,0.805568416666667,0.0204034778481628,0.398521417338194,2.2896424297366,6.604,13.7325145833333,16.2341135099643,3.96655157757288,3.73396101264068,0.346281559239323,0.442524897885849
2024-02-13,16.7237881866735,6.25549295774648,3.85021126760563,99.4302112676056,111.185281690141,NA,0.753228888888889,0.0214540215391708,0.568433168379398,2.52358629237203,17.018,159.448043055556,16.2079046755005,3.98743185926302,3.77119654236917,0.368533597001215,0.433833394204691
2024-02-14,17.9565699046273,6.35488888888889,3.46340277777778,98.4746527777778,108.863125,NA,0.765586652777777,0.0218709307741847,0.550191164547454,2.17239334493614,0,153.772343055556,16.7237881866735,3.97303081759635,3.783526680606,0.392155005215943,0.427722204441157
2024-02-15,17.4816627000985,6.28661805555556,3.69229166666667,98.3032638888889,110.152361111111,NA,0.5800365625,0.0175445128545562,0.508307129052315,2.31069327060159,0,153.88205,17.9565699046273,3.93743381728307,3.81033223616155,0.413770037042245,0.421826152833287
2024-02-16,16.8937639751594,6.22267832167832,3.75426573426573,97.5495104895105,112.236573426573,NA,0.402874833333334,0.0119842277473481,0.465814071850694,2.45656593265798,0,100.312674305556,17.4816627000985,3.92091283826209,3.83301288884221,0.432940162368519,0.41644341952088
2024-02-17,16.6979062151835,6.17442361111111,3.54472222222222,97.3385416666667,114.267083333333,NA,0.0177756458333329,0.000557118006554447,0.436026119917824,2.59032369921098,0,140.681416666667,16.8937639751594,3.87941684843423,3.83763325921258,0.450892774788542,0.412168454959367
2024-02-18,16.6220825872027,6.09404195804196,3.69692307692308,96.7055944055944,114.781188811189,NA,0.0397724791666665,0.00119181756065245,0.40287687745162,2.77448944522062,0,147.91601875,16.6979062151835,3.83381216262708,3.82999757545189,0.464841586732494,0.408343253989105
2024-02-19,16.5971644345056,6.023,3.94342657342657,96.5722916666667,115.307361111111,NA,0.113946548611111,0.00326280340505036,0.373824207822917,2.91632075270877,0,170.0829875,16.6220825872027,3.80414499819429,3.84517706263138,0.462999269545052,0.40504834752912
2024-02-20,16.3029247312771,6.26779861111111,3.70944444444444,97.7934027777778,115.842152777778,NA,0.459313076388889,0.0139996541820437,0.34779860949838,3.05523057610087,0,164.604330555556,16.5971644345056,3.70683597041652,3.84692875798871,0.456658918565075,0.402207130410062
2024-02-21,16.5010962738553,6.09968531468531,3.85664335664336,96.7067132867133,116.173006993007,NA,0.199068326388889,0.00581234039691481,0.324963478545602,3.19482559060196,0,167.559176388889,16.3029247312771,3.70763998154623,3.86546424102419,0.426225207335851,0.39979003572446
2024-02-22,16.4667933614351,6.21600694444444,3.69118055555556,96.7572916666667,116.656527777778,NA,0.545627215277777,0.0177509106677007,0.304510322734028,3.32578976618426,0,115.919263194444,16.5010962738553,3.73611220376845,3.84640510011637,0.395515102109172,0.397731598943935
2024-02-23,16.3915596285445,6.558125,3.779375,98.4013194444444,118.057569444444,NA,0.583346881944445,0.0201506464898102,0.315339025759028,3.16952411715126,0.254,67.6418729166667,16.4667933614351,3.74699762043512,3.83926786235413,0.371394089197512,0.39792399604517
2024-02-24,16.2578055900069,6.76010563380282,3.91669014084507,99.499014084507,120.434366197183,NA,0.488308361111111,0.0178843010900209,0.316197916127315,3.22131436337097,0,76.7954263888889,16.3915596285445,3.76730067125754,3.8419345290208,0.352692069732089,0.399510175749815
2024-02-25,16.2915466724733,6.55477777777778,4.23643356643357,98.3236805555556,120.755347222222,NA,0.303017270833333,0.0106813277419633,0.300021174928935,3.32250586610602,0,176.185571527778,16.2578055900069,3.85376458928396,3.85357939589102,0.335691451608478,0.400092495285077
2024-02-26,16.0106832340978,6.7680979020979,4.01398601398601,99.1848251748252,120.316223776224,22.26003840906,0.753065368055555,0.0291772390532969,0.286776013826389,3.39086519784672,2.286,103.052747222222,16.2915466724733,3.89339745641682,3.84246087089749,0.321178843655324,0.393306713185339
2024-02-27,16.300265812306,6.65253191489362,4.17177304964539,98.3842553191489,120.01609929078,22.26177198954,0.468851722222222,0.0172400695628312,0.29921639624537,3.26938761036843,2.54,29.9878375,16.0106832340978,3.92194076594417,3.82138462976274,0.311852867208131,0.386686378445818
2024-02-28,16.1860700028716,6.90959722222222,4.33762237762238,99.4772222222222,120.434930555556,22.2714780221133,0.703422506944444,0.0294202196713513,0.380553685476852,2.8675384057769,8.89,30.0846125,16.300265812306,4.00046300759142,3.85387870376386,0.31594725170544,0.374161079585648
2024-02-29,15.8638243643578,7.13304195804196,3.51608391608392,98.7390909090909,122.148111888112,22.4066989480133,0.595105902777778,0.0247148679745806,0.37739133496088,2.79457223224189,0,194.533771527778,16.1860700028716,3.95789307752149,3.85739077965093,0.32250073375735,0.362641090946543
2024-03-01,15.6976634406012,7.13123611111111,3.8525,99.2509027777778,122.487222222222,22.6186638293066,0.729595645833333,0.0303432327876862,0.378383913020833,2.7956536978619,7.874,95.4600381944445,15.8638243643578,3.97805800807704,3.86807133520649,0.3317349325432,0.353979543211111
2024-03-02,15.7498233709119,7.12583916083916,4.23286713286713,99.6495104895105,122.090629370629,22.6611456925266,0.992643402777778,0.0442321232293352,0.452287742190278,2.77048599626066,2.286,154.229465277778,15.6976634406012,4.03474452468543,3.89997809511325,0.348853522097106,0.353077787900417
2024-03-03,15.7669270995989,7.23114184397163,4.56631205673759,99.8588652482269,121.99914893617,22.69939166294,1.71953875694444,0.0858104752085183,0.431343867669213,2.76848867084256,0,51.1443902777778,15.7498233709119,4.115947264172,3.96808408408094,0.363246766039844,0.352765637750509
2024-03-04,15.986956935927,7.12569930769231,4.55118881118881,99.3001398601399,122.309090909091,22.72691569984,1.5479975625,0.0761885641393292,0.401943716143519,2.92215505635773,0,141.329015277778,15.7669270995989,4.1552916697664,4.02503513303199,0.375987083691667,0.352703426996636
2024-03-05,16.1349798099622,7.11717482517482,4.81885714285714,100.313846153846,122.511398601399,22.7492576778466,2.42638647222222,0.136010302368732,0.372532954483565,3.07168256147281,0,179.909711111111,15.986956935927,4.2559005608753,4.08339717099402,0.386706701273814,0.352617343440679
2024-03-06,16.2093046608831,7.18844366197183,4.91276595744681,100.929366197183,122.526830985915,22.76992851704,2.42007759722222,0.136914707317374,0.406055143168981,2.8990998288499,15.24,36.7061229166667,16.1349798099622,4.34852467435047,4.16361860519418,0.400061544639265,0.356501112352052
2024-03-07,16.0546095276722,7.87599292957746,5.09330985915493,105.572464788732,121.817042253521,22.8356766947466,4.151106625,0.291348077569296,0.427377799483102,2.89348475613919,0.762,181.173783333333,16.2093046608831,4.44298560954204,4.24606303869495,0.405914558890046,0.363328733747886
2024-03-08,16.3327953675393,7.14404166666667,4.85125,99.6295833333333,123.057777777778,22.9001276842933,2.85453341666667,0.176694225497727,0.401959631344907,3.02234423049004,1.778,75.58583125,16.0546095276722,4.60988137003155,4.32340100165792,0.40898559593805,0.369825354321944
2024-03-09,16.0362215223027,7.94823606944444,4.31520833333333,101.564722222222,122.453611111111,22.9636077808533,2.20814024305556,0.125072760573403,0.854952416956713,3.34392957953607,13.208,46.3917208333333,16.3327953675393,4.66771991169822,4.35912322388014,0.468556658930035,0.40579958040179
2024-03-10,15.2649312159587,8.9748125,3.83076388888889,102.478263888889,121.303055555556,23.04176391698,2.06199170833333,0.1178687210828,0.73150509637037,2.56367486655837,0,198.560325,16.0362215223027,4.61745700620094,4.35339480708306,0.503458828202546,0.433486725751327
2024-03-11,14.8908571934781,9.07861110416667,3.93416666666667,101.726319444444,124.220555555556,23.0774227543066,2.13609598611111,0.127192395888414,0.68700141872662,2.7606369465116,0,235.023248611111,15.2649312159587,4.53843883244207,4.33324368043193,0.535416022084722,0.459285408671173
2024-03-12,15.1479931093285,8.69701394444444,4.4941958041958,99.9452777777778,124.382152777778,23.0985079064466,2.05070465277778,0.121690575762841,0.633127931518519,2.92013004424186,0,232.102884722222,14.8908571934781,4.53131470656795,4.36525766644592,0.564314049006597,0.482375536517315
2024-03-13,15.2483671217571,8.55755558333333,4.22569444444444,99.4052083333333,123.563055555556,23.11260993226,2.62180291666667,0.16770763359068,0.584899566243056,3.08200230379219,0,207.0614125,15.1479931093285,4.45716936926636,4.36885242609919,0.590859875476534,0.501421081183827
2024-03-14,15.4373649580234,8.56876217482517,4.66091549295775,100.167272727273,122.987902097902,23.15132296634,2.66063409722222,0.170957403140164,0.542924283593287,3.24504327212927,0,219.144515972222,15.2483671217571,4.42568806120523,4.39040530045488,0.607968518029572,0.512245787724923
2024-03-15,15.6463794672462,8.50632636805556,4.52340277777778,99.3530555555556,123.423958333333,23.2120078242266,3.23888190972222,0.223282336376883,0.508506069069676,3.38956880803815,0,68.4540576388889,15.4373649580234,4.35444967603308,4.45755989123447,0.618109551727894,0.520986769998843
2024-03-16,14.9507297523882,10.084609929078,5.07085106382979,105.847021276596,123.402978723404,23.2145977547,4.37662973611111,0.341042775019105,0.478265064403935,3.6338426555004,0,239.624790972222,15.6463794672462,4.38189980901181,4.53878329548979,0.627647730860272,0.527645513424383
2024-03-17,15.645772922389,8.81302775694444,3.98951388888889,100.058958333333,124.209375,23.2127241050733,3.51628758333333,0.256750447018135,0.448432549907176,3.77503132057481,0,209.006275694444,14.9507297523882,4.34118800345625,4.52255974589124,0.57683274747908,0.527388500605509
2024-03-18,14.1935047253068,10.913006993007,4.72433566433566,106.083076923077,124.657482517483,23.1891750047666,3.42974653472222,0.256526400006237,0.422885999144444,3.91526665462355,0,215.08173125,15.645772922389,4.4528844753871,4.53309465306445,0.538255360325839,0.526824642703858
2024-03-19,14.2159584830411,10.5302708333333,4.72552447552448,104.330972222222,124.653611111111,23.1484561944933,3.12955169444444,0.227164832676067,0.399449273579167,4.04139407510113,0,245.339152777778,14.1935047253068,4.55180420149432,4.54471703068682,0.502311342182407,0.526658346532901
2024-03-20,14.6989890048328,9.72754163888889,4.34048611111111,100.110694444444,125.181458333333,23.1416278735466,2.19686409027778,0.14793168072822,0.378036961630556,4.16084288994044,0,232.165268055556,14.2159584830411,4.53259048985874,4.51282562857042,0.470424970946412,0.527025280342701
2024-03-21,14.3982003453907,9.89759027083333,4.62880281690141,100.611805555556,125.256041666667,23.1120214819933,2.76149254861111,0.202983529656876,0.35874190197338,4.27816185441236,0,254.768300694444,14.6989890048328,4.58297903641586,4.49389475253406,0.442155262912703,0.523871064262994
2024-03-22,14.4749148815671,10.1039444513889,5.33090277777778,101.94,125.262083333333,23.0959395558133,3.00544359722222,0.225428538494043,0.341600699570833,4.39033784014635,5.08,133.225140277778,14.3982003453907,4.66672744701836,4.50973428044225,0.416989814909896,0.518152590935509
2024-03-23,14.1110226784144,10.7224718239437,4.67985815602837,103.714366197183,124.74485915493,23.1161098626066,2.96048363888889,0.226091455772689,0.717166030425694,3.47671451957353,9.652,191.442893055556,14.4749148815671,4.68628436929969,4.49830815751081,0.443072310079398,0.539166350874228
2024-03-24,14.1278739536958,10.5890629370629,4.90577464084507,103.176293706294,124.782797202797,23.1142239744133,2.87106621527778,0.216847675350778,0.580247552877083,3.12225431332805,0,265.413965972222,14.1110226784144,4.6656498164266,4.53767924467826,0.455820121138542,0.52085269326892
2024-03-25,14.3420592799387,10.3636666736111,4.84839160839161,101.968472222222,124.740902777778,23.1114995695666,2.73459523611111,0.207256229773634,0.545980002259954,3.25797465328756,0,251.549454166667,14.1278739536958,4.77300953136444,4.60552109264511,0.468013552682639,0.508484353661559
2024-03-26,14.7080742441954,9.95566431468531,4.52274647887324,99.2172027972028,124.910839160839,23.1090618469,2.55364129861111,0.189923789597287,0.984846455118982,3.36345213867938,3.556,63.8889972222222,14.3420592799387,4.74781088318163,4.64475974679221,0.538258609679456,0.528340689421049
2024-03-27,14.3484150443641,10.3552517482517,5.53371428571429,104.075804195804,124.307762237762,23.1111424531866,2.63397875694444,0.198343546003116,0.827011158891667,2.99568672429675,1.524,107.690596527778,14.7080742441954,4.84883460945536,4.71406097889344,0.591703845343518,0.541266237912593
2024-03-28,14.0253630412495,10.9772152777778,4.7127972027972,106.037847222222,124.291666666667,23.1014422651533,3.27754149305556,0.263678030432743,0.768509000612963,3.15539074105777,0,270.999657638889,14.3484150443641,4.89537349591612,4.74653449611696,0.640512850216319,0.553506866870586
2024-03-29,13.8419898420354,11.3099097222222,4.49685714285714,105.925486111111,124.311875,23.0803245933933,3.2564119375,0.265631770375535,0.709368642758565,3.32198334820323,0,249.090136805556,14.0253630412495,4.87888028666059,4.73559727277692,0.684341192814468,0.564603157481605
2024-03-30,14.1503635419872,11.0408102189781,4.44119402985075,103.62464,124.159343065693,23.0744788445226,3.03235106944444,0.245599625346131,0.656684551600926,3.47216612109442,0,223.302776388889,13.8419898420354,4.76766669316971,4.73011668958179,0.723726674318229,0.574481722983688
2024-03-31,14.0317568237431,11.2456690140845,4.17823943661972,103.499436619718,124.177112676056,NA,3.23786429166667,0.273048130695884,0.616390444724537,3.58725869058172,2.54,117.383838194444,14.1503635419872,4.70496435324363,4.67060924776778,0.711129726105584,0.583690081671728
2024-04-01,13.912656852579,11.7517622377622,4.1745390070922,105.463426573427,124.148251748252,NA,3.9453744375,0.351310689827187,0.573922321338426,3.80556053679017,7.112,204.961991666667,14.0317568237431,4.61355989902452,4.682944255648,0.710339072163252,0.592056066433812
2024-04-02,14.3162022500711,11.5097638888889,4.55847222222222,104.656180555556,124.075208333333,NA,4.25521010416667,0.388690273401835,0.538295612522685,3.95986131615619,0,82.3502770833333,13.912656852579,4.57731997575334,4.67188669284044,0.709378523446094,0.599750040659028
2024-04-03,14.6091984025156,12.0146993006993,4.4606338028169,107.674055944056,123.187692307692,NA,4.4159679020979,0.410193855325588,0.946139624327778,3.25994805614243,23.622,161.774961805556,14.3162022500711,4.5695558912463,4.65422731465993,0.704540169597193,0.636196064042268
2024-04-04,14.284609315571,12.187013986014,3.74160839160839,104.689300699301,122.718811188811,NA,3.81055557638889,0.345349584643145,0.735386283482407,3.3754245431382,0,183.18209375,14.6091984025156,4.34554265448307,4.61430213335975,0.693087060171036,0.660019352165725
2024-04-05,13.9816471248601,12.0946293706294,3.60181818181818,103.871188811189,122.475874125874,NA,3.48504143055556,0.31352690288702,0.689692148774768,3.52905974556618,0,166.112168055556,14.284609315571,4.20667027686069,4.54583649102087,0.683234953691262,0.682082701952485
2024-04-06,13.8943319782056,12.4811678321678,3.47886524822695,103.652377622378,122.230699300699,NA,3.87159075,0.357819582709681,0.643249999601852,3.67664038531323,0,275.92413125,13.9816471248601,4.07942129003191,4.42236732238415,0.674970123296672,0.702192655287886
2024-04-07,14.049707826202,12.2661048951049,3.85922535211268,103.320909090909,122.134615384615,NA,4.0728035625,0.382989708496666,0.600395136821991,3.8233196876665,0,295.272634027778,13.8943319782056,4.00667520531466,4.36765846878977,0.667933946449306,0.694407929047639
2024-04-08,14.4358706396987,11.990972027972,4.0413986013986,102.139300699301,121.793286713287,NA,3.92869009027778,0.365308810361512,0.561521726922917,3.96423871217038,0,105.079086111111,14.049707826202,3.98957010091202,4.31003339949334,0.661075356724103,0.693159540650694
2024-04-09,14.3135128472131,12.2632097902098,3.79566433566434,104.301818181818,121.405874125874,NA,3.85550415277778,0.358220427683364,0.551280294829167,3.9580121598448,2.032,79.0438923611111,14.4358706396987,3.94221076698353,4.23985158131152,0.658245103410446,0.693512893488642
2024-04-10,14.7791407983724,12.1619097222222,3.82576388888889,103.851875,121.221388888889,NA,4.33868152777778,0.416768603558126,0.513329966610648,4.22789064324705,0,132.251559027778,14.3135128472131,3.85062222531687,4.19338607531256,0.655124397671441,0.66207846092142
2024-04-11,14.9605345796559,11.6854166666667,4.06972222222222,98.6098611111111,121.563402777778,NA,3.47859402777778,0.315319104436981,0.687348900623611,3.70780290295343,17.526,25.9517756944444,14.7791407983724,3.80175827774253,4.09578660441309,0.62277555720842,0.652767643703549
2024-04-12,14.7299734885567,11.8776805555556,3.20531914893617,97.9264583333333,120.761111111111,NA,3.2175363125,0.288509333990191,1.09605074178356,3.52654467835889,2.794,184.051385416667,14.9605345796559,3.7347221224085,3.99528806748902,0.667858614496065,0.674603759781589
2024-04-13,13.9119867554522,13.0619219858156,3.02695035460993,100.437517730496,120.547234042553,NA,4.29216820138889,0.41759263702636,0.842285508171296,3.52270580084399,0,266.30820625,14.7299734885567,3.66286364400747,3.89729428160588,0.686932784420631,0.683464884142438
2024-04-14,13.837330811396,13.4266041666667,3.20839160839161,101.138958333333,120.355625,NA,4.77928834722222,0.483437245652908,0.797837533732408,3.6943552698422,0,286.623275694444,13.9119867554522,3.62905443902805,3.8151074535086,0.70625622618695,0.692875082951204
2024-04-15,14.127244134724,13.5393888888889,3.31520833333333,101.271944444444,119.664930555556,NA,5.27733276388889,0.553832913752899,0.74212424924375,3.84874654817331,0,275.247865277778,13.837330811396,3.56105231168064,3.75757204662284,0.72397236523967,0.701257336585818
2024-04-16,14.2205691111754,14.1018041958042,3.57422535211268,103.714195804196,119.248671328671,NA,6.34637438194444,0.71053321179977,0.692278899507176,4.04616614263195,0,218.767374305556,14.127244134724,3.5026556555199,3.71755113629087,0.740317011812703,0.709147775130401
2024-04-17,14.3614491849256,14.35575,3.57090909090909,104.344652777778,119.031041666667,NA,6.87346504166667,0.794379335110762,0.648516870248148,4.1907713047917,0,140.317486805556,14.2205691111754,3.47456124992549,3.65171359420333,0.752471583740075,0.716495858978765
2024-04-18,13.6606475096187,15.9054468085106,2.95914893617021,106.132269503546,119.325957446809,NA,8.01411888888889,0.983025691553507,0.61170182639537,4.337185139959,0,298.513484027778,14.3614491849256,3.36623438083566,3.55161460309355,0.764768066213166,0.694200005783272
2024-04-19,14.2741713572398,15.3155915492958,3.70035460992908,105.343098591549,118.785915492958,NA,8.43309809027778,1.06178046519835,0.57812340399838,4.51660324274127,0.508,114.957125,13.6606475096187,3.32006342929901,3.5488643509816,0.751114879135012,0.68371581381767
2024-04-20,13.1462030737547,16.9591690140845,2.71725352112676,106.249718309859,118.90485915493,NA,8.39784038194444,1.05964044875634,0.549148188349769,4.65058315839708,0,226.374853472222,14.2741713572398,3.25905522582284,3.48989337360217,0.682752059955787,0.674346216456003
2024-04-21,13.4312656856326,16.2458541666667,3.22027777777778,104.093541666667,118.762013888889,NA,8.011123875,0.992229584387587,0.534176227896528,4.68658290603893,0,108.890864583333,13.1462030737547,3.28322115371882,3.47265420890556,0.644238399921441,0.667074631675648
2024-04-22,12.6753555248533,16.5051944444444,2.45701388888889,103.630486111111,118.46625,NA,7.54358738194444,0.917556623998735,0.50561692951088,4.83168832095421,0,317.420178472222,13.4312656856326,3.18929893878098,3.37917344469064,0.60771082439375,0.660756084521574
2024-04-23,13.5748029954885,15.4077692307692,3.09633802816901,101.653566433566,118.304475524476,NA,7.40498422222222,0.897143440956825,0.481172771697685,4.92940509765095,0,309.291227777778,12.6753555248533,3.16194015063544,3.31616940647533,0.575091889700492,0.655399487506559
2024-04-24,12.6848929449436,16.5366527777778,2.16652777777778,102.798958333333,117.83375,NA,7.55235588888889,0.9295083698089,0.458194403932407,5.03072854675046,0,232.687686805556,13.5748029954885,2.98597795384357,3.20756030261623,0.545831327753646,0.649193761446775
2024-04-25,12.398816246281,16.7703028169014,2.10676056338028,102.688591549296,117.660281690141,NA,7.87036759722222,0.983231306917901,0.438512604881482,5.11981727381828,0,290.736755555556,12.6848929449436,2.80295938790247,3.09296008091565,0.519580794582812,0.644205937331497
2024-04-26,13.0869704205978,16.4139861111111,2.61458333333333,102.737361111111,117.516527777778,NA,7.69278034027778,0.955060625406759,0.420628162574074,5.20255271920089,0,155.96578125,12.398816246281,2.75988868754786,2.9959508216564,0.49569658660515,0.626424554794861
2024-04-27,13.6343601591413,16.1897062937063,2.91881118881119,102.687622377622,117.255454545455,NA,7.9068618125,0.992584055313159,0.405036570280093,5.29803926704999,0,245.820543055556,13.0869704205978,2.66219575990813,2.9768502909814,0.474060732390365,0.580356943361296
2024-04-28,13.3076484305593,16.7533426573427,2.24804195804196,104.123636363636,117.102517482517,NA,8.42657142361111,1.0867313984993,0.389569647063657,5.37084573117174,0,297.856526388889,13.6343601591413,2.60354431452253,2.92492306454353,0.454113414729601,0.55017588595412
2024-04-29,12.603684210053,17.5547762237762,1.46853146853147,104.211398601399,117.457692307692,NA,9.17760906944445,1.22788671617116,0.375163206766435,5.43992397964306,0,304.366140972222,13.3076484305593,2.38457602586674,2.80893238855286,0.434236787088339,0.521997597489722
2024-04-30,12.6647160955726,17.7777291666667,1.88388888888889,105.242083333333,117.476944444444,NA,9.80802710416667,1.35246240714412,0.367585448878472,5.41351864279581,1.016,158.527670138889,12.603684210053,2.31293540086674,2.71351109225656,0.416982852009288,0.497028344132037
2024-05-01,11.8920120023634,18.7515833333333,1.75520833333333,104.813888888889,117.716388888889,NA,10.6013638819444,1.51316654053414,0.358674527620833,5.73141763472159,0,302.702146527778,12.6647160955726,2.14529418901228,2.5922432910046,0.401670571499682,0.474788052672948
2024-05-02,12.2929060902795,18.9764513888889,1.85354166666667,106.432152777778,117.682222222222,NA,11.3578726041667,1.67107672688462,0.344400714001852,5.84264747563125,0,317.2524,11.8920120023634,2.10617092512339,2.47775212938844,0.387446360258362,0.454513642256528
2024-05-03,12.4049745256819,19.5754924242424,1.65007575757576,106.878939393939,117.684545454545,NA,11.8897232291667,1.78896693401009,0.332750786585185,5.87661343808989,4.572,245.705059027778,12.2929060902795,2.04908532439782,2.39048058414881,0.374226132971325,0.435916906269182
2024-05-04,12.9920434194264,19.0824375,1.69791666666667,105.054722222222,117.511319444444,NA,11.4417275,1.69854699085124,0.375247026827083,5.24361089551374,6.858,26.8758631944444,12.4049745256819,1.93450199106449,2.25698472126465,0.368553491002951,0.422391814457762
2024-05-05,12.3932579506186,19.4013356643357,2.05482517482517,106.187622377622,117.384825174825,NA,10.6766062291667,1.54078157863069,0.630794762994907,4.13946689856204,2.286,127.64315,12.9920434194264,1.82650373931624,2.21282283151121,0.396773265092303,0.427834919434105
2024-05-06,11.3135681017182,20.2853958333333,1.523125,105.679027777778,117.122013888889,NA,11.5491882083333,1.72651590747159,0.845164037595833,3.64880116199221,28.956,173.564877777778,12.3932579506186,1.73588911956099,2.09967931299269,0.453722563908825,0.448567440080725
2024-05-07,11.2224720734186,20.6559300699301,1.27748251748252,104.040909090909,116.36,NA,12.6504047847222,1.97297594410225,0.672083039451389,3.43839541547278,0.508,219.534145138889,11.3135681017182,1.71200800067988,2.02104388823227,0.490837542994444,0.459665180743426
2024-05-08,13.1706629195855,19.7122708333333,2.35159722222222,104.454166666667,116.752916666667,NA,12.6212114930556,1.96797975155039,0.60677448004537,3.54006595766259,0,163.871952083333,11.2224720734186,1.77047154234654,1.97139450116915,0.520736171890307,0.468038627966605
2024-05-09,16.1506574116686,20.0799583333333,2.08743055555556,107.176111111111,113.282569444444,NA,12.4107999444444,1.92573261867324,0.621812223331019,3.6344711673819,1.016,195.953330555556,13.1706629195855,1.81199932012432,1.966121353021,0.55362838385408,0.478946482593179
2024-05-10,11.334281400985,21.3483194444444,1.27506944444444,106.055277777778,115.796111111111,NA,11.9954828125,1.83352405782261,0.572816745348611,3.80364416339277,0.254,190.663152083333,16.1506574116686,1.73969029234654,1.91067527842528,0.582180387772425,0.487900091957654
2024-05-11,11.7656446689585,20.7902937062937,1.41524475524476,102.434195804196,115.242797202797,NA,11.6823083194444,1.76819375355046,0.536780485350463,3.98487486978987,0.508,230.700848611111,11.334281400985,1.71033641705517,1.83071937321937,0.607684100118084,0.495643580142747
2024-05-12,11.0255020575433,20.8012916666667,1.31909722222222,102.9725,115.534444444444,NA,11.4646988541667,1.72896441502553,0.462689917818056,3.98891954054618,0,338.664406944444,11.7656446689585,1.66298398649961,1.72407177544678,0.618614461491956,0.499487136645278
2024-05-13,11.7992515999473,20.1915352112676,2.14957143571429,101.962676056338,115.568943661972,NA,11.3463422986111,1.70510523504788,0.412569235097454,4.05046233134325,0,263.04689375,11.0255020575433,1.67482726911075,1.71750707395826,0.591336270504774,0.501020442514198
2024-05-14,12.5633104848373,20.1033309859155,2.95262411347518,101.562394366197,115.224507042254,NA,10.9713157847222,1.63424193677656,0.533794793569907,3.91573030357842,10.668,29.3511701388889,11.7992515999473,1.85351465829515,1.81644658362118,0.552415115001534,0.511595881634429
2024-05-15,11.1142782925138,20.4273986013986,2.19993006993007,99.9003496503497,115.086713286713,NA,10.8686071597222,1.61112711151259,0.584546248772222,3.42782775369737,6.604,145.386077777778,12.5633104848373,1.96882060235109,1.83751599569059,0.541473016166638,0.526059934960679
2024-05-16,10.2915669133092,21.6415882352941,1.94044117647059,103.64314516129,115.289044117647,23.0586453856968,11.8953088776978,1.84073648886306,0.54457203744375,3.57131375832552,0.762,271.380154861111,11.1142782925138,1.91742609663214,1.84986485189974,0.533697710841435,0.538453102282207
2024-05-17,10.1067883187279,21.7013916083916,1.7327972027972,104.188601398601,115.055104895105,23.0429093469133,11.955928,1.85372193463093,0.516553855905324,3.69313309349193,7.874,92.9484826388889,10.2915669133092,1.87309692753734,1.84181522097511,0.520540414913223,0.549929978409105
2024-05-18,10.1172828221583,21.602958041958,1.9786013986014,104.477412587413,114.07951048951,23.0691143660466,11.8105405347222,1.82596248450011,1.26606435011366,3.65846657830924,10.922,138.341336805556,10.1067883187279,1.96103842180696,1.86371693037682,0.607196365508854,0.612150882644336
2024-05-19,10.2746051085356,21.8712340425532,1.99241134751773,105.904255319149,114.240709219858,23.0955012153133,12.0683798819444,1.88673372727692,0.945229805315046,3.41237738873433,0,282.38174375,10.1172828221583,2.03318424584108,1.88334990910022,0.658252530504427,0.650149734543534
2024-05-20,10.0544320476426,22.6799300699301,1.58090909090909,107.656643356643,114.534755244755,23.0958436454133,12.7808852569444,2.05082871245168,0.797348406543055,3.25882871122573,0,291.266297222222,10.2746051085356,2.06591072942694,1.85175550350582,0.700084841595052,0.661253310780077
2024-05-21,9.55977723044182,23.3088601398601,1.3534965034965,108.347692307692,114.66048951049,23.0893366243066,13.4307117152778,2.20869442058188,0.791050230846759,3.66837857666911,0,310.113754861111,10.0544320476426,1.96640136289972,1.84044693707225,0.747394966063715,0.657645723663472
2024-05-22,9.37180668503988,23.8711888111888,1.26202797202797,108.753496503497,114.668741258741,23.0643065075733,13.9780253125,2.34471246567375,0.744343358824074,3.91638395529834,4.318,257.643196527778,9.55977723044182,1.75507684521882,1.83941663404195,0.773713536720486,0.662463078288318
2024-05-23,8.84362549349841,24.5825,1.06715277777778,107.563888888889,114.861805555556,23.0465019906467,14.6484641319444,2.5140662111711,0.739935378546065,3.94401661634777,0,224.43535625,9.37180668503988,1.61347968369978,1.75378700441232,0.793137177942216,0.671340471521698
2024-05-24,8.82842834691994,24.5896830985915,0.947535211267606,107.098098591549,114.869718309859,23.0360882192466,14.5969757361111,2.50698558312592,0.739735377515278,3.90492213821918,1.016,263.141406944444,8.84362549349841,1.48936643804941,1.67779398145979,0.817532595451157,0.679202015133981
2024-05-25,8.51095629952259,25.0650347222222,0.876041666666667,106.756944444444,114.995416666667,23.02659508778,15.0792251666667,2.63046845856184,0.676205076611111,4.16274399046005,0,213.714529861111,8.82842834691994,1.38227199603309,1.65119212960794,0.837488998039381,0.686094570551481
2024-05-26,8.60890959122017,25.117958041958,0.951328671328671,105.748391608392,114.746783216783,23.0113241040133,15.132673125,2.64966545493985,0.632883367923843,4.36218910810668,15.748,258.775950694444,8.51095629952259,1.253862905124,1.6202643906802,0.758341375265654,0.692501429389707
2024-05-27,9.35965969848679,24.8206126760563,1.13598591549296,105.047746478873,114.047816901408,23.0077131274066,14.8610916388889,2.58031622776036,0.624087036116204,4.36671942658862,0.762,261.87990625,8.60890959122017,1.14680972612091,1.60805697023158,0.718198529115799,0.70326123727625
2024-05-28,9.37086576391078,24.6354895104895,0.874405594405594,105.439440559441,114.13958041958,22.9895698269733,14.6029974027778,2.51950871042277,0.49017069605625,4.29452567028909,0,244.920411111111,9.35965969848679,1.05849678905797,1.52304591414433,0.679801315304948,0.708434668006836
2024-05-29,9.40752763574496,24.347965034965,0.825944055944056,104.103146853147,114.058531468531,22.9738699438866,14.2964083819444,2.44692049608682,0.431212302004398,4.30593813474142,0,335.924534722222,9.37086576391078,0.992552733113913,1.38126724364226,0.634821574199653,0.701595835235802
2024-05-30,8.79915911689012,24.2555454545455,0.796503496503496,102.485664335664,114.342937062937,22.9515110816533,14.1739609305556,2.42099692662214,0.379229540721296,4.30723346632272,0,296.166122222222,9.40752763574496,0.934362173673353,1.28770547208049,0.589182346936806,0.687908054699074
2024-05-31,8.62627365263198,24.0579236111111,0.871597222222222,102.262569444444,114.363680555556,22.9280207264666,13.9796646875,2.37569077724845,0.334086071981713,4.3033017916662,0,353.229890277778,8.79915911689012,0.909917729228909,1.21644920846393,0.538451183616262,0.673875657001605
2024-06-01,8.53907268903254,23.8289290780142,0.896808510638298,101.758865248227,114.404539007092,22.90429554066,13.7403734513889,2.32275953854344,0.295285872009028,4.27228351577673,0,304.372173611111,8.62627365263198,0.903576891650245,1.16071662898667,0.48289499542798,0.659124458075185
2024-06-02,8.98248274850646,23.4616923076923,1.11006993006993,101.17041958042,114.283146853147,22.88805701078,13.3472932916667,2.22949112512447,0.298924087046528,4.40485634524703,0.254,125.774378472222,8.53907268903254,0.932830424575653,1.10281453108457,0.435734871732407,0.594648440537377
2024-06-03,8.99147558290631,23.5758194444444,1.00541666666667,101.367013888889,114.377222222222,22.8719375696466,13.5114672083333,2.27081539311371,0.309458889352546,4.62347876919807,0,209.734529861111,8.98248274850646,0.939591423992903,1.0370148856945,0.395306811910995,0.552263712806543
2024-06-04,8.43744451468121,24.2929154929577,0.903943661971831,101.888098591549,114.081408450704,22.8581487512333,14.1860864791667,2.4384060625822,0.304641888398843,4.65827422694415,11.176,221.214665277778,8.99147558290631,0.910586142302762,0.991883857098683,0.355376168446325,0.519416611596929
2024-06-05,8.46156804218419,24.3598888888889,0.960347222222222,101.667916666667,113.860694444444,22.87583907484,14.2356051111111,2.45206774293979,0.332069085459028,4.26234169985638,18.034,200.230381944444,8.43744451468121,0.92132884577984,0.965673905013731,0.335613467121672,0.48881786857108
2024-06-06,8.22924477799835,24.6493566433566,1.0220979020979,101.511048951049,113.391748251748,22.8927426834,14.4919361527778,2.52044400417174,0.362223617530556,3.88114612441929,0.254,217.238798611111,8.46156804218419,0.945848076549071,0.949678567018393,0.326989881562442,0.463343219151512
2024-06-07,8.39607947779991,24.6859583333333,0.932013888888889,102.096458333333,113.811666666667,22.8883706178066,14.469537,2.51456806876683,0.316456272896528,3.71489831806973,0,345.1229625,8.22924477799835,0.962786875597245,0.940669307759134,0.319143223084346,0.435111278774877
2024-06-08,7.92685918873733,25.147125,0.826597222222222,101.600208333333,114.152708333333,22.8787104423933,14.9337025625,2.63590469256758,0.282931431677546,3.7538227303154,0,309.415118055556,8.39607947779991,0.957161875597245,0.932606775156108,0.312748893046325,0.404657682385694
2024-06-09,7.75336739850123,25.2390492957746,0.870985915492958,100.718028169014,114.274225352113,22.8616729589,15.0061689583333,2.65963882473329,0.254452239805556,3.79242765407389,0,257.442152777778,7.92685918873733,0.953934051204078,0.932269725077861,0.307644689020891,0.376540826598657
2024-06-10,7.97477912018262,24.9032916666667,0.973402777777778,99.4917361111111,114.207361111111,22.8394854366,14.6553606944444,2.57243088383643,0.225923180302546,3.7922994014507,0,196.087725,7.75336739850123,0.936850657167559,0.933741332174468,0.298519575677894,0.349410147423904
2024-06-11,8.08111041655162,24.7189230769231,1.01748251748252,100.068881118881,114.283566433566,22.80094579054,14.4684240277778,2.52802826755033,0.201514035932407,3.80937838947801,0,288.719047916667,7.97477912018262,0.93835888851954,0.925841105640439,0.285026469000376,0.321238614078318
2024-06-12,7.85688779390726,24.7616875,0.869583333333333,100.383402777778,114.377013888889,22.7717981204466,14.5172526388889,2.54522545968553,0.18078819967037,3.82353631625898,0,282.780017361111,8.08111041655162,0.934063847439728,0.925519621568955,0.269544757909317,0.300613114319259
2024-06-13,7.91472999302945,25.0284166666667,0.845416666666667,100.094652777778,114.495347222222,22.7602836273466,14.7615966666667,2.61352632672106,0.174368007430093,3.95823318587571,0,255.784304861111,7.85688779390726,0.919697527995283,0.926817795617129,0.2498321231557,0.283490161347639
2024-06-14,7.63540771326172,25.6976458333333,0.760833333333333,100.778472222222,114.79375,22.7410862116733,15.430325,2.78925602059371,0.165509075830324,4.67653686258546,0,214.735541666667,7.91472999302945,0.887039456899712,0.924439784739118,0.225242805443171,0.269242130354907
2024-06-15,7.15356076288715,26.3350763888889,0.695694444444444,101.439375,115.192222222222,22.7235057354466,16.0043226388889,2.94539985164602,0.150517486628704,4.74404703162228,0,351.126741666667,7.63540771326172,0.857499526344157,0.912712932887266,0.204500457159693,0.257004224664707
2024-06-16,7.2936713704418,26.2528531468531,0.643776223776224,100.216993006993,115.224965034965,22.7002852281666,15.8859535416667,2.91792342784015,0.144785892101852,4.83658214861498,0,232.889129861111,7.15356076288715,0.834646901538407,0.895844113763128,0.187232264712731,0.246970892670895
2024-06-17,7.66510465093365,26.3364306569343,0.764890510948905,100.406929133858,115.304306569343,22.6151351757933,16.1012688194444,2.98085795600082,0.139870216899537,5.03311157805306,0,254.851113194444,7.2936713704418,0.8213849759704,0.872832152488393,0.172909511849479,0.236367301327762
2024-06-18,7.3701661310365,26.6049791666667,0.7275,100.235277777778,115.297708333333,22.5957261078466,16.2016538888889,3.01345059182927,0.128769363930787,5.0797391329425,0,247.306972222222,7.66510465093365,0.790647128748178,0.854304374710615,0.160765284803009,0.224321332966312
2024-06-19,7.21364060772994,26.901125,0.583541666666667,102.384236111111,115.535763888889,22.58262809408,16.5071795138889,3.10221711420263,0.11818999906088,5.06762064213801,0,303.781591666667,7.3701661310365,0.736404522396197,0.832944241690271,0.150349780194068,0.211891207010448
2024-06-20,6.90153465429778,27.3115138888889,0.538194444444444,102.347777777778,115.779513888889,22.5729562295866,16.9317916666667,3.22165328573885,0.109581997136343,5.06872062005897,0,320.010454861111,7.21364060772994,0.694980911285086,0.804800723171752,0.141449004877315,0.197058734455602
2024-06-21,6.78314107911794,27.5387847222222,0.496388888888889,102.39875,115.994166666667,22.5557302222133,17.1804951388889,3.29608351380853,0.1033310365375,5.08784359629938,0,334.560710416667,6.90153465429778,0.651352439062863,0.769753455624485,0.132569383515741,0.179799229056065
2024-06-22,6.69240291143119,27.9409930555556,0.587972027972028,102.230833333333,116.167847222222,22.53345513172,17.62661,3.42543501059538,0.0989230562594907,5.11613190396259,0,337.228079861111,6.78314107911794,0.6297447758927,0.746817331563361,0.124246131069387,0.165297014613596
2024-06-23,6.9585737253748,27.8439097222222,0.552777777777778,101.701805555556,116.150902777778,22.5172713506933,17.2879653472222,3.33467752489048,0.0938169291472222,5.12881409603945,0,258.887570833333,6.69240291143119,0.611880192559367,0.728562701933731,0.117158561384201,0.152689381111574
2024-06-24,6.77398938811872,28.0481736111111,0.650416666666667,100.987083333333,116.518680555556,22.5001357089,17.4620705555556,3.38624988648871,0.0879405062877315,5.12767921238847,0,307.58140625,6.9585737253748,0.612710247920672,0.713858085345312,0.110052888157436,0.141588598877052
2024-06-25,6.69692928233528,28.1161736111111,0.679513888888889,100.712916666667,116.816319444444,22.4161454230666,17.341531875,3.3592908892731,0.0825924681143518,5.11927854784631,0,312.590204166667,6.77398938811872,0.60203817016317,0.694265492752719,0.102893169559288,0.132033218064506
2024-06-26,6.79507002977028,28.1605625,0.847222222222222,100.781041666667,116.821111111111,22.39586731698,17.4763038194444,3.40412850401037,0.0830587835150463,5.07137610577077,3.81,263.254115972222,6.69692928233528,0.617003447940948,0.682914806402033,0.0971793470073206,0.124136201236682
2024-06-27,6.53337093657442,28.4404305555556,0.850972222222222,100.869166666667,116.807222222222,22.3845315569066,17.713975625,3.47956234423714,0.0872657017488426,5.62327122404936,5.334,270.07231875,6.79507002977028,0.650432267385392,0.681674065661292,0.093313809843316,0.117901368041914
2024-06-28,6.72799216219993,28.2529583333333,1.03555555555556,100.797708333333,116.761388888889,22.3585361919133,17.4947010416667,3.42700700564342,0.0930720977222222,5.1812585499316,0,216.674659722222,6.53337093657442,0.712602406274281,0.694349991587218,0.0912500724165509,0.112481640728056
2024-06-29,7.10316406848071,28.0865694444444,1.14944444444444,100.738333333333,116.823680555556,22.3330381123533,17.1796110416667,3.34706018218492,0.0910349519444444,5.2039627039627,0,217.083671527778,6.72799216219993,0.794234350718726,0.720257398994625,0.089713061842419,0.107516699135664
2024-06-30,6.89206474173975,28.6231875,1.16923611111111,102.039930555556,117.103680555556,22.3116576361066,17.7223713888889,3.51545165390803,0.0884641164134259,5.27123787135541,0,226.903977777778,7.10316406848071,0.866892361111111,0.75182684343907,0.0884056943616609,0.103379807787978
2024-07-01,6.51065052408344,28.5539930555556,1.03708333333333,102.5825,117.308958333333,22.2897488034533,17.6367317361111,3.50241853299747,0.0805096987592593,5.31760674749605,0,353.416325694444,6.89206474173975,0.927430555555556,0.778047317409544,0.0867422905631655,0.0990947282318056
2024-07-02,6.77608618863151,28.0678819444444,1.15909722222222,101.981527777778,117.260972222222,22.2616016986266,17.0534341666667,3.3513545480314,0.0737738550247685,5.29256524021487,0,348.271944444444,6.51065052408344,0.991015625,0.804327764827765,0.0849714591552951,0.094688304106821
2024-07-03,7.14124134324263,27.7540555555556,1.33027777777778,103.025902777778,117.273958333333,22.22315831264,16.7016928472222,3.26100650272269,0.0688491612083333,5.28586839266451,0,305.255293055556,6.77608618863151,1.07236111111111,0.84451295001295,0.0832535457920428,0.0906936239253241
2024-07-04,6.86774922867259,28.1010486111111,1.30277777777778,102.79,117.09625,22.1967316505666,17.0168868055556,3.3576740086645,0.0934254151930556,4.40643703224194,13.97,165.17646875,7.14124134324263,1.12930555555556,0.892462024087024,0.084549374751794,0.0890426516674691
2024-07-05,6.79231642241416,28.2972986111111,1.31076388888889,103.057222222222,116.608333333333,22.1870684779533,17.1094364583333,3.39364849124945,0.176441758171065,2.1678277524046,19.304,214.830972916667,6.86774922867259,1.18677951388889,0.943966653716654,0.0956963818045718,0.0934999690697839
2024-07-06,6.6828123475143,28.7415694444444,1.48375,102.960069444444,116.550833333333,22.1787250724066,17.4595875,3.50357347892418,0.157348821571528,2.3128715007704,0,298.909379166667,6.79231642241416,1.24280381944444,1.00979072779073,0.103730972285735,0.0971011547387191
2024-07-07,6.50396816427247,28.8457847222222,1.22125,104.007222222222,116.881041666667,22.1666523008533,17.6011741666667,3.55231860435731,0.144564140295833,2.46603694651782,0,246.386224305556,6.6828123475143,1.25177951388889,1.05200925925926,0.110422120829659,0.100143893674475
2024-07-08,6.38975807040487,29.1248541666667,1.00194444444444,103.711527777778,117.085208333333,22.1648882987933,17.8399538194444,3.62829535320645,0.133880796110185,2.67867049182926,0,267.4532125,6.50396816427247,1.23086805555556,1.0819537037037,0.116099205791753,0.102814818138673
2024-07-09,6.48264623886974,29.4718541666667,0.949375,103.52,117.278888888889,22.1471626082266,18.0780064583333,3.70332476099566,0.123365092045833,2.87259935839547,0,283.053051388889,6.38975807040487,1.21990451388889,1.10188425925926,0.121456129952575,0.105176457189213
2024-07-10,6.77596538587806,29.3512152777778,0.954652777777778,103.387916666667,117.240277777778,22.12844529404,17.9603436111111,3.67835483349188,0.114112524465046,3.07297502103663,0,266.24369375,6.48264623886974,1.19434895833333,1.12022685185185,0.12649846363261,0.107277794279259
2024-07-11,6.666872191465,29.1505763888889,0.901944444444444,102.270069444444,117.543263888889,22.1041158727133,17.7482283333333,3.62165386277934,0.103108223718056,3.19513475133517,0,339.409823611111,6.77596538587806,1.14080729166667,1.123875,0.130780846446325,0.108614423626127
2024-07-12,6.47662651607593,29.182,1.05340277777778,101.119930555556,117.752222222222,22.07878004158,17.7371454861111,3.6310596820482,0.096513494769213,3.35848994376865,0,174.207436111111,6.666872191465,1.10963541666667,1.13737037037037,0.131166856393345,0.109230943160818
2024-07-13,6.36997544694914,29.3525555555556,0.960763888888889,100.655486111111,117.925277777778,22.054037706,17.8471425694444,3.67155938082931,0.0889330843476852,3.58510600221907,0,286.593663194444,6.47662651607593,1.06588541666667,1.13238425925926,0.120228272165422,0.108955008935849
2024-07-14,6.11214961477945,29.7517430555556,0.844375,101.784166666667,118.149166666667,22.0298941110733,18.2270585416667,3.79211488858391,0.0826513543594907,3.69711868649589,0,305.887170833333,6.36997544694914,0.985963541666667,1.1120462962963,0.110891088763918,0.108396102430185
2024-07-15,6.08423291611886,29.6897152777778,0.833402777777778,102.044444444444,118.284930555556,21.9989917801933,18.0960770833333,3.76168839612455,0.0774561021194444,3.8081148461686,0,318.638919444444,6.11214961477945,0.937482638888889,1.08965740740741,0.102502583991869,0.107662234810586
2024-07-16,6.37656478467895,29.5303125,0.854305555555556,101.25125,118.281319444444,21.9665452918733,17.9386946527778,3.72034471065217,0.0746751859300926,3.87178357795428,0,284.769274305556,6.08423291611886,0.919027777777778,1.07747222222222,0.0951018827193576,0.107273267288642
2024-07-17,6.72176154911296,29.4036875,0.881944444444444,100.460972222222,118.3975,21.9463422656466,17.75794375,3.67408143008811,0.0772789128773148,3.92668359991762,0.254,252.435150694444,6.37656478467895,0.910598958333333,1.05899537037037,0.0893411103232928,0.107506937812145
2024-07-18,6.2756493641945,29.5662708333333,0.992986111111111,100.03375,118.366875,21.9357430674733,17.858701875,3.71609669942757,0.0876577462097222,3.45570524226249,0,169.165954166667,6.72176154911296,0.915390625,1.03650925925926,0.0860342630413773,0.108760843478904
2024-07-19,6.21451115505679,29.3161527777778,1.099375,100.025208333333,118.411527777778,21.9131046164333,17.5586310416667,3.63688715489025,0.0952678650071759,3.16852193185172,0,216.037961111111,6.2756493641945,0.940069444444444,1.02294907407407,0.0850542182025174,0.108883673466512
2024-07-20,6.34312747913798,29.0644236111111,1.275,98.9973611111111,118.271111111111,21.8918507718866,17.2866759027778,3.56353418764422,0.117397952538426,2.9101557204443,0.254,126.594340277778,6.21451115505679,0.967769097222222,1.02056481481481,0.087664775423669,0.10494741975767
2024-07-21,6.25838078725744,29.0206180555556,1.21861111111111,100.065902777778,118.354791666667,21.8739927049866,17.2254675694444,3.55136797755233,0.179997214161343,1.69470045064295,0,300.190989583333,6.34312747913798,1,1.00288888888889,0.0990477916503762,0.106457312596991
2024-07-22,6.4776083924207,28.8187083333333,1.35680555555556,98.63,118.20875,21.8532489339266,16.9642707638889,3.47902055200484,0.181385019722454,1.86891833792032,0.508,112.620938194444,6.25838078725744,1.06405381944444,1.01192592592593,0.111389499820747,0.108912037892099
2024-07-23,6.60471086306493,28.4737638888889,1.39979166666667,99.1338194444444,118.113680555556,21.83700505904,16.6072613194444,3.38599684985343,0.238641017732407,1.85623204901342,0.254,226.204718055556,6.4776083924207,1.13485243055556,1.03844907407407,0.131537614272367,0.115896052666914
2024-07-24,6.38577709516214,28.5704583333333,1.18597222222222,98.7555555555556,117.998680555556,21.8260886572,16.6297672916667,3.40107083961925,0.281386065622685,1.1462830640448,0,135.019703472222,6.60471086306493,1.17631076388889,1.05422222222222,0.157376474233941,0.126430784238704
2024-07-25,6.41330199661704,28.4730902777778,1.12270833333333,98.5922222222222,118.033958333333,21.81394130532,16.5400203472222,3.384065787748,0.272419971666898,1.38264373165806,0,166.056213888889,6.38577709516214,1.20640625,1.06542592592593,0.181769106582639,0.136984614052161
2024-07-26,6.52461040221569,28.1724375,1.20458333333333,99.0204166666667,117.947916666667,21.8000918935133,16.1430747222222,3.27259950109078,0.263509050409259,1.2260625875759,0,151.62170625,6.41330199661704,1.23285590277778,1.08560185185185,0.203750519607581,0.147678002498241
2024-07-27,6.36827618514039,28.0421666666667,1.09965277777778,99.5829861111111,118.164444444444,21.8042168399666,16.0627157638889,3.25459001340744,0.237069656848611,1.35608695068409,0,228.1559625,6.52461040221569,1.232890625,1.08868518518519,0.22147574358776,0.157048413303534
2024-07-28,6.00839108552646,28.1960833333333,1.05256944444444,100.632569444444,118.231527777778,21.791138308,16.1338970833333,3.28119414199591,0.208953862075,1.42176725670008,0,250.504600694444,6.36827618514039,1.20508680555556,1.09480555555556,0.232920232279832,0.165049798485355
2024-07-29,6.36252670840913,27.9253402777778,1.179375,99.9839583333333,118.15375,21.77686384328,15.8429617361111,3.20791236865955,0.195472094978472,1.56053660747483,0.254,118.430941666667,6.00839108552646,1.20018229166667,1.11713888888889,0.234854592381973,0.172571181193287
2024-07-30,6.27236667118418,27.9384027777778,1.239375,100.859305555556,118.160416666667,21.7640350280266,15.7855990972222,3.19628319868036,0.188883201603472,1.59250427616889,0,224.336879861111,6.36252670840913,1.18550347222222,1.1442037037037,0.235791865117101,0.179999654492222
2024-07-31,6.58827388102922,27.74856,1.4512,99.99,118.1596,21.74597994518,16.2100527083333,3.3189885163838,0.167929247454861,1.69012304727606,0,287.750261111111,6.27236667118418,1.19192951388889,1.18399666666667,0.226952893832407,0.186216591927207
2024-08-01,NA,NA,NA,NA,NA,21.72607029488,16.9270179166667,3.53181524347713,0.150666559015046,1.77813770884315,0,232.482186111111,6.58827388102922,NA,NA,0.210612955506453,0.191109101669722
2024-08-02,NA,NA,NA,NA,NA,21.70121511472,16.5051508333333,3.41675797687526,0.13911689736713,1.90669402137023,1.27,209.294870833333,NA,NA,NA,0.193950071218981,0.194539711746883
2024-08-03,NA,NA,NA,NA,NA,21.68082306508,16.2749280555556,3.35499728218235,0.146958317091435,1.95657274876812,1.778,246.1785125,NA,NA,NA,0.179381229554253,0.197985741885833
2024-08-04,NA,NA,NA,NA,NA,21.6600121067866,16.4146194444444,3.4025370929038,0.202425446465278,1.51479414000052,0,230.550239583333,NA,NA,NA,0.175050703256337,0.203654241480957
2024-08-05,5.42050900782862,29.383320754717,1.11018867924528,104.715365853659,119.092264150943,21.6170050841733,16.7896197916667,3.52033764157511,0.209667924110648,1.2828233246125,0,267.814000694444,NA,NA,NA,0.175139961010793,0.205632288810911
2024-08-06,5.83510921029941,28.8296805555556,0.932777777777778,103.107361111111,118.980416666667,21.5989806726733,16.4575509027778,3.43042404287405,0.185599895556944,1.34341753988807,0,235.511095833333,5.42050900782862,NA,NA,0.173905936083102,0.20591328053321
2024-08-07,5.78957384739901,28.843625,0.794027777777778,102.714861111111,119.081597222222,21.58318612802,16.4811686111111,3.44363663439162,0.167641712816435,1.48099859811458,1.016,228.051850694444,5.83510921029941,NA,NA,0.171250749984722,0.201179993538812
2024-08-08,6.16439526828924,28.2096875,0.959027777777778,100.172777777778,118.475277777778,21.59292762746,15.7478409027778,3.23506541984079,0.327906199282407,2.77948552014237,50.546,37.0129368055556,5.78957384739901,NA,NA,0.191247868963166,0.204281335782793
2024-08-09,6.25190890464628,27.9647708333333,1.01888888888889,98.1107638888889,117.125277777778,21.69255635378,15.4793795138889,3.1637168052456,0.622186230563657,1.22866777795304,0.254,228.581090277778,6.16439526828924,NA,NA,0.250187827906742,0.22759908637591
2024-08-10,6.05778340080104,28.0660625,0.916111111111111,100.323888888889,117.368333333333,21.69194042918,15.5861716666667,3.20271284881051,0.594329853572685,0.580198624304431,0,252.213292361111,6.25190890464628,NA,NA,0.307089447432436,0.249653806586806
2024-08-11,5.8163233413313,28.1032083333333,0.789236111111111,101.850486111111,117.440486111111,21.65154461716,15.5522040277778,3.20117030949382,0.522159720341204,0.643118831697935,0,294.753842361111,6.05778340080104,NA,NA,0.353989622838657,0.268659810819645
2024-08-12,5.81844455446875,27.8006736111111,0.763402777777778,100.666944444444,117.485069444444,21.6356102531266,15.276588125,3.12822988528694,0.456390681108333,0.668377713613517,0,243.495440972222,5.8163233413313,0.910457612683438,NA,0.385735277169039,0.285155598755201
2024-08-13,6.04425246343072,27.5911805555556,0.828263888888889,99.6721527777778,117.477152777778,21.6180253810066,15.0391121527778,3.06603666770775,0.400050337684954,0.700180747416426,0,227.329829861111,5.81844455446875,0.875217013888889,NA,0.409533078865828,0.298794148268966
2024-08-14,6.30497522536986,27.3746527777778,0.812986111111111,99.4826388888889,117.623958333333,21.5980043847266,14.7294864583333,2.9872838049447,0.35102515132662,0.729961204753362,0,295.061857638889,6.04425246343072,0.860243055555556,NA,0.430211235837037,0.309603611583843
2024-08-15,6.08785852343407,27.4548888888889,0.693611111111111,99.9101388888889,117.837083333333,21.57726920564,14.7957859722222,3.00883499396889,0.312866333969907,0.818991097922849,0,266.965311805556,6.30497522536986,0.847690972222222,NA,0.448364313481221,0.319266084018179
2024-08-16,6.54301962868146,27.0926805555556,0.854652777777778,99.2341666666667,118.010208333333,21.55219912624,14.3924401388889,2.90151077422695,0.284855579525463,1.01312971412608,0,103.439813888889,6.08785852343407,0.834644097222222,NA,0.442982986011603,0.328212018718873
2024-08-17,6.60175288611911,27.05,0.864305555555556,99.756875,118.240069444444,21.52858328828,14.3798568055556,2.90230774195516,0.268665045152546,1.03074258882256,0,224.982245138889,6.54301962868146,0.815321180555556,NA,0.398792837835214,0.336848561904568
2024-08-18,6.40218663956172,27.2103819444444,0.772708333333333,100.195486111111,118.516875,21.5056223884733,14.4636015277778,2.93051393880296,0.241524321717361,1.12680139960595,0,212.884800694444,6.60175288611911,0.797395833333333,NA,0.354692146353299,0.343152962212963
2024-08-19,6.21047419366982,27.2503333333333,0.753611111111111,100.847152777778,118.743263888889,21.4888752337533,14.3993605555556,2.91957882662712,0.217453640630093,1.22713455542598,0,232.942854166667,6.40218663956172,0.792942708333333,0.857586652690426,0.31660388638941,0.344154841823951
2024-08-20,6.03918886079089,26.9649652777778,0.797013888888889,100.532638888889,118.920486111111,21.4661064544666,14.1216863888889,2.84478087972843,0.191533082634722,1.24640619546973,0,268.473510416667,6.21047419366982,0.797144097222222,0.836708333333333,0.283496686580208,0.342945852392222
2024-08-21,6.20794244064476,26.4459027777778,0.834722222222222,99.9488194444444,119.012013888889,21.4397745039133,13.5464302083333,2.69651726819222,0.17001307782338,1.26999778452475,0,299.664598611111,6.03918886079089,0.797951388888889,0.830171296296296,0.254742029097512,0.341906731209985
2024-08-22,6.25471981930868,26.1671111111111,0.883263888888889,100.301388888889,119.132708333333,21.41297454058,13.2866609027778,2.63322006254612,0.151221999543519,1.2909925206629,0,297.566647222222,6.20794244064476,0.806736111111111,0.83612037037037,0.229766635124624,0.340812083658457
2024-08-23,6.34593044997188,25.9184722222222,0.822430555555556,100.617569444444,119.268611111111,21.3952960559133,12.9840722222222,2.55877008908908,0.134958255244213,1.31684978085261,0,286.43591875,6.25471981930868,0.822838541666667,0.827013888888889,0.207528125283912,0.327948887389244
2024-08-24,6.60048169991071,25.8221944444444,0.902569444444444,100.471527777778,119.565763888889,21.37154094806,12.8622703472222,2.52913345994921,0.120823434384028,1.34796334593481,0,272.621481944444,6.34593044997188,0.828828125,0.819259259259259,0.187024107141233,0.294524700977269
2024-08-25,6.35502671669479,26.1711805555556,0.885833333333333,101.831527777778,119.784722222222,21.3508266494666,13.1230660416667,2.60143760370124,0.108636634173843,1.39174427065275,0,280.606423611111,6.60048169991071,0.831519097222222,0.817240740740741,0.167020555768895,0.262145153017346
2024-08-26,6.16649222435758,26.4851875,0.797083333333333,102.933888888889,120.023819444444,21.3247129450266,13.2912993055556,2.65183929502427,0.0981548825391204,1.44307943422639,0,250.56885625,6.35502671669479,0.834565972222222,0.817763888888889,0.149099375871615,0.23387816383054
2024-08-27,5.96266627930749,26.7579236111111,0.724444444444444,104.187777777778,120.137291666667,21.2997014109333,13.5851005555556,2.7373575630495,0.0889712808310185,1.49663108938048,0,247.080949305556,6.16649222435758,0.830920138888889,0.815166666666667,0.13303908089673,0.209383537145386
2024-08-28,5.7828729333797,27.1937430555556,0.712083333333333,104.442986111111,120.408958333333,21.2789443023333,14.0372070138889,2.86339685430983,0.080971239599537,1.55932647579113,0,249.877351388889,5.96266627930749,0.820303819444444,0.807421296296296,0.119218850517332,0.188111597273025
2024-08-29,5.55586338400057,27.6936041666667,0.711527777777778,104.075,120.670625,21.2626540707533,14.4255857638889,2.97739538863925,0.0832980420425926,1.94884597748,1.524,228.234510416667,5.7828729333797,0.804904513888889,0.800657407407407,0.108379471044734,0.170263123320756
2024-08-30,5.53532099130124,27.7437083333333,0.783125,103.607291666667,120.803958333333,21.2404847314666,14.4882638888889,3.00037753849335,0.144812947944213,1.20525623601042,0,223.396092361111,5.55586338400057,0.792387152777778,0.806625,0.107578339594821,0.159059564252377
2024-08-31,6.07328703397194,27.2513680555556,0.955902777777778,103.105347222222,120.400347222222,21.2280911096533,13.94203875,2.85319335433496,0.209778800013657,0.776368064213478,20.32,156.319811111111,5.53532099130124,0.809071180555555,0.813375,0.116930907691001,0.154054445618256
2024-09-01,6.05545894767513,27.0325625,0.997916666666667,102.480416666667,119.874930555556,21.2322279949533,13.7815456944444,2.81184623303602,0.27009263871713,0.601034722522303,0,137.816494444444,6.07328703397194,0.820989583333333,0.822282407407407,0.135589558232639,0.154149618522562
2024-09-02,6.00190353441541,26.9811527777778,1.05840277777778,102.521666666667,119.854236111111,21.21212212796,13.6600182638889,2.78740658276104,0.260952008052778,0.620054808779163,0,230.720659027778,6.05545894767513,0.842560763888889,0.841328703703704,0.154628979967506,0.155444797611589
2024-09-03,6.06935611923896,26.5696319444444,1.171875,101.286666666667,120.070486111111,21.1872851308133,13.2786765972222,2.68682133887512,0.230578907215509,0.687927222361546,0,275.403418055556,6.00190353441541,0.889409722222222,0.869212962962963,0.171181983052054,0.156319815383951
2024-09-04,6.1286059334238,26.0678819444444,1.46118055555556,101.227916666667,120.081180555556,21.1610459436,12.6956697222222,2.53837645104807,0.201332072129861,0.708810594742154,0,255.625738888889,6.06935611923896,0.981501736111111,0.913490740740741,0.18522708196441,0.156973081350293
2024-09-05,6.33079929153311,25.6478888888889,1.47847222222222,100.645,120.208541666667,21.1347384202266,12.2983438194444,2.4377041503534,0.177043352783565,0.734137388568432,0,254.357040972222,6.1286059334238,1.07730034722222,0.956407407407407,0.197236096112413,0.157441766347639
2024-09-06,6.2926325112526,25.3859513888889,1.4725,99.5146527777778,120.242152777778,21.1098105080133,11.999061875,2.36467036150862,0.155902129765278,0.758828613623526,0,269.6728625,6.33079929153311,1.172421875,0.995689814814815,0.206311607077749,0.157753775029089
2024-09-07,6.43949582075523,25.1196805555556,1.66618055555556,100.197361111111,120.28375,21.0867672851133,11.6661025,2.28188379608559,0.137583202459954,0.78274717266323,0,216.757998611111,6.2926325112526,1.28280381944444,1.05193981481481,0.205407888892216,0.157928771510139
2024-09-08,6.34515182084747,24.79075,1.720625,99.1059722222222,120.444305555556,21.0598891448133,11.3014980555556,2.19361190483176,0.121519459191435,0.803272462161065,0,277.390011111111,6.43949582075523,1.37839409722222,1.10647685185185,0.194375471289439,0.157975173163966
2024-09-09,6.26575059450137,24.4015347222222,1.74875,99.3730555555556,120.503611111111,21.03456245514,10.8867420138889,2.09290967739844,0.107563419093519,0.823650101599953,0,249.056011805556,6.34515182084747,1.47224826388889,1.16400462962963,0.174059318836487,0.157903625491944
2024-09-10,6.26262458201198,24.1605833333333,1.78479166666667,98.8418055555556,120.558194444444,21.00632238716,10.6168561111111,2.03066608237327,0.0954471762761574,0.844834006792021,0,270.540998611111,6.26575059450137,1.563046875,1.22985185185185,0.15337121486441,0.15772311174108
2024-09-11,6.30732803323211,24.0438611111111,1.86069444444444,99.5647916666667,120.647291666667,20.9838122662333,10.4373550694444,1.98927771381932,0.0849304111983796,0.874491701698388,0,263.734154861111,6.26262458201198,1.64914930555556,1.30560185185185,0.135165152862269,0.157453720432238
2024-09-12,6.30876162330268,23.9854166666667,1.87430555555556,100.014930555556,120.730833333333,20.9596198669,10.2377663888889,1.94419066439968,0.0756826181780093,0.897231899397873,0,234.892054861111,6.30732803323211,1.70078993055556,1.38308333333333,0.119458971118287,0.157101145670802
2024-09-13,6.41599433357504,23.7286111111111,2.00965277777778,100.374791666667,120.727569444444,20.93523494742,10.0635189583333,1.90619160595531,0.0682289988608796,0.95637231652036,0,84.5359930555556,6.30876162330268,1.7671875,1.469625,0.105857176877951,0.156096542792022
2024-09-14,6.39450874104217,23.7576041666667,2.13993055555556,100.762291666667,120.770763888889,20.9125589814266,10.0147888194444,1.89978697486652,0.06209315821875,1.46952026998163,0,194.301572916667,6.41599433357504,1.85061631944444,1.5600787037037,0.0941310554346354,0.150581890143657
2024-09-15,6.34226541229531,23.7310138888889,2.24923611111111,101.105208333333,120.890069444444,20.88788023644,9.97812111111111,1.89482418811065,0.0565000259439815,1.50231920527314,0,215.374561111111,6.39450874104217,1.92349826388889,1.64630092592593,0.0839956583701389,0.140363305205679
2024-09-16,6.32063203800492,23.3753591549296,2.47577464788732,101.082230769231,120.856197183099,20.8628236943933,9.58062180555556,1.80394563321533,0.0508644531321759,1.52275263613513,0,125.971629166667,6.34226541229531,2.0178919698748,1.74482479134064,0.0751637826127315,0.125748092833349
2024-09-17,6.53309648267332,22.7671944444444,2.59798611111111,99.2483333333333,120.741736111111,20.8479117252333,8.95689333333333,1.65762354370543,0.0672857579252315,2.98029692587891,3.302,72.9445006944444,6.32063203800492,2.12404648376369,1.84746368022953,0.0701290749666956,0.112837009491512
2024-09-18,6.45820312390806,22.7508888888889,3.00215277777778,99.9497916666667,120.473402777778,20.8493873467,8.90402923611111,1.65043712492434,0.25860875990162,0.367198317862454,6.096,115.496629166667,6.53309648267332,2.27621662265258,1.96948219874804,0.0905242729198785,0.114705666337253
2024-09-19,6.31699104287544,23.0669166666667,3.47888888888889,102.718333333333,120.129513888889,20.8466571472666,9.25275534722222,1.73428927454711,0.289480537049074,0.287720738617621,12.446,174.458970138889,6.45820312390806,2.47849092820814,2.10399608763693,0.116093038651215,0.120582230665201
2024-09-20,6.11741195220585,23.4686666666667,3.09034722222222,103.939583333333,119.775555555556,20.8549461536333,9.71717590277778,1.83983547734488,0.273435361515509,0.339526951649422,0,197.11855625,6.31699104287544,2.63049613654147,2.21145442097027,0.140812131568403,0.127008364580664
2024-09-21,6.11105568392975,23.6736875,2.631875,105.351180555556,119.913541666667,20.83789038722,10.0166413888889,1.91631393986756,0.278102229069444,0.282324215024226,0.508,177.090686111111,6.11741195220585,2.70827391431925,2.28874608763693,0.167046285344473,0.135155037867608
2024-09-22,6.04332134412229,23.7722638888889,2.67680555555556,106.746319444444,119.944166666667,20.81658209354,9.97899423611111,1.91507470986232,0.244212929738657,0.312812948718227,0,238.46720625,6.11105568392975,2.77538328931925,2.35612108763693,0.189811256784462,0.142263686352855
2024-09-23,6.5293673714648,23.4195277777778,2.81138888888889,106.886666666667,119.831597222222,20.7972044961933,9.59541416666667,1.82218118557148,0.221924751206944,0.377695863991241,6.604,67.4581041666667,6.04332134412229,2.84565238654147,2.42883868022953,0.210489347442332,0.148957372487222
2024-09-24,6.48847081330507,23.3768958333333,3.10013888888889,105.149375,119.116041666667,20.8017790726,9.38364840277778,1.77591175768066,0.238203880200926,0.449876617996846,27.178,23.3892708333333,6.5293673714648,2.92369791666667,2.51893127282212,0.233906775825926,0.157666736561049
2024-09-25,6.70049905126403,23.0873402777778,3.44611111111111,104.312847222222,118.828263888889,20.85553969914,9.07712430555555,1.70659080888731,0.356819876152315,0.346415859601964,28.956,57.4886263888889,6.48847081330507,3.02971354166667,2.62968590245175,0.270098540604311,0.17509158321946
2024-09-26,6.64378420995389,23.0848680555556,3.24243055555556,105.093333333333,118.048611111111,21.0386320033466,9.04833680555556,1.70164528201417,0.558538157169213,0.68956412138988,8.382,65.7692229166667,6.70049905126403,3.05974826388889,2.72180164319249,0.30758971526276,0.206665432950849
2024-09-27,7.61393492251482,22.9804722222222,3.16944444444444,102.125,117.33875,21.3063393597266,8.96231576388889,1.68097399917724,0.839179921873611,0.669470985165433,36.322,61.2377152777778,6.64378420995389,3.02106770833333,2.80814423578508,0.376302138365828,0.257565253197222
2024-09-28,8.94976633176869,22.7333611111111,2.76861111111111,98.9320138888889,116.663888888889,21.69018706718,8.63608159722222,1.61154115352019,0.914602061255556,0.243037187589906,0,132.145363194444,7.61393492251482,2.98085069444444,2.8587414580073,0.456447975833333,0.313990124023534
2024-09-29,10.0168786304948,22.6906388888889,2.18604166666667,97.3538194444444,115.974722222222,21.7845184922666,8.48432652777778,1.58614929882413,0.824341118605324,0.312766470919476,3.81,50.1226930555556,8.94976633176869,2.92512152777778,2.86181553208138,0.524727837025318,0.364806654715972
2024-09-30,10.0066253137674,22.6481736111111,2.01465277777778,98.3667361111111,116.186736111111,21.8180661518666,8.39638493055556,1.56901539542287,0.749519512822454,0.3425731347636,4.826,56.8203055555556,10.0168786304948,2.84235243055556,2.84617664319249,0.587891159910793,0.411007953841204
2024-10-01,11.6590600170293,22.8241666666667,2.10472222222222,100.810069444444,118.022083333333,21.89548177978,8.53041666666667,1.6050196543996,0.704441296408565,0.412692555342599,10.16,129.416971527778,10.0066253137674,2.75401909722222,2.82143981481481,0.648205728060995,0.454579743392963
2024-10-02,11.7372952810302,23.2062222222222,2.23736111111111,102.045208333333,118.686736111111,21.9918264241066,8.90796159722222,1.69756586121878,0.650115286974306,0.389241273284095,0.254,137.917495138889,11.6590600170293,2.646171875,2.79739814814815,0.699694653907668,0.493435045329568
2024-10-03,11.717047897984,23.1227222222222,2.26527777777778,103.777708333333,118.233541666667,22.0528676990266,8.73389701388889,1.66102762626656,0.573875106240972,0.426161706643593,0,129.168908333333,11.7372952810302,2.49856770833333,2.74827314814815,0.72682655766875,0.514452801752191
2024-10-04,11.6389150585037,22.9635208333333,2.39701388888889,103.38625,117.258194444444,22.0858404457133,8.51843520833333,1.61562097694059,0.509958596449768,0.462930694593698,0.254,70.0255298611111,11.717047897984,2.392890625,2.67614814814815,0.720754112578819,0.529151339045571
2024-10-05,12.7325778138744,23.0074375,2.52458333333333,103.498541666667,118.370486111111,22.0992461720133,8.53984201388889,1.62341716429455,0.44700442583588,0.458106406487546,0.254,200.029319444444,11.6389150585037,2.31228298611111,2.63843055555556,0.671732175574103,0.540722610000262
2024-10-06,12.8107938974436,23.1042152777778,2.22243055555556,103.039444444444,119.480972222222,22.1084258962666,8.56417645833333,1.63515639333525,0.394322987211806,0.47894846595228,0,188.423414583333,12.7325778138744,2.24401041666667,2.61113425925926,0.606697291318634,0.548470660543086
2024-10-07,13.8211360000899,22.8862916666667,2.16020833333333,101.951875,120.148125,22.1066494058733,8.32529034722222,1.58045544706897,0.348613998316204,0.503702441206816,0,197.869270833333,12.8107938974436,2.24078125,2.57669444444444,0.547231401282494,0.55543073178159
2024-10-08,13.5912013446722,22.5398888888889,1.81888888888889,101.574722222222,120.959513888889,22.101475889,7.93822756944444,1.49561919018731,0.308675861444213,0.525907835511153,0,191.422513194444,13.8211360000899,2.21631076388889,2.51052777777778,0.492125944860214,0.561214139130741
2024-10-09,14.6822336740633,22.1299722222222,2.13194444444444,97.4611111111111,121.853680555556,22.0918470343266,7.46769965277778,1.39243334294906,0.27374889098287,0.548434732390982,0,189.830949305556,13.5912013446722,2.21971354166667,2.44598148148148,0.438289394182002,0.563583806516204
2024-10-10,17.7337127154523,21.5718611111111,2.69763888888889,92.1396527777778,124.669236111111,22.0812248076666,6.887143125,1.26447736534419,0.243585870803935,0.577144636801791,0,189.584347222222,14.6822336740633,2.27724826388889,2.39608333333333,0.387473217160706,0.556034872826312
2024-10-11,16.9554040994976,21.2590416666667,2.54006944444444,94.2231944444444,126.082291666667,22.06905802394,6.54217958333333,1.19238051629895,0.217221809196528,0.608116523918029,0,186.940906944444,17.7337127154523,2.31159722222222,2.34925925925926,0.34289155503015,0.533280449628133
2024-10-12,17.9543638207575,20.9406319444444,2.68861111111111,90.48625,129.100972222222,22.0568273499,6.15664111111111,1.11263894210947,0.194145828196065,0.639408901992824,0,176.058508333333,16.9554040994976,2.348046875,2.3172037037037,0.303414958998438,0.490278176716296
2024-10-13,18.4647396021698,20.7485138888889,3.32236111111111,91.3059027777778,130.278055555556,22.0395955978933,5.96554131944445,1.07490619819737,0.173947315606713,0.670958769583609,0,166.817133333333,17.9543638207575,2.44776909722222,2.35412037037037,0.269282820219792,0.44090119367304
2024-10-14,19.0007558316107,20.2059027777778,3.69520833333333,91.3384722222222,132.367361111111,22.0269219876466,5.37160895833333,0.950642124803267,0.156264465850232,0.706145160359455,0,165.00316875,18.4647396021698,2.63186631944444,2.45473148148148,0.239525505049595,0.396362750156034
2024-10-15,19.2425132408828,19.4791388888889,4.3665034965035,88.9161111111111,132.950486111111,22.0069924059666,4.59080402777778,0.796184022197167,0.141964126895602,0.773539710240246,0.254,50.9335222222222,19.0007558316107,2.90765321484071,2.61152152939653,0.21369427112202,0.35585905776091
2024-10-16,18.7303948248862,18.8850902777778,4.16475524475524,90.0068055555556,133.198333333333,21.9881577014466,3.97854930555556,0.676988188973837,0.129976266702778,1.08569656005616,0,169.712026388889,19.2425132408828,3.20088650932401,2.74885706423206,0.19135682177934,0.317561389113858
2024-10-17,17.7830208508272,18.5704305555556,4.10270833333333,91.3147916666667,133.647152777778,21.94493093412,3.57681326388889,0.604425486600576,0.117673816029167,1.12707042837693,0,168.059339583333,18.7303948248862,3.44723199543512,2.87321354571355,0.171847437410127,0.282065291050849
2024-10-18,17.4547861279802,18.2951388888889,4.36972222222222,91.6753472222222,133.586180555556,21.9422685713133,3.271050625,0.548267022592199,0.106752274329398,1.16286581820531,0,173.7585,17.7830208508272,3.65624241210179,3.01350984200984,0.15474323785081,0.250923768923411
2024-10-19,16.9661982248411,18.0704513888889,4.70909721527778,89.8539583333333,133.472013888889,21.9256242205533,3.08680222222222,0.516094763906949,0.0971511638381944,1.20679957843924,0,167.465601388889,17.4547861279802,3.92737088345595,3.16764873043577,0.139734407181019,0.223403273415972
2024-10-20,16.7978884117973,17.9172777777778,4.2672027972028,89.9331944444444,133.637847222222,21.8934162094466,2.90817465277778,0.484242008428168,0.0886216769071759,1.24512873314138,0,162.028205555556,16.9661982248411,4.12469484421741,3.2838233613604,0.126543888269907,0.199511090154059
2024-10-21,16.3605943286218,17.8917152777778,3.79756944444444,91.9603472222222,134.057361111111,21.8650131936933,2.88289055555556,0.481942698856187,0.0811192509724537,1.29488780908907,0,165.116133333333,16.7978884117973,4.18409588588408,3.38883262061966,0.114940380190625,0.178630841071435
2024-10-22,16.5514302518868,17.6132638888889,3.94604166666667,92.3304861111111,134.120763888889,21.83010745282,2.50902652777778,0.41471220934659,0.0744099325736111,1.34034877586231,0,163.107840277778,16.3605943286218,4.21545005255075,3.50788817617521,0.104708563531047,0.160350570021929
2024-10-23,16.7879552812855,17.3185555555556,4.45783216783217,89.9611805555556,134.415833333333,21.7933991958666,2.35109222222222,0.388345174193432,0.0684369574923611,1.38756463027992,0,155.903063888889,16.5514302518868,4.22686613646683,3.68381772810477,0.0955176673556423,0.144334643091806
2024-10-24,16.024233960954,17.5437916666667,3.83125,95.4881944444444,134.707638888889,21.78353785838,2.34689506944444,0.387438891905163,0.0631695563393519,1.44447990325344,0,156.397771527778,16.7879552812855,4.18517798087243,3.7971047651418,0.0871668285602141,0.130296020782238
2024-10-25,15.9008264924768,17.4089236111111,6.12657342657343,97.9810416666667,134.850069444444,21.7893222545666,2.32309694444444,0.386220994767541,0.0583732451474537,1.49046195232339,0,157.747847222222,16.024233960954,4.43816111752744,4.02570040098744,0.0797542572,0.117948512405139
2024-10-26,15.6962019617928,17.467,5.51680555555556,100.391180555556,134.732013888889,21.7765097740533,2.1799725,0.359690407118592,0.0542034623835648,1.55618411909213,0,122.553105555556,15.9008264924768,4.5815465341941,4.22414947506151,0.0731856557067708,0.107080622617608
2024-10-27,15.6823791599678,17.1381041666667,6.48274646478873,100.806041666667,134.712430555556,21.7577367619,1.75148638888889,0.286696718628605,0.0504803662719907,1.60790289527613,0,81.8653555555556,15.6962019617928,4.80325269038297,4.47709183197335,0.0673518060109954,0.0975029251560031
2024-10-28,16.060893200298,16.6705416666667,6.76507247101449,95.8353472222222,134.484444444444,21.7693033063733,1.31770777777778,0.212577017746298,0.0470914893895833,1.66728626629265,0,149.580109722222,15.6823791599678,5.11548639960944,4.70660592263358,0.0621605325712963,0.0890458700748611
2024-10-29,15.8112003739081,16.7222013888889,5.80444445138889,93.6186805555556,134.468611111111,21.8677334524133,1.34169527777778,0.217324243554458,0.0440034098134259,1.72401321341596,0,138.638690277778,16.060893200298,5.36634577547749,4.84722166383728,0.0575210524264178,0.0815617996724074
2024-10-30,16.0717509681509,16.5120138888889,5.4021830915493,91.5813888888889,134.365694444444,21.82060408092,1.17168701388889,0.188924347126772,0.0411890717011574,1.77741141922438,0,146.708356944444,15.8112003739081,5.54836345358782,4.91626697017367,0.0533684448173611,0.0748434626594444
2024-10-31,15.9755218004748,16.6541875,7.40222225,96.3002777777778,134.425416666667,21.7015978072066,1.44935270833333,0.237447801208759,0.0388787149662037,1.85574325246295,0,142.700990972222,16.0717509681509,5.9164122138588,5.13209810385665,0.0496736645015914,0.0687702925436728
2024-11-01,15.8137768230799,16.9026666666667,7.24893619858156,97.9095833333333,134.581458333333,21.6315917072733,1.32045263888889,0.216985555223687,0.0367195526444444,1.90707350901526,0,87.5220375,15.9755218004748,6.34362298868149,5.34184662820654,0.046367414039728,0.063373341651358
2024-11-02,15.3155651379235,17.06525,7.33267607042254,102.4125,134.864652777778,21.59629498166,1.50731361111111,0.248346489569826,0.0350086684951389,2.89433407585883,0,144.718240277778,15.8137768230799,6.49438581916263,5.53937688475322,0.0434468419581887,0.0585904345957407
2024-11-03,15.5104514285639,16.6115555555556,6.04923611805556,97.8616666666667,134.747430555556,21.62674068912,0.963174166666667,0.156608410836725,0.0331136985164352,2.89975808648008,0,139.543969444444,15.3155651379235,6.56093963947513,5.62871947827174,0.0408106214747975,0.0543212702409568
2024-11-04,16.079299474641,16.2372361111111,4.57798611111111,89.58875,134.538888888889,21.5975342239533,0.579510625000001,0.0930120230450484,0.031396978793287,2.90623996755825,0,94.8920333333333,15.5104514285639,6.32284459526543,5.64943836586563,0.0384251980399595,0.0505062903666975
2024-11-05,16.0808030835031,16.1901180555556,4.34270833333333,88.6621527777778,134.467638888889,21.6490620364,0.617632708333334,0.0995745255138445,0.0298431246310185,2.93312475557294,1.016,43.09265625,16.079299474641,6.02004907805529,5.68578095845822,0.0362691524451389,0.0470878819439352
2024-11-06,16.0268832487185,16.3311527777778,4.66284722222222,90.1465277777778,134.531319444444,21.6023311926,1.17355861111111,0.193273933912337,0.0284781308585648,3.01782753674485,0.254,116.597165972222,16.0808030835031,5.87734942440945,5.73356799549526,0.0343284925757813,0.0440257618295988
2024-11-07,15.6339413773964,16.7818472222222,3.87951388888889,92.4856944444444,134.623402777778,21.55050705698,1.49875888888889,0.250587365533079,0.0273258702780093,3.00918286124755,0,92.3716458333333,16.0268832487185,5.6870157740769,5.69501344356571,0.0325955923978877,0.0412850226819753
2024-11-08,14.901719976921,17.4925694444444,3.75354166666667,96.99375,134.997083333333,21.5409690174666,2.10742381944445,0.359781485748499,0.0268606158907407,3.23905830304945,0,131.70854375,15.6339413773964,5.23093070116023,5.68983288801015,0.0310933300134549,0.0388644266520679
2024-11-09,14.7955208775003,17.1012569444444,3.2225,94.8636805555556,135.074513888889,21.5148680511266,1.26610034722222,0.210118790628712,0.0262961567481481,3.20771465461588,0,135.987197916667,14.901719976921,4.72762617633754,5.49622799290526,0.0297904055264178,0.0367259540921142
2024-11-10,15.1536265931525,16.4886111111111,3.02979166666667,90.45875,134.884236111111,21.49595337132,0.610922638888889,0.0994937037639829,0.0280224255921296,3.12369845897543,3.048,49.4099104166667,14.7955208775003,4.18976562586806,5.33042706697933,0.0289171251635417,0.0349805516393519
2024-11-11,16.0206995870554,16.2918541666667,2.41659722222222,81.1115277777778,134.493263888889,21.4785973853733,0.471768402777776,0.0764270804297666,0.0648533846462963,1.42333616909888,0,121.984772916667,15.1536265931525,3.73568576388889,5.05935045080823,0.0328845859297743,0.0359387528643056
2024-11-12,16.306334057772,16.0997013888889,1.79055555555556,76.7547222222222,134.449236111111,21.4600083013933,0.191508819444445,0.0307731705186143,0.163472991065972,0.493274270229924,0,128.193820138889,16.0206995870554,3.38725694444444,4.72771598977763,0.04939408746386,0.0436975196427315
2024-11-13,15.9320657654966,15.90225,2.09645833333333,79.0568055555556,134.615555555556,21.4345834034666,0.189224305555555,0.0300921827993079,0.143783234414352,0.546065011253367,0,125.751708333333,16.306334057772,3.10647569444444,4.4805169152406,0.0636366011867766,0.0503495079494599
2024-11-14,15.9270536931999,15.5427083333333,2.00298611111111,77.9427083333333,134.476736111111,21.43018716046,0.0525443750000001,0.00817000910490151,0.15840559094375,0.807118720130747,24.638,11.2877965277778,15.9320657654966,2.77399305555556,4.25390378321138,0.0798775336974248,0.0581639425656327
2024-11-15,15.7174290217858,15.3628402777778,1.93993055555556,80.8596527777778,134.254097222222,21.43688065736,0.291512083333334,0.0443177820135361,0.256980634799537,0.309657601268358,0,108.720377083333,15.9270536931999,2.53154513888889,3.88975100358175,0.108584379262616,0.0727040705545216
2024-11-16,15.5826610682382,15.2263611111111,1.754375,81.5971527777778,134.240833333333,21.4205475158666,0.169978541666667,0.0257157772107348,0.231460609372454,0.336923362540998,0,124.094233333333,15.7174290217858,2.28164930555556,3.52344692367632,0.13415937844783,0.0856868076697222
2024-11-17,15.6881433310696,14.9055972222222,1.85680555555556,79.6235416666667,134.223611111111,21.4027856091333,0.166098541666665,0.0246303771676821,0.20272306073125,0.366366507820616,0,110.840303472222,15.5826610682382,2.1109375,3.15838888935185,0.156212741445718,0.0968677671521296
2024-11-18,15.2454396402953,14.9548958333333,1.86479166666667,81.7981944444444,134.250902777778,21.3857967801866,0.581109652777778,0.0848640446052968,0.177959537876852,0.402442078151271,0,102.655606944444,15.6881433310696,1.9653125,2.87942592592593,0.174954880481308,0.106524156442824
2024-11-19,15.1148599899547,14.9110277777778,2.26770833333333,84.0580555555556,134.276944444444,21.36795150134,0.907543680555555,0.131172014092613,0.156614069774074,0.440355536285296,4.572,78.8309375,15.2454396402953,1.94670138888889,2.72540740740741,0.18642496612228,0.11487196250821
2024-11-20,15.2074808347682,14.8864166666667,2.33527777777778,83.9590277777778,134.053125,21.35918274316,0.843850972222222,0.121549827703575,0.141763595358102,0.508938227622622,2.54,70.4132548611111,15.1148599899547,2.01479166666667,2.5915787037037,0.183711291658796,0.122333327223349
2024-11-21,15.4014391888967,14.2822916666667,2.28784722222222,80.8038194444444,134.227291666667,21.33604435916,0.0749175000000015,0.010577091806681,0.135572051511111,0.528268219383922,0,56.7864618055556,15.2074808347682,2.03871527777778,2.43324537037037,0.182684893795891,0.129472921933519
2024-11-22,15.3647903653806,13.8284444444444,2.38979166666667,81.3468055555555,133.807013888889,21.3162173816266,-0.0188385416666677,-0.00254296283685562,0.120274890442824,0.586634438529091,0,67.6967583333333,15.4014391888967,2.08706597222222,2.33393055555556,0.177918556233275,0.13566952327784
2024-11-23,15.3149659219334,13.4687569444444,2.68180555555556,83.5070138888889,133.691875,21.2936430207133,0.182365625000001,0.0235612925006308,0.106786757265741,0.635892136796296,0,53.5688659722222,15.3647903653806,2.17980034722222,2.26248148148148,0.159144321541551,0.14099793270284
2024-11-24,15.1943433510167,13.3060486111111,3.20979166666667,83.8360416666667,133.625833333333,21.2717664579133,0.257118333333333,0.0326298311567825,0.0951219756611111,0.697140052648017,0,99.4170138888889,15.3149659219334,2.36172743055556,2.26163425925926,0.142101992327633,0.14558632063037
2024-11-25,15.0997498271836,13.0700902777778,3.1775,84.5127083333333,133.544861111111,21.2532600467,0.44218576388889,0.0542791555226358,0.0849022943425926,0.749812546863284,0,102.946546527778,15.1943433510167,2.52681423611111,2.27148148148148,0.127374396529051,0.149378311880401
2024-11-26,15.0075217438703,12.9082847222222,3.11256944444444,85.3352777777778,133.499861111111,21.2354399942866,0.472313888888888,0.0568526443712472,0.0770980100881944,0.805069875936668,0,64.7725722222222,15.0997498271836,2.68278645833333,2.31787962962963,0.114766705555469,0.150194620243194
2024-11-27,15.0827549505184,12.6386666666667,2.93791666666667,83.8210416666667,133.464861111111,21.2129775787933,0.213198680555555,0.0253225390117677,0.0705711859986111,0.92463127508908,0,61.9844493055556,15.0075217438703,2.7665625,2.39437037037037,0.104011345083536,0.144001166572037
2024-11-28,15.0254805552544,12.4977083333333,2.95694444444444,84.2168055555556,133.385069444444,21.1985289268,0.0297122916666659,0.00350892443486828,0.0692656089780092,1.00333167387891,3.556,55.2442208333333,15.0827549505184,2.84427083333333,2.45173611111111,0.0949490967860243,0.139033324876281
2024-11-29,14.9915497099822,12.2258888888889,3.04587412587413,84.8251388888889,133.324930555556,21.18042299146,-0.0595515972222227,-0.00686807820557078,0.0810847680361111,0.785114234121065,0,40.0481895833333,15.0254805552544,2.93902419628982,2.52126197876198,0.0881381863516493,0.133878603349105
2024-11-30,14.8977914384605,11.7575416666667,3.19486111111111,86.4720138888889,133.244583333333,21.1581451535333,0.0767629166666666,0.00833229123088586,0.0726741146087963,0.854076939922622,0,105.56439375,14.9915497099822,3.03965787684538,2.60492401579902,0.0821880893723958,0.121591502003056
2024-12-01,14.8983436719801,11.3524722222222,3.45847222222222,86.8834722222222,133.161527777778,21.13804288318,0.131382361111111,0.0135240462625461,0.0654767300340278,0.915550586195442,0,51.8002263888889,14.8977914384605,3.13674121017871,2.7185304972805,0.0770243359684317,0.11052591004716
2024-12-02,14.8708385716332,10.9604583333333,3.37319444444444,88.2113194444444,133.092916666667,21.11765502962,0.0340696527777773,0.00335727213928294,0.0592698014923611,1.02933147158598,0,98.1617576388889,14.8983436719801,3.15716655740093,2.81962308987309,0.072542814197338,0.100962359431235
2024-12-03,14.7519534110715,10.5835347222222,3.45416666666667,89.2334027777778,133.041527777778,21.0949297596866,0.0361555555555544,0.00338335016942892,0.0535233527775463,1.10019724256871,0,100.66169375,14.8708385716332,3.19174989073427,2.92558142320642,0.0686204465017072,0.0926666137579475
2024-12-04,14.7381431374901,10.2036875,3.86678321678322,88.9052777777778,133.000902777778,21.06958099064,0.0648556805555565,0.00573757422182553,0.0485015762326389,1.18129614438064,0,49.7599909722222,14.7519534110715,3.28602661227661,3.03218641543642,0.0650458922697627,0.0854591141885185
2024-12-05,14.5917527763303,9.735871952,3.95887096774194,90.2712389380531,133.05912,21.050238373901,0.0148116853146849,0.00122345753618447,0.044446913425463,1.26518822658805,0,97.0525779175402,14.7381431374901,3.41364589991102,3.14042596143403,0.0617803581981192,0.0789713353930093
2024-12-06,14.3540102799537,9.07790974305555,4.47440559440559,96.9898611111111,133.313611111111,21.0249625234466,0.0312818263888879,0.00234352867471443,0.0408145339618056,1.42977838435043,0,88.8406194444444,14.5917527763303,3.60332854365616,3.28619651957958,0.0582239738210937,0.0726541675563889
2024-12-07,14.3011820460865,8.74118749305556,5.04834532374101,96.9252777777778,133.296597222222,21.0006072762466,0.0115662291666681,0.000812779695365862,0.0373779114752315,1.51865676937707,0,100.380732638889,14.3540102799537,3.85363744338952,3.46343343005121,0.0527606167509838,0.0671277022918827
2024-12-08,14.2385926149728,8.53752086111111,5.17971223741007,97.9533333333333,133.281111111111,20.9789938676066,0.303591125000001,0.0198291272873803,0.0343296199025463,1.5916922934277,0,68.8647173611111,14.3011820460865,4.10174383417689,3.62996054217484,0.0479675549127025,0.0622972264676698
2024-12-09,14.180855361858,8.4178958125,5.39470589705882,98.264375,133.122361111111,20.9641936440533,0.434731986111111,0.0272046693951324,0.0434553963789352,1.48938507929144,5.842,67.02715625,14.2385926149728,4.34377304353147,3.77562149086765,0.045214888205816,0.058852787848858
2024-12-10,14.1068213665728,8.56200688194444,5.42978102919708,100.369236111111,133.001319444444,20.9469847706733,0.472651604166666,0.0302034595135865,0.0873564183967593,0.643727302539686,6.858,27.6615152777778,14.180855361858,4.60084636662555,3.92577355948079,0.0487257153188657,0.0590163961191358
2024-12-11,14.141744164918,8.4816875,4.53687943262411,99.3139583333333,132.150555555556,20.99100459712,0.268434402777777,0.0172681491766298,0.135539160094907,1.08810520959724,26.67,30.1493131944444,14.1068213665728,4.73618546237023,4.02072755869277,0.0589776912335359,0.06291247278625
2024-12-12,14.0689636943676,7.99082638194444,4.56014085211268,98.7338194444444,132.645972222222,21.0584627773333,-0.0709423402777771,-0.00428562048796266,0.34377365506713,0.203700560176541,0,96.6617388888889,14.141744164918,4.82285516678641,4.1288758377225,0.0958867010878472,0.0811259707241512
2024-12-13,14.015550435323,7.86828472222222,4.71700729927007,99.3827777777778,132.47125,21.0734839944333,0.106463756944445,0.00609575203247914,0.30092621938125,0.241519066784429,0,81.5132819444444,14.0689636943676,4.91762220822743,4.24621336137754,0.127946614332321,0.0965700114177006
2024-12-14,13.9761340717042,7.80068055555556,4.54433823529412,100.835694444444,132.413888888889,21.07540514968,0.0556952222222229,0.00316711337143261,0.263056528183102,0.270238112043948,0,73.68808125,14.015550435323,4.9263637883385,4.34611096867221,0.155726863609983,0.108701462094167
2024-12-15,14.0805099204343,7.65549305555556,4.75278193233083,99.5177083333333,132.269375,21.0786071083933,-0.0744820208333339,-0.00414705221953682,0.23433012018287,0.312422177446741,13.462,9.61267291666667,13.9761340717042,4.88941836441222,4.44997235675352,0.180345889698438,0.119478529132438
2024-12-16,14.2658528518056,7.62962237762238,4.35647058823529,98.5437404580153,132.148391608392,21.1111465598666,-0.0619453888888888,-0.00338252595793165,0.238286639248148,0.425230648665978,1.016,21.79836875,14.0805099204343,4.78651315826538,4.50983891448773,0.205840517116638,0.130999189746713
2024-12-17,14.3366527976823,7.92149302083333,3.70868055555556,97.7868055555556,131.284513888889,21.1457995868266,0.119233666666667,0.00666271629211224,0.280884736778935,0.302191835154354,0,72.19675,14.2658528518056,4.57575999057747,4.53220465522847,0.235519184666638,0.145773518765818
2024-12-18,14.5750503321166,7.88376388888889,3.36769230769231,98.3457638888889,131.780694444444,21.16420559184,0.0372081805555551,0.00206204703158619,0.25680026251713,0.314006767672177,0.508,35.0087625,14.3366527976823,4.31799890038937,4.52643969796351,0.256699665181684,0.159325312748457
2024-12-19,14.5781580182124,7.89743750694444,3.17451388888889,99.4153472222222,132.738194444444,21.17417008296,0.0691899027777776,0.00388258897748983,0.2287491895625,0.375704445835942,0,98.1720881944444,14.5750503321166,4.14770320742247,4.48028840943722,0.268350918865133,0.171341820303781
2024-12-20,14.3829124337141,7.88753473611111,3.21458333333333,100.277291666667,132.859166666667,21.1780612478133,0.00621671527777767,0.000351620224478211,0.211196844457407,0.406928842714467,0,49.95780625,14.5781580182124,3.97950851757505,4.43066923380998,0.251778817538918,0.182458482372577
2024-12-21,14.5873811470514,7.62890972222222,2.89034722222222,99.2352777777778,133.758194444444,21.1785291606866,-0.0834123472222226,-0.00448243814287252,0.192935742383796,0.409698582827855,0,65.9209555555556,14.3829124337141,3.75117600794407,4.32506534233109,0.238280007914236,0.192599896267377
2024-12-22,14.6208748921803,7.34102777777778,3.04159722222222,98.7176388888889,134.261527777778,21.1690696478133,-0.0779310694444444,-0.00385981673719016,0.170529791361806,0.454196181641141,0,92.4699819444444,14.5873811470514,3.56333338131008,4.19128213556317,0.226714165811574,0.201476688259815
2024-12-23,14.5620707643036,7.03659027777778,3.04298611111111,96.863125,133.794097222222,21.15523766972,-0.10985325,-0.00498602463028419,0.15100555280463,0.49886876238389,0,89.2195666666667,14.6208748921803,3.34960890365762,4.04883372714324,0.216298594889294,0.20925508378662
2024-12-24,14.4582246323815,6.85618309859155,3.04591549295775,97.2097692307692,133.717887323944,21.1410433801,-0.144281236111111,-0.00619597880722722,0.134364618232407,0.548808414535921,0,44.0239243055556,14.5620707643036,3.18578951674792,3.89224770020317,0.203308342262326,0.215315698576852
2024-12-25,14.4336587829021,6.83328472222222,3.02,97.9772222222222,133.810555555556,21.13448715496,-0.0852854444444446,-0.00362898476078044,0.120051016609954,0.63191851344484,0,61.50758125,14.4582246323815,3.09970444730348,3.73159563159003,0.183204127241204,0.217495338457731
2024-12-26,14.3778662081002,6.81154545454545,3.01272727272727,98.7190909090909,133.819545454545,21.1282131661533,-0.132019923611111,-0.00560555378683603,0.107188881354167,0.68794852759218,0,60.9699284722222,14.4336587829021,3.05533381793285,3.62998548759691,0.164502704595833,0.215605319875015
2024-12-27,14.4679554679328,6.77479310344828,2.80879310344828,98.2375,134.946034482759,21.1172542540266,-0.240469569444445,-0.0100460415619636,0.0961172062546296,0.756154100894138,1.016,35.9170159722222,14.3778662081002,3.00961871975277,3.51322897101928,0.14792370668235,0.199094889954182
2024-12-28,14.6094970876767,6.75031690140845,2.92858156028369,98.469014084507,135.612676056338,21.11350975216,-0.231638555555556,-0.00970484755850975,0.100045077957407,1.03402197429262,8.89,54.7724333333333,14.4679554679328,2.97386849812157,3.39400058842019,0.13402973586985,0.185702813859259
2024-12-29,NA,NA,NA,NA,NA,21.1202079446733,0.0375389374999999,0.00168427499500012,0.167908027186343,0.81515299916273,9.906,12.6225256944444,14.6094970876767,NA,NA,0.130901271470168,0.179359580459475
2024-12-30,NA,NA,NA,NA,NA,21.15511913046,-0.128038631944444,-0.00551212241384746,0.245582167564815,0.46444310031971,0.254,58.8727673611111,NA,NA,NA,0.140282818495544,0.180109716951605
2024-12-31,NA,NA,NA,NA,NA,21.1836030706133,-0.207610423611111,-0.00864732879529129,0.241684004237963,0.397302731511155,3.81,26.1802048611111,NA,NA,NA,0.151617624924711,0.180336207950926
2025-01-01,NA,NA,NA,NA,NA,21.2034224052866,-0.0223670069444442,-0.00090361132038197,0.213018074003009,0.440806202168169,0.254,103.666204166667,NA,NA,NA,0.161449306896036,0.175811763765864
2025-01-02,NA,NA,NA,NA,NA,21.2063753965866,-0.0379470555555557,-0.00144939934125432,0.188023250221759,0.490940178657081,0,82.8164111111111,NA,NA,NA,0.169945836097512,0.171226629612839
2025-01-03,NA,NA,NA,NA,NA,21.2113948074266,-0.0794675902777779,-0.00281673050790232,0.166723936203009,0.544112920931801,0,71.1570541666667,NA,NA,NA,0.177387717953617,0.167091612722207
2025-01-04,NA,NA,NA,NA,NA,21.2071868884866,-0.10870425,-0.00335763379189302,0.148238429789815,0.619121920494725,0,101.595490277778,NA,NA,NA,0.183902870895515,0.162894385077701
2025-01-05,NA,NA,NA,NA,NA,21.2005540349333,-0.0338170902777781,-0.000909867566520006,0.137065958414815,0.731514738667327,0,52.8535465277778,NA,NA,NA,0.188530480952691,0.159169732813102
2025-01-06,NA,NA,NA,NA,NA,21.22160152226,-0.106878958333334,-0.00250647600887532,0.197577145615509,1.30225464582701,5.588,22.2182791666667,NA,NA,NA,0.192239120756337,0.160972889763349
2025-01-07,NA,NA,NA,NA,NA,21.23153304418,-0.114415881944444,-0.00212237715140873,0.346045284812037,0.377131714017649,0,146.560517751479,NA,NA,NA,0.20479701041224,0.173975538563843
2025-01-08,13.6260371650534,4.94115254237288,2.61661016949153,99.8342553191489,136.208983050847,21.2208400877919,-0.189048996300801,-0.00280885235372352,0.305323589525,0.430905666409513,2.54,87.3579076246334,NA,NA,NA,0.212751958573119,0.185372803316682
2025-01-09,13.5869336312602,4.62711805555556,2.61791666666667,99.6377777777778,136.435486111111,21.21484253654,-0.1527919375,-0.00141122400464155,0.269450195087731,0.484336822789819,0,105.4166125,13.6260371650534,NA,NA,0.219805973708709,0.195332748548534
2025-01-10,13.531720669499,4.37409027777778,3.07305555555556,100.175277777778,136.726666666667,21.1997142194933,-0.270178666666667,-0.0017362391693041,0.238773644410648,0.535453224494874,0,41.9037993055556,13.5869336312602,NA,NA,0.226149772982321,0.204105066085633
2025-01-11,13.5617687510183,4.09056944444444,2.983125,98.86,136.349722222222,21.1942487253866,-0.2209833125,-0.000262883062646324,0.221371432705324,0.623078342515751,0,39.22310625,13.531720669499,NA,NA,0.23298071004511,0.212455347849012
2025-01-12,13.5162296093684,3.77247222222222,3.34784722222222,98.395,136.538125,21.1806863953866,-0.314212833333333,0.000716824312576136,0.227376238189352,0.56229322308342,1.27,103.901890972222,13.5617687510183,NA,NA,0.242872936095052,0.220944091864475
2025-01-13,13.4630166105921,3.74986805555556,3.10013888888889,98.5244444444444,136.616666666667,21.1682189925,-0.259216118055555,0.000795128488107366,0.201749580912963,0.617939710120538,0,87.8283083333333,13.5162296093684,NA,NA,0.250958388907321,0.22320019544625
2025-01-14,13.3900822312407,3.65028472222222,3.00472222222222,99.1097916666667,136.988958333333,21.1541090241066,-0.150619701388889,0.00085467652479565,0.179353179011806,0.680314364394121,0,109.443023611111,13.4630166105921,NA,NA,0.248680393081858,0.218784929542716
2025-01-15,13.239359935017,3.25698611111111,3.13618055555556,99.6416666666667,137.562291666667,21.1394742959466,-0.374640180555556,0.00396275116895595,0.159886765686343,0.743235396585762,0,110.269464583333,13.3900822312407,2.98494953507533,NA,0.225410578191146,0.213331780305941
2025-01-16,13.1615670023093,3.03861805555556,3.35541666666667,99.4429861111111,137.671875,21.1244758076133,-0.703774777777778,0.00735243267308761,0.142938667727315,0.812802945390034,0,91.308925,13.239359935017,3.07730034722222,NA,0.205112462966435,0.208659819887562
2025-01-17,13.1054977038387,3.21646527777778,3.72902777777778,100.266319444444,137.787708333333,21.11241742262,-0.490745701388889,0.00487165060246753,0.128231430123843,0.885340173344641,0,105.570006944444,13.1615670023093,3.21618923611111,NA,0.187460117345949,0.204673698547701
2025-01-18,13.0423222942934,3.10205555555556,3.96069444444444,100.277569444444,137.808541666667,21.1031497805,-0.711601930555556,0.00625859703109199,0.116738532694213,0.954324224838787,0.762,61.7175625,13.1054977038387,3.32714409722222,NA,0.172205728381395,0.201341338313781
2025-01-19,12.9723654826054,3.347625,3.93729166666667,101.409236111111,137.714375,21.10881988346,-0.524287118055556,0.00423824343147317,0.120464811846065,1.08334250798194,4.064,22.7220868055556,13.0423222942934,3.44641493055556,NA,0.159592400773987,0.199489763784198
2025-01-20,12.9274337112317,3.08528472222222,3.60222222222222,101.554305555556,137.706944444444,21.13408403156,-0.280769541666667,0.00388114991687871,0.158283574399769,0.730653599809628,0,118.889945833333,12.9723654826054,3.47821180555556,NA,0.150955817800289,0.200904271516528
2025-01-21,12.8459062888812,2.54870138888889,4.04027777777778,100.896527777778,138.032361111111,21.1487290001533,-1.10278679861111,0.0161107701710534,0.141524336830556,0.798434618325761,0,69.9507722222222,12.9274337112317,3.59572916666667,NA,0.143427662289988,0.197167417597531
2025-01-22,12.7476145808747,2.39104861111111,4.07486111111111,101.703611111111,138.742638888889,21.15337895614,-1.35139586805556,0.0205177992114614,0.127234077503472,0.879771509579503,0,116.885297222222,12.8459062888812,3.72949652777778,3.37195919648462,0.136912774601447,0.18258000377696
2025-01-23,12.6931900984001,2.40801388888889,4.22055555555556,102.460902777778,138.961111111111,21.1579169167533,-1.03637913888889,0.0173516386457777,0.114380430355093,0.960084598758847,0,82.1904333333333,12.7476145808747,3.86504340277778,3.47888888888889,0.13122448268504,0.169850459832299
2025-01-24,12.7012056727016,2.63408333333333,4.30520833333333,102.876458333333,139.046041666667,21.1591341296266,-1.09322203472222,0.014994538216456,0.102898143059722,1.0362854579763,0,81.2216097222222,12.6931900984001,3.98376736111111,3.591375,0.126219417101591,0.158746989697099
2025-01-25,12.7660522156032,2.85350694444444,4.39444444444444,102.883541666667,141.067222222222,21.1552349222866,-0.774061597222222,0.00948149222745087,0.0930911959638889,1.12266064874969,0,127.707967361111,12.7012056727016,4.06694444444444,3.67946759259259,0.121826887831597,0.149034826467315
2025-01-26,12.7507830001609,3.06582638888889,4.48701388888889,103.461319444444,142.695625,21.14797395552,-0.555160104166667,0.00638547452672356,0.0842312033506944,1.20296016375374,0,86.1174819444444,12.7660522156032,4.132734375,3.77972685185185,0.117763471663657,0.13989214451034
2025-01-27,12.6990089645784,3.19689928057554,4.32525179856115,103.885118110236,142.940647482014,21.1411025248466,-0.449025909722222,0.0043526441178301,0.0765133916905093,1.28963370242742,0,116.123125,12.7507830001609,4.18122939148681,3.84488715694111,0.112269544144213,0.129834621410417
2025-01-28,12.6845963901228,3.26015277777778,4.20444444444444,103.960694444444,144.508055555556,21.1360734730133,-0.363693208333333,0.00367058625477057,0.0696597754657407,1.37082279830627,0,130.041120138889,12.6990089645784,4.25650716926459,3.91850752731148,0.101191569277459,0.121028634380602
2025-01-29,12.5887293235907,3.38704166666667,3.86479166666667,104.493402777778,145.856041666667,21.05142365332,-0.205210368055555,0.00194103231524423,0.0636130599513889,1.45108831623718,0,132.138765277778,12.6845963901228,4.2345714053757,3.97584549027445,0.0914526596675637,0.113312626443241
2025-01-30,12.5439278108914,3.55147222222222,4.33951388888889,104.661736111111,145.412013888889,20.9630465157066,-0.0454959583333334,0.000378726317421751,0.0583032182613426,1.52864851093257,2.032,114.278597916667,12.5887293235907,4.26765300259792,4.05606771249667,0.0828363022622974,0.106540389948241
2025-01-31,12.2176560696868,3.9360625,4.29729166666667,105.770486111111,141.890138888889,21.0288807630066,0.105670048611111,-0.00043849585119915,0.133242066027778,1.85140946010511,30.226,24.8672958333333,12.5439278108914,4.27724501648681,4.11885937916334,0.0851940067213831,0.105893949834938
2025-02-01,12.791536689907,3.88833333333333,3.70944444444444,105.399097222222,142.865208333333,21.2610389296266,-0.0463625972222221,0.000149397612744906,0.40151241418588,0.59457195443729,0.254,125.681477777778,12.2176560696868,4.2027745303757,4.11755382360778,0.122520790612153,0.124112682105741
2025-02-02,13.9720349000814,3.945375,3.98541666666667,104.982986111111,138.560833333333,21.41438487304,-0.100073083333334,0.000195153221284272,0.394572855873611,0.43293186297841,0,63.2569715277778,12.791536689907,4.15164605815348,4.11920197175593,0.160205998100868,0.142634970317701
2025-02-03,13.7450838589129,3.91374305555556,3.968125,104.893958333333,137.825069444444,21.5117366764733,-0.188773854166667,0.00037002869294156,0.347228314781944,0.482795077934737,0,102.105791666667,13.9720349000814,4.08678494704237,4.12125752731148,0.193080637029774,0.157752537180093
2025-02-04,13.0227532465039,4.20526388888889,3.661875,106.046875,140.504027777778,21.5728190629866,-0.133516958333334,-0.000329325617030918,0.305731549187269,0.537913347365352,0,119.004152777778,13.7450838589129,4.00386284722222,4.12523437916334,0.221732906716869,0.167582402165926
2025-02-05,12.8259705918153,4.42955555555556,4.02326388888889,106.603541666667,142.402222222222,21.61027392246,-0.0395808819444445,-0.000200862716155825,0.270033752471991,0.595272007874093,0,40.2573722222222,13.0227532465039,3.98121527777778,4.12410011990408,0.24677965384265,0.176149696542022
2025-02-06,12.8451585867511,4.31419444444444,3.93277777777778,106.231736111111,142.680763888889,21.6542583819466,-0.301802479166667,-0.00162594084667944,0.247641064117824,0.691943676213204,11.176,54.6971222222222,12.8259705918153,3.98971354166667,4.11462789768185,0.269783154363455,0.184176828982978
2025-02-07,12.8309524439005,4.60013194444444,3.51694444444444,106.389861111111,142.73625,21.7222666482666,-0.0921064652777783,-0.000764605834319809,0.24849252739213,0.681033120839614,0.254,152.544781944444,12.8451585867511,3.88689236111111,4.06772049027445,0.293556818004803,0.193117635452114
2025-02-08,13.0793005136472,4.64024305555556,3.55013888888889,106.115069444444,144.346527777778,21.78819236012,-0.0692971180555553,-0.000599891467572888,0.236892467606481,0.730057777578716,4.064,34.9430972222222,12.8309524439005,3.79349826388889,4.01738252731148,0.306513118202141,0.202050590421898
2025-02-09,13.0314127811515,4.78159722222222,3.34736111111111,106.800486111111,144.369861111111,21.8635941693533,-0.0487378194444448,-0.000518122042535651,0.226977297141204,0.705854855673717,0.508,155.360455555556,13.0793005136472,3.74823784722222,3.94757697175593,0.284696228571557,0.210976330500386
2025-02-10,12.9451859744341,5.02752777777778,3.41944444444444,107.356111111111,144.928888888889,21.91675096,0.110676256944444,0.00147836909457055,0.206374007929861,0.799459144038888,0,131.767620138889,13.0314127811515,3.67749131944444,3.87640567545963,0.261171372578588,0.219119184138997
2025-02-11,12.9090962836795,4.96420833333333,3.68854166666667,107.011875,144.008125,21.9729449632666,-0.035806152777778,-0.000470302598500894,0.26128728829537,1.47607020165515,0,4.41718888888889,12.9451859744341,3.64254340277778,3.83395833333333,0.250428744267766,0.231437443912654
2025-02-12,13.0081573361543,4.74004861111111,3.43340277777778,105.33125,142.616805555556,22.05007960368,-0.160289583333333,-0.00174757873799081,0.509710849814815,1.77560366361366,20.828,10.8967340277778,12.9090962836795,3.613984375,3.78255555555556,0.275926156846209,0.260774182202593
2025-02-13,13.5367362287484,4.87525,3.20770833333333,105.862986111111,141.402152777778,22.1983544345533,-0.080514083333334,-0.000977727656845673,0.771209810288657,1.76649884469049,25.654,134.804025694444,13.0081573361543,3.51203993055556,3.73875,0.338573164073293,0.307947298891744
2025-02-14,15.1536394272649,4.80336805555556,3.02458333333333,104.959513888889,138.495,22.4632930275266,-0.146382416666667,-0.0016516182901114,0.7083060378125,0.552746882372767,0,158.054147916667,13.5367362287484,3.398515625,3.65108796296296,0.396156285785127,0.351280820195154
2025-02-15,15.3852552656934,4.93732638888889,3.10180555555556,104.892916666667,131.953263888889,22.8633607321733,-0.147752111111111,-0.00197323034194596,0.841307784299306,1.42888040977213,68.072,7.99125763888889,15.1536394272649,3.34662326388889,3.57138888888889,0.470258192898524,0.398485201413256
2025-02-16,18.6395160073242,5.23603472222222,2.92326388888889,104.121805555556,128.094791666667,23.6088599329,-0.0933217152777779,-0.00143502002890727,0.933810648318518,1.13792335520934,11.684,82.7959097222222,15.3852552656934,3.26826388888889,3.51897685185185,0.557372965487529,0.433971750355432
2025-02-17,16.1104843850723,5.08186111111111,2.65416666666667,103.119652777778,144.878263888889,23.5931924695266,-0.103757638888889,-0.00159411889262628,0.83980645030162,0.741617167616219,0,170.842696527778,18.6395160073242,3.18161458333333,3.43022685185185,0.633976609632581,0.463653989983966
2025-02-18,15.6352692674468,5.04463194444444,2.93229166666667,103.373333333333,146.105069444444,23.4998202983,-0.151019409722222,-0.00226366923925525,0.746929048543056,0.814657297042375,0,113.469622222222,16.1104843850723,3.12072048611111,3.3611712962963,0.70154598970923,0.49030070556804
2025-02-19,15.7160765258164,4.91629166666667,3.21743055555556,103.193541666667,145.961388888889,23.4522340036666,-0.203568993055555,-0.00273253726902567,0.670852263877315,0.875410224981218,0,38.3571576388889,15.6352692674468,3.06183159722222,3.33154166666667,0.752741611656973,0.514642086547377
2025-02-20,15.8372696409055,4.71920138888889,2.92243055555556,103.068194444444,145.003819444444,23.42600840376,-0.176261027777779,-0.00177898616948369,0.605536807884028,0.939171969221092,0,122.863740277778,15.7160765258164,2.99796006944444,3.25815277777778,0.764719856415625,0.537008956908179
2025-02-21,16.7214754780753,4.51781944444444,3.03486111111111,102.329791666667,141.679027777778,23.4013974954,-0.169033486111111,-0.00117403663796267,0.540681831717593,1.01650346356875,0.508,181.597836805556,15.8372696409055,2.97635416666667,3.19829166666667,0.735903859094242,0.556545008081497
2025-02-22,17.6455207298737,4.3468125,2.969375,101.460694444444,139.409652777778,23.3841233829666,-0.348170777777777,-0.00213099660697935,0.483010977458102,1.09503762338394,0,165.775566666667,16.7214754780753,2.969453125,3.16178703703704,0.707741976549942,0.572179571419228
2025-02-23,16.9634152056692,4.81299305555556,2.58388888888889,103.117152777778,138.219861111111,23.3783464298266,0.157274375,0.00141652372496992,0.432664298877778,1.17709375551763,0,178.121298611111,17.6455207298737,2.90471354166667,3.09737037037037,0.656661540872251,0.585231026837315
2025-02-24,17.0085871305911,4.77638194444444,2.89798611111111,102.941458333333,137.959236111111,23.3718136328,0.0982390555555552,0.000864764528841988,0.388550543668056,1.26294691253854,0,176.612951388889,16.9634152056692,2.90155381944444,3.06741203703704,0.588504027790943,0.596002576605772
2025-02-25,17.0282267609871,5.31363194444444,2.84180555555556,104.448541666667,137.180277777778,23.3659945190466,0.535666965277778,0.00693967819404406,0.349955649793287,1.35523744699945,0,141.412178472222,17.0085871305911,2.92500868055556,3.02890277777778,0.527272677727402,0.605574686063333
2025-02-26,17.294839373255,5.45110416666667,2.94986111111111,104.864027777778,136.224861111111,23.3596292655,0.747224180555556,0.011151929026596,0.316239826157639,1.44939935481598,0,138.711473611111,17.0282267609871,2.92720486111111,2.97965740740741,0.473436524929225,0.609238188587485
2025-02-27,17.4107819181983,5.44644444444444,2.96173611111111,104.576666666667,135.997222222222,23.3551362129333,0.648011756944444,0.010156480068872,0.286461953852315,1.54450736881873,0,74.2344277777778,17.294839373255,2.89524305555556,2.94821296296296,0.4253877361761,0.594354928856651
2025-02-28,17.7810434017252,5.14284722222222,2.69527777777778,103.078333333333,136.874375,23.3487879934733,0.140058659722222,0.00204995443289135,0.2608342355625,1.65354811153823,0,190.243385416667,17.4107819181983,2.86684895833333,2.91405092592593,0.382299914635909,0.560329890541574
2025-03-01,17.8711372866271,5.19881944444444,2.50638888888889,103.174583333333,136.477222222222,23.3446159410266,0.0164817986111112,0.000266126366568642,0.23754392985,1.75314001893838,0,182.759578472222,17.7810434017252,2.80078993055556,2.87950462962963,0.344407676902459,0.528945750010741
2025-03-02,18.1652313603233,5.57735416666667,2.44645833333333,103.644444444444,132.889722222222,23.331219556,0.300479951388889,0.00584593822225088,0.217013320058333,1.85543723781865,0,201.730474305556,17.8711372866271,2.73542534722222,2.83581481481481,0.311157969727488,0.487326119061343
2025-03-03,18.0245363937417,5.57391666666667,2.82868055555556,103.879097222222,132.876805555556,23.31964676736,0.333130354166667,0.00644129260547288,0.199053015290972,1.96155250484392,0,197.128677083333,18.1652313603233,2.76602430555556,2.82950925925926,0.281956559279138,0.438342276859506
2025-03-04,17.8432806594715,5.97378472222222,2.79993055555556,105.004444444444,132.196458333333,23.312296645647,0.700984847058824,0.0151480237634587,0.183060890428704,2.06625940394357,0,163.718600694444,18.0245363937417,2.75376736111111,2.83922685185185,0.256270352624219,0.394559239534645
2025-03-05,18.1955407269166,5.96246527777778,2.96729166666667,104.330833333333,131.996597222222,NA,NA,NA,0.256156227367593,1.99854199630529,25.654,96.7208347222222,17.8432806594715,2.769453125,2.84156018518519,0.244545424821007,0.361841051456281
2025-03-06,18.3691484302714,5.88639583333333,2.57534722222222,103.482152777778,131.593958333333,NA,NA,NA,0.333213388438889,1.29277953969406,0,118.890232638889,18.1955407269166,2.72263888888889,2.79875462962963,0.246667120106163,0.339331793093719
2025-03-07,18.2067743566121,5.97100694444444,2.84347222222222,103.309583333333,130.727777777778,NA,NA,NA,0.300713486189352,1.39545058411339,0.508,154.485458333333,18.3691484302714,2.70785590277778,2.79349074074074,0.248448561648293,0.319010238314074
2025-03-08,18.0330810441727,6.147625,2.72006944444444,103.627291666667,130.194097222222,NA,NA,NA,0.270730838292824,1.49512565521971,0,210.222401388889,18.2067743566121,2.71095486111111,2.77250462962963,0.249685636989583,0.301013505419089
2025-03-09,17.7592948341762,6.5706875,3,104.732916666667,129.892361111111,NA,NA,NA,0.244369959725694,1.64555450627938,0,197.294182638889,18.0330810441727,2.77265625,2.7745462962963,0.250538890724045,0.285104104236929
2025-03-10,17.391007261569,6.88475694444444,2.9425,105.7,129.405,NA,NA,NA,0.22117196218125,1.74859141247329,0,170.121102777778,17.7592948341762,2.83466145833333,2.7984537037037,0.25105872098941,0.271004615123827
2025-03-11,17.0916371516155,7.5984375,3.09381944444444,107.311388888889,128.126041666667,NA,NA,NA,0.200973449591898,1.8662576913838,0,227.936088888889,17.391007261569,2.86780381944444,2.81150925925926,0.251298775277025,0.25849947551875
2025-03-12,17.3689497379233,7.44484722222222,3.29402777777778,107.333402777778,127.854097222222,NA,NA,NA,0.183003065196991,1.96834986186764,0,221.595120138889,17.0916371516155,2.92956597222222,2.84165740740741,0.251291547123061,0.24736930321233
2025-03-13,17.4993131995878,7.51860420138889,3.42791666666667,108.390902777778,127.246458333333,23.2052750909046,2.12883410666667,0.0978599929663915,0.167233222647454,2.0714836327415,0,201.183027777778,17.3689497379233,2.98714409722222,2.87352777777778,0.240176171533044,0.237435529644985
2025-03-14,17.7722829659985,7.32295836805556,3.20020833333333,108.006388888889,127.909444444444,23.2011738453866,1.52423359027778,0.063826318911083,0.153430498989583,2.18176788894075,0,185.394751388889,17.4993131995878,3.06525173611111,2.88942592592593,0.217703310351881,0.228566765987469
2025-03-15,18.0847822533669,7.1912986875,3.25090277777778,106.347361111111,127.966875,23.19480829212,1.46995217361111,0.0615980984867974,0.143615063786343,2.25330885476501,0.762,25.9176597222222,17.7722829659985,3.11618055555556,2.92646759259259,0.198066007551505,0.220752154535725
2025-03-16,18.1524335718858,7.56844443055556,3.02652777777778,106.759166666667,127.144236111111,23.1975130653066,1.68684214583333,0.0740638651753898,0.148225167121991,2.41944431520062,2.794,120.478158333333,18.0847822533669,3.15448784722222,2.96114351851852,0.18275279865515,0.214797570353858
2025-03-17,17.2848632554683,8.83863186805556,2.59048611111111,106.845555555556,125.941597222222,23.1975356941666,2.10221731944444,0.11611213081278,0.159435304473611,2.14285238941351,0,245.618074305556,18.1524335718858,3.10329861111111,2.97074537037037,0.17213596674864,0.210959035981543
2025-03-18,16.8880941712995,9.2693265,3.376875,108.271805555556,125.749722222222,23.2216312456037,2.73870296124031,0.157131175431118,0.146061230239815,2.28094899100696,0,249.13240625,17.2848632554683,3.15759548611111,3.00729166666667,0.162747125255961,0.207426250311466
2025-03-19,16.8551282975982,9.28861099305556,3.17972222222222,108.292222222222,125.599444444444,23.2450388664533,2.62154342361111,0.151923151885853,0.134054802312037,2.38234688870245,0,236.628786805556,16.8880941712995,3.16833333333333,3.03261111111111,0.154382294345978,0.204159177770355
2025-03-20,16.9682893882368,9.39482021582734,2.98503597122302,108.138267716535,125.580143884892,23.2232008176733,2.62225834722222,0.155800681576125,0.125246799356713,2.45670065102567,0,156.114814583333,16.8551282975982,3.12970935751399,3.0337940647482,0.147162761115943,0.19543188256963
2025-03-21,16.3315541227565,9.803611125,2.85375,108.738819444444,125.786111111111,23.2237241787466,2.41986763194444,0.160849972940923,0.116732166613657,2.68588750176105,0,258.704390277778,16.9682893882368,3.05793852418066,3.05235424993339,0.140850129111719,0.180999801114614
2025-03-22,16.6078059920755,9.492541625,3.45326388888889,107.847916666667,125.751527777778,23.21250705784,2.35393976388889,0.14733706165066,0.108168727253009,2.78572024110213,0,263.153326388889,16.3315541227565,3.0895704686251,3.09300702771116,0.135192407644647,0.168163483852191
2025-03-23,16.424668791078,9.62360435416667,3.79395833333333,108.671041666667,125.838472222222,23.2023836152133,2.44286481944445,0.160112739671035,0.100626513314815,2.87853226486714,0,220.346241666667,16.6078059920755,3.15745241306954,3.16459962030376,0.129818838835706,0.156823195520324
2025-03-24,16.3533942043885,9.96423611111111,4.29138888888889,109.615347222222,125.819444444444,23.1905119058266,2.80281415217391,0.195944424606637,0.102381960028009,2.76181544025825,1.27,129.982920138889,16.424668791078,3.31556005195843,3.25069221289635,0.124088437948958,0.147357328873812
2025-03-25,16.515658158365,9.64529864583333,4.17527777777778,108.711111111111,125.792916666667,23.18287254256,2.21702386805556,0.145497486835438,0.110228154312731,2.65185605860072,0,127.043513888889,16.3533942043885,3.51365901029177,3.33287739808153,0.117937544178848,0.13996107501591
2025-03-26,15.9250588314696,10.0179513888889,4.09979166666667,110.371805555556,125.791805555556,23.1692721980733,2.62446705555555,0.178309853832161,0.102220685987269,2.79731167449464,0,268.733280555556,16.515658158365,3.6040235936251,3.39994221289635,0.11245747614728,0.133377557442269
2025-03-27,15.5831484966653,10.3132222222222,4.84375,111.589097222222,125.819861111111,23.1540583109666,2.84705584722222,0.203584349352582,0.09489438828125,2.89587700908456,0,269.516682638889,15.9250588314696,3.81202706584732,3.50325702771116,0.107562424393432,0.127503645647886
2025-03-28,15.4840212346421,10.6631666666667,5.53444444444444,113.833888888889,125.788194444444,23.13844894332,3.26301757638889,0.241237647434218,0.0884206148629629,2.99390419506576,0,210.369363888889,15.5831484966653,4.130703125,3.64369221289635,0.102959151331713,0.122249471795586
2025-03-29,16.0967710869227,10.3497222222222,5.97097222222222,113.506666666667,125.643263888889,23.1290445289733,3.15103795138889,0.235146822447064,0.0829935311893518,3.08740619526726,0,174.043770138889,15.4840212346421,4.52035590277778,3.82840980548894,0.0987418219036748,0.117553673942238
2025-03-30,15.8760122991232,11.0815,6.49736107638889,117.502013888889,125.565277777778,23.1146501263,3.60223029861111,0.289749174955091,0.0780274578493056,3.43348223087958,0,167.694144444444,16.0967710869227,4.90086805121528,4.04484035872968,0.0949741632282118,0.113181166879769
2025-03-31,15.9724771015506,11.4397152777778,7.59666663194444,118.014722222222,125.542638888889,23.1036565965133,3.85028053472222,0.318912202583647,0.094350618900463,2.95754849592353,4.572,142.830615972222,15.8760122991232,5.37620658854167,4.34951628234079,0.0941896764264178,0.109589530331667
2025-04-01,14.8403882296583,12.9620347222222,5.94090277777778,118.690972222222,125.572708333333,23.0951763687866,5.30072852083333,0.498230794407391,0.131119508669213,1.9987133788371,0,277.365533333333,15.9724771015506,5.58239582465278,4.5728773934519,0.0977818700065683,0.107701810611373
2025-04-02,15.1141243086664,12.7574166666667,7.92423607638889,118.989375,125.5,23.0799530405,4.97547659027778,0.458755698324239,0.119743853223148,2.14871785783905,0,31.6960652777778,14.8403882296583,6.05101561197917,4.8760347985445,0.0989713323703704,0.105947318810262
2025-04-03,14.9987063464718,12.7390615384615,7.72146153846154,119.67811023622,125.462923076923,23.1198392227365,5.01491788721804,0.462882677142375,0.110719403528935,2.26635681943413,0,103.383736646884,15.1141243086664,6.50372434595353,5.17881741962712,0.100033672063079,0.104391625558056
2025-04-04,15.5800445345385,12.4917222222222,10.1461111111111,119.805,125.380972222222,23.0922741300733,5.53160010416667,0.537481515176751,0.102180367477083,2.4349848657124,0.254,83.4722076388889,14.9987063464718,7.16651948484241,5.65622242895299,0.100944419462558,0.102853863432747
2025-04-05,15.3095797340707,13.434268115942,8.14130434057971,125.253571428571,125.179782608696,23.0766631681119,6.39051765734266,0.653812419315614,0.105151205069676,2.45700245700246,0.254,215.93925,15.5800445345385,7.49237697185932,6.00872605165831,0.103035743238397,0.102081799329815
2025-04-06,15.6295096426828,13.6644166666667,8.06290783687943,124.429097222222,125.101388888889,23.06430405986,5.8791274375,0.594959477904808,0.121544923513657,2.0164898237099,4.572,71.0651277777778,15.3095797340707,7.75386892369147,6.31603564819101,0.107854667278935,0.102973545747191
2025-04-07,14.1900600907048,15.1343611111111,5.83454545454545,119.413472222222,124.396597222222,23.0749606544133,7.10098834722222,0.776253064773869,0.144380584973148,2.22298975587531,16.256,70.4641854166667,15.6295096426828,7.67101697096104,6.45207478960515,0.116148808169416,0.105890483857747
2025-04-08,13.846527887037,15.0899722222222,4.07118055555556,117.518263888889,124.607291666667,23.0699881497533,6.75418695833333,0.722478369844453,0.196792526187037,1.34788328409066,0,293.126675,14.1900600907048,7.23033121141243,6.43739423404959,0.128954046580237,0.112184521601682
2025-04-09,13.9307873106118,14.5745972222222,4.31590277777778,116.925625,124.551319444444,23.0561547230133,6.26606201388889,0.656871303740559,0.181347353745833,1.42465144308123,0,296.500530555556,13.846527887037,7.02720621141243,6.44676923404959,0.135232527214815,0.116925801563889
2025-04-10,14.5623895632279,13.815375,5.57729167361111,115.135416666667,124.495277777778,23.0434217682066,5.54875735416667,0.556849203251886,0.170032706571759,1.54129356338336,3.556,66.4258833333333,13.9307873106118,6.73383816106521,6.54526923451256,0.141518633883391,0.121446602936188
2025-04-11,14.1947815414029,13.748375,4.77666666666667,114.648888888889,124.358888888889,23.03875143126,5.35236379861111,0.531418006102967,0.20367744230787,1.7372958612247,7.874,76.2017472222222,14.5623895632279,6.36573880209085,6.54079701229034,0.153138388730758,0.128698806537963
2025-04-12,13.6524528562635,13.6792222222222,3.74965277777778,113.042708333333,124.337986111111,23.0484787439533,5.24885265277778,0.519238061852889,0.247872365044676,1.21779739190175,0,210.601134722222,14.1947815414029,5.56618151042419,6.42181090117922,0.171349888426707,0.139328923216744
2025-04-13,13.0029493122167,14.1383472222222,2.95451388888889,113.022569444444,124.510694444444,23.0465256185733,5.72878503472222,0.585705246643556,0.228483405699306,1.28398914297788,0,297.896667361111,13.6524528562635,4.91783270396283,6.220713678957,0.186766413505411,0.149028248184074
2025-04-14,13.1863929118745,14.2404791666667,2.98868055555556,113.402291666667,124.239861111111,23.04203111736,6.05489222222222,0.632241017399679,0.20421802864838,1.38719674554292,0,267.668811111111,13.0029493122167,4.28355429379735,5.98680164423478,0.197100551647251,0.157440952904012
2025-04-15,13.1907869297899,14.3875069444444,3.00006944444444,111.765763888889,124.289444444444,23.0425434387466,5.82101642361111,0.608452039349118,0.189478430135417,1.49230747693643,0.508,228.897027777778,13.1863929118745,3.92924479253472,5.68036183173478,0.202737782292535,0.163782806986343
2025-04-16,12.6487567307296,14.5090909090909,2.41447552447552,109.843511450382,124.585804195804,23.03199439372,5.89026446527778,0.621400732851157,0.183903865595602,1.55196635290792,0,309.403609722222,13.1907869297899,3.72215666364972,5.44526668151463,0.201126699718605,0.167301764114769
2025-04-17,12.4410172609445,14.7225486111111,2.316875,109.855902777778,124.724166666667,23.0148350740466,6.25170377083333,0.676071648955599,0.165584407783565,1.66599919903885,0,297.141135416667,12.6487567307296,3.4722781914275,5.07144260975537,0.199156331473322,0.170357801085463
2025-04-18,12.8856923687775,14.6481041666667,2.49638888888889,110.292361111111,124.447291666667,23.00718372198,6.50646305555556,0.71512430714165,0.149695731730324,1.78258173119518,0,294.589263888889,12.4410172609445,3.08716534333722,4.72310443311719,0.196614209618142,0.172956222965556
2025-04-19,12.9627938890348,15.0777569444444,2.60215277777778,110.979791666667,124.523888888889,22.9933079847666,6.50688628472222,0.72582389067145,0.13586542172338,1.90156381171785,0,219.003720833333,12.8856923687775,2.81535110722611,4.22017387756164,0.188137707045081,0.175201893248642
2025-04-20,12.408326547234,16.2070972222222,2.29763888888889,111.929444444444,124.819305555556,22.98580604312,7.78169029861111,0.930246586645353,0.12381920579213,2.02658120463757,0,220.188170138889,12.9627938890348,2.633849371115,3.83059618078225,0.172631062138513,0.176446426630139
2025-04-21,12.7621443550583,16.3394027777778,2.73833333333333,112.380833333333,124.743611111111,22.97438910888,8.38568119444444,1.03392277466855,0.113307215274769,2.14904744291446,3.556,234.854161111111,12.408326547234,2.60682680167055,3.47562454721251,0.158234038335446,0.17589724608088
2025-04-22,11.6416847675782,18.3409652777778,2.04875,111.916666666667,124.784722222222,22.9650917445266,9.71083834722222,1.2792419188952,0.106021236078935,2.24169247782075,0.508,219.468608333333,12.7621443550583,2.48933548222611,3.22323818357615,0.145959439264265,0.173339956154599
2025-04-23,11.1521796016137,18.5656944444444,2.05708333333333,111.325277777778,125.012638888889,22.9446052830866,9.98185663194444,1.32923888587322,0.101034472977083,2.64637777042673,0,288.708605555556,11.6416847675782,2.37146221833722,3.088965035428,0.134903944619473,0.166956085940602
2025-04-24,11.3815843375218,18.7682291666667,2.29347222222222,111.838680555556,125.302986111111,22.9318355626266,9.96587059027778,1.33404110864672,0.0933495527331019,2.76194427237544,0,233.523418055556,11.1521796016137,2.35633680555556,2.95413633172429,0.123584655511661,0.161089565873086
2025-04-25,11.8427992234523,19.0262291666667,2.82625,111.614166666667,125.131458333333,22.9046088479666,10.7352704097222,1.4830716838062,0.0978853851289352,2.6285410784064,0.254,124.051860416667,11.3815843375218,2.42000868055556,2.77073355348355,0.115122277679832,0.156279744443565
2025-04-26,11.268232267017,19.7805555555556,2.56020833333333,112.104652777778,125.437222222222,22.9070505169466,11.1576189583333,1.5707649288903,0.128421882033796,2.06135313994894,1.27,244.867158333333,11.8427992234523,2.42798611111111,2.62296966459466,0.112463046467766,0.15126270709196
2025-04-27,10.8074160346845,19.7810138888889,2.38138888888889,110.378472222222,125.556527777778,22.8817421601466,10.9781733194444,1.53872649204504,0.129088198465278,1.97262976205154,0,272.921290277778,11.268232267017,2.400390625,2.53175207200207,0.111615893560503,0.143343762653333
2025-04-28,11.1079049091974,19.3653958333333,2.34708333333333,109.652986111111,125.504305555556,22.8650844718466,10.5034524791667,1.44454851279863,0.117150736410185,2.09665440976688,0,322.155418055556,10.8074160346845,2.40657118055556,2.4912567016317,0.11078233488776,0.135921584700725
2025-04-29,11.4669394422646,19.1099166666667,2.96659722222222,109.848125,125.395277777778,22.84428949862,10.4571040138889,1.44077154532636,0.106768189530787,2.2260095301033,0,298.825423611111,11.1079049091974,2.43510416666667,2.48978447940948,0.109964956669763,0.129424928759552
2025-04-30,10.7257674126131,20.4942291666667,2.83298611111111,110.830277777778,125.828472222222,22.83487454412,11.6650594652778,1.68895323641766,0.097715622980787,2.35079508993284,0,273.408525694444,11.4669394422646,2.53313368055556,2.47864559052059,0.108926755032494,0.123307408282577
2025-05-01,10.531078747102,20.6985,2.95333333333333,110.863055555556,125.837777777778,22.8058217354066,12.4805101875,1.86971842071694,0.0898206220784722,2.48064213193472,0,220.59758125,10.7257674126131,2.64516493055556,2.51456944444444,0.107525023670168,0.117035192048102
2025-05-02,10.5452278884838,20.7395833333333,2.66284722222222,110.698819444444,125.744097222222,22.7967435163266,12.0339085347222,1.77768768083411,0.0833765570361111,2.60237713471278,2.794,292.180895833333,10.531078747102,2.69133680555556,2.53763425925926,0.106278399208044,0.111554668664938
2025-05-03,10.4715871550857,21.0838263888889,2.86041666666667,110.935555555556,125.765208333333,22.7756953796066,12.3056550625,1.83904526758909,0.0808624857233796,2.93258979826144,9.906,142.756291666667,10.5452278884838,2.69560763888889,2.56190277777778,0.10415053678235,0.106965785597809
2025-05-04,10.2889003432633,21.1842708333333,3.30597222222222,110.617708333333,125.104861111111,22.7991830373133,12.2601772638889,1.83726040063061,0.105765531843287,2.51796937306575,11.938,271.335905555556,10.4715871550857,2.788828125,2.60882407407407,0.101318493008536,0.104959126272469
2025-05-05,10.3815793987971,20.9599513888889,3.30770833333333,110.568541666667,124.976944444444,22.7905219285666,11.9102677708333,1.76296469597162,0.1555265310125,1.64753075049631,0.254,262.922604166667,10.2889003432633,2.90461805555556,2.67616203703704,0.104623284576939,0.107072947953827
2025-05-06,9.98303303059418,20.8812430555556,2.88236111111111,110.886875,125.100069444444,22.7728243117733,11.7691695277778,1.73812312415271,0.1468177328125,1.70912375790425,0,227.831332638889,10.3815793987971,2.97152777777778,2.68576388888889,0.108331659127228,0.109306982456343
2025-05-07,10.1122562503795,20.9452222222222,2.57298611111111,110.677638888889,125.093680555556,22.7630719225067,12.1973690972222,1.83523318203947,0.131062213944213,1.83362949350539,0,259.189172916667,9.98303303059418,2.92232638888889,2.72071296296296,0.111368412178906,0.110976380980694
2025-05-08,9.305167241208,21.5847361111111,1.88708333333333,110.357916666667,125.439583333333,22.7489915264866,12.5595142152778,1.91998525700751,0.126262719712037,1.91593418598007,13.462,226.578504166667,10.1122562503795,2.80408854166667,2.70937962962963,0.114936799270312,0.112658264096358
2025-05-09,8.89582533344826,21.8963888888889,1.93986111111111,109.952777777778,124.808263888889,22.7795494790866,12.5932901736111,1.92807772450533,0.13434180644375,1.7770195827558,0.254,281.429625694444,9.305167241208,2.67740451388889,2.68580555555556,0.120501947315972,0.115391081010401
2025-05-10,9.11912227269652,21.3424722222222,2.37840277777778,110.423958333333,124.640972222222,22.7640503084933,12.1502193055556,1.83508833508063,0.119644117961111,1.87559859529637,0,306.06421875,8.89582533344826,2.64184895833333,2.65594907407407,0.125035392431597,0.116841663199213
2025-05-11,9.38444996066769,21.06925,2.61944055944056,111.156180555556,124.398125,22.7517202772733,11.9075920347222,1.78794504781695,0.107216467703241,1.96435463280918,0,231.092363194444,9.11912227269652,2.61172694493007,2.65989788914789,0.12832964017908,0.115427968910509
2025-05-12,9.51348529085337,20.8086666666667,3.14173611111111,109.703541666667,123.882013888889,22.7463145273533,11.4397501111111,1.69245620482354,0.124110453977546,2.10731490465789,52.324,35.7428041666667,9.38444996066769,2.59119743104118,2.7105877039627,0.130622755445862,0.115096119277994
2025-05-13,10.1503872347485,20.5786180555556,3.78111888111888,108.339375,121.767569444444,23.2305121873533,11.3129458541667,1.66627365493559,0.533415481270139,2.97568432285777,28.956,126.825246527778,9.51348529085337,2.65037374951437,2.80619007381507,0.177858874228067,0.142847102268657
2025-05-14,10.8724656329152,20.5610555555556,3.68048611111111,109.754166666667,119.530138888889,23.49502372928,11.3973182986111,1.69064946110893,0.801146304101157,1.36741111662196,5.334,108.098097222222,10.1503872347485,2.75013937451437,2.85378266640767,0.259649945639149,0.189138976573349
2025-05-15,12.3557908667755,20.3201458333333,3.64819444444444,109.824027777778,114.811180555556,23.5304090221533,11.6198668194444,1.74229539898067,0.721732101704167,0.948210088073281,0,242.353254861111,10.8724656329152,2.88454041618104,2.90812988862989,0.333483681609143,0.230740075154907
2025-05-16,13.658022898028,20.4347430555556,4.39458333333333,110.777638888889,113.075208333333,23.4884690526933,11.9003062152778,1.80216154682068,0.641477576673843,1.06435854410306,2.54,129.118963194444,12.3557908667755,3.19797791618104,3.00421322196322,0.397885538729369,0.267517205461265
2025-05-17,14.8829140577355,20.1174305555556,3.84104166666667,107.981041666667,112.523263888889,23.4405238933133,11.5961938055556,1.74008314505045,0.58820197053125,1.17068243209726,3.048,314.859742361111,13.658022898028,3.43562548562549,3.08275951825952,0.454618059240307,0.301172233027608
2025-05-18,15.6194040226114,20.6806041666667,3.62395833333333,107.265972222222,110.566736111111,23.4193470768066,11.4358339236111,1.70907049717982,0.519573500115509,1.12621006319233,0,266.267738888889,14.8829140577355,3.59131993006993,3.1336622960373,0.504609232009607,0.330419633987083
2025-05-19,11.725625947846,21.6213263888889,3.61104166666667,108.139652777778,113.995,23.4017777401733,12.6568355277778,1.97978412287216,0.456258584936806,1.16389529360741,0,309.758895138889,15.6194040226114,3.71527006847319,3.15400025900026,0.548239496663802,0.353785837526651
2025-05-20,11.4858666639447,21.7157291666667,3.67020833333333,107.520069444444,112.977430555556,23.36259379602,12.7586510694444,2.01106100455979,0.400884294237731,1.19630046727179,0,265.919427083333,11.725625947846,3.78132909625097,3.17816692566693,0.582836226696325,0.370143021741667
2025-05-21,12.967149933973,20.9855694444444,4.309375,105.317083333333,109.972361111111,23.3762228636733,12.2693959861111,1.89956033635178,0.376918122972917,1.34274096500006,6.858,54.7214486111111,11.4858666639447,3.84736111111111,3.27330118492619,0.563274056909172,0.385483047752361
2025-05-22,11.6584575269497,20.7864305555556,3.71881944444444,105.400625,109.214583333333,23.33597851016,11.2546315694444,1.68092931950355,0.380735649279398,1.31952407957274,0.508,286.679057638889,12.967149933973,3.85215277777778,3.34969007381507,0.510722725056453,0.402127943441373
2025-05-23,11.3816598852952,20.5730555555556,3.47569444444444,104.480208333333,107.784930555556,23.32717588362,10.9315646180556,1.6190532254443,0.331907280911574,1.33303071085381,0,274.634155555556,11.6584575269497,3.83059027777778,3.45559748122248,0.461994622457378,0.415837580854676
2025-05-24,10.7436950470194,20.6803819444444,3.56493055555556,104.708125,107.898819444444,23.3295072056866,11.0201168125,1.64266000889359,0.291672060280324,1.34230873464666,0,314.366259027778,11.3816598852952,3.72688368055556,3.56393544418544,0.418268932908189,0.426326264443781
2025-05-25,9.90343252759521,20.6941111111111,3.52916666666667,104.963888888889,108.892222222222,23.31904358086,11.2718995555556,1.70029554416396,0.257075595501157,1.35579929217784,0,275.504234722222,10.7436950470194,3.68789930555556,3.64065303677804,0.376878136029427,0.435488362946451
2025-05-26,9.10309911900637,20.6619652777778,4.49611111111111,103.268611111111,109.055416666667,23.2988837642666,10.9972346458333,1.64672733410362,0.24167445511713,1.51244418883382,3.81,51.1120506944444,9.90343252759521,3.79691840277778,3.76576440688941,0.34214075540463,0.444452228774043
2025-05-27,9.34141303685497,19.9923888888889,6.7345390212766,99.7758333333333,107.676666666667,23.3103638894733,10.2027453194444,1.48681649783873,0.301516673352778,1.37061982278713,17.526,42.3601888888889,9.10309911900637,4.18735557210402,4.00528460090044,0.322798016456626,0.456279310065725
2025-05-28,12.374183568119,19.6976785714286,3.98728571428571,102.163046875,107.376928571429,23.3280584591133,9.92396111805556,1.43599160335998,0.443077615146528,0.988988226729742,4.826,130.534475694444,9.34141303685497,4.22699024472307,4.01902905644489,0.328072181570226,0.450256785657485
2025-05-29,15.9611893736828,19.8704027777778,2.44604166666667,105.093263888889,108.694097222222,23.33556204922,10.0957046944444,1.47378622143208,0.483926101537963,0.806844143144675,14.732,127.055722916667,12.374183568119,3.9940735780564,3.9367327601486,0.341448178890856,0.429108772153272
2025-05-30,16.4458764776098,19.9701736111111,2.24541666666667,106.675972222222,108.094652777778,23.3844028219133,10.3910098055556,1.53985169340183,0.442920585159491,0.871959669469793,7.874,197.526072222222,15.9611893736828,3.80989823083418,3.84321424163008,0.349221295875868,0.41052133771696
2025-05-31,16.9637696576941,19.6166597222222,2.15402777777778,105.662013888889,106.863819444444,23.39356071656,9.63440639583333,1.38962672173784,0.394486913786111,0.953464478405173,0,281.352943055556,16.4458764776098,3.64468989750084,3.69384387125971,0.357043749985185,0.394055293524444
2025-06-01,15.668682021634,20.0198611111111,1.76513888888889,106.729027777778,107.482777777778,23.4034812487466,10.1978601875,1.50700361899374,0.34441822072338,0.964226577842813,0,269.190111111111,16.9637696576941,3.41971593916751,3.55545035274119,0.363637020040567,0.377803043537253
2025-06-02,15.0846810737711,20.2169722222222,1.45479166666667,108.042361111111,106.748333333333,23.36828937518,10.6307593055556,1.60162266972998,0.303077954609028,0.978471868496182,0,331.298513888889,15.668682021634,3.16041906416751,3.41083924163008,0.369387314929051,0.363370007170154
2025-06-03,14.7536516163963,20.4513958333333,1.29916666666667,109.027013888889,106.648958333333,23.37631752524,10.8529843402778,1.65183073553055,0.267905359539583,1.00594258602492,0,337.439734722222,15.0846810737711,2.76080100861196,3.25671424163008,0.372666177981858,0.350813125477006
2025-06-04,14.8378396076976,20.8743541666667,1.174375,110.825625,105.699513888889,23.3307006407733,11.1350776666667,1.71924838232292,0.237723771625694,1.04216180510458,0,314.263250694444,14.7536516163963,2.06578050595238,3.09032535274119,0.364692065265972,0.33993575730287
2025-06-05,14.3615687678569,21.7676458333333,1.16958333333333,111.115277777778,107.105486111111,23.3198293467933,11.9711795763889,1.90826090099301,0.213583063652315,1.12269685694557,0,278.686551388889,14.8378396076976,1.71356770833333,2.88100590829675,0.336005246329196,0.329046753348164
2025-06-06,13.5889475821686,22.9423333333333,1.09027777777778,111.188541666667,107.771111111111,23.3178782695,13.1771150486111,2.19255254054724,0.195428593428009,1.40886744973275,0,275.154900694444,14.3615687678569,1.54409722222222,2.70576979718564,0.299943057815451,0.316692949624738
2025-06-07,12.9139410018689,24.2995277777778,1.014375,111.885347222222,107.730763888889,23.3017039796066,14.7933889027778,2.59464910238285,0.191059340140046,1.43553291035555,0.254,214.618743055556,13.5889475821686,1.39021701388889,2.54168183422267,0.268460402188021,0.307303086906636
2025-06-08,14.1728749102939,23.6340138888889,1.11333333333333,112.767708333333,107.515277777778,23.2660689200666,14.3982899652778,2.50267965338298,0.205921485703704,1.25721352019786,0,257.859625,12.9139410018689,1.26013020833333,2.37824201940786,0.24488972367772,0.301586381934861
2025-06-09,13.1133604691493,24.6384513888889,0.849861111111111,112.011666666667,107.576527777778,23.2841525262666,14.7169694236111,2.58834674994159,0.183360626721528,1.30774549883836,0.762,285.665482638889,14.1728749102939,1.14572048611111,2.19962164903749,0.224757524427488,0.296672050682886
2025-06-10,12.4837213597465,25.2493402777778,0.790347222222222,112.517291666667,107.938680555556,23.22828042228,15.2372719097222,2.72413491041368,0.168060813119676,1.41101602623795,0,301.890811111111,13.1133604691493,1.06266493055556,1.95257072311156,0.207880381741319,0.291764474549722
2025-06-11,11.6537185383742,25.5820373134328,0.748880597014925,112.649098360656,108.337835820896,23.24056594508,15.4048125,2.77564152917819,0.151376907503704,1.50695301110239,0,284.792538194444,12.4837213597465,0.993879171849088,1.55352682816078,0.193314325236834,0.281755156826451
2025-06-12,11.3596294408131,26.0467847222222,0.686597222222222,112.018125,108.496180555556,23.2052944459,15.9351516666667,2.92259699801059,0.136172585110185,1.55833632014461,0,312.135242361111,11.6537185383742,0.932906949626866,1.33348092868988,0.180620426922396,0.261294821490694
2025-06-13,11.6507104071506,26.3177777777778,0.843680555555556,112.006319444444,108.503125,23.1769884894733,16.1159936805556,2.97569549934656,0.13393172475463,1.65174681137606,2.286,217.413767361111,11.3596294408131,0.892169102404643,1.22665685461581,0.170664009560185,0.237961863038472
2025-06-14,10.8432490465253,26.7166111111111,0.848958333333333,111.907638888889,108.587083333333,23.1532321327866,16.3520672222222,3.04376551813948,0.160215149341667,1.34766426934743,0.254,203.073265972222,11.6507104071506,0.862004171849088,1.13355963239359,0.166262329049392,0.219114833983951
2025-06-15,10.578844281879,26.8883125,1.03597222222222,111.236041666667,108.405625,23.1839282563066,16.3858200694444,3.05966334057143,0.21172363762338,1.01228523391556,19.558,125.827386805556,10.8432490465253,0.864703824626866,1.05902259535655,0.168845366234809,0.206930615573102
2025-06-16,12.3798179599382,26.2230486111111,1.32506944444444,110.372847222222,107.443055555556,23.16413105096,16.035921875,2.97080919387565,0.319186260441435,1.10360783362115,11.684,133.853822916667,10.578844281879,0.891170838515755,1.02968463239359,0.183003463077025,0.205248484887639
2025-06-17,12.3754245442434,26.2532847222222,1.308125,113.492291666667,107.220902777778,23.16191237366,16.0391157638889,2.9762824491504,0.46960719484838,0.739941595449642,0.254,237.45869375,12.3798179599382,0.948453824626866,1.01990685461581,0.218784284092882,0.216350434236929
2025-06-18,11.960165742425,26.7862013888889,1.13298611111111,115.539375,107.483402777778,23.1285458948,16.3620572222222,3.06882652409115,0.466215665432407,0.654292385629691,0,291.626763888889,12.3754245442434,0.991283685737977,1.00882815091211,0.256053640631973,0.229571121296451
2025-06-19,12.4262152689579,26.6773426573427,1.24769230769231,115.503566433566,107.416153846154,23.1388170309191,16.2717072027972,3.04915327389028,0.433705683555324,0.732693928425956,2.794,253.223107638889,11.960165742425,1.05363514957265,1.01371597142493,0.291344737638426,0.242636582091759
2025-06-20,11.9673716464846,26.9084444444444,1.23486111111111,115.634375,107.341875,23.08884513346,16.6816911111111,3.1581451724179,0.389495906630555,0.709619774556113,0,316.581805555556,12.4262152689579,1.12216813568376,1.01806782327678,0.323010152828472,0.254364104956975
2025-06-21,10.618894523277,27.6188958333333,1.09354166666667,113.253055555556,107.986666666667,23.0768516878,17.1749652777778,3.30114300306184,0.348649542265972,0.814058408310395,0,312.077097222222,11.9673716464846,1.15340077457265,1.01828541586937,0.34984988001739,0.264578834879506
2025-06-22,10.5904260961212,28.0416805555556,1.13826388888889,112.607569444444,108.101388888889,23.0815408072,17.8394981944444,3.49865291328854,0.308704508806713,0.886742681365515,0,335.381014583333,10.618894523277,1.18956396901709,1.02654467512863,0.368411049950521,0.272421846123951
2025-06-23,9.28737837287387,29.4001736111111,1.55909722222222,111.643611111111,108.629583333333,23.0118866285,19.042689375,3.85510390897377,0.274560566253704,0.950643809994899,0,333.85975,10.5904260961212,1.25495459401709,1.05626226772122,0.376265666029311,0.276997784827284
2025-06-24,9.01736536634865,30.2860138888889,4.53139861538462,109.829236111111,109.100277777778,23.0143343917866,19.7143096527778,4.06430911786242,0.24645856465463,1.04181913675383,0,327.263488888889,9.28737837287387,1.65574574038462,1.30169810133946,0.367174704055961,0.281204314022824
2025-06-25,8.78345874027118,30.6629722222222,8.07652775694444,108.042083333333,109.401597222222,22.9635395945533,20.2080188194444,4.22003500667574,0.222585762571296,1.2059908668834,0,295.25391875,9.01736536634865,2.50179608500267,1.78744347032094,0.336297025021325,0.284839310652932
2025-06-26,8.26780781035076,30.9487361111111,5.97895834027778,108.374930555556,109.573958333333,22.9836722864866,20.3502071527778,4.27328406303809,0.20201589528287,1.3051539136235,2.54,280.961463888889,8.78345874027118,3.1075426136485,2.1361153198718,0.303272053752633,0.288215243171543
2025-06-27,8.27823910836717,30.6593541666667,2.89229165277778,106.427013888889,109.212708333333,22.9338714107266,19.9687488194444,4.16052952313828,0.192649799265509,1.34933070443324,9.906,284.102477083333,8.26780781035076,3.31311753178419,2.28316161524216,0.273140068216406,0.291980390781898
2025-06-28,8.56312464419568,30.3837569444444,1.85159722222222,109.044930555556,109.243819444444,22.95574427698,19.7344320138889,4.0947919612164,0.23012956802963,1.22639421658306,3.302,248.113804861111,8.27823910836717,3.39020954567308,2.35035605968661,0.253219275891291,0.298393580333565
2025-06-29,8.60409768432377,30.3554166666667,1.85645833333333,108.322569444444,109.367986111111,22.93803741882,19.6463145138889,4.07158447382676,0.310776137520833,0.967890612997388,0.508,261.906697222222,8.56312464419568,3.48557412900641,2.41752272635328,0.248485100298148,0.308430979545509
2025-06-30,8.67391601294114,30.2812569444444,1.38611111111111,106.691118881119,108.157152777778,22.9584473517533,19.6351763194444,4.07491018379574,0.346864387176852,1.18225365382145,0,279.756106944444,8.60409768432377,3.51655503178419,2.44086531894587,0.253255085094416,0.317440362849074
2025-07-01,9.22168990559393,29.8734166666667,2.07201388888889,107.340347222222,106.854305555556,22.8847296692,19.0739473611111,3.91015534853659,0.521124701744213,1.70006566121865,22.86,192.030384027778,8.67391601294114,3.58066961511752,2.49066161524217,0.284075602030729,0.330902925602593
2025-07-02,9.42541328915735,29.6401180555556,2.44083333333333,106.476944444444,106.013125,22.9298176477733,18.83273125,3.84355393432133,0.609397305234259,1.22746598787507,0.254,279.614430555556,9.22168990559393,3.31934895486111,2.56617550413105,0.329442944603183,0.340222266294985
2025-07-03,8.31296381563383,30.0170416666667,1.84520833333333,105.739236111111,106.414791666667,22.9031995645266,19.1675797916667,3.94802193576948,0.563121735169213,1.06172613871777,0,288.382705555556,9.42541328915735,2.54043402690972,2.61365698561254,0.372009941177922,0.346682670944105
2025-07-04,8.40701785524841,29.6922013888889,1.61791666666667,104.562152777778,106.332291666667,22.8954890677133,18.8542855555556,3.86033241887674,0.502368106400695,1.18695740787088,0,311.333109027778,8.31296381563383,1.99530381770833,2.63833860954416,0.409553967567651,0.351260165800463
2025-07-05,8.72089858740734,29.4767708333333,2.14694444444444,103.6,105.933680555556,22.8646510767266,18.5745877083333,3.78612601912448,0.437866978211806,1.22005149174618,0,325.417926388889,8.40701785524841,1.90213541666667,2.69914416509972,0.440206114935938,0.35448490390588
2025-07-06,8.85616810683804,29.2657013888889,2.11076388888889,103.634861111111,106.411041666667,22.85172929832,18.276953125,3.70090704658946,0.395649253994213,1.35962295268807,1.778,189.718521527778,8.72089858740734,1.93453125,2.76695897991453,0.46089607568151,0.357618218021096
2025-07-07,8.49067379293371,29.3737013888889,2.39097222222222,103.045069444444,106.217847222222,22.8213476809866,18.6509897222222,3.81754343068587,0.385591907729861,1.49964847689372,0.254,314.090229166667,8.85616810683804,2.00134548611111,2.85047286880342,0.470248046957639,0.362744044615972
2025-07-08,8.03337626739731,29.5880138888889,2.87111111111111,105.819930555556,106.456319444444,22.8218778856666,18.8888016666667,3.89410820172191,0.410111928003009,1.42680293949864,11.43,292.977202083333,8.49067379293371,2.18697048611111,2.93794046139601,0.478153989560909,0.371780802065926
2025-07-09,7.31229516094674,29.6742083333333,5.449507,104.817013888889,107.106041666667,22.84669610036,18.661526875,3.82979893844549,0.469086767762963,1.65908186160973,4.318,207.482515972222,8.03337626739731,2.609157125,2.99914768703704,0.471649247813252,0.386622682273148
2025-07-10,7.30596482456673,29.5018472222222,6.88436622535211,105.365208333333,106.928402777778,22.78805588236,18.4763834722222,3.77950687468217,0.556343981404398,1.82225091374774,1.27,174.006566666667,7.31229516094674,3.16459873650235,2.91967025159755,0.46501758233452,0.408873230195355
2025-07-11,7.55388845053602,29.5875833333333,4.35590277777778,106.628125,107.109513888889,22.7966173342067,18.7393265277778,3.86336537318005,0.508285378277083,1.47999244348005,0,312.029906944444,7.30596482456673,3.4784355420579,2.81146654743088,0.458163037723003,0.429291195728302
2025-07-12,7.40424834741603,29.8540625,5.18202797202797,106.594236111111,107.073194444444,22.80623195218,19.0964692361111,3.97434262063121,0.466219909486111,1.5975967774971,0,283.582034722222,7.55388845053602,3.92394945522807,2.96411563538089,0.453644513108681,0.447529203076343
2025-07-13,7.60867957820817,29.8118958333333,6.93138888888889,106.683819444444,106.849305555556,22.80479419534,18.8077309722222,3.89266377463207,0.424008020842361,1.72036068769385,0,283.500575694444,7.40424834741603,4.52200501078362,3.30276841315867,0.4519121434375,0.460454433263858
2025-07-14,6.9498827217818,30.0666736111111,7.10293704195804,105.422916666667,106.661805555556,22.7905756783533,18.9772472916667,3.95005219152847,0.493820582241435,2.03255744499365,0.254,272.331102777778,7.60867957820817,5.14602665491727,3.65253366040032,0.464183559468403,0.472657396245231
2025-07-15,7.03472229208699,30.0644652777778,9.49395684172662,104.861458333333,106.688541666667,22.7465528547066,18.932606875,3.9386539088398,0.611411108716667,2.23513324031847,0,287.276643055556,6.9498827217818,6.03389973235531,4.19305670910802,0.492410959591753,0.490293844347886
2025-07-16,6.98939314920973,30.1807361111111,5.34895104195804,105.686736111111,107.332291666667,22.67054945748,19.0373984027778,3.97787074757343,0.616383548137268,1.95545655865466,1.016,251.474049305556,7.03472229208699,6.34362972371118,4.4115191859793,0.518194912108536,0.496644434107423
2025-07-17,7.1918887555002,29.9875833333333,5.86495796638655,107.075972222222,107.281319444444,22.6327324862933,18.723826875,3.88721632619388,0.593287938388426,1.92070046551055,6.604,243.760161111111,6.98939314920973,6.3955610945095,4.63979416151618,0.533720058436719,0.495570476317701
2025-07-18,6.72181180548544,29.9974027777778,6.1863281328125,106.645277777778,107.789375,22.70080229512,18.7085138194444,3.88715986011312,1.07983527359514,3.21447678900151,3.556,217.723054166667,7.1918887555002,6.30830633294205,4.92920214814812,0.599156469960561,0.530018045546096
2025-07-19,6.21640534151215,29.9882222222222,5.77,104.125555555556,106.748958333333,22.80944270268,18.6568215972222,3.87575854530837,0.907857729413657,2.18430050084643,34.29,187.451869444444,6.72181180548544,6.48506848571983,5.20600770370368,0.649103013852633,0.557050687080293
2025-07-20,6.28254880620009,29.8901388888889,3.65631944444444,102.622291666667,105.904652777778,22.9362968448733,18.5266088194444,3.84201589355666,0.808923002006481,2.18846651259303,2.794,257.535564583333,6.21640534151215,6.29435491977189,5.30663270370368,0.691940900417679,0.581787755333272
2025-07-21,6.72492267209644,29.7415416666667,4.59897058823529,103.295555555556,106.002708333333,22.98245247604,18.3423527777778,3.79399135823746,0.734577260745139,2.37384909483914,0.254,141.831658333333,6.28254880620009,6.00280263219019,5.47251315032677,0.730762055405527,0.604382955783333
2025-07-22,7.5872921721287,29.5657152777778,3.30685314685315,103.414861111111,104.837013888889,22.9599414559533,18.1316869444444,3.73563642442707,0.66898753278125,2.55028607453401,0,272.443700694444,6.72492267209644,5.52829214530207,5.5335718786355,0.752657924223003,0.623275997453426
2025-07-23,8.40365109402149,29.4528076923077,2.30353846153846,107.94406779661,105.147076923077,22.903625630578,18.0257179577465,3.70868886976598,0.570209835361111,2.4915336236091,0,296.041075,7.5872921721287,4.62948984777856,5.49573370199732,0.747507765053559,0.633949191277299
2025-07-24,9.17744344886272,29.2482847222222,0.979930555555556,109.313680555556,105.583819444444,22.83585912432,17.8093872916667,3.64909052356666,0.539289782102778,2.79276301551513,0,312.735100694444,8.40365109402149,4.08336228697824,5.19776193903436,0.737871044299248,0.638629392233287
2025-07-25,9.32293486305541,29.6431736111111,1.01118055555556,111.720138888889,105.468819444444,22.8234698984,18.2839444444444,3.79243149005197,0.480759506968287,2.92972952692868,0,309.206847916667,9.17744344886272,3.47664011062437,4.80621622771459,0.72380499037173,0.63359042727088
2025-07-26,8.75103725210357,30.1784027777778,1.66965277777778,111.262291666667,105.767222222222,22.89320380262,18.7104891666667,3.92346416657529,0.482710710658565,3.02229353613839,1.27,226.983104166667,9.32293486305541,2.91205569124503,4.62713289438126,0.649164420004659,0.631885449429645
2025-07-27,8.3961722394881,30.3905694444444,4.05642857142857,110.810069444444,105.825833333333,22.8874029218333,18.8415993055556,3.96808017482897,0.453319577746991,3.15270982079642,2.794,267.117661805556,8.75103725210357,2.6978592626736,4.5520929343413,0.592347151046325,0.631025427313704
2025-07-28,7.79802054250974,30.7083362068966,7.59906541121495,110.835689655172,105.920689655172,22.825626146091,19.2084131896552,4.08499011912966,0.416725755193519,3.36335999918526,0.254,286.888885416667,8.3961722394881,3.19070250851991,4.59660470249637,0.543322495194705,0.630539942937114
2025-07-29,7.46758423587067,30.9294513888889,6.80986111111111,110.547986111111,106.008402777778,22.7841887950133,19.492304375,4.17661638636514,0.458153554915509,3.09281334854073,1.27,229.282552777778,7.79802054250974,3.46706382387939,4.57706630710657,0.508769531966001,0.628162141115386
2025-07-30,7.04145716814428,30.7221857142857,3.65657142857143,109.267142857143,106.145428571429,22.7270832861371,19.1594900714286,4.0792352626321,0.4826794107625,2.98072421047078,0.254,211.971541258741,7.46758423587067,3.51077860909418,4.18790727956289,0.485481016713657,0.619580027918441
2025-07-31,6.58467529648063,30.6084507042254,4.22718309859155,108.864718309859,105.719225352113,22.7071138833081,19.0444349295775,4.04862004649794,0.513030230317824,2.95846056644024,19.05,234.081008333333,7.04145716814428,3.75123418872581,4.11312275000513,0.478333566083247,0.612689806730478
2025-08-01,6.60808243378955,30.0715625,3.51340277777778,108.161319444444,104.702569444444,22.8271120458866,18.44578625,3.86994858053117,0.599243937254861,2.97901234895788,25.4,41.2158013888889,6.58467529648063,4.06791821650359,3.95635240409788,0.485827835477257,0.613086873321574
2025-08-02,7.23443299191014,28.8513333333333,5.57847221527778,108.038194444444,103.425555555556,22.88508678558,17.1974316666667,3.50476112659976,0.551444221403472,3.01308266640499,1.016,82.7376930555556,6.60808243378955,4.63882967396887,3.91582867626223,0.494663424781655,0.577860803175463
2025-08-03,7.94870291384926,28.0352083333333,8.437968734375,107.286597222222,102.625347222222,22.9047717457866,16.3820025694444,3.27773019231586,0.46641301392963,2.89700449507725,0,221.606484027778,7.23443299191014,5.48486916854352,4.09369325855389,0.492626212690538,0.548431155476528
2025-08-04,8.10880622718927,27.6009166666667,12.7505041932773,106.992013888889,102.016944444444,22.94111554322,15.9362504861111,3.15592766493398,0.415801612499537,2.96893779137566,0,303.041215972222,7.94870291384926,6.57162862127461,4.69997224180942,0.487936467034606,0.522223062842731
2025-08-05,7.87052803440025,27.4121944444444,15.2259663865546,106.831319444444,101.686527777778,22.9253671554466,15.7480290277778,3.1050594099911,0.420817022963889,3.17307837768331,4.064,162.261761805556,8.10880622718927,7.52499124319207,5.40843862836404,0.488447875505903,0.501305713657315
2025-08-06,7.61299125759664,26.79,11.8866386554622,104.726597222222,101.695,22.8915482492466,15.07666375,2.9253006483325,0.485075179078241,3.07208742270567,7.62,37.4032659722222,7.87052803440025,8.15958843623596,5.98042432893798,0.491813078526244,0.489044890077114
2025-08-07,8.71509439579367,26.23125,6.18489512587413,104.651944444444,100.977777777778,22.8602358015,14.5117529166667,2.77493154051785,0.465121230083565,2.91759671240001,0,108.185740277778,7.61299125759664,8.47562889839879,6.23918143989369,0.489618305941377,0.482038983058611
2025-08-08,9.44243946495033,26.0658125,5.12229165972222,105.381041666667,101.287430555556,22.8764088925133,14.2920019444444,2.72186775049113,0.432023446768519,3.10427820619873,0.508,158.873734027778,8.71509439579367,8.58751746854013,6.51533884683813,0.479492457997714,0.474887894036327
2025-08-09,9.69852667801473,25.9579930555556,4.66763889583333,106.382986111111,101.986597222222,22.8485720977933,14.1738497222222,2.69471809274944,0.370202438493519,3.07239033114177,0,265.629645833333,9.44243946495033,8.73179698329707,6.75910273618998,0.450862270652546,0.467517422804676
2025-08-10,10.0465997589417,25.8619861111111,3.63756944444444,105.923472222222,102.017777777778,22.8221225570933,14.0963101388889,2.67618056141669,0.332836198165972,3.15591662642076,0,305.523884722222,9.69852667801473,8.4891841369429,6.89029718063443,0.423536267747859,0.457525788638503
2025-08-11,10.4517661318755,25.8729861111111,3.46486111111111,105.947291666667,101.088472222222,22.8896659576933,14.1117615277778,2.68310891829685,0.316049374247685,3.35543432647923,0,127.018774305556,10.0465997589417,7.86754568403492,6.8508593499466,0.404740812787616,0.448374441738549
2025-08-12,10.0118533294502,26.1965138888889,2.71340277777778,109.596388888889,101.440416666667,22.84380200404,14.4258007638889,2.76336300904165,0.302432327939352,3.62053178314699,0,204.389998611111,10.4517661318755,6.61290800709748,6.52514850771745,0.390569652217593,0.440754879921605
2025-08-13,9.70050095263566,26.3711319444444,2.90722222222222,109.521736111111,101.247777777778,22.8460391640733,14.5087592361111,2.79086859626477,0.299075281459722,3.69310018199427,0.254,157.188734722222,10.0118533294502,5.07306498655593,6.26497258179153,0.375351934529572,0.430149661691219
2025-08-14,8.41175379772407,26.9936180555556,2.45715277777778,110.459513888889,99.9755555555556,22.83730467388,15.0632313194444,2.94426597488632,0.334494562150695,3.33693354205028,1.27,237.372402777778,9.70050095263566,3.89437925184538,6.18501133840528,0.356529357413628,0.420270671783765
2025-08-15,7.29369249870743,27.7977638888889,2.44243055555556,111.650416666667,100.234791666667,22.7316673608133,15.9931967361111,3.20827202331179,0.331768818659491,3.25721440210048,0,304.327972222222,8.41175379772407,3.42657118055556,6.06602783553622,0.339860305985619,0.40818657767321
2025-08-16,7.70526706983966,27.7951597222222,2.74076388888889,111.302986111111,100.815277777778,22.7090329559933,16.03895875,3.22150869640279,0.310765527386574,3.43979924546339,0,254.587421527778,7.29369249870743,3.12888020920139,6.01451857627696,0.324703066062876,0.388954683681991
2025-08-17,6.89056444160776,28.2548680555556,2.75597222222222,111.139791666667,100.408194444444,22.6933020518866,16.439943125,3.34295165502863,0.288333051028935,3.65406022023716,0,272.490161805556,7.70526706983966,2.889921875,5.82635191007325,0.314469392629803,0.371413938990355
2025-08-18,6.04210170449403,28.8285763888889,2.67652777777778,110.247708333333,100.674513888889,22.71281866936,16.9042238194444,3.47873578448002,0.26898441019375,3.86168158680007,0,270.127899305556,6.89056444160776,2.76979166666667,5.4422558463001,0.306487919133275,0.35825203207463
2025-08-19,6.27490107109569,28.3432638888889,2.80729166666667,108.493194444444,99.5299305555556,22.62658173236,16.4228663888889,3.34499566144109,0.252228886171528,4.06352731838746,0,125.256754166667,6.04210170449403,2.68759548611111,4.77937501119273,0.298510358123756,0.347347183652762
2025-08-20,5.84198547156742,28.1549166666667,2.57305555555556,109.590208333333,100.739236111111,22.6565168168466,16.1926436111111,3.28689298395318,0.24525537542963,4.13364366304423,0.508,170.333209027778,6.27490107109569,2.67005208333333,3.93584762245946,0.291363239060041,0.335643073817145
2025-08-21,5.93168617199593,28.2496992481203,2.1803007518797,108.482180451128,100.862406015038,22.5447846265937,16.3026192481203,3.32104059694041,0.236536497602083,4.24339884584934,36.068,211.761852985075,5.84198547156742,2.57918689954052,3.28875842888729,0.283545891077836,0.319073828385401
2025-08-22,6.49786585721723,28.0304930555556,2.40701388888889,106.98375,100.195972222222,22.5817934737866,15.974043125,3.23525150856187,0.225647316811806,4.38234554230351,9.906,113.805713194444,5.93168617199593,2.57291953842941,3.03689967975494,0.269939985410475,0.303108900833951
2025-08-23,8.03711511770701,27.4598263888889,2.59888888888889,107.654166666667,100.284027777778,22.5975096916133,15.3905040972222,3.07613520450843,0.213649376991435,4.57133492415458,0,153.966179166667,6.49786585721723,2.59247683009607,2.86867282836605,0.255175055201968,0.288550629515478
2025-08-24,9.29885181204057,27.4267361111111,2.605,107.418125,100.171388888889,22.6575017966733,15.3738279861111,3.07674954605534,0.208487546674306,4.63871225480093,0.254,188.399963888889,8.03711511770701,2.57550634398496,2.73116356864383,0.242390307612934,0.277769636727531
2025-08-25,9.22138056815631,27.2986458333333,2.54201388888889,110.664027777778,100.197291666667,22.6911032560133,15.1542473611111,3.02057249471454,0.179481561636343,4.69672293472767,0,259.014945138889,9.29885181204057,2.5487615523183,2.65812653160679,0.22878387143886,0.267545994292222
2025-08-26,9.05809629440746,26.8961736111111,2.51652777777778,109.727291666667,100.162361111111,22.6354343122333,14.7061640972222,2.90207380965614,0.161534519536806,4.70293046428302,0,226.533178472222,9.22138056815631,2.5287615523183,2.59490430938457,0.215352635106742,0.257245003978164
2025-08-27,9.2432377289196,26.4717708333333,2.36541666666667,107.787777777778,100.384375,22.5760882536333,14.27589375,2.78799043063009,0.145545047208102,4.69836085889973,0,267.767870833333,9.05809629440746,2.4735271773183,2.5717052353105,0.202017155236314,0.246785851929414
2025-08-28,9.40993585237716,26.0629652777778,2.38923611111111,106.337291666667,100.471319444444,22.5567471721733,13.9481928472222,2.69777571838119,0.131960361809259,4.6835300549963,0,254.840389583333,9.2432377289196,2.45054974676274,2.53717282790309,0.187855278533767,0.235644857286049
2025-08-29,9.35628567346436,25.9757708333333,1.743125,106.710277777778,100.429027777778,22.5398884217066,13.7738004166667,2.65569338528587,0.120782054860417,4.70411511246393,0,287.361686805556,9.40993585237716,2.39590277777778,2.48957097605124,0.173385973191059,0.221397356800031
2025-08-30,9.23004975324354,25.7391527777778,1.56423611111111,105.761944444444,100.2925,22.54681814792,13.557610625,2.6031507418985,0.110391550380324,4.6951515471894,0,248.107121527778,9.35628567346436,2.29055555555556,2.43102467975494,0.158979002387124,0.206638872248086
2025-08-31,9.51370540408666,25.3783819444444,1.58638888888889,104.029513888889,100.249722222222,22.5189602728933,13.2079340277778,2.51938603661131,0.101390973488194,4.69336179697678,0,196.885568055556,9.23004975324354,2.16399305555556,2.35406634642161,0.144946701949219,0.192680568654861
2025-09-01,8.83927430764897,25.1846319444444,2.06784722222222,105.885763888889,100.289513888889,22.4781682809866,12.85913625,2.43571604346835,0.0928344307148148,4.67449940568712,0,245.326854166667,9.51370540408666,2.09684895833333,2.30819134642161,0.130490062454282,0.179647327300586
2025-09-02,8.52569130119002,25.1423125,2.02888888888889,106.469444444444,100.674722222222,22.4790955647133,12.8576309722222,2.43909163957267,0.0851330647627315,4.66116217479358,0,288.967876388889,8.83927430764897,2.03270833333333,2.26501542049568,0.118696500345081,0.167390570938519
2025-09-03,8.65307311288757,24.9795416666667,1.84069444444444,104.836458333333,99.9044444444445,22.4039997196466,12.6738119444444,2.39583466070223,0.0849447348796296,4.69647764176867,0,190.287272916667,8.52569130119002,1.94822916666667,2.20057560568087,0.109122777262934,0.156238294185725
2025-09-04,9.38160036978384,24.4386842105263,2.31135338345865,102.836992481203,100.180601503759,22.4652460417323,12.1052044360902,2.25487467049902,0.0853304132599537,5.78189210864984,3.81,137.358416783217,8.65307311288757,1.94147125626566,2.18312879420774,0.101595948019416,0.14557663004108
2025-09-05,9.49182316759455,24.4134305555556,2.14118055555556,104.110902777778,100.622569444444,22.43696732114,12.1930740277778,2.28089465549135,0.0831919407,5.79022548719518,0,235.469993055556,9.38160036978384,1.91046431182122,2.18052078111947,0.0954998953807581,0.135353659580941
2025-09-06,9.28533173528158,24.7194375,1.6675,106.998611111111,100.732083333333,22.4496214495866,12.310000625,2.31582448742608,0.0825770834196759,5.75624610521853,0,155.721712878788,9.49182316759455,1.90101118682122,2.13121985519354,0.0907242739506655,0.125815644021466
2025-09-07,8.73609581240262,24.7107986111111,1.49347222222222,108.838958333333,100.754444444444,22.36607634786,12.1796020138889,2.28890291293362,0.0854550823375,5.4506400466843,0,178.872109722222,9.28533173528158,1.89216570071011,2.05752541074909,0.0876072154453125,0.117269357711204
2025-09-08,8.62652168253472,24.2808472222222,1.45048611111111,107.323888888889,100.867152777778,22.30801384016,11.7403950694444,2.18560614038927,0.0828603740043981,5.07071470187143,0,278.867484027778,8.73609581240262,1.87517785348789,1.9805578181565,0.085290890509838,0.108894212866543
2025-09-09,8.3744798099391,23.9770208333333,1.31506944444444,106.273194444444,101.053541666667,22.2956118261866,11.4020402797203,2.10648998637237,0.0757494620238426,5.05648273302191,0,274.151753472222,8.62652168253472,1.78108063126566,1.89876152186021,0.0831552694234664,0.101978739559043
2025-09-10,8.09653496217894,23.8041180555556,1.283125,105.876875,101.136319444444,22.2559449332066,11.2069696527778,2.06123639323198,0.0694730371027778,5.03986071657656,0,267.735630555556,8.3744798099391,1.68786014515455,1.81653467000835,0.0811977659659722,0.0958413073967747
2025-09-11,7.58935959403119,24.0441319444444,1.26277777777778,106.144583333333,101.285486111111,22.2342149334866,11.4256079861111,2.11931156877449,0.0636735377166667,5.01566353395987,0,260.492442361111,8.09653496217894,1.61562056182122,1.7430254107491,0.0785388663206018,0.0903832067640123
2025-09-12,7.26197346792859,24.1065347222222,1.60909722222222,106.957361111111,101.400138888889,22.2567902435133,11.4298004861111,2.12357519895659,0.0587313371787037,4.99512230371789,0,263.193002083333,7.58935959403119,1.52783854166667,1.69101615148984,0.0752139818104456,0.085501271788642
2025-09-13,6.98506634034544,24.0154097222222,2.29652777777778,107.327152777778,101.549513888889,22.2123589015066,11.3134220138889,2.10011210301366,0.0543047891657407,4.98222031182838,0,255.631011111111,7.26197346792859,1.54725694444444,1.72790967000835,0.0716030878686632,0.0810694540756636
2025-09-14,7.04591094546941,23.8915833333333,2.81048611111111,106.434722222222,102.378541666667,22.14300419304,11.1757206944444,2.06791280104972,0.0503015855097222,4.95686473032547,0,242.103392361111,6.98506634034544,1.69013020833333,1.81099300334169,0.067568650629919,0.0770634564176235
2025-09-15,6.43974848712365,24.1288263888889,2.44777777777778,109.309583333333,102.601597222222,22.1558246660866,11.3424557638889,2.11587063048307,0.0485079423131944,5.00891324081061,0,196.109153472222,7.04591094546941,1.80941840277778,1.86841892926761,0.0629502581268808,0.0735379210059568
2025-09-16,6.5119999866577,23.8266180555556,2.28166666666667,109.298125,102.917847222222,22.1669214993666,11.0289468055556,2.04179143960005,0.0470633725337963,6.0306152354758,0,98.4845131944444,6.43974848712365,1.91331597222222,1.88267355889724,0.0584756329430555,0.0704865171272222
2025-09-17,6.38325007007089,23.5624861111111,2.35611111111111,108.569305555556,102.913055555556,22.07741931278,10.7235019444444,1.97224555098228,0.0458729154699074,6.04834046490112,1.27,183.852775,6.5119999866577,2.04344618055556,1.90448837371206,0.0547410646238137,0.0678691738410339
2025-09-18,5.84101847996592,23.962875,2.03833333333333,110.149861111111,103.537013888889,21.9955706262533,11.0901914583333,2.06562560735256,0.045162036474537,6.02607776342065,0,247.074934722222,6.38325007007089,2.13784722222222,1.91766429963798,0.0517021895452836,0.0652169939473611
2025-09-19,5.60434316247555,23.9452708333333,2.39465277777778,109.336180555556,103.604861111111,22.0796157108933,11.0702886805556,2.06354216118416,0.0428166662965278,5.91012154778277,0,248.649313194444,5.84101847996592,2.27933159722222,1.92321759259259,0.0490950806177662,0.0623827441497994
2025-09-20,5.41688857364885,24.1407777777778,2.47152777777778,109.932361111111,103.667222222222,22.1080912089333,11.2329229166667,2.1069461047922,0.0417896053002315,5.87764843283866,0,217.782591666667,5.60434316247555,2.38713541666667,1.94524074074074,0.0469773641329572,0.0596225884564815
2025-09-21,5.19482988279455,24.0810763888889,2.55034722222222,110.192708333333,102.299861111111,22.0694336230533,11.1592291666667,2.09057656140146,0.0417545918571759,5.90798785368519,0,156.607696527778,5.41688857364885,2.41886284722222,2.00409722222222,0.0454085894693866,0.0569010890189815
2025-09-22,5.46031388505531,23.6678819444444,3.36395833333333,109.647916666667,101.359166666667,22.03548533772,10.7085055555556,1.98400450646625,0.0394553757631944,5.82200529762145,0,166.871596527778,5.19482988279455,2.488046875,2.1287962962963,0.0440528132510706,0.0538344419140278
2025-09-23,5.00886116147111,23.6138194444444,2.60756944444444,106.673333333333,101.659444444444,21.9696094792933,10.6042576388889,1.96522364865473,0.0421328431435185,5.71644422059934,0.254,119.753349305556,5.46031388505531,2.50802083333333,2.20593518518519,0.0432559258548611,0.0511192731899691
2025-09-24,4.78725969514376,23.6040138888889,2.65965277777778,106.231527777778,101.730555555556,22.04666819064,10.5628927777778,1.95853130458624,0.0569329194217593,3.97882927374718,11.43,65.4791888888889,5.00886116147111,2.55526909722222,2.29557407407407,0.0444896192158565,0.0498648370164969
2025-09-25,4.52461258519099,23.701625,2.64180555555556,106.764444444444,101.259236111111,21.97344254842,10.6180348611111,1.97578638540301,0.0803473637050926,2.7731192309216,7.366,105.091707638889,4.78725969514376,2.59098090277778,2.38615277777778,0.0487989252452546,0.0505897921233179
2025-09-26,4.44097981346938,24.0960486111111,2.92375,107.245347222222,101.264097222222,21.9907850469666,10.9841165277778,2.06684539889125,0.118221298956944,1.85778519695216,1.524,170.562127083333,4.52461258519099,2.70165798611111,2.49688425925926,0.0579313330555556,0.0542263095393364
2025-09-27,3.89785887187669,24.4517083333333,5.0065034965035,107.402638888889,101.684930555556,21.9474943393733,11.3231117361111,2.15457875419668,0.131831979184722,1.77060949207652,6.604,127.301753472222,4.44097981346938,3.02813932595183,2.72337801087801,0.0690582471665799,0.059099685673071
2025-09-28,3.79102429689389,24.4411041666667,5.96055554166667,108.746180555556,101.556944444444,21.9405376883133,11.2533820138889,2.1436732102768,0.221793716048843,1.00459482537989,0,154.313106944444,3.89785887187669,3.46426779643794,2.9676465284706,0.0915587610101563,0.0702656141319444
2025-09-29,3.69643311349194,24.0060625,10.811958048951,107.977916666667,101.550972222222,21.91173035028,10.8110258333333,2.03512765419043,0.212294993353241,1.03454997076272,0,73.0202020833333,3.79102429689389,4.49696914977904,3.50107799099327,0.112876311197164,0.0810651746548457
2025-09-30,3.89619654863369,23.6555277777778,18.0303571357143,104.470629370629,101.781180555556,21.8463061698933,10.422104375,1.94443547431399,0.199848775360417,1.12287072652125,1.016,71.0500423611111,3.69643311349194,6.33026900007666,4.5399166148557,0.132925486146817,0.0911545635246605
2025-10-01,3.6230075054937,23.5218055555556,18.428865248227,104.642847222222,101.817569444444,21.8409564676133,10.2522534027778,1.90783841966993,0.203738450579861,0.997278964704657,0,198.48113125,3.89619654863369,8.30793097554947,5.61639652029305,0.15312618707636,0.101599568727731
2025-10-02,3.55895098038922,23.2593125,17.9689208633094,106.887569444444,101.774861111111,21.8834542159933,9.97862354166667,1.84460249677522,0.179792438570139,1.05928765118454,0,207.433045833333,3.6230075054937,10.2215894862409,6.65725050377293,0.168483626969907,0.110527536934414
2025-10-03,3.36925060455145,22.8370416666667,15.1116428571429,105.729305555556,101.782916666667,21.8139672311,9.54265604166667,1.74661777646293,0.159039546465741,1.1207920263653,0,214.564489583333,3.55895098038922,11.7803191489393,7.5288044720269,0.178320149814988,0.118119370933827
2025-10-04,3.44598708328626,22.5779444444444,12.9711188881119,104.320902777778,102.400972222222,21.80261278848,9.26179673611111,1.68315695841932,0.14086810002662,1.17875233020129,0,210.221560416667,3.36925060455145,13.0362402599533,8.23390221271584,0.181150999948698,0.1246561331825
2025-10-05,2.70574748760548,22.3081205673759,12.7194963956835,105.374822695035,102.512695035461,21.7766737697838,8.95049163120567,1.61480302840198,0.125076506701852,1.24274710732585,0,201.312751048951,3.44598708328626,14.0003643723508,8.91710012057622,0.180306565888339,0.130208593275941
2025-10-06,5.79115196563163,22.2583286713287,5.00356643356643,107.997175572519,102.339160839161,21.7987319639666,8.8545325,1.59578479492529,0.111416489349769,1.3094053395169,0,173.461452777778,2.70574748760548,13.8807407338383,9.08064806799917,0.166509412550955,0.134852719775448
2025-10-07,9.27580927573285,22.3983888888889,2.58326388888889,111.781805555556,102.510972222222,21.7657239002733,8.97296159722222,1.62659840237109,0.100473727381481,1.42033454422573,2.032,107.831245138889,5.79115196563163,12.8521539638305,9.02860177170287,0.152531754304485,0.138920609883333
2025-10-08,9.31086593785801,22.3069722222222,2.42041666666667,111.908263888889,102.508194444444,21.7769510618,8.84521104166667,1.59861386753335,0.0913553779990741,1.82922580195582,0.254,148.840420138889,9.27580927573285,10.9009114051996,9.01612491985102,0.138970079634317,0.142202112207037
2025-10-09,9.23873578144559,21.8129513888889,2.35298611111111,109.560972222222,102.638194444444,21.6658718326,8.32224569444445,1.48489903032737,0.0827213812456019,1.92395256815602,0,197.997895138889,9.31086593785801,8.89142651306008,8.99568047540658,0.123842945967535,0.143921342995293
2025-10-10,9.25295988228078,21.1813541666667,2.465625,107.806041666667,102.751527777778,21.63786644538,7.66312680555556,1.34365559699381,0.0753919004993056,2.04766629372401,0,86.6296680555556,9.23873578144559,6.95351453014641,8.98393510503621,0.110792878708681,0.143590978781574
2025-10-11,9.30684225423954,20.7467552447552,2.73979020979021,106.758531468531,103.101188811189,21.6419168415485,7.19598811188811,1.24510027772476,0.068610963694213,2.20364800395883,0,169.516697916667,9.25295988228078,5.40703294922733,8.97167111902222,0.0994893058622396,0.140283623097392
2025-10-12,9.2809074801517,20.3314097222222,2.87965277777778,106.803263888889,103.214722222222,21.6309083956266,6.71507722222222,1.14798930721622,0.0630448872618056,2.33088464224707,0,71.3912020833333,9.30684225423954,4.14559968543557,8.82988107110717,0.0897614042666377,0.135697816969198
2025-10-13,9.10746952990571,20.2801180555556,2.73722222222222,106.376111111111,103.448611111111,21.6155815640333,6.63639270833334,1.1338495036897,0.0588310724407407,2.5339056413216,0,158.162031944444,9.2809074801517,2.89781541375291,8.61499218314421,0.0814807249839988,0.124833640728657
2025-10-14,8.93763803717558,20.3540347222222,2.59631944444444,107.058958333333,103.620138888889,21.58023103868,6.71645673611111,1.15135914767109,0.0543276009543981,2.61700860292753,0,171.774767361111,9.10746952990571,2.59690954011266,8.06728294284377,0.0743446139345775,0.114302481235401
2025-10-15,8.76980276402957,20.3814583333333,2.68388888888889,107.376805555556,103.743819444444,21.5490709985533,6.73256916666667,1.15494274188109,0.0497493280215278,2.68722607888928,0,171.340833333333,8.93763803717558,2.60948766511267,7.04418505972208,0.0680040640145833,0.104295851412809
2025-10-16,8.7514818242407,19.9917777777778,2.91201388888889,108.368888888889,103.650763888889,21.5397503059933,6.27033777777778,1.0647850552167,0.0456967872412037,2.75139891801528,0,178.835995138889,8.76980276402957,2.67093731789044,6.00972830243287,0.0622967401698495,0.0937597405235648
2025-10-17,8.66938409215008,19.6509375,3.00284722222222,106.504375,103.313541666667,21.5285962761466,5.93471326388889,0.999737495599902,0.0422071140833333,2.82805429864253,0,173.210708333333,8.7514818242407,2.75216995677933,5.01199005969373,0.057232456774566,0.0845873855577778
2025-10-18,8.89053240361766,19.4499236111111,2.87784722222222,104.472083333333,103.86,21.5095803409333,5.71620291666667,0.954740374601329,0.0390967532252315,2.91735077411564,0,165.646011805556,8.66938409215008,2.80369773455711,4.19640368403235,0.0526955633653067,0.0765911993417438
2025-10-19,9.04335231542098,19.1425555555556,3.11847222222222,104.259791666667,104.048055555556,21.4954050835333,5.34249708333333,0.884206508885882,0.0389927739094907,3.12920912640644,1.524,62.3346020833333,8.89053240361766,2.85103298611111,3.53956057297304,0.0489932896422164,0.0697995109339352
2025-10-20,9.66643009559784,18.3703958333333,3.67854166666667,100.008125,105.247916666667,21.4241927105066,4.58539451388889,0.739181929731217,0.047324912343287,2.64553230127681,0,169.965844444444,9.04335231542098,2.95089409722222,2.93683025770526,0.0470282927774016,0.0646160713100309
2025-10-21,9.36353589527898,18.1493402777778,3.17951388888889,100.214513888889,105.870979020979,21.41064316856,4.28741319444445,0.687942281376991,0.0474989185451389,2.60233428268275,6.858,150.451379861111,9.66643009559784,3.00618055555556,2.81522675472675,0.0456117735404514,0.0603548999230556
2025-10-22,9.41061750247886,17.7799027777778,3.55493055555556,100.887916666667,106.379861111111,21.4045461644133,3.92928180555556,0.622262768739915,0.0457386972715278,2.71408190960019,0,165.771545833333,9.36353589527898,3.12600694444444,2.88000453250453,0.0445381605800926,0.0567058979157253
2025-10-23,9.63046935787272,17.1637986111111,3.91784722222222,99.361875,108.585555555556,21.4583514492333,3.27598375,0.508046928765111,0.0423890778858796,2.77836877213622,0,164.753549305556,9.41061750247886,3.28025173611111,2.97983323620824,0.0436181293131366,0.053441477908179
2025-10-24,9.43201769521473,16.8147777777778,4.09868055555556,99.9870138888889,110.04,21.3695948661,2.89321291666667,0.443944926312156,0.0392341544638889,2.88009086483855,0,164.055942361111,9.63046935787272,3.42858506944444,3.09621286583787,0.0428103002159722,0.0505423294560648
2025-10-25,9.16305367791058,16.6500833333333,3.66229166666667,100.889791666667,110.117430555556,21.3727209956533,2.70567180555556,0.412964459680666,0.0379094792016204,2.96673617039141,0,139.805978472222,9.43201769521473,3.511015625,3.17599064361564,0.0422730958557581,0.0480435013695525
2025-10-26,9.21094157024017,16.4221666666667,4.10402777777778,102.023333333333,108.771944444444,21.3346680948733,2.47703340277778,0.375352863617536,0.0355121193657407,3.19689273976696,0,62.0757020833333,9.16305367791058,3.66428819444444,3.26693981481481,0.0418250166233218,0.0458369117476543
2025-10-27,9.42297564727643,16.050625,4.62006993006993,99.9020833333333,107.332638888889,21.32168117732,2.05758763888889,0.307931191200055,0.0398797811335648,2.79355619703883,1.778,44.5947118055556,9.21094157024017,3.85198790792541,3.38296762496763,0.041935892526331,0.0442925713391049
2025-10-28,9.34164310515559,15.6881458333333,5.45548611111111,100.041736111111,107.7125,21.2743734224733,1.63585194444444,0.241955169073094,0.0735006440675926,1.53015561393885,0.254,51.7725159722222,9.42297564727643,4.07410596348096,3.56418521756022,0.0452078589918692,0.0452705427808951
2025-10-29,9.37237685960867,15.2395069444444,5.44305555555556,98.2386111111111,108.325416666667,21.3404874583933,1.21839888888889,0.177219304051164,0.13817524795162,0.806268932922264,10.16,28.5995694444444,9.34164310515559,4.3570486718143,3.75396762496763,0.0565424001676794,0.0508603859140432
2025-10-30,9.30699681721631,15.0634140625,4.829375,97.5259375,108.55890625,21.38838873377,0.990908359375,0.143649497354204,0.254560463175,0.593943031485233,10.414,123.479229370629,9.37237685960867,4.51635422736985,3.89700003237503,0.0826451209056134,0.0645144615909414
2025-10-31,9.35108102938599,14.6498888888889,4.63569444444444,94.7488194444445,109.727777777778,21.34451474608,0.623526805555557,0.0887822722758074,0.528357099762037,0.240976436520782,0,116.837526388889,9.30699681721631,4.60608513014763,4.01191206941207,0.143391123640133,0.0966918157589969
2025-11-01,9.86817458009846,14.6151319444444,3.78618055555556,90.8434027777778,111.16375,21.2481470233133,0.47294201388889,0.0674347082466511,0.462656495895139,0.282076773041716,0,142.392357638889,9.35108102938599,4.56702263014763,4.06413429163429,0.196318916319039,0.124721774546451
2025-11-02,9.68967332746687,14.5190833333333,4.17770833333333,93.3776388888889,110.931388888889,21.25016948392,0.495386388888889,0.0700097828120079,0.404194125619907,0.31368863712131,0,127.22665625,9.86817458009846,4.63144971348096,4.1507916990417,0.242104497121325,0.149061599372762
2025-11-03,9.37325294326029,14.5206944444444,4.56638888888889,96.27625,111.143888888889,21.1859500780266,0.438797083333334,0.0622193627475554,0.353927023046528,0.352245150633517,0,144.240585416667,9.68967332746687,4.68924485236985,4.24731947681948,0.281906360081424,0.170057215981898
2025-11-04,9.14308066721991,14.4181388888889,4.249375,93.3334027777778,111.716388888889,21.2135017890733,0.393734097222222,0.0554777899232022,0.310332633908796,0.38976091245081,0,140.687599305556,9.37325294326029,4.64290798611111,4.28537503237503,0.315712966678328,0.187591064086265
2025-11-05,9.3946988380713,14.2821111111111,3.98955555555556,90.2752592592593,112.137777777778,21.1448205281351,0.355695481481481,0.0494208473703566,0.272700079211343,0.429930141215516,0,127.256486805556,9.14308066721991,4.45966666666667,4.33937781015281,0.340612896071296,0.202604474797346
2025-11-06,8.56552975635422,14.1944930555556,4.21972222222222,91.4172916666667,111.428333333333,21.1693969420533,0.328921944444444,0.0451896905408375,0.240157736424769,0.472724461281879,0,143.124570138889,9.3946988380713,4.30675,4.38369725459725,0.35336070713044,0.215565744074228
2025-11-07,8.63186687855289,14.2662430555556,4.33375,91.5505555555556,111.364027777778,21.1390200702866,0.356835347222221,0.0487037451387096,0.212063161919676,0.520342124947153,2.286,126.894383333333,8.56552975635422,4.244796875,4.41142410644911,0.348048544473524,0.226877349676481
2025-11-08,8.71877691541311,14.1244791666667,4.06625,91.2426388888889,111.214405594406,21.12089515268,0.328004930555556,0.0445330729257876,0.194797820946296,0.555567659426131,2.794,122.782361805556,8.63186687855289,4.17361631944444,4.40926206941207,0.306353634621557,0.237248260775309
2025-11-09,8.43806762786664,13.9760845070423,4.47176056338028,91.652323943662,111.173802816901,21.1323804730333,0.253857152777778,0.0341221722318323,0.195159096017824,0.644244073362274,0,120.216075694444,8.71877691541311,4.25931382042253,4.46322666252631,0.272916459636892,0.247731568563056
2025-11-10,7.95525989857302,13.4353611111111,4.49923611111111,92.6066666666667,111.038958333333,21.08799698632,-0.00271631944444373,-0.000353587877498285,0.173134048815741,0.701687727512287,0,78.4009986111111,8.43806762786664,4.29950479264476,4.48957388474853,0.244033950036372,0.256906363859722
2025-11-11,8.17143344024557,12.991338028169,4.95007042253521,92.4095384615385,111.006690140845,21.0639130856266,0.2302675,0.0283636127077216,0.154243765780556,0.787623646594302,0,100.780288235294,7.95525989857302,4.34746498435055,4.51157391757955,0.219073542878125,0.264530629502855
2025-11-12,7.53476876146082,12.7569436619718,5.07415492253521,93.8576056338028,110.961267605634,21.0495474778839,0.320872887323944,0.0383251333091721,0.137474979090509,0.848965227156082,0,127.544972916667,8.17143344024557,4.45056247466745,4.48615183834116,0.197466336025839,0.268795585171049
2025-11-13,6.4237326691137,12.6284305555556,5.82631944444444,97.4861805555555,110.878541666667,21.0641444694666,0.288823888888889,0.0340986649990782,0.122779412634722,0.911691252084792,0,124.963420138889,7.53476876146082,4.68015796077856,4.51170276426708,0.178726252703762,0.267769196149923
2025-11-14,7.07939792478442,12.5763680555556,6.35451388888889,96.82625,110.825,20.9699782900066,0.371882291666665,0.0435852486025397,0.109976694130787,0.979233496538916,0,119.175270138889,6.4237326691137,4.94700691911189,4.61337869019301,0.162453622417014,0.258130278213642
2025-11-15,7.18861199238868,12.4524930555556,5.65875,96.5308333333333,110.800763888889,20.9653086524066,0.577370625,0.0659898650710602,0.0988153633967593,1.04688993160319,0,56.7236,7.07939792478442,5.11263191911189,4.68158239389671,0.148297647601649,0.229494162455957
2025-11-16,6.43334818362201,12.3019513888889,6.32305555555556,99.3374305555556,110.764652777778,20.9631262412266,0.604810208333333,0.0676594341503005,0.0895102756513889,1.13201284923485,0,117.176231944444,7.18861199238868,5.39473261355634,4.85070739389671,0.135136704439786,0.20461774777304
2025-11-17,5.87380170252054,12.1766666666667,8.07777777083333,102.022708333333,110.741666666667,20.9357595073733,0.320132708333333,0.0358888185527348,0.0810338393916667,1.36171995705345,0,122.8263375,6.43334818362201,5.84548476448797,5.11071202306338,0.120871047361516,0.183073728691157
2025-11-18,6.55746458786586,11.9294305555556,7.35489511888112,97.5402083333333,110.695486111111,20.8842081169533,0.253631388888889,0.0277831663587449,0.081502276819213,1.30832969908417,1.524,57.5826354166667,5.87380170252054,6.20244214045922,5.2966124383962,0.10941707586195,0.16491207894267
2025-11-19,6.50208003287668,11.9932430555556,6.23798611805556,100.230277777778,110.679513888889,20.87486774278,0.382840208333334,0.0420903950207503,0.105183035472454,1.02386152146831,1.016,110.517668055556,6.55746458786586,6.36343160239926,5.42918651293323,0.103284484573438,0.151235439046914
2025-11-20,6.57890536318577,11.8747692307692,6.00398601398601,100.03027972028,110.676853146853,20.8560750462187,0.392826573426573,0.0425462254891045,0.10561752047037,1.00458088885317,0,74.8841851851852,6.50208003287668,6.47966048883061,5.5634818768286,0.0993023022459201,0.140096601797515
2025-11-21,6.72309622798021,11.8161944444444,5.11222222222222,97.8568055555556,110.657777777778,20.8384461680066,0.352967083333334,0.0379852744986238,0.095194655080787,1.10342675308319,0,46.2495542337299,6.57890536318577,6.39039833605284,5.6229818768286,0.0958542075516782,0.130432396374583
2025-11-22,6.40200398546834,12.1962083333333,5.93888112587413,104.233194444444,110.538263888889,20.8039053362333,0.714981527777777,0.0786058846194919,0.0984509052849537,1.11003939023273,2.286,84.262525,6.72309622798021,6.33844424067599,5.72999061855354,0.0944134839459491,0.122858245932269
2025-11-23,6.13016352977095,12.2228951048951,6.15692307692308,105.947482517483,110.542937062937,20.7942433216291,0.708430139860139,0.0781033674262517,0.129818175702315,0.800961153384061,0,108.224344444444,6.40200398546834,6.40071587529138,5.86936882368174,0.0982888354841435,0.11852626958267
2025-11-24,6.32073572352992,11.8573888888889,4.63145833333333,101.6525,110.561805555556,20.7814254370733,0.329856527777777,0.0357331131398269,0.115312000143056,0.869517210920032,0,110.505916666667,6.13016352977095,6.1892662225136,5.88001534167861,0.101514051045602,0.113203129857685
2025-11-25,8.81266314116476,11.7864857142857,4.43092857142857,105.23046875,110.569357142857,20.74369123856,0.275754550310799,0.0296528440530892,0.10457189173912,0.928382635693522,1.27,34.7644877878576,6.32073572352992,5.733410072588,5.87546150569978,0.104456307589034,0.10863231938591
2025-11-26,11.2527917196447,11.7891388888889,3.64020833333333,106.264513888889,110.555277777778,20.7343463685866,0.229215069444445,0.0247225575565153,0.102697081015509,1.00215411477247,0,87.6047576388889,8.81266314116476,5.26907422439453,5.78813736641965,0.107105658113571,0.105195873734907
2025-11-27,11.4901150682166,11.4023958333333,3.37284722222222,101.445694444444,110.635069444444,20.7546848682533,-0.00113659722222259,-0.000118479185630349,0.109788364247685,0.908431988402996,0,65.2358666666667,11.2527917196447,4.91093186241536,5.67471685306545,0.107681324210475,0.103350099412052
2025-11-28,11.5007389773881,10.9505069444444,3.42,100.928125,110.558819444444,20.8394461837866,0.0929454861111108,0.00907995776924508,0.0979723882298611,0.99091928069007,0,90.7494569444444,11.4901150682166,4.58793361066711,5.51429555676916,0.106725682680411,0.101696297785062
2025-11-29,11.4933078676194,10.5723888888889,3.76944055944056,100.052361111111,110.534375,20.7680233573666,0.219452055555557,0.020217985053705,0.0878126541699074,1.07535976221258,0,104.754442361111,11.5007389773881,4.4200859028194,5.34195733480593,0.105802932566551,0.100218695121003
2025-11-30,11.5190226878256,10.3419375,3.95159722222222,99.2516666666667,110.474513888889,20.6646123145066,0.15738342361111,0.0140622151484422,0.0802943130337963,1.14301571151076,1.27,20.3645340277778,11.4933078676194,4.17167541486292,5.22814714962075,0.103533358535156,0.0989839584301389
2025-12-01,11.3965358214105,10.0300278125,4.08260563380282,99.7870833333333,110.504513888889,20.64851380382,0.11885623611111,0.0101672441793426,0.0746990587321759,1.2783455367986,0,105.739641666667,11.5190226878256,3.91238573447288,5.0787838215039,0.0966434689138889,0.097996543968858
2025-12-02,11.3756109487804,9.79204927464789,4.07397163120567,99.9018461538462,110.350985915493,20.6927062689866,0.112800472222222,0.0093718716047988,0.0947750242708333,1.1642877134061,11.684,63.9958395833333,11.3965358214105,3.84269989670692,4.81186341219539,0.0940763469298611,0.0989126229608025
2025-12-03,11.2949644426271,9.6220555625,4.62993006993007,100.411805555556,110.375694444444,20.61687491104,0.0250856736111107,0.00202402323839124,0.188165956527546,0.546954955158152,0,100.65555625,11.3756109487804,3.86757508401961,4.63019907559865,0.104525605028414,0.106023534941358
2025-12-04,11.270721404467,9.38851393055556,4.465,100.071805555556,110.262430555556,20.5715294729866,0.131634645833334,0.0101067987459373,0.165989714912268,0.604048080948835,0,59.2886833333333,11.2949644426271,3.97067404235295,4.51200000106162,0.112437184265509,0.110077313570679
2025-12-05,11.3044011868732,9.11645826388889,4.69438848920863,99.0214583333333,110.220694444444,20.573653189,0.0820643541666666,0.00600895875925289,0.173534581384028,0.758152431437647,0.508,7.39433541666667,11.270721404467,4.13586670072625,4.42469349940979,0.120405461407552,0.114605117631589
2025-12-06,11.3008090755278,8.92590976388889,4.78111111111111,99.1482638888889,110.175486111111,20.56299769342,0.122416159722222,0.00864678968935095,0.239088765398148,0.463743676222597,8.382,56.1063069444444,11.3044011868732,4.30600558961514,4.40261942533572,0.138045008553588,0.124198058319414
2025-12-07,11.3066443739093,8.66434718055556,4.85816901408451,99.0470138888889,110.164166666667,20.5368744478933,0.132903569444444,0.00889876654957789,0.210642464942361,0.518814584230555,0,92.3237958333333,11.3008090755278,4.44209664644563,4.33057195121641,0.153398734900145,0.131677495629907
2025-12-08,11.239918833475,8.40310420833333,4.64832167832168,99.4820138888889,110.088055555556,20.54320223644,0.113207083333334,0.00714793621079934,0.21579156309838,0.68589972096911,2.032,12.1619993055556,11.3066443739093,4.52918720345806,4.22999852464298,0.170335891158218,0.137409054789645
2025-12-09,11.2587974943879,8.09990969444445,5.25531469230769,98.5420138888889,110.049236111111,20.5092481065667,0.0370225277777783,0.00220711620079328,0.284849213444907,0.433942093873036,0,19.66435,11.239918833475,4.67577583577117,4.27158894857461,0.196604660497309,0.148711535676435
2025-12-10,11.2632354808766,7.92397220833333,5.22169013380282,98.5870138888889,109.988611111111,20.4788044471933,0.1334390625,0.00757059481350097,0.255721742369676,0.49166758292482,8.128,65.3177916083916,11.2587974943879,4.81924064859581,4.32430638606622,0.216723000259664,0.158788192385139
2025-12-11,11.2150792023184,7.61461111111111,5.08532374820144,99.0495833333333,110.004513888889,20.4573844079066,-0.0165324930555562,-0.000875202468591851,0.230111530801389,0.534860452141517,0,59.8894486111111,11.2632354808766,4.87616485837973,4.4206474137241,0.221966197043895,0.167282489037531
2025-12-12,11.2528274572542,7.4465041322314,5.3848275862069,98.1329752066116,110.03347107438,20.446573907959,0.0306151487603303,0.00153490902141584,0.204974531221065,0.597864768683274,0,29.0681173611111,11.2150792023184,4.9911433066556,4.55477943798974,0.226839299082494,0.173628233502423
2025-12-13,11.1785480337252,7.29723611111111,5.09514492753623,98.9011111111111,110.001388888889,20.4892317559466,0.0774165902777773,0.00369838956635249,0.18358662258125,0.655957510135555,0,85.5881909722222,11.2528274572542,5.04123786144655,4.66645576649216,0.228095804232147,0.179335849125849
2025-12-14,11.1057538094231,6.99936111111111,4.73145833333333,100.790486111111,110.044444444444,20.4640338459666,-0.00679311111111147,-0.000297488681098912,0.163274581555324,0.721315523554851,0,94.9049458333333,11.1785480337252,5.03503126422432,4.73059028475167,0.218619031251794,0.184366644284877
2025-12-15,11.0813067308012,6.55327777777778,5.13302817605634,100.526666666667,110.071319444444,20.44465804694,0.155248013888889,0.00561018843302463,0.145790671816204,0.807819106741287,0,91.5781027777778,11.1057538094231,5.0693886594708,4.80935234834062,0.210512557111024,0.188733068203704
2025-12-16,11.0399241065188,6.29636805555556,5.01503496503496,100.2075,110.123194444444,20.4192906453,0.145284993055555,0.00471336801842881,0.130375738257639,0.882986039054839,0,91.6330993055556,11.0813067308012,5.11522782030996,4.87151430375609,0.199835579005932,0.192444846838735
2025-12-17,10.9327554259125,6.2836875,4.62225352112676,101.776180555556,110.124166666667,20.40026726704,0.355478027777778,0.0110083460332362,0.116803254513194,0.958337307480935,0,52.6423409722222,11.0399241065188,5.03609517391235,4.90806642975083,0.178829834139468,0.193913395521559
2025-12-18,11.0400128827099,6.127625,4.94518518518518,100.789930555556,110.133333333333,20.3715811157933,0.193444590277777,0.0057327430067744,0.108866343580556,1.01358595013937,5.842,26.2265618055556,10.9327554259125,5.00153205533514,4.92908343743451,0.160472909290828,0.188626754658426
2025-12-19,10.969660783598,6.11002777777778,4.66811188811189,101.203263888889,109.956805555556,20.34104139616,0.0445404027777778,0.00135228588840164,0.132349223229861,1.08627248203241,4.572,87.4156805555556,11.0400128827099,4.94938057282395,4.9426242299753,0.148252620844387,0.186384055212932
2025-12-20,10.8908120671844,5.91854545454545,4.7892700729927,101.495594405594,110.298531468531,20.3674288455653,0.00545256643356673,0.000152510014117979,0.188598850005324,0.638524698529143,0,110.39742,10.969660783598,4.87493588367218,4.94894966889424,0.146205660692419,0.187388339787685
2025-12-21,10.8189531233179,5.826125,4.69384615384615,102.213402777778,110.273958333333,20.30312576714,-0.0195428819444441,-0.000518034526294286,0.167351525644444,0.706913166970988,0,41.1960465277778,10.8908120671844,4.82477353696092,4.94313200507657,0.144176273575318,0.182605857137438
2025-12-22,10.8603543715637,5.68236111111111,4.65057553956835,101.615138888889,110.303680555556,20.2755214552333,0.0448231388888889,0.00107978095786621,0.148944003718056,0.783592987555119,0,97.5292645833333,10.8189531233179,4.81466318774029,4.92929244010883,0.14238495134566,0.178492626389151
2025-12-23,10.7647107001515,5.81421527777778,4.05936170212766,102.711527777778,110.238333333333,20.23685347906,0.200015416666667,0.00498122419128322,0.132729066036343,0.855339677768763,0.762,66.4614722222222,10.8603543715637,4.68045487849921,4.89002844169589,0.140752250623177,0.172955126585015
2025-12-24,10.6702617506934,6.30009027777778,3.56049295774648,104.209513888889,110.201805555556,20.2538257734533,0.393850479166667,0.0122044509417947,0.118747031109491,0.938182695443559,0,89.1047923611111,10.7647107001515,4.49863712758815,4.77704032605848,0.139298662229659,0.161881647762654
2025-12-25,10.4557904908433,6.56983333333333,3.82221428571429,105.85,110.02,20.2367306438133,0.685916020833334,0.0225754689158748,0.106808508040972,1.01324671067336,4.064,28.28719375,10.6702617506934,4.39863222316159,4.68374193618591,0.138049318920631,0.151954098807407
2025-12-26,10.4899474155517,6.65251048951049,4.01384057971014,106.186293706294,110.04,20.2007060701874,0.719568377622378,0.024041996541655,0.0964344492689815,1.18276139026725,0,22.420975,10.4557904908433,4.28221414747721,4.61230972495316,0.136495332131684,0.143042293371914
2025-12-27,10.5954172185629,6.4564375,3.78131945138889,104.835902777778,110.081875,20.19776399666,0.484661979166667,0.0154445609839513,0.0874381164305555,1.27411721878413,0,83.7811055555556,10.4899474155517,4.17136509288683,4.50540918263196,0.130881443781771,0.13520653238588
2025-12-28,10.7424705751386,6.24904861111111,3.89587412587413,103.239652777778,110.188472222222,20.14286803076,0.225956194444445,0.00702013225100018,0.0793844940210648,1.3565982130327,0,34.4433361111111,10.5954172185629,4.05969059949701,4.42545779585448,0.117229649283738,0.128259723815201
2025-12-29,10.7194314303711,6.25359722222222,3.65569444444444,103.857291666667,110.218888888889,20.14057112654,0.0861951319444447,0.00276042368182061,0.0734714661983796,1.494660379947,0,81.3403553846154,10.7424705751386,3.9299216358218,4.35374020326189,0.10549464185298,0.122272849458071
2025-12-30,10.7122033827053,5.85055555555556,3.61314685314685,102.463263888889,110.420347222222,20.09592018968,-0.0314574444444444,-0.000849208851377625,0.0673128137675926,1.60776772485105,0,96.3125833333333,10.7194314303711,3.80024305001911,4.25241478173459,0.0952907431091725,0.11704099225483
2025-12-31,10.621028140958,5.7123125,4.02214285714286,102.416666666667,110.512847222222,20.1287027140733,0.0124263958333337,0.000303935673287015,0.0617096018652778,1.71076838431251,0,53.2735319444444,10.7122033827053,3.79559069439601,4.18622197454178,0.0864133100877894,0.112463249828673
2026-01-01,10.6057618833199,5.56079166666667,3.85972222222222,102.589791666667,110.647916666667,20.1473606837,0.000829277777778081,1.84817312174346e-05,0.0568231045321759,1.81120519834564,0,81.7311159722222,10.621028140958,3.83299435245548,4.13538655461482,0.078672819265625,0.108464573163272
2026-01-02,10.5885790498827,5.45665972222222,3.90711267605634,102.305,110.631388888889,20.1056347642733,0.00786078472222229,0.000161889421747219,0.0524034531064815,1.92346628872241,0,86.2037354166667,10.6057618833199,3.84360665124823,4.06618172067289,0.0718721873988137,0.104700380465
2026-01-03,10.551754639604,5.47628472222222,4.13147887323944,101.8525,110.645972222222,20.0639742837133,0.0672722499999994,0.00138196962848269,0.0484331408666667,2.02637574483,0,45.1340631944444,10.5885790498827,3.8583114379394,4.03040618634806,0.0658720238485243,0.0991059749741204
2026-01-04,10.4729875210337,5.44484027777778,3.82605633802817,103.1175,110.684652777778,20.0400306020266,0.0573316805555555,0.00115793797385777,0.0451588534342593,2.14980499036699,0,98.796675,10.551754639604,3.86390354876931,3.96619193735043,0.0605871159739873,0.0895433085360494
2026-01-05,10.4590962070296,5.37438194444444,3.95555554861111,102.741388888889,110.715138888889,20.0593577465066,0.0890271666666669,0.00167549836999115,0.0420044605189815,2.24809921948016,0,78.01019375,10.4729875210337,3.87136372661143,3.91697256366809,0.0559146117862269,0.0811868375276852
2026-01-06,10.4143161801397,5.39685416666667,3.93652777777778,103.841944444444,110.732847222222,20.0017797361866,0.124628736111111,0.00232775802840024,0.0392622713196759,2.39160102149739,0,84.5151930555556,10.4590962070296,3.9064678932781,3.86936937954872,0.0516384624263889,0.0738747220344599
2026-01-07,10.418719170333,5.54811805555556,3.99146853146853,103.980416666667,110.733472222222,19.9911988708866,0.0813343958333332,0.0017304972079728,0.0367094730168981,2.48565689263985,0,98.2751513888889,10.4143161801397,3.95375810306831,3.86484316817144,0.0478130448325521,0.0674734158331636
2026-01-08,10.4552936051346,5.46177083333333,3.94217392028985,102.915625,110.821944444444,19.9549523825466,0.024087326388889,0.000497377749525185,0.0344245806041667,2.5735860687317,0,76.4078694444444,10.418719170333,3.94376198596168,3.89028856567434,0.0444024171749132,0.0618519191328086
2026-01-09,10.3346022465378,5.75570503597122,3.6641726618705,104.966330935252,110.815467625899,19.9279700004213,0.413069230215828,0.0092547965761014,0.0388755319259259,2.42903930131004,1.524,26.1299805555556,10.4552936051346,3.91931829091772,3.87975245741808,0.0421589705991319,0.0573230540584722
2026-01-10,10.1895277838151,6.20809722222222,3.29742857142857,105.850902777778,108.930833333333,19.9551528452733,0.695185576388889,0.0180996704948484,0.149779551790972,1.92326083029614,29.972,10.0290888888889,10.3346022465378,3.84310777783924,3.83199165686598,0.0543309829346933,0.0608793942266049
2026-01-11,10.3564594436937,6.16095833333333,4.24659721527778,106.617569444444,108.776666666667,20.0339786058333,0.451745388888889,0.0125591812233097,0.43385899999537,0.34481915335893,0,94.9083777777778,10.1895277838151,3.85749757059404,3.86301017445857,0.102509215325781,0.0839741197975926
2026-01-12,10.3848200862936,5.71513888888889,4.38992481954887,104.596944444444,110.198888888889,20.0565337846666,0.0662628055555556,0.00157792926756883,0.383373859162963,0.405448788912013,0,104.43906875,10.3564594436937,3.92798113078412,3.89594688737022,0.144786091041869,0.104240077473719
2026-01-13,10.3133567089247,5.6846875,4.30922535211268,104.743472222222,110.342430555556,20.03768294522,0.168924506944444,0.00384233349734586,0.336170432856944,0.449755238464962,0,103.327909722222,10.3848200862936,3.97218985622182,3.9395156145481,0.181556837584115,0.121753341917623
2026-01-14,10.3609443020416,5.63530555555556,4.77719423741007,104.105277777778,110.456111111111,20.00067936416,0.108128020833333,0.00243070329065631,0.295423273247685,0.499218848205147,0,51.6744041666667,10.3133567089247,4.07727316367586,4.01711877349898,0.213576962825116,0.136960705882963
2026-01-15,10.383884854742,5.35654861111111,4.08461538461538,103.859236111111,110.597916666667,19.9757475555866,-0.0157650555555549,-0.000303968291518686,0.260802405159722,0.55735237281585,0,110.951341666667,10.3609443020416,4.08891652031921,4.02128360866382,0.241588579342969,0.150233559435926
2026-01-16,10.3970080142261,5.08116666666667,4.63568345323741,102.729097222222,110.745902777778,19.9621534552666,-0.0260488611111116,-0.000398630558606783,0.230776255712731,0.634466714634802,0,60.8839104166667,10.383884854742,4.17560521193766,4.07301435739817,0.266132538731539,0.161830436181296
2026-01-17,10.3699848736091,5.0416875,5.27835715,103.321458333333,111.230625,19.9446360701,0.0861490208333331,0.00116437145300097,0.205146415396065,0.700803467296269,0,72.8178895833333,10.3970080142261,4.37737827295385,4.16443065566108,0.286916399165307,0.172013300333935
2026-01-18,10.3567975345671,4.92395833333333,4.74316901408451,103.518958333333,111.466388888889,19.9410506196466,-0.00165069444444388,-2.06370239084208e-05,0.184926682538194,0.768822525352497,0,34.0841541666667,10.3699848736091,4.55809582828584,4.20520999838408,0.291309790508709,0.181112869778704
2026-01-19,10.3387544674121,4.75422222222222,5.06755394244604,103.324027777778,111.707916666667,19.92223904352,-0.00225641666666654,-2.2086907620178e-05,0.168993443921065,0.825613481043852,0,115.680621527778,10.3567975345671,4.66071541918187,4.28797650534527,0.258201595999421,0.189368509144491
2026-01-20,10.3411288388988,4.43814685314685,5.24129497122302,103.321538461538,111.867902097902,19.8957374070825,0.00573711888111816,2.84020545677777e-05,0.150886188794213,0.90008051501482,0,135.00587018096,10.3387544674121,4.76713668814114,4.37369246685273,0.229140637203328,0.196627291029506
2026-01-21,9.99431700218626,3.9265625,4.9981884057971,102.845625,107.792291666667,19.8792814747066,-0.00665477083333332,6.16318823176698e-06,0.135157725768287,0.977348285322898,0,117.313018894332,10.3411288388988,4.85325706985169,4.44446984205402,0.204014048817245,0.20302032132608
2026-01-22,10.2956829066497,4.18679166666667,5.28028984782609,103.232083333333,111.883819444444,19.8299099478466,-0.0474497500000002,-6.55736914723093e-05,0.121640414721991,1.06414992302358,0,118.915169444444,9.99431700218626,4.91614402115369,4.53039126314453,0.182291191501534,0.20868238410642
2026-01-23,10.2612798948696,4.19354166666667,5.04439714893617,103.596736111111,112.024722222222,19.7999185659533,-0.0372477638888888,-4.85595533064043e-05,0.109722050908565,1.19908134896652,0,102.316054861111,10.2956829066497,5.03611674169379,4.60387281172095,0.163406147220139,0.213702215460046
2026-01-24,10.2294215681637,4.07352083333333,5.18489051824818,104.642222222222,112.791944444444,19.80689944438,-0.0726225,3.78409636141441e-05,0.0999262444537037,1.28477383733277,0,41.9783902777778,10.2612798948696,5.10476762482014,4.70525400214613,0.14704989581276,0.217772262961898
2026-01-25,10.2427805418579,3.31742361111111,6.55977097709924,102.395625,112.674930555556,19.7978846660333,-0.655494777777778,0.00449258317826207,0.0934742218106481,1.37345486327881,0,12.7848006944444,10.2294215681637,5.26494435320754,4.9227434958575,0.133090871614583,0.214018574296543
2026-01-26,10.2287784969748,2.59551515151515,6.12975205785124,101.698333333333,113.274696969697,19.7207749432509,-0.985262590909091,0.0156530497830545,0.0919479539974537,1.37317462973327,0,89.2172048611111,10.2427805418579,5.43826723367838,5.04828715202907,0.121468530546991,0.191224504563349
2026-01-27,10.2005892340158,2.95595138888889,6.03763358778626,102.852152777778,113.358055555556,19.6497393142,-0.573216708333333,0.00794726191247719,0.0851564070581019,1.46400114628175,0.508,134.169789583333,10.2287784969748,5.55952718934591,5.15813440324489,0.11098890093912,0.171343341089691
2026-01-28,10.2023581609099,2.8443125,5.85259258518519,103.157569444444,113.604583333333,19.7575313643,-0.537212791666667,0.00858520124438655,0.0788534568013889,1.55411133088443,0.254,126.839884722222,10.2005892340158,5.63593939109118,5.26102555211639,0.101984809440017,0.154188876019321
2026-01-29,10.1904578297298,2.52772222222222,5.97924243181818,102.764583333333,113.979305555556,19.7354160245666,-0.752538506944445,0.0142376566506073,0.0732863193555555,1.65045170257123,0,134.255284722222,10.2023581609099,5.75857114434382,5.34116209841027,0.0942508836384259,0.139379745759846
2026-01-30,10.178315726111,2.41517361111111,5.86036764705882,103.280694444444,114.164027777778,19.71139411596,-0.753271277777778,0.0157188517426903,0.0683579119921296,1.74616232324957,0,84.6941180555555,10.1904578297298,5.83108086924791,5.45954558257316,0.0875905707971933,0.126550112882006
2026-01-31,10.027830867779,2.13590277777778,6.98856117266187,104.546597222222,114.949930555556,19.6867443439066,-0.698240666666667,0.018495090043757,0.0640040433988426,1.8400789078883,0,71.5003472222222,10.178315726111,6.07410137221362,5.61640409720146,0.081875819858478,0.115431965394414
2026-02-01,10.0632118636068,2.040375,5.8709219929078,103.815902777778,115.114375,19.6736462302333,-0.199188972222222,0.0064668396109937,0.0603016370490741,1.92666361684907,0,146.218303472222,10.027830867779,6.15985530654608,5.65590842006198,0.0769227439328993,0.105775646837948
