"Date","USGS_Q_cms","HPB_Q_cms","HPBinterp_Q_cms","HPB_Q_cms_filled","decile_usgs","flow_class_usgs","decile_hpb","flow_class_hpb"
2020-01-01,0.235410764872521,NA,0.0126248336638404,0.0126248336638404,NA,NA,NA,NA
2020-01-02,0.229178470254958,NA,0.0119837408108566,0.0119837408108566,NA,NA,NA,NA
2020-01-03,0.240226628895184,NA,0.0131202235956915,0.0131202235956915,NA,NA,NA,NA
2020-01-04,0.244192634560907,NA,0.013528191774863,0.013528191774863,NA,NA,NA,NA
2020-01-05,0.239376770538244,NA,0.0130328018430119,0.0130328018430119,NA,NA,NA,NA
2020-01-06,0.229461756373938,NA,0.0120128813950831,0.0120128813950831,NA,NA,NA,NA
2020-01-07,0.234277620396601,NA,0.0125082713269342,0.0125082713269342,NA,NA,NA,NA
2020-01-08,0.229745042492918,NA,0.0120420219793096,0.0120420219793096,NA,NA,NA,NA
2020-01-09,0.225779036827195,NA,0.0116340538001381,0.0116340538001381,NA,NA,NA,NA
2020-01-10,0.225779036827195,NA,0.0116340538001381,0.0116340538001381,NA,NA,NA,NA
2020-01-11,0.373937677053824,NA,0.026874579350617,0.026874579350617,NA,NA,NA,NA
2020-01-12,1.41643059490085,NA,0.134111929304273,0.134111929304273,NA,NA,NA,NA
2020-01-13,0.691218130311615,NA,0.0595120336843385,0.0595120336843385,NA,NA,NA,NA
2020-01-14,0.580736543909348,NA,0.048147205835989,0.048147205835989,NA,NA,NA,NA
2020-01-15,0.492917847025496,NA,0.0391136247257625,0.0391136247257625,NA,NA,NA,NA
2020-01-16,0.424929178470255,NA,0.0321198845113937,0.0321198845113937,NA,NA,NA,NA
2020-01-17,0.371104815864023,NA,0.0265831735083516,0.0265831735083516,NA,NA,NA,NA
2020-01-18,0.356940509915014,NA,0.0251261442970248,0.0251261442970248,NA,NA,NA,NA
2020-01-19,0.348441926345609,NA,0.0242519267702287,0.0242519267702287,NA,NA,NA,NA
2020-01-20,0.314447592067989,NA,0.0207550566630442,0.0207550566630442,NA,NA,NA,NA
2020-01-21,0.288951841359773,NA,0.0181324040826559,0.0181324040826559,NA,NA,NA,NA
2020-01-22,0.277903682719547,NA,0.0169959212978209,0.0169959212978209,NA,NA,NA,NA
2020-01-23,0.273371104815864,NA,0.0165296719501963,0.0165296719501963,NA,NA,NA,NA
2020-01-24,0.719546742209632,NA,0.0624260921069922,0.0624260921069922,NA,NA,NA,NA
2020-01-25,1.45892351274788,NA,0.138483016938254,0.138483016938254,NA,NA,NA,NA
2020-01-26,0.824362606232295,NA,0.0732081082708109,0.0732081082708109,NA,NA,NA,NA
2020-01-27,0.651558073654391,NA,0.0554323518926233,0.0554323518926233,NA,NA,NA,NA
2020-01-28,0.538243626062323,NA,0.0437761182020085,0.0437761182020085,NA,NA,NA,NA
2020-01-29,0.473087818696884,NA,0.0370737838299049,0.0370737838299049,NA,NA,NA,NA
2020-01-30,0.422096317280453,NA,0.0318284786691283,0.0318284786691283,NA,NA,NA,NA
2020-01-31,0.390934844192635,NA,0.0286230144042092,0.0286230144042092,NA,NA,NA,NA
2020-02-01,0.373937677053824,NA,0.026874579350617,0.026874579350617,NA,NA,NA,NA
2020-02-02,0.351274787535411,NA,0.024543332612494,0.024543332612494,NA,NA,NA,NA
2020-02-03,0.337110481586402,NA,0.0230863034011672,0.0230863034011672,NA,NA,NA,NA
2020-02-04,0.322946175637394,NA,0.0216292741898403,0.0216292741898403,NA,NA,NA,NA
2020-02-05,0.339943342776204,NA,0.0233777092434325,0.0233777092434325,NA,NA,NA,NA
2020-02-06,2.1699716713881,NA,0.211625883346862,0.211625883346862,NA,NA,NA,NA
2020-02-07,3.93767705382436,NA,0.393463128920453,0.393463128920453,NA,NA,NA,NA
2020-02-08,1.43909348441926,NA,0.136443176042396,0.136443176042396,NA,NA,NA,NA
2020-02-09,1.06515580736544,NA,0.0979776048633674,0.0979776048633674,NA,NA,NA,NA
2020-02-10,0.974504249291785,NA,0.0886526179108755,0.0886526179108755,NA,NA,NA,NA
2020-02-11,0.991501416430595,NA,0.0904010529644677,0.0904010529644677,NA,NA,NA,NA
2020-02-12,0.926345609065156,NA,0.0836987185923642,0.0836987185923642,NA,NA,NA,NA
2020-02-13,1.18130311614731,NA,0.109925244396248,0.109925244396248,NA,NA,NA,NA
2020-02-14,1.01983002832861,NA,0.0933151113871214,0.0933151113871214,NA,NA,NA,NA
2020-02-15,0.906515580736544,NA,0.0816588776965066,0.0816588776965066,NA,NA,NA,NA
2020-02-16,0.8328611898017,NA,0.074082325797607,0.074082325797607,NA,NA,NA,NA
2020-02-17,0.753541076487252,NA,0.0659229622141766,0.0659229622141766,NA,NA,NA,NA
2020-02-18,0.708215297450425,NA,0.0612604687379307,0.0612604687379307,NA,NA,NA,NA
2020-02-19,0.662889518413598,NA,0.0565979752616848,0.0565979752616848,NA,NA,NA,NA
2020-02-20,0.609065155807366,NA,0.0510612642586427,0.0510612642586427,NA,NA,NA,NA
2020-02-21,0.572237960339943,NA,0.0472729883091929,0.0472729883091929,NA,NA,NA,NA
2020-02-22,0.543909348441926,NA,0.0443589298865392,0.0443589298865392,NA,NA,NA,NA
2020-02-23,0.524079320113314,NA,0.0423190889906816,0.0423190889906816,NA,NA,NA,NA
2020-02-24,0.509915014164306,NA,0.0408620597793548,0.0408620597793548,NA,NA,NA,NA
2020-02-25,0.507082152974504,NA,0.0405706539370894,0.0405706539370894,NA,NA,NA,NA
2020-02-26,0.495750708215297,NA,0.0394050305680279,0.0394050305680279,NA,NA,NA,NA
2020-02-27,0.484419263456091,NA,0.0382394071989664,0.0382394071989664,NA,NA,NA,NA
2020-02-28,0.461756373937677,NA,0.0359081604608435,0.0359081604608435,NA,NA,NA,NA
2020-02-29,0.447592067988669,NA,0.0344511312495166,0.0344511312495166,NA,NA,NA,NA
2020-03-01,0.430594900849858,NA,0.0327026961959244,0.0327026961959244,NA,NA,NA,NA
2020-03-02,0.422096317280453,NA,0.0318284786691283,0.0318284786691283,NA,NA,NA,NA
2020-03-03,0.422096317280453,NA,0.0318284786691283,0.0318284786691283,NA,NA,NA,NA
2020-03-04,0.407932011331445,NA,0.0303714494578014,0.0303714494578014,NA,NA,NA,NA
2020-03-05,0.402266288951841,NA,0.0297886377732707,0.0297886377732707,NA,NA,NA,NA
2020-03-06,0.396600566572238,NA,0.0292058260887399,0.0292058260887399,NA,NA,NA,NA
2020-03-07,0.379603399433428,NA,0.0274573910351477,0.0274573910351477,NA,NA,NA,NA
2020-03-08,0.365439093484419,NA,0.0260003618238209,0.0260003618238209,NA,NA,NA,NA
2020-03-09,0.359773371104816,NA,0.0254175501392901,0.0254175501392901,NA,NA,NA,NA
2020-03-10,0.356940509915014,NA,0.0251261442970248,0.0251261442970248,NA,NA,NA,NA
2020-03-11,0.348441926345609,NA,0.0242519267702287,0.0242519267702287,NA,NA,NA,NA
2020-03-12,0.345609065155807,NA,0.0239605209279633,0.0239605209279633,NA,NA,NA,NA
2020-03-13,0.382436260623229,NA,0.0277487968774131,0.0277487968774131,NA,NA,NA,NA
2020-03-14,0.348441926345609,NA,0.0242519267702287,0.0242519267702287,NA,NA,NA,NA
2020-03-15,0.365439093484419,NA,0.0260003618238209,0.0260003618238209,NA,NA,NA,NA
2020-03-16,0.356940509915014,NA,0.0251261442970248,0.0251261442970248,NA,NA,NA,NA
2020-03-17,0.348441926345609,NA,0.0242519267702287,0.0242519267702287,NA,NA,NA,NA
2020-03-18,0.351274787535411,NA,0.024543332612494,0.024543332612494,NA,NA,NA,NA
2020-03-19,0.379603399433428,NA,0.0274573910351477,0.0274573910351477,NA,NA,NA,NA
2020-03-20,0.365439093484419,NA,0.0260003618238209,0.0260003618238209,NA,NA,NA,NA
2020-03-21,0.359773371104816,NA,0.0254175501392901,0.0254175501392901,NA,NA,NA,NA
2020-03-22,0.348441926345609,NA,0.0242519267702287,0.0242519267702287,NA,NA,NA,NA
2020-03-23,0.348441926345609,NA,0.0242519267702287,0.0242519267702287,NA,NA,NA,NA
2020-03-24,0.351274787535411,NA,0.024543332612494,0.024543332612494,NA,NA,NA,NA
2020-03-25,0.898016997167139,NA,0.0807846601697105,0.0807846601697105,NA,NA,NA,NA
2020-03-26,0.702549575070822,NA,0.0606776570533999,0.0606776570533999,NA,NA,NA,NA
2020-03-27,0.597733711048159,NA,0.0498956408895812,0.0498956408895812,NA,NA,NA,NA
2020-03-28,0.526912181303116,NA,0.042610494832947,0.042610494832947,NA,NA,NA,NA
2020-03-29,0.475920679886686,NA,0.0373651896721703,0.0373651896721703,NA,NA,NA,NA
2020-03-30,0.427762039660057,NA,0.032411290353659,0.032411290353659,NA,NA,NA,NA
2020-03-31,0.481586402266289,NA,0.0379480013567011,0.0379480013567011,NA,NA,NA,NA
2020-04-01,0.560906515580737,NA,0.0461073649401314,0.0461073649401314,NA,NA,NA,NA
2020-04-02,0.490084985835694,NA,0.0388222188834972,0.0388222188834972,NA,NA,NA,NA
2020-04-03,0.447592067988669,NA,0.0344511312495166,0.0344511312495166,NA,NA,NA,NA
2020-04-04,0.422096317280453,NA,0.0318284786691283,0.0318284786691283,NA,NA,NA,NA
2020-04-05,0.402266288951841,NA,0.0297886377732707,0.0297886377732707,NA,NA,NA,NA
2020-04-06,0.385269121813031,NA,0.0280402027196785,0.0280402027196785,NA,NA,NA,NA
2020-04-07,0.371104815864023,NA,0.0265831735083516,0.0265831735083516,NA,NA,NA,NA
2020-04-08,0.373937677053824,NA,0.026874579350617,0.026874579350617,NA,NA,NA,NA
2020-04-09,0.365439093484419,NA,0.0260003618238209,0.0260003618238209,NA,NA,NA,NA
2020-04-10,0.348441926345609,NA,0.0242519267702287,0.0242519267702287,NA,NA,NA,NA
2020-04-11,0.342776203966006,NA,0.0236691150856979,0.0236691150856979,NA,NA,NA,NA
2020-04-12,0.359773371104816,NA,0.0254175501392901,0.0254175501392901,NA,NA,NA,NA
2020-04-13,6.51558073654391,NA,0.65864244538194,0.65864244538194,NA,NA,NA,NA
2020-04-14,1.41359773371105,NA,0.133820523462008,0.133820523462008,NA,NA,NA,NA
2020-04-15,1.04815864022663,NA,0.0962291698097751,0.0962291698097751,NA,NA,NA,NA
2020-04-16,0.864022662889518,NA,0.077287790062526,0.077287790062526,NA,NA,NA,NA
2020-04-17,0.767705382436261,NA,0.0673799914255035,0.0673799914255035,NA,NA,NA,NA
2020-04-18,0.708215297450425,NA,0.0612604687379307,0.0612604687379307,NA,NA,NA,NA
2020-04-19,0.620396600566572,NA,0.0522268876277042,0.0522268876277042,NA,NA,NA,NA
2020-04-20,0.606232294617564,NA,0.0507698584163774,0.0507698584163774,NA,NA,NA,NA
2020-04-21,0.543909348441926,NA,0.0443589298865392,0.0443589298865392,NA,NA,NA,NA
2020-04-22,0.487252124645892,NA,0.0385308130412318,0.0385308130412318,NA,NA,NA,NA
2020-04-23,0.484419263456091,NA,0.0382394071989664,0.0382394071989664,NA,NA,NA,NA
2020-04-24,0.507082152974504,NA,0.0405706539370894,0.0405706539370894,NA,NA,NA,NA
2020-04-25,0.481586402266289,NA,0.0379480013567011,0.0379480013567011,NA,NA,NA,NA
2020-04-26,0.736543909348442,NA,0.0641745271605844,0.0641745271605844,NA,NA,NA,NA
2020-04-27,0.586402266288952,NA,0.0487300175205198,0.0487300175205198,NA,NA,NA,NA
2020-04-28,0.529745042492918,NA,0.0429019006752124,0.0429019006752124,NA,NA,NA,NA
2020-04-29,0.509915014164306,NA,0.0408620597793548,0.0408620597793548,NA,NA,NA,NA
2020-04-30,3.22946175637394,NA,0.32061166835411,0.32061166835411,NA,NA,NA,NA
2020-05-01,1.25212464589235,NA,0.117210390452882,0.117210390452882,NA,NA,NA,NA
2020-05-02,0.980169971671388,NA,0.0892354295954062,0.0892354295954062,NA,NA,NA,NA
2020-05-03,0.847025495750708,NA,0.0755393550089338,0.0755393550089338,NA,NA,NA,NA
2020-05-04,0.776203966005666,NA,0.0682542089522996,0.0682542089522996,NA,NA,NA,NA
2020-05-05,0.71671388101983,NA,0.0621346862647268,0.0621346862647268,NA,NA,NA,NA
2020-05-06,0.654390934844193,NA,0.0557237577348887,0.0557237577348887,NA,NA,NA,NA
2020-05-07,0.575070821529745,NA,0.0475643941514583,0.0475643941514583,NA,NA,NA,NA
2020-05-08,0.535410764872521,NA,0.0434847123597431,0.0434847123597431,NA,NA,NA,NA
2020-05-09,0.509915014164306,NA,0.0408620597793548,0.0408620597793548,NA,NA,NA,NA
2020-05-10,0.484419263456091,NA,0.0382394071989664,0.0382394071989664,NA,NA,NA,NA
2020-05-11,0.461756373937677,NA,0.0359081604608435,0.0359081604608435,NA,NA,NA,NA
2020-05-12,0.439093484419263,NA,0.0335769137227205,0.0335769137227205,NA,NA,NA,NA
2020-05-13,0.427762039660057,NA,0.032411290353659,0.032411290353659,NA,NA,NA,NA
2020-05-14,0.41643059490085,NA,0.0312456669845975,0.0312456669845975,NA,NA,NA,NA
2020-05-15,0.405099150141643,NA,0.0300800436155361,0.0300800436155361,NA,NA,NA,NA
2020-05-16,0.390934844192635,NA,0.0286230144042092,0.0286230144042092,NA,NA,NA,NA
2020-05-17,0.379603399433428,NA,0.0274573910351477,0.0274573910351477,NA,NA,NA,NA
2020-05-18,0.368271954674221,NA,0.0262917676660862,0.0262917676660862,NA,NA,NA,NA
2020-05-19,3.37110481586402,NA,0.335181960467379,0.335181960467379,NA,NA,NA,NA
2020-05-20,10.9915014164306,NA,1.11906367616123,1.11906367616123,NA,NA,NA,NA
2020-05-21,19.8016997167139,NA,2.02533584560653,2.02533584560653,NA,NA,NA,NA
2020-05-22,9.29178470254958,NA,0.944220170802003,0.944220170802003,NA,NA,NA,NA
2020-05-23,3.25779036827196,NA,0.323525726776764,0.323525726776764,NA,NA,NA,NA
2020-05-24,2.26628895184136,NA,0.221533681983884,0.221533681983884,NA,NA,NA,NA
2020-05-25,1.80736543909348,NA,0.174325935536894,0.174325935536894,NA,NA,NA,NA
2020-05-26,1.46742209631728,NA,0.13935723446505,0.13935723446505,NA,NA,NA,NA
2020-05-27,1.30878186968839,NA,0.123038507298189,0.123038507298189,NA,NA,NA,NA
2020-05-28,1.6600566572238,NA,0.159172831739095,0.159172831739095,NA,NA,NA,NA
2020-05-29,1.23229461756374,NA,0.115170549557024,0.115170549557024,NA,NA,NA,NA
2020-05-30,1.05382436260623,NA,0.0968119814943059,0.0968119814943059,NA,NA,NA,NA
2020-05-31,0.943342776203966,NA,0.0854471536459564,0.0854471536459564,NA,NA,NA,NA
2020-06-01,0.86685552407932,NA,0.0775791959047914,0.0775791959047914,NA,NA,NA,NA
2020-06-02,0.807365439093484,NA,0.0714596732172186,0.0714596732172186,NA,NA,NA,NA
2020-06-03,0.747875354107649,NA,0.0653401505296459,0.0653401505296459,NA,NA,NA,NA
2020-06-04,0.722379603399434,NA,0.0627174979492575,0.0627174979492575,NA,NA,NA,NA
2020-06-05,0.813031161473088,NA,0.0720424849017494,0.0720424849017494,NA,NA,NA,NA
2020-06-06,0.73371104815864,NA,0.063883121318319,0.063883121318319,NA,NA,NA,NA
2020-06-07,0.668555240793201,NA,0.0571807869462155,0.0571807869462155,NA,NA,NA,NA
2020-06-08,0.597733711048159,NA,0.0498956408895812,0.0498956408895812,NA,NA,NA,NA
2020-06-09,0.572237960339943,NA,0.0472729883091929,0.0472729883091929,NA,NA,NA,NA
2020-06-10,0.903682719546742,NA,0.0813674718542412,0.0813674718542412,NA,NA,NA,NA
2020-06-11,0.643059490084986,NA,0.0545581343658272,0.0545581343658272,NA,NA,NA,NA
2020-06-12,0.543909348441926,NA,0.0443589298865392,0.0443589298865392,NA,NA,NA,NA
2020-06-13,0.524079320113314,NA,0.0423190889906816,0.0423190889906816,NA,NA,NA,NA
2020-06-14,0.920679886685552,NA,0.0831159069078335,0.0831159069078335,NA,NA,NA,NA
2020-06-15,1.84702549575071,NA,0.17840561732861,0.17840561732861,NA,NA,NA,NA
2020-06-16,1.44475920679887,NA,0.137025987726927,0.137025987726927,NA,NA,NA,NA
2020-06-17,15.3824362606232,NA,1.57074273167255,1.57074273167255,NA,NA,NA,NA
2020-06-18,3.54107648725212,NA,0.352666311003301,0.352666311003301,NA,NA,NA,NA
2020-06-19,2.91784702549575,NA,0.28855702570492,0.28855702570492,NA,NA,NA,NA
2020-06-20,1.94900849858357,NA,0.188896227650163,0.188896227650163,NA,NA,NA,NA
2020-06-21,1.42492917847025,NA,0.134986146831069,0.134986146831069,NA,NA,NA,NA
2020-06-22,1.1586402266289,NA,0.107593997658125,0.107593997658125,NA,NA,NA,NA
2020-06-23,1.09915014164306,NA,0.101474474970552,0.101474474970552,NA,NA,NA,NA
2020-06-24,0.946175637393768,NA,0.0857385594882218,0.0857385594882218,NA,NA,NA,NA
2020-06-25,0.790368271954674,NA,0.0697112381636264,0.0697112381636264,NA,NA,NA,NA
2020-06-26,0.73371104815864,NA,0.063883121318319,0.063883121318319,NA,NA,NA,NA
2020-06-27,0.691218130311615,NA,0.0595120336843385,0.0595120336843385,NA,NA,NA,NA
2020-06-28,0.662889518413598,NA,0.0565979752616848,0.0565979752616848,NA,NA,NA,NA
2020-06-29,0.623229461756374,NA,0.0525182934699696,0.0525182934699696,NA,NA,NA,NA
2020-06-30,0.575070821529745,NA,0.0475643941514583,0.0475643941514583,NA,NA,NA,NA
2020-07-01,0.526912181303116,NA,0.042610494832947,0.042610494832947,NA,NA,NA,NA
2020-07-02,0.484419263456091,NA,0.0382394071989664,0.0382394071989664,NA,NA,NA,NA
2020-07-03,0.45042492917847,NA,0.034742537091782,0.034742537091782,NA,NA,NA,NA
2020-07-04,0.419263456090652,NA,0.0315370728268629,0.0315370728268629,NA,NA,NA,NA
2020-07-05,0.402266288951841,NA,0.0297886377732707,0.0297886377732707,NA,NA,NA,NA
2020-07-06,0.388101983002833,NA,0.0283316085619438,0.0283316085619438,NA,NA,NA,NA
2020-07-07,0.368271954674221,NA,0.0262917676660862,0.0262917676660862,NA,NA,NA,NA
2020-07-08,0.356940509915014,NA,0.0251261442970248,0.0251261442970248,NA,NA,NA,NA
2020-07-09,0.345609065155807,NA,0.0239605209279633,0.0239605209279633,NA,NA,NA,NA
2020-07-10,0.337110481586402,NA,0.0230863034011672,0.0230863034011672,NA,NA,NA,NA
2020-07-11,0.334277620396601,NA,0.0227948975589018,0.0227948975589018,NA,NA,NA,NA
2020-07-12,0.322946175637394,NA,0.0216292741898403,0.0216292741898403,NA,NA,NA,NA
2020-07-13,0.337110481586402,NA,0.0230863034011672,0.0230863034011672,NA,NA,NA,NA
2020-07-14,0.314447592067989,NA,0.0207550566630442,0.0207550566630442,NA,NA,NA,NA
2020-07-15,0.303116147308782,NA,0.0195894332939827,0.0195894332939827,NA,NA,NA,NA
2020-07-16,0.294617563739377,NA,0.0187152157671866,0.0187152157671866,NA,NA,NA,NA
2020-07-17,0.288951841359773,NA,0.0181324040826559,0.0181324040826559,NA,NA,NA,NA
2020-07-18,0.28328611898017,NA,0.0175495923981251,0.0175495923981251,NA,NA,NA,NA
2020-07-19,0.275637393767705,NA,0.0167627966240086,0.0167627966240086,NA,NA,NA,NA
2020-07-20,0.260056657223796,NA,0.0151600644915491,0.0151600644915491,NA,NA,NA,NA
2020-07-21,0.256940509915014,NA,0.0148395180650572,0.0148395180650572,NA,NA,NA,NA
2020-07-22,0.260056657223796,NA,0.0151600644915491,0.0151600644915491,NA,NA,NA,NA
2020-07-23,0.286118980169972,NA,0.0178409982403905,0.0178409982403905,NA,NA,NA,NA
2020-07-24,0.294617563739377,NA,0.0187152157671866,0.0187152157671866,NA,NA,NA,NA
2020-07-25,0.303116147308782,NA,0.0195894332939827,0.0195894332939827,NA,NA,NA,NA
2020-07-26,0.273937677053824,NA,0.0165879531186494,0.0165879531186494,NA,NA,NA,NA
2020-07-27,0.259773371104816,NA,0.0151309239073226,0.0151309239073226,NA,NA,NA,NA
2020-07-28,0.230311614730878,NA,0.0121003031477627,0.0121003031477627,NA,NA,NA,NA
2020-07-29,0.198016997167139,NA,0.00877827654593749,0.00877827654593749,NA,NA,NA,NA
2020-07-30,0.238243626062323,NA,0.0129162395061057,0.0129162395061057,NA,NA,NA,NA
2020-07-31,0.291784702549575,NA,0.0184238099249213,0.0184238099249213,NA,NA,NA,NA
2020-08-01,0.253824362606232,NA,0.0145189716385653,0.0145189716385653,NA,NA,NA,NA
2020-08-02,0.23314447592068,NA,0.0123917089900281,0.0123917089900281,NA,NA,NA,NA
2020-08-03,0.393767705382436,NA,0.0289144202464746,0.0289144202464746,NA,NA,NA,NA
2020-08-04,0.273087818696884,NA,0.0165005313659698,0.0165005313659698,NA,NA,NA,NA
2020-08-05,0.305949008498584,NA,0.0198808391362481,0.0198808391362481,NA,NA,NA,NA
2020-08-06,0.373937677053824,NA,0.026874579350617,0.026874579350617,NA,NA,NA,NA
2020-08-07,0.303116147308782,NA,0.0195894332939827,0.0195894332939827,NA,NA,NA,NA
2020-08-08,0.258640226628895,NA,0.0150143615704164,0.0150143615704164,NA,NA,NA,NA
2020-08-09,0.245609065155807,NA,0.0136738946959957,0.0136738946959957,NA,NA,NA,NA
2020-08-10,0.225495750708215,NA,0.0116049132159116,0.0116049132159116,NA,NA,NA,NA
2020-08-11,0.213314447592068,NA,0.0103518680941705,0.0103518680941705,NA,NA,NA,NA
2020-08-12,0.236827195467422,NA,0.0127705365849731,0.0127705365849731,NA,NA,NA,NA
2020-08-13,0.223512747875354,NA,0.0114009291263258,0.0114009291263258,NA,NA,NA,NA
2020-08-14,0.275920679886686,NA,0.0167919372082352,0.0167919372082352,NA,NA,NA,NA
2020-08-15,0.422096317280453,NA,0.0318284786691283,0.0318284786691283,NA,NA,NA,NA
2020-08-16,0.458923512747875,NA,0.0356167546185781,0.0356167546185781,NA,NA,NA,NA
2020-08-17,0.339943342776204,NA,0.0233777092434325,0.0233777092434325,NA,NA,NA,NA
2020-08-18,0.281869688385269,NA,0.0174038894769924,0.0174038894769924,NA,NA,NA,NA
2020-08-19,0.251841359773371,NA,0.0143149875489795,0.0143149875489795,NA,NA,NA,NA
2020-08-20,0.231161473087819,NA,0.0121877249004423,0.0121877249004423,NA,NA,NA,NA
2020-08-21,0.229178470254958,NA,0.0119837408108566,0.0119837408108566,NA,NA,NA,NA
2020-08-22,0.246742209631728,NA,0.0137904570329019,0.0137904570329019,NA,NA,NA,NA
2020-08-23,0.273371104815864,NA,0.0165296719501963,0.0165296719501963,NA,NA,NA,NA
2020-08-24,0.245609065155807,NA,0.0136738946959957,0.0136738946959957,NA,NA,NA,NA
2020-08-25,0.221246458923513,NA,0.0111678044525135,0.0111678044525135,NA,NA,NA,NA
2020-08-26,0.205382436260623,NA,0.00953593173582745,0.00953593173582745,NA,NA,NA,NA
2020-08-27,0.196600566572238,NA,0.0086325736248048,0.0086325736248048,NA,NA,NA,NA
2020-08-28,0.191218130311615,NA,0.0080789025245006,0.0080789025245006,NA,NA,NA,NA
2020-08-29,0.193484419263456,NA,0.0083120271983129,0.0083120271983129,NA,NA,NA,NA
2020-08-30,0.191218130311615,NA,0.0080789025245006,0.0080789025245006,NA,NA,NA,NA
2020-08-31,0.30028328611898,NA,0.0192980274517174,0.0192980274517174,NA,NA,NA,NA
2020-09-01,0.337110481586402,NA,0.0230863034011672,0.0230863034011672,NA,NA,NA,NA
2020-09-02,0.286118980169972,NA,0.0178409982403905,0.0178409982403905,NA,NA,NA,NA
2020-09-03,0.247308781869688,NA,0.0138487382013549,0.0138487382013549,NA,NA,NA,NA
2020-09-04,0.218413597733711,NA,0.0108763986102482,0.0108763986102482,NA,NA,NA,NA
2020-09-05,0.201699716713881,NA,0.00915710414088247,0.00915710414088247,NA,NA,NA,NA
2020-09-06,0.191218130311615,NA,0.0080789025245006,0.0080789025245006,NA,NA,NA,NA
2020-09-07,0.191218130311615,NA,0.0080789025245006,0.0080789025245006,NA,NA,NA,NA
2020-09-08,0.188385269121813,NA,0.00778749668223523,0.00778749668223523,NA,NA,NA,NA
2020-09-09,0.18300283286119,NA,0.00723382558193103,0.00723382558193103,NA,NA,NA,NA
2020-09-10,0.18300283286119,NA,0.00723382558193103,0.00723382558193103,NA,NA,NA,NA
2020-09-11,0.180736543909348,NA,0.00700070090811873,0.00700070090811873,NA,NA,NA,NA
2020-09-12,0.175070821529745,NA,0.00641788922358799,0.00641788922358799,NA,NA,NA,NA
2020-09-13,0.175070821529745,NA,0.00641788922358799,0.00641788922358799,NA,NA,NA,NA
2020-09-14,0.168838526912181,NA,0.00577679637060417,0.00577679637060417,NA,NA,NA,NA
2020-09-15,0.16742209631728,NA,0.00563109344947149,0.00563109344947149,NA,NA,NA,NA
2020-09-16,0.16742209631728,NA,0.00563109344947149,0.00563109344947149,NA,NA,NA,NA
2020-09-17,0.226062322946176,NA,0.0116631943843647,0.0116631943843647,NA,NA,NA,NA
2020-09-18,0.239660056657224,NA,0.0130619424272384,0.0130619424272384,NA,NA,NA,NA
2020-09-19,0.198866855524079,NA,0.0088656982986171,0.0088656982986171,NA,NA,NA,NA
2020-09-20,0.190084985835694,NA,0.00796234018759445,0.00796234018759445,NA,NA,NA,NA
2020-09-21,0.180736543909348,NA,0.00700070090811873,0.00700070090811873,NA,NA,NA,NA
2020-09-22,0.175070821529745,NA,0.00641788922358799,0.00641788922358799,NA,NA,NA,NA
2020-09-23,0.172804532577904,NA,0.00618476454977569,0.00618476454977569,NA,NA,NA,NA
2020-09-24,0.169405099150142,NA,0.00583507753905725,0.00583507753905725,NA,NA,NA,NA
2020-09-25,0.379603399433428,NA,0.0274573910351477,0.0274573910351477,NA,NA,NA,NA
2020-09-26,0.419263456090652,NA,0.0315370728268629,0.0315370728268629,NA,NA,NA,NA
2020-09-27,0.31728045325779,NA,0.0210464625053096,0.0210464625053096,NA,NA,NA,NA
2020-09-28,0.279603399433428,NA,0.0171707648031802,0.0171707648031802,NA,NA,NA,NA
2020-09-29,0.43342776203966,NA,0.0329941020381898,0.0329941020381898,NA,NA,NA,NA
2020-09-30,0.487252124645892,NA,0.0385308130412318,0.0385308130412318,NA,NA,NA,NA
2020-10-01,0.376770538243626,NA,0.0271659851928824,0.0271659851928824,NA,NA,NA,NA
2020-10-02,0.322946175637394,NA,0.0216292741898403,0.0216292741898403,NA,NA,NA,NA
2020-10-03,0.294617563739377,NA,0.0187152157671866,0.0187152157671866,NA,NA,NA,NA
2020-10-04,0.275354107648725,NA,0.0167336560397821,0.0167336560397821,NA,NA,NA,NA
2020-10-05,0.263456090651558,NA,0.0155097515022675,0.0155097515022675,NA,NA,NA,NA
2020-10-06,0.263456090651558,NA,0.0155097515022675,0.0155097515022675,NA,NA,NA,NA
2020-10-07,0.259773371104816,NA,0.0151309239073226,0.0151309239073226,NA,NA,NA,NA
2020-10-08,0.254390934844193,NA,0.0145772528070184,0.0145772528070184,NA,NA,NA,NA
2020-10-09,0.253824362606232,NA,0.0145189716385653,0.0145189716385653,NA,NA,NA,NA
2020-10-10,0.286118980169972,NA,0.0178409982403905,0.0178409982403905,NA,NA,NA,NA
2020-10-11,0.563739376770538,NA,0.0463987707823968,0.0463987707823968,NA,NA,NA,NA
2020-10-12,0.739376770538244,NA,0.0644659330028498,0.0644659330028498,NA,NA,NA,NA
2020-10-13,0.560906515580737,NA,0.0461073649401314,0.0461073649401314,NA,NA,NA,NA
2020-10-14,0.478753541076487,NA,0.0376565955144357,0.0376565955144357,NA,NA,NA,NA
2020-10-15,0.427762039660057,NA,0.032411290353659,0.032411290353659,NA,NA,NA,NA
2020-10-16,0.396600566572238,NA,0.0292058260887399,0.0292058260887399,NA,NA,NA,NA
2020-10-17,0.371104815864023,NA,0.0265831735083516,0.0265831735083516,NA,NA,NA,NA
2020-10-18,0.359773371104816,NA,0.0254175501392901,0.0254175501392901,NA,NA,NA,NA
2020-10-19,0.351274787535411,NA,0.024543332612494,0.024543332612494,NA,NA,NA,NA
2020-10-20,0.348441926345609,NA,0.0242519267702287,0.0242519267702287,NA,NA,NA,NA
2020-10-21,0.337110481586402,NA,0.0230863034011672,0.0230863034011672,NA,NA,NA,NA
2020-10-22,0.337110481586402,NA,0.0230863034011672,0.0230863034011672,NA,NA,NA,NA
2020-10-23,0.337110481586402,NA,0.0230863034011672,0.0230863034011672,NA,NA,NA,NA
2020-10-24,0.342776203966006,NA,0.0236691150856979,0.0236691150856979,NA,NA,NA,NA
2020-10-25,0.504249291784703,NA,0.040279248094824,0.040279248094824,NA,NA,NA,NA
2020-10-26,0.456090651558074,NA,0.0353253487763127,0.0353253487763127,NA,NA,NA,NA
2020-10-27,0.419263456090652,NA,0.0315370728268629,0.0315370728268629,NA,NA,NA,NA
2020-10-28,0.407932011331445,NA,0.0303714494578014,0.0303714494578014,NA,NA,NA,NA
2020-10-29,3.1728045325779,NA,0.314783551508803,0.314783551508803,NA,NA,NA,NA
2020-10-30,1.03116147308782,NA,0.0944807347561829,0.0944807347561829,NA,NA,NA,NA
2020-10-31,0.708215297450425,NA,0.0612604687379307,0.0612604687379307,NA,NA,NA,NA
2020-11-01,0.677053824362606,NA,0.0580550044730116,0.0580550044730116,NA,NA,NA,NA
2020-11-02,0.614730878186969,NA,0.0516440759431735,0.0516440759431735,NA,NA,NA,NA
2020-11-03,0.538243626062323,NA,0.0437761182020085,0.0437761182020085,NA,NA,NA,NA
2020-11-04,0.464589235127479,NA,0.0361995663031088,0.0361995663031088,NA,NA,NA,NA
2020-11-05,0.43342776203966,NA,0.0329941020381898,0.0329941020381898,NA,NA,NA,NA
2020-11-06,0.402266288951841,NA,0.0297886377732707,0.0297886377732707,NA,NA,NA,NA
2020-11-07,0.385269121813031,NA,0.0280402027196785,0.0280402027196785,NA,NA,NA,NA
2020-11-08,0.371104815864023,NA,0.0265831735083516,0.0265831735083516,NA,NA,NA,NA
2020-11-09,0.354107648725212,NA,0.0248347384547594,0.0248347384547594,NA,NA,NA,NA
2020-11-10,0.348441926345609,NA,0.0242519267702287,0.0242519267702287,NA,NA,NA,NA
2020-11-11,3.71104815864023,NA,0.370150661539223,0.370150661539223,NA,NA,NA,NA
2020-11-12,7.64872521246459,NA,0.775204782288088,0.775204782288088,NA,NA,NA,NA
2020-11-13,1.97167138810198,NA,0.191227474388286,0.191227474388286,NA,NA,NA,NA
2020-11-14,1.22946175637394,NA,0.114879143714759,0.114879143714759,NA,NA,NA,NA
2020-11-15,0.991501416430595,NA,0.0904010529644677,0.0904010529644677,NA,NA,NA,NA
2020-11-16,0.855524079320113,NA,0.0764135725357299,0.0764135725357299,NA,NA,NA,NA
2020-11-17,0.779036827195468,NA,0.0685456147945649,0.0685456147945649,NA,NA,NA,NA
2020-11-18,0.711048158640227,NA,0.0615518745801961,0.0615518745801961,NA,NA,NA,NA
2020-11-19,0.671388101983003,NA,0.0574721927884809,0.0574721927884809,NA,NA,NA,NA
2020-11-20,0.609065155807366,NA,0.0510612642586427,0.0510612642586427,NA,NA,NA,NA
2020-11-21,0.558073654390935,NA,0.0458159590978661,0.0458159590978661,NA,NA,NA,NA
2020-11-22,0.524079320113314,NA,0.0423190889906816,0.0423190889906816,NA,NA,NA,NA
2020-11-23,0.490084985835694,NA,0.0388222188834972,0.0388222188834972,NA,NA,NA,NA
2020-11-24,0.461756373937677,NA,0.0359081604608435,0.0359081604608435,NA,NA,NA,NA
2020-11-25,0.444759206798867,NA,0.0341597254072512,0.0341597254072512,NA,NA,NA,NA
2020-11-26,0.427762039660057,NA,0.032411290353659,0.032411290353659,NA,NA,NA,NA
2020-11-27,0.410764872521246,NA,0.0306628553000668,0.0306628553000668,NA,NA,NA,NA
2020-11-28,0.393767705382436,NA,0.0289144202464746,0.0289144202464746,NA,NA,NA,NA
2020-11-29,0.385269121813031,NA,0.0280402027196785,0.0280402027196785,NA,NA,NA,NA
2020-11-30,0.818696883852691,NA,0.0726252965862801,0.0726252965862801,NA,NA,NA,NA
2020-12-01,0.651558073654391,NA,0.0554323518926233,0.0554323518926233,NA,NA,NA,NA
2020-12-02,0.560906515580737,NA,0.0461073649401314,0.0461073649401314,NA,NA,NA,NA
2020-12-03,0.509915014164306,NA,0.0408620597793548,0.0408620597793548,NA,NA,NA,NA
2020-12-04,0.643059490084986,NA,0.0545581343658272,0.0545581343658272,NA,NA,NA,NA
2020-12-05,1.60339943342776,NA,0.153344714893788,0.153344714893788,NA,NA,NA,NA
2020-12-06,0.915014164305949,NA,0.0825330952233027,0.0825330952233027,NA,NA,NA,NA
2020-12-07,0.798866855524079,NA,0.0705854556904225,0.0705854556904225,NA,NA,NA,NA
2020-12-08,0.694050991501416,NA,0.0598034395266038,0.0598034395266038,NA,NA,NA,NA
2020-12-09,0.617563739376771,NA,0.0519354817854388,0.0519354817854388,NA,NA,NA,NA
2020-12-10,0.558073654390935,NA,0.0458159590978661,0.0458159590978661,NA,NA,NA,NA
2020-12-11,0.512747875354108,NA,0.0411534656216201,0.0411534656216201,NA,NA,NA,NA
2020-12-12,0.478753541076487,NA,0.0376565955144357,0.0376565955144357,NA,NA,NA,NA
2020-12-13,0.456090651558074,NA,0.0353253487763127,0.0353253487763127,NA,NA,NA,NA
2020-12-14,0.943342776203966,NA,0.0854471536459564,0.0854471536459564,NA,NA,NA,NA
2020-12-15,0.818696883852691,NA,0.0726252965862801,0.0726252965862801,NA,NA,NA,NA
2020-12-16,0.872521246458924,NA,0.0781620075893222,0.0781620075893222,NA,NA,NA,NA
2020-12-17,0.923512747875354,NA,0.0834073127500988,0.0834073127500988,NA,NA,NA,NA
2020-12-18,0.824362606232295,NA,0.0732081082708109,0.0732081082708109,NA,NA,NA,NA
2020-12-19,0.742209631728045,NA,0.0647573388451151,0.0647573388451151,NA,NA,NA,NA
2020-12-20,0.68271954674221,NA,0.0586378161575423,0.0586378161575423,NA,NA,NA,NA
2020-12-21,0.634560906515581,NA,0.0536839168390311,0.0536839168390311,NA,NA,NA,NA
2020-12-22,0.594900849858357,NA,0.0496042350473159,0.0496042350473159,NA,NA,NA,NA
2020-12-23,0.56657223796034,NA,0.0466901766246622,0.0466901766246622,NA,NA,NA,NA
2020-12-24,0.654390934844193,NA,0.0557237577348887,0.0557237577348887,NA,NA,NA,NA
2020-12-25,0.985835694050991,NA,0.089818241279937,0.089818241279937,NA,NA,NA,NA
2020-12-26,0.767705382436261,NA,0.0673799914255035,0.0673799914255035,NA,NA,NA,NA
2020-12-27,0.685552407932011,NA,0.0589292219998077,0.0589292219998077,NA,NA,NA,NA
2020-12-28,0.631728045325779,NA,0.0533925109967657,0.0533925109967657,NA,NA,NA,NA
2020-12-29,0.58356940509915,NA,0.0484386116782544,0.0484386116782544,NA,NA,NA,NA
2020-12-30,0.555240793201133,NA,0.0455245532556007,0.0455245532556007,NA,NA,NA,NA
2020-12-31,0.535410764872521,NA,0.0434847123597431,0.0434847123597431,NA,NA,NA,NA
2021-01-01,0.691218130311615,NA,0.0595120336843385,0.0595120336843385,NA,NA,NA,NA
2021-01-02,0.957507082152975,NA,0.0869041828572833,0.0869041828572833,NA,NA,NA,NA
2021-01-03,0.824362606232295,NA,0.0732081082708109,0.0732081082708109,NA,NA,NA,NA
2021-01-04,0.745042492917847,NA,0.0650487446873805,0.0650487446873805,NA,NA,NA,NA
2021-01-05,0.685552407932011,NA,0.0589292219998077,0.0589292219998077,NA,NA,NA,NA
2021-01-06,0.631728045325779,NA,0.0533925109967657,0.0533925109967657,NA,NA,NA,NA
2021-01-07,0.594900849858357,NA,0.0496042350473159,0.0496042350473159,NA,NA,NA,NA
2021-01-08,0.563739376770538,NA,0.0463987707823968,0.0463987707823968,NA,NA,NA,NA
2021-01-09,0.53257790368272,NA,0.0431933065174777,0.0431933065174777,NA,NA,NA,NA
2021-01-10,0.504249291784703,NA,0.040279248094824,0.040279248094824,NA,NA,NA,NA
2021-01-11,0.478753541076487,NA,0.0376565955144357,0.0376565955144357,NA,NA,NA,NA
2021-01-12,0.461756373937677,NA,0.0359081604608435,0.0359081604608435,NA,NA,NA,NA
2021-01-13,0.447592067988669,NA,0.0344511312495166,0.0344511312495166,NA,NA,NA,NA
2021-01-14,0.43342776203966,NA,0.0329941020381898,0.0329941020381898,NA,NA,NA,NA
2021-01-15,0.43342776203966,NA,0.0329941020381898,0.0329941020381898,NA,NA,NA,NA
2021-01-16,0.436260623229462,NA,0.0332855078804551,0.0332855078804551,NA,NA,NA,NA
2021-01-17,0.41643059490085,NA,0.0312456669845975,0.0312456669845975,NA,NA,NA,NA
2021-01-18,0.396600566572238,NA,0.0292058260887399,0.0292058260887399,NA,NA,NA,NA
2021-01-19,0.385269121813031,NA,0.0280402027196785,0.0280402027196785,NA,NA,NA,NA
2021-01-20,0.371104815864023,NA,0.0265831735083516,0.0265831735083516,NA,NA,NA,NA
2021-01-21,0.371104815864023,NA,0.0265831735083516,0.0265831735083516,NA,NA,NA,NA
2021-01-22,0.356940509915014,NA,0.0251261442970248,0.0251261442970248,NA,NA,NA,NA
2021-01-23,0.348441926345609,NA,0.0242519267702287,0.0242519267702287,NA,NA,NA,NA
2021-01-24,0.348441926345609,NA,0.0242519267702287,0.0242519267702287,NA,NA,NA,NA
2021-01-25,0.475920679886686,NA,0.0373651896721703,0.0373651896721703,NA,NA,NA,NA
2021-01-26,2.44475920679887,NA,0.239892250046603,0.239892250046603,NA,NA,NA,NA
2021-01-27,1.01699716713881,NA,0.0930237055448561,0.0930237055448561,NA,NA,NA,NA
2021-01-28,0.892351274787536,NA,0.0802018484851798,0.0802018484851798,NA,NA,NA,NA
2021-01-29,0.767705382436261,NA,0.0673799914255035,0.0673799914255035,NA,NA,NA,NA
2021-01-30,0.708215297450425,NA,0.0612604687379307,0.0612604687379307,NA,NA,NA,NA
2021-01-31,0.68271954674221,NA,0.0586378161575423,0.0586378161575423,NA,NA,NA,NA
2021-02-01,0.626062322946176,NA,0.0528096993122349,0.0528096993122349,NA,NA,NA,NA
2021-02-02,0.577903682719547,NA,0.0478557999937236,0.0478557999937236,NA,NA,NA,NA
2021-02-03,0.538243626062323,NA,0.0437761182020085,0.0437761182020085,NA,NA,NA,NA
2021-02-04,0.507082152974504,NA,0.0405706539370894,0.0405706539370894,NA,NA,NA,NA
2021-02-05,0.543909348441926,NA,0.0443589298865392,0.0443589298865392,NA,NA,NA,NA
2021-02-06,0.54957507082153,NA,0.0449417415710699,0.0449417415710699,NA,NA,NA,NA
2021-02-07,0.620396600566572,NA,0.0522268876277042,0.0522268876277042,NA,NA,NA,NA
2021-02-08,0.628895184135977,NA,0.0531011051545003,0.0531011051545003,NA,NA,NA,NA
2021-02-09,0.586402266288952,NA,0.0487300175205198,0.0487300175205198,NA,NA,NA,NA
2021-02-10,0.569405099150142,NA,0.0469815824669275,0.0469815824669275,NA,NA,NA,NA
2021-02-11,0.60056657223796,NA,0.0501870467318466,0.0501870467318466,NA,NA,NA,NA
2021-02-12,0.747875354107649,NA,0.0653401505296459,0.0653401505296459,NA,NA,NA,NA
2021-02-13,1.09065155807365,NA,0.100600257443756,0.100600257443756,NA,NA,NA,NA
2021-02-14,1.22096317280453,NA,0.114004926187963,0.114004926187963,NA,NA,NA,NA
2021-02-15,1.40793201133144,NA,0.133237711777477,0.133237711777477,NA,NA,NA,NA
2021-02-16,2.10481586402266,NA,0.204923548974758,0.204923548974758,NA,NA,NA,NA
2021-02-17,1.30311614730878,NA,0.122455695613658,0.122455695613658,NA,NA,NA,NA
2021-02-18,1.48725212464589,NA,0.141397075360908,0.141397075360908,NA,NA,NA,NA
2021-02-19,1.6600566572238,NA,0.159172831739095,0.159172831739095,NA,NA,NA,NA
2021-02-20,1.40226628895184,NA,0.132654900092946,0.132654900092946,NA,NA,NA,NA
2021-02-21,1.15014164305949,NA,0.106719780131328,0.106719780131328,NA,NA,NA,NA
2021-02-22,1.18413597733711,NA,0.110216650238513,0.110216650238513,NA,NA,NA,NA
2021-02-23,1.07365439093484,NA,0.0988518223901634,0.0988518223901634,NA,NA,NA,NA
2021-02-24,0.997167138810198,NA,0.0909838646489985,0.0909838646489985,NA,NA,NA,NA
2021-02-25,0.932011331444759,NA,0.0842815302768949,0.0842815302768949,NA,NA,NA,NA
2021-02-26,0.892351274787536,NA,0.0802018484851798,0.0802018484851798,NA,NA,NA,NA
2021-02-27,1.1699716713881,NA,0.108759621027186,0.108759621027186,NA,NA,NA,NA
2021-02-28,2.58923512747875,NA,0.254753948002137,0.254753948002137,NA,NA,NA,NA
2021-03-01,1.8328611898017,NA,0.176948588117283,0.176948588117283,NA,NA,NA,NA
2021-03-02,1.35694050991501,NA,0.1279924066167,0.1279924066167,NA,NA,NA,NA
2021-03-03,1.15580736543909,NA,0.107302591815859,0.107302591815859,NA,NA,NA,NA
2021-03-04,1.01983002832861,NA,0.0933151113871214,0.0933151113871214,NA,NA,NA,NA
2021-03-05,0.915014164305949,NA,0.0825330952233027,0.0825330952233027,NA,NA,NA,NA
2021-03-06,0.841359773371105,NA,0.0749565433244031,0.0749565433244031,NA,NA,NA,NA
2021-03-07,0.790368271954674,NA,0.0697112381636264,0.0697112381636264,NA,NA,NA,NA
2021-03-08,0.728045325779037,NA,0.0633003096337883,0.0633003096337883,NA,NA,NA,NA
2021-03-09,0.677053824362606,NA,0.0580550044730116,0.0580550044730116,NA,NA,NA,NA
2021-03-10,0.637393767705382,NA,0.0539753226812964,0.0539753226812964,NA,NA,NA,NA
2021-03-11,0.60056657223796,NA,0.0501870467318466,0.0501870467318466,NA,NA,NA,NA
2021-03-12,0.577903682719547,NA,0.0478557999937236,0.0478557999937236,NA,NA,NA,NA
2021-03-13,0.560906515580737,NA,0.0461073649401314,0.0461073649401314,NA,NA,NA,NA
2021-03-14,0.541076487252125,NA,0.0440675240442738,0.0440675240442738,NA,NA,NA,NA
2021-03-15,0.524079320113314,NA,0.0423190889906816,0.0423190889906816,NA,NA,NA,NA
2021-03-16,0.512747875354108,NA,0.0411534656216201,0.0411534656216201,NA,NA,NA,NA
2021-03-17,0.495750708215297,NA,0.0394050305680279,0.0394050305680279,NA,NA,NA,NA
2021-03-18,0.512747875354108,NA,0.0411534656216201,0.0411534656216201,NA,NA,NA,NA
2021-03-19,0.552407932011332,NA,0.0452331474133353,0.0452331474133353,NA,NA,NA,NA
2021-03-20,0.495750708215297,NA,0.0394050305680279,0.0394050305680279,NA,NA,NA,NA
2021-03-21,0.475920679886686,NA,0.0373651896721703,0.0373651896721703,NA,NA,NA,NA
2021-03-22,0.456090651558074,NA,0.0353253487763127,0.0353253487763127,NA,NA,NA,NA
2021-03-23,0.444759206798867,NA,0.0341597254072512,0.0341597254072512,NA,NA,NA,NA
2021-03-24,0.444759206798867,NA,0.0341597254072512,0.0341597254072512,NA,NA,NA,NA
2021-03-25,0.456090651558074,NA,0.0353253487763127,0.0353253487763127,NA,NA,NA,NA
2021-03-26,0.620396600566572,NA,0.0522268876277042,0.0522268876277042,NA,NA,NA,NA
2021-03-27,0.575070821529745,NA,0.0475643941514583,0.0475643941514583,NA,NA,NA,NA
2021-03-28,0.804532577903683,NA,0.0711682673749533,0.0711682673749533,NA,NA,NA,NA
2021-03-29,0.762039660056657,NA,0.0667971797409727,0.0667971797409727,NA,NA,NA,NA
2021-03-30,0.660056657223796,NA,0.0563065694194194,0.0563065694194194,NA,NA,NA,NA
2021-03-31,0.756373937677054,NA,0.066214368056442,0.066214368056442,NA,NA,NA,NA
2021-04-01,0.711048158640227,NA,0.0615518745801961,0.0615518745801961,NA,NA,NA,NA
2021-04-02,0.628895184135977,NA,0.0531011051545003,0.0531011051545003,NA,NA,NA,NA
2021-04-03,0.577903682719547,NA,0.0478557999937236,0.0478557999937236,NA,NA,NA,NA
2021-04-04,0.546742209631728,NA,0.0446503357288046,0.0446503357288046,NA,NA,NA,NA
2021-04-05,0.518413597733711,NA,0.0417362773061509,0.0417362773061509,NA,NA,NA,NA
2021-04-06,0.490084985835694,NA,0.0388222188834972,0.0388222188834972,NA,NA,NA,NA
2021-04-07,0.46742209631728,NA,0.0364909721453742,0.0364909721453742,NA,NA,NA,NA
2021-04-08,0.447592067988669,NA,0.0344511312495166,0.0344511312495166,NA,NA,NA,NA
2021-04-09,0.436260623229462,NA,0.0332855078804551,0.0332855078804551,NA,NA,NA,NA
2021-04-10,0.968838526912181,NA,0.0880698062263448,0.0880698062263448,NA,NA,NA,NA
2021-04-11,1.92067988668555,NA,0.185982169227509,0.185982169227509,NA,NA,NA,NA
2021-04-12,0.991501416430595,NA,0.0904010529644677,0.0904010529644677,NA,NA,NA,NA
2021-04-13,0.793201133144476,NA,0.0700026440058918,0.0700026440058918,NA,NA,NA,NA
2021-04-14,0.694050991501416,NA,0.0598034395266038,0.0598034395266038,NA,NA,NA,NA
2021-04-15,0.634560906515581,NA,0.0536839168390311,0.0536839168390311,NA,NA,NA,NA
2021-04-16,0.569405099150142,NA,0.0469815824669275,0.0469815824669275,NA,NA,NA,NA
2021-04-17,0.526912181303116,NA,0.042610494832947,0.042610494832947,NA,NA,NA,NA
2021-04-18,0.495750708215297,NA,0.0394050305680279,0.0394050305680279,NA,NA,NA,NA
2021-04-19,0.481586402266289,NA,0.0379480013567011,0.0379480013567011,NA,NA,NA,NA
2021-04-20,0.45042492917847,NA,0.034742537091782,0.034742537091782,NA,NA,NA,NA
2021-04-21,0.43342776203966,NA,0.0329941020381898,0.0329941020381898,NA,NA,NA,NA
2021-04-22,0.419263456090652,NA,0.0315370728268629,0.0315370728268629,NA,NA,NA,NA
2021-04-23,0.407932011331445,NA,0.0303714494578014,0.0303714494578014,NA,NA,NA,NA
2021-04-24,0.436260623229462,NA,0.0332855078804551,0.0332855078804551,NA,NA,NA,NA
2021-04-25,0.473087818696884,NA,0.0370737838299049,0.0370737838299049,NA,NA,NA,NA
2021-04-26,0.410764872521246,NA,0.0306628553000668,0.0306628553000668,NA,NA,NA,NA
2021-04-27,0.396600566572238,NA,0.0292058260887399,0.0292058260887399,NA,NA,NA,NA
2021-04-28,0.388101983002833,NA,0.0283316085619438,0.0283316085619438,NA,NA,NA,NA
2021-04-29,0.371104815864023,NA,0.0265831735083516,0.0265831735083516,NA,NA,NA,NA
2021-04-30,0.348441926345609,NA,0.0242519267702287,0.0242519267702287,NA,NA,NA,NA
2021-05-01,0.334277620396601,NA,0.0227948975589018,0.0227948975589018,NA,NA,NA,NA
2021-05-02,0.325779036827196,NA,0.0219206800321057,0.0219206800321057,NA,NA,NA,NA
2021-05-03,0.331444759206799,NA,0.0225034917166364,0.0225034917166364,NA,NA,NA,NA
2021-05-04,0.325779036827196,NA,0.0219206800321057,0.0219206800321057,NA,NA,NA,NA
2021-05-05,0.311614730878187,NA,0.0204636508207788,0.0204636508207788,NA,NA,NA,NA
2021-05-06,0.305949008498584,NA,0.0198808391362481,0.0198808391362481,NA,NA,NA,NA
2021-05-07,0.30028328611898,NA,0.0192980274517174,0.0192980274517174,NA,NA,NA,NA
2021-05-08,0.291784702549575,NA,0.0184238099249213,0.0184238099249213,NA,NA,NA,NA
2021-05-09,0.28328611898017,NA,0.0175495923981251,0.0175495923981251,NA,NA,NA,NA
2021-05-10,0.279603399433428,NA,0.0171707648031802,0.0171707648031802,NA,NA,NA,NA
2021-05-11,0.270821529745043,NA,0.0162674066921575,0.0162674066921575,NA,NA,NA,NA
2021-05-12,0.263456090651558,NA,0.0155097515022675,0.0155097515022675,NA,NA,NA,NA
2021-05-13,0.259206798866856,NA,0.0150726427388695,0.0150726427388695,NA,NA,NA,NA
2021-05-14,0.25014164305949,NA,0.0141401440436203,0.0141401440436203,NA,NA,NA,NA
2021-05-15,0.240509915014164,NA,0.013149364179918,0.013149364179918,NA,NA,NA,NA
2021-05-16,0.234844192634561,NA,0.0125665524953873,0.0125665524953873,NA,NA,NA,NA
2021-05-17,0.234844192634561,NA,0.0125665524953873,0.0125665524953873,NA,NA,NA,NA
2021-05-18,0.234844192634561,NA,0.0125665524953873,0.0125665524953873,NA,NA,NA,NA
2021-05-19,0.231444759206799,NA,0.0122168654846689,0.0122168654846689,NA,NA,NA,NA
2021-05-20,0.222096317280453,NA,0.0112552262051931,0.0112552262051931,NA,NA,NA,NA
2021-05-21,0.213597733711048,NA,0.010381008678397,0.010381008678397,NA,NA,NA,NA
2021-05-22,0.208215297450425,NA,0.00982733757809282,0.00982733757809282,NA,NA,NA,NA
2021-05-23,0.205665722379603,NA,0.00956507232005399,0.00956507232005399,NA,NA,NA,NA
2021-05-24,0.19943342776204,NA,0.00892397946707017,0.00892397946707017,NA,NA,NA,NA
2021-05-25,0.19943342776204,NA,0.00892397946707017,0.00892397946707017,NA,NA,NA,NA
2021-05-26,0.196317280453258,NA,0.00860343304057827,0.00860343304057827,NA,NA,NA,NA
2021-05-27,0.188101983002833,NA,0.00775835609800869,0.00775835609800869,NA,NA,NA,NA
2021-05-28,0.18413597733711,NA,0.00735038791883717,0.00735038791883717,NA,NA,NA,NA
2021-05-29,0.196600566572238,NA,0.0086325736248048,0.0086325736248048,NA,NA,NA,NA
2021-05-30,0.227195467422096,NA,0.0117797567212708,0.0117797567212708,NA,NA,NA,NA
2021-05-31,0.201699716713881,NA,0.00915710414088247,0.00915710414088247,NA,NA,NA,NA
2021-06-01,0.190084985835694,NA,0.00796234018759445,0.00796234018759445,NA,NA,NA,NA
2021-06-02,0.187252124645892,NA,0.00767093434532908,0.00767093434532908,NA,NA,NA,NA
2021-06-03,0.18300283286119,NA,0.00723382558193103,0.00723382558193103,NA,NA,NA,NA
2021-06-04,0.181303116147309,NA,0.00705898207657181,0.00705898207657181,NA,NA,NA,NA
2021-06-05,0.173087818696884,NA,0.00621390513400223,0.00621390513400223,NA,NA,NA,NA
2021-06-06,0.16742209631728,NA,0.00563109344947149,0.00563109344947149,NA,NA,NA,NA
2021-06-07,0.1671388101983,NA,0.00560195286524495,0.00560195286524495,NA,NA,NA,NA
2021-06-08,0.160056657223796,NA,0.00487343825958153,0.00487343825958153,NA,NA,NA,NA
2021-06-09,0.174220963172805,NA,0.00633046747090838,0.00633046747090838,NA,NA,NA,NA
2021-06-10,0.209631728045326,NA,0.00997304049922551,0.00997304049922551,NA,NA,NA,NA
2021-06-11,0.229461756373938,NA,0.0120128813950831,0.0120128813950831,NA,NA,NA,NA
2021-06-12,0.291784702549575,NA,0.0184238099249213,0.0184238099249213,NA,NA,NA,NA
2021-06-13,0.379603399433428,NA,0.0274573910351477,0.0274573910351477,NA,NA,NA,NA
2021-06-14,0.345609065155807,NA,0.0239605209279633,0.0239605209279633,NA,NA,NA,NA
2021-06-15,0.235410764872521,NA,0.0126248336638404,0.0126248336638404,NA,NA,NA,NA
2021-06-16,0.195750708215297,NA,0.00854515187212519,0.00854515187212519,NA,NA,NA,NA
2021-06-17,0.170538243626062,NA,0.00595163987596339,0.00595163987596339,NA,NA,NA,NA
2021-06-18,0.160056657223796,NA,0.00487343825958153,0.00487343825958153,NA,NA,NA,NA
2021-06-19,0.160056657223796,NA,0.00487343825958153,0.00487343825958153,NA,NA,NA,NA
2021-06-20,0.154674220963173,NA,0.00431976715927732,0.00431976715927732,NA,NA,NA,NA
2021-06-21,0.141359773371105,NA,0.00295015970063008,0.00295015970063008,NA,NA,NA,NA
2021-06-22,0.137393767705382,NA,0.00254219152145856,0.00254219152145856,NA,NA,NA,NA
2021-06-23,0.131728045325779,NA,0.00195937983692782,0.00195937983692782,NA,NA,NA,NA
2021-06-24,0.131728045325779,NA,0.00195937983692782,0.00195937983692782,NA,NA,NA,NA
2021-06-25,0.129745042492918,NA,0.00175539574734206,0.00175539574734206,NA,NA,NA,NA
2021-06-26,0.123512747875354,NA,0.00111430289435825,0.00111430289435825,NA,NA,NA,NA
2021-06-27,0.167705382436261,NA,0.00566023403369802,0.00566023403369802,NA,NA,NA,NA
2021-06-28,0.179320113314448,NA,0.00685499798698604,0.00685499798698604,NA,NA,NA,NA
2021-06-29,0.141926345609065,NA,0.00300844086908316,0.00300844086908316,NA,NA,NA,NA
2021-06-30,0.128045325779037,NA,0.00158055224198284,0.00158055224198284,NA,NA,NA,NA
2021-07-01,0.130028328611898,NA,0.0017845363315686,0.0017845363315686,NA,NA,NA,NA
2021-07-02,0.165722379603399,NA,0.00545624994411227,0.00545624994411227,NA,NA,NA,NA
2021-07-03,0.138526912181303,NA,0.00265875385836471,0.00265875385836471,NA,NA,NA,NA
2021-07-04,0.122946175637394,NA,0.00105602172590517,0.00105602172590517,NA,NA,NA,NA
2021-07-05,0.118696883852691,NA,0.00061891296250712,0.00061891296250712,NA,NA,NA,NA
2021-07-06,0.11728045325779,NA,0.000473210041374432,0.000473210041374432,NA,NA,NA,NA
2021-07-07,0.112747875354108,NA,6.96069374984086e-06,6.96069374984086e-06,NA,NA,NA,NA
2021-07-08,0.147875354107649,NA,0.00362039313784043,0.00362039313784043,NA,NA,NA,NA
2021-07-09,0.137110481586402,NA,0.00251305093723202,0.00251305093723202,NA,NA,NA,NA
2021-07-10,0.153257790368272,NA,0.00417406423814464,0.00417406423814464,NA,NA,NA,NA
2021-07-11,0.172521246458924,NA,0.00615562396554916,0.00615562396554916,NA,NA,NA,NA
2021-07-12,0.140509915014164,NA,0.00286273794795047,0.00286273794795047,NA,NA,NA,NA
2021-07-13,0.120396600566572,NA,0.000793756467866341,0.000793756467866341,NA,NA,NA,NA
2021-07-14,0.112464589235127,NA,-2.21798904766965e-05,-2.21798904766965e-05,NA,NA,NA,NA
2021-07-15,0.112464589235127,NA,-2.21798904766965e-05,-2.21798904766965e-05,NA,NA,NA,NA
2021-07-16,0.110481586402266,NA,-0.000226163980062456,-0.000226163980062456,NA,NA,NA,NA
2021-07-17,0.109348441926346,NA,-0.000342726316968604,-0.000342726316968604,NA,NA,NA,NA
2021-07-18,0.119546742209632,NA,0.000706334715186729,0.000706334715186729,NA,NA,NA,NA
2021-07-19,0.104532577903683,NA,-0.000838116248819734,-0.000838116248819734,NA,NA,NA,NA
2021-07-20,0.10056657223796,NA,-0.00124608442799125,-0.00124608442799125,NA,NA,NA,NA
2021-07-21,0.0991501416430595,NA,-0.00139178734912394,-0.00139178734912394,NA,NA,NA,NA
2021-07-22,0.0951841359773371,NA,-0.00179975552829546,-0.00179975552829546,NA,NA,NA,NA
2021-07-23,0.0934844192634561,NA,-0.00197459903365468,-0.00197459903365468,NA,NA,NA,NA
2021-07-24,0.0895184135977337,NA,-0.0023825672128262,-0.0023825672128262,NA,NA,NA,NA
2021-07-25,0.0895184135977337,NA,-0.0023825672128262,-0.0023825672128262,NA,NA,NA,NA
2021-07-26,0.217563739376771,NA,0.0107889768575685,0.0107889768575685,NA,NA,NA,NA
2021-07-27,0.311614730878187,NA,0.0204636508207788,0.0204636508207788,NA,NA,NA,NA
2021-07-28,0.197733711048159,NA,0.00874913596171095,0.00874913596171095,NA,NA,NA,NA
2021-07-29,0.15042492917847,NA,0.00388265839587926,0.00388265839587926,NA,NA,NA,NA
2021-07-30,0.122946175637394,NA,0.00105602172590517,0.00105602172590517,NA,NA,NA,NA
2021-07-31,0.105665722379603,NA,-0.000721553911913586,-0.000721553911913586,NA,NA,NA,NA
2021-08-01,0.0943342776203966,NA,-0.00188717728097507,-0.00188717728097507,NA,NA,NA,NA
2021-08-02,0.0895184135977337,NA,-0.0023825672128262,-0.0023825672128262,NA,NA,NA,NA
2021-08-03,0.0895184135977337,NA,-0.0023825672128262,-0.0023825672128262,NA,NA,NA,NA
2021-08-04,0.088385269121813,NA,-0.00249912954973234,-0.00249912954973234,NA,NA,NA,NA
2021-08-05,0.0838526912181303,NA,-0.00296537889735694,-0.00296537889735694,NA,NA,NA,NA
2021-08-06,0.0830028328611898,NA,-0.00305280065003655,-0.00305280065003655,NA,NA,NA,NA
2021-08-07,0.0793201133144476,NA,-0.00343162824498153,-0.00343162824498153,NA,NA,NA,NA
2021-08-08,0.10056657223796,NA,-0.00124608442799125,-0.00124608442799125,NA,NA,NA,NA
2021-08-09,0.135127478753541,NA,0.00230906684764627,0.00230906684764627,NA,NA,NA,NA
2021-08-10,0.104532577903683,NA,-0.000838116248819734,-0.000838116248819734,NA,NA,NA,NA
2021-08-11,0.0943342776203966,NA,-0.00188717728097507,-0.00188717728097507,NA,NA,NA,NA
2021-08-12,0.0855524079320113,NA,-0.00279053539199771,-0.00279053539199771,NA,NA,NA,NA
2021-08-13,0.111614730878187,NA,-0.000109601643156309,-0.000109601643156309,NA,NA,NA,NA
2021-08-14,0.173937677053824,NA,0.00630132688668184,0.00630132688668184,NA,NA,NA,NA
2021-08-15,0.252691218130312,NA,0.0144024093016591,0.0144024093016591,NA,NA,NA,NA
2021-08-16,0.572237960339943,NA,0.0472729883091929,0.0472729883091929,NA,NA,NA,NA
2021-08-17,0.39943342776204,NA,0.0294972319310053,0.0294972319310053,NA,NA,NA,NA
2021-08-18,0.475920679886686,NA,0.0373651896721703,0.0373651896721703,NA,NA,NA,NA
2021-08-19,0.356940509915014,NA,0.0251261442970248,0.0251261442970248,NA,NA,NA,NA
2021-08-20,0.311614730878187,NA,0.0204636508207788,0.0204636508207788,NA,NA,NA,NA
2021-08-21,0.272804532577904,NA,0.0164713907817433,0.0164713907817433,NA,NA,NA,NA
2021-08-22,0.222662889518414,NA,0.0113135073736462,0.0113135073736462,NA,NA,NA,NA
2021-08-23,0.192067988668555,NA,0.00816632427718021,0.00816632427718021,NA,NA,NA,NA
2021-08-24,0.170821529745043,NA,0.00598078046018994,0.00598078046018994,NA,NA,NA,NA
2021-08-25,0.155807365439093,NA,0.00443632949618347,0.00443632949618347,NA,NA,NA,NA
2021-08-26,0.143342776203966,NA,0.00315414379021584,0.00315414379021584,NA,NA,NA,NA
2021-08-27,0.136827195467422,NA,0.00248391035300549,0.00248391035300549,NA,NA,NA,NA
2021-08-28,0.129745042492918,NA,0.00175539574734206,0.00175539574734206,NA,NA,NA,NA
2021-08-29,0.123512747875354,NA,0.00111430289435825,0.00111430289435825,NA,NA,NA,NA
2021-08-30,0.123796033994334,NA,0.00114344347858479,0.00114344347858479,NA,NA,NA,NA
2021-08-31,0.122379603399433,NA,0.000997740557452101,0.000997740557452101,NA,NA,NA,NA
2021-09-01,0.23257790368272,NA,0.012333427821575,0.012333427821575,NA,NA,NA,NA
2021-09-02,0.182152974504249,NA,0.00714640382925141,0.00714640382925141,NA,NA,NA,NA
2021-09-03,0.150991501416431,NA,0.00394093956433234,0.00394093956433234,NA,NA,NA,NA
2021-09-04,0.137110481586402,NA,0.00251305093723202,0.00251305093723202,NA,NA,NA,NA
2021-09-05,0.126062322946176,NA,0.00137656815239708,0.00137656815239708,NA,NA,NA,NA
2021-09-06,0.118696883852691,NA,0.00061891296250712,0.00061891296250712,NA,NA,NA,NA
2021-09-07,0.112181303116147,NA,-5.13204747032339e-05,-5.13204747032339e-05,NA,NA,NA,NA
2021-09-08,0.105382436260623,NA,-0.000750694496140122,-0.000750694496140122,NA,NA,NA,NA
2021-09-09,0.100849858356941,NA,-0.00121694384376471,-0.00121694384376471,NA,NA,NA,NA
2021-09-10,0.0980169971671388,NA,-0.00150834968603009,-0.00150834968603009,NA,NA,NA,NA
2021-09-11,0.0937677053824363,NA,-0.00194545844942814,-0.00194545844942814,NA,NA,NA,NA
2021-09-12,0.0912181303116147,NA,-0.00220772370746697,-0.00220772370746697,NA,NA,NA,NA
2021-09-13,0.0869688385269122,NA,-0.00264483247086503,-0.00264483247086503,NA,NA,NA,NA
2021-09-14,0.0864022662889518,NA,-0.00270311363931811,-0.00270311363931811,NA,NA,NA,NA
2021-09-15,0.0855524079320113,NA,-0.00279053539199771,-0.00279053539199771,NA,NA,NA,NA
2021-09-16,0.084985835694051,NA,-0.00284881656045079,-0.00284881656045079,NA,NA,NA,NA
2021-09-17,0.0898016997167139,NA,-0.00235342662859966,-0.00235342662859966,NA,NA,NA,NA
2021-09-18,0.102266288951841,NA,-0.00107124092263203,-0.00107124092263203,NA,NA,NA,NA
2021-09-19,0.105665722379603,NA,-0.000721553911913586,-0.000721553911913586,NA,NA,NA,NA
2021-09-20,0.0951841359773371,NA,-0.00179975552829546,-0.00179975552829546,NA,NA,NA,NA
2021-09-21,0.170254957507082,NA,0.00592249929173686,0.00592249929173686,NA,NA,NA,NA
2021-09-22,2.12181303116147,NA,0.206671984028351,0.206671984028351,NA,NA,NA,NA
2021-09-23,0.813031161473088,NA,0.0720424849017494,0.0720424849017494,NA,NA,NA,NA
2021-09-24,0.524079320113314,NA,0.0423190889906816,0.0423190889906816,NA,NA,NA,NA
2021-09-25,0.419263456090652,NA,0.0315370728268629,0.0315370728268629,NA,NA,NA,NA
2021-09-26,0.342776203966006,NA,0.0236691150856979,0.0236691150856979,NA,NA,NA,NA
2021-09-27,0.275070821529745,NA,0.0167045154555556,0.0167045154555556,NA,NA,NA,NA
2021-09-28,0.237677053824363,NA,0.0128579583376527,0.0128579583376527,NA,NA,NA,NA
2021-09-29,0.21586402266289,NA,0.0106141333522093,0.0106141333522093,NA,NA,NA,NA
2021-09-30,0.2,NA,0.00898226063552325,0.00898226063552325,NA,NA,NA,NA
2021-10-01,0.188101983002833,NA,0.00775835609800869,0.00775835609800869,NA,NA,NA,NA
2021-10-02,0.180453257790368,NA,0.00697156032389219,0.00697156032389219,NA,NA,NA,NA
2021-10-03,0.180736543909348,NA,0.00700070090811873,0.00700070090811873,NA,NA,NA,NA
2021-10-04,0.269121813031162,NA,0.0160925631867983,0.0160925631867983,NA,NA,NA,NA
2021-10-05,0.356940509915014,NA,0.0251261442970248,0.0251261442970248,NA,NA,NA,NA
2021-10-06,0.356940509915014,NA,0.0251261442970248,0.0251261442970248,NA,NA,NA,NA
2021-10-07,0.278753541076487,NA,0.0170833430505005,0.0170833430505005,NA,NA,NA,NA
2021-10-08,0.245325779036827,NA,0.0136447541117692,0.0136447541117692,NA,NA,NA,NA
2021-10-09,0.234844192634561,NA,0.0125665524953873,0.0125665524953873,NA,NA,NA,NA
2021-10-10,0.225495750708215,NA,0.0116049132159116,0.0116049132159116,NA,NA,NA,NA
2021-10-11,0.214164305949009,NA,0.0104392898468501,0.0104392898468501,NA,NA,NA,NA
2021-10-12,0.203682719546742,NA,0.00936108823046823,0.00936108823046823,NA,NA,NA,NA
2021-10-13,0.191784702549575,NA,0.00813718369295367,0.00813718369295367,NA,NA,NA,NA
2021-10-14,0.188101983002833,NA,0.00775835609800869,0.00775835609800869,NA,NA,NA,NA
2021-10-15,0.18300283286119,NA,0.00723382558193103,0.00723382558193103,NA,NA,NA,NA
2021-10-16,0.18300283286119,NA,0.00723382558193103,0.00723382558193103,NA,NA,NA,NA
2021-10-17,0.18300283286119,NA,0.00723382558193103,0.00723382558193103,NA,NA,NA,NA
2021-10-18,0.18300283286119,NA,0.00723382558193103,0.00723382558193103,NA,NA,NA,NA
2021-10-19,0.18300283286119,NA,0.00723382558193103,0.00723382558193103,NA,NA,NA,NA
2021-10-20,0.195467422096317,NA,0.00851601128789866,0.00851601128789866,NA,NA,NA,NA
2021-10-21,0.160056657223796,NA,0.00487343825958153,0.00487343825958153,NA,NA,NA,NA
2021-10-22,0.160056657223796,NA,0.00487343825958153,0.00487343825958153,NA,NA,NA,NA
2021-10-23,0.160056657223796,NA,0.00487343825958153,0.00487343825958153,NA,NA,NA,NA
2021-10-24,0.160056657223796,NA,0.00487343825958153,0.00487343825958153,NA,NA,NA,NA
2021-10-25,0.173371104815864,NA,0.00624304571822877,0.00624304571822877,NA,NA,NA,NA
2021-10-26,0.205382436260623,NA,0.00953593173582745,0.00953593173582745,NA,NA,NA,NA
2021-10-27,0.205949008498584,NA,0.00959421290428052,0.00959421290428052,NA,NA,NA,NA
2021-10-28,0.203116147308782,NA,0.00930280706201516,0.00930280706201516,NA,NA,NA,NA
2021-10-29,0.303116147308782,NA,0.0195894332939827,0.0195894332939827,NA,NA,NA,NA
2021-10-30,0.297450424929179,NA,0.019006621609452,0.019006621609452,NA,NA,NA,NA
2021-10-31,0.260339943342776,NA,0.0151892050757756,0.0151892050757756,NA,NA,NA,NA
2021-11-01,0.244475920679887,NA,0.0135573323590896,0.0135573323590896,NA,NA,NA,NA
2021-11-02,0.234844192634561,NA,0.0125665524953873,0.0125665524953873,NA,NA,NA,NA
2021-11-03,0.226912181303116,NA,0.0117506161370443,0.0117506161370443,NA,NA,NA,NA
2021-11-04,0.225779036827195,NA,0.0116340538001381,0.0116340538001381,NA,NA,NA,NA
2021-11-05,0.219830028328612,NA,0.0110221015313808,0.0110221015313808,NA,NA,NA,NA
2021-11-06,0.21671388101983,NA,0.0107015551048889,0.0107015551048889,NA,NA,NA,NA
2021-11-07,0.21671388101983,NA,0.0107015551048889,0.0107015551048889,NA,NA,NA,NA
2021-11-08,0.21671388101983,NA,0.0107015551048889,0.0107015551048889,NA,NA,NA,NA
2021-11-09,0.213314447592068,NA,0.0103518680941705,0.0103518680941705,NA,NA,NA,NA
2021-11-10,0.208215297450425,NA,0.00982733757809282,0.00982733757809282,NA,NA,NA,NA
2021-11-11,0.208215297450425,NA,0.00982733757809282,0.00982733757809282,NA,NA,NA,NA
2021-11-12,0.552407932011332,NA,0.0452331474133353,0.0452331474133353,NA,NA,NA,NA
2021-11-13,0.362606232294618,NA,0.0257089559815555,0.0257089559815555,NA,NA,NA,NA
2021-11-14,0.294617563739377,NA,0.0187152157671866,0.0187152157671866,NA,NA,NA,NA
2021-11-15,0.261189801699717,NA,0.0152766268284552,0.0152766268284552,NA,NA,NA,NA
2021-11-16,0.256940509915014,NA,0.0148395180650572,0.0148395180650572,NA,NA,NA,NA
2021-11-17,0.265439093484419,NA,0.0157137355918533,0.0157137355918533,NA,NA,NA,NA
2021-11-18,0.348441926345609,NA,0.0242519267702287,0.0242519267702287,NA,NA,NA,NA
2021-11-19,0.152691218130312,NA,0.00411578306969156,0.00411578306969156,NA,NA,NA,NA
2021-11-20,0.157223796033994,NA,0.00458203241731615,0.00458203241731615,NA,NA,NA,NA
2021-11-21,0.14957507082153,NA,0.00379523664319966,0.00379523664319966,NA,NA,NA,NA
2021-11-22,0.141926345609065,NA,0.00300844086908316,0.00300844086908316,NA,NA,NA,NA
2021-11-23,0.141926345609065,NA,0.00300844086908316,0.00300844086908316,NA,NA,NA,NA
2021-11-24,0.136543909348442,NA,0.00245476976877895,0.00245476976877895,NA,NA,NA,NA
2021-11-25,0.135127478753541,NA,0.00230906684764627,0.00230906684764627,NA,NA,NA,NA
2021-11-26,0.135127478753541,NA,0.00230906684764627,0.00230906684764627,NA,NA,NA,NA
2021-11-27,0.135127478753541,NA,0.00230906684764627,0.00230906684764627,NA,NA,NA,NA
2021-11-28,0.135127478753541,NA,0.00230906684764627,0.00230906684764627,NA,NA,NA,NA
2021-11-29,0.131444759206799,NA,0.00193023925270129,0.00193023925270129,NA,NA,NA,NA
2021-11-30,0.128328611898017,NA,0.00160969282620938,0.00160969282620938,NA,NA,NA,NA
2021-12-01,0.128328611898017,NA,0.00160969282620938,0.00160969282620938,NA,NA,NA,NA
2021-12-02,0.128328611898017,NA,0.00160969282620938,0.00160969282620938,NA,NA,NA,NA
2021-12-03,0.125212464589235,NA,0.00128914639971747,0.00128914639971747,NA,NA,NA,NA
2021-12-04,0.121813031161473,NA,0.000939459388999024,0.000939459388999024,NA,NA,NA,NA
2021-12-05,0.121813031161473,NA,0.000939459388999024,0.000939459388999024,NA,NA,NA,NA
2021-12-06,0.121813031161473,NA,0.000939459388999024,0.000939459388999024,NA,NA,NA,NA
2021-12-07,0.121813031161473,NA,0.000939459388999024,0.000939459388999024,NA,NA,NA,NA
2021-12-08,0.119263456090652,NA,0.000677194130960193,0.000677194130960193,NA,NA,NA,NA
2021-12-09,0.115580736543909,NA,0.000298366536015211,0.000298366536015211,NA,NA,NA,NA
2021-12-10,0.120963172804533,NA,0.000852037636319414,0.000852037636319414,NA,NA,NA,NA
2021-12-11,0.140793201133144,NA,0.00289187853217701,0.00289187853217701,NA,NA,NA,NA
2021-12-12,0.134844192634561,NA,0.00227992626341973,0.00227992626341973,NA,NA,NA,NA
2021-12-13,0.118696883852691,NA,0.00061891296250712,0.00061891296250712,NA,NA,NA,NA
2021-12-14,0.115580736543909,NA,0.000298366536015211,0.000298366536015211,NA,NA,NA,NA
2021-12-15,0.110764872521246,NA,-0.000197023395835917,-0.000197023395835917,NA,NA,NA,NA
2021-12-16,0.109631728045326,NA,-0.000313585732742067,-0.000313585732742067,NA,NA,NA,NA
2021-12-17,0.109631728045326,NA,-0.000313585732742067,-0.000313585732742067,NA,NA,NA,NA
2021-12-18,0.111898016997167,NA,-8.04610589297695e-05,-8.04610589297695e-05,NA,NA,NA,NA
2021-12-19,0.114447592067989,NA,0.000181804199109063,0.000181804199109063,NA,NA,NA,NA
2021-12-20,0.109631728045326,NA,-0.000313585732742067,-0.000313585732742067,NA,NA,NA,NA
2021-12-21,0.109631728045326,NA,-0.000313585732742067,-0.000313585732742067,NA,NA,NA,NA
2021-12-22,0.109631728045326,NA,-0.000313585732742067,-0.000313585732742067,NA,NA,NA,NA
2021-12-23,0.109631728045326,NA,-0.000313585732742067,-0.000313585732742067,NA,NA,NA,NA
2021-12-24,0.109631728045326,NA,-0.000313585732742067,-0.000313585732742067,NA,NA,NA,NA
2021-12-25,0.109631728045326,NA,-0.000313585732742067,-0.000313585732742067,NA,NA,NA,NA
2021-12-26,0.109631728045326,NA,-0.000313585732742067,-0.000313585732742067,NA,NA,NA,NA
2021-12-27,0.109631728045326,NA,-0.000313585732742067,-0.000313585732742067,NA,NA,NA,NA
2021-12-28,0.109631728045326,NA,-0.000313585732742067,-0.000313585732742067,NA,NA,NA,NA
2021-12-29,0.109631728045326,NA,-0.000313585732742067,-0.000313585732742067,NA,NA,NA,NA
2021-12-30,0.115580736543909,NA,0.000298366536015211,0.000298366536015211,NA,NA,NA,NA
2021-12-31,0.112181303116147,NA,-5.13204747032339e-05,-5.13204747032339e-05,NA,NA,NA,NA
2022-01-01,0.153824362606232,NA,0.00423234540659771,0.00423234540659771,NA,NA,NA,NA
2022-01-02,0.393767705382436,NA,0.0289144202464746,0.0289144202464746,NA,NA,NA,NA
2022-01-03,0.651558073654391,NA,0.0554323518926233,0.0554323518926233,NA,NA,NA,NA
2022-01-04,0.447592067988669,NA,0.0344511312495166,0.0344511312495166,NA,NA,NA,NA
2022-01-05,0.334277620396601,NA,0.0227948975589018,0.0227948975589018,NA,NA,NA,NA
2022-01-06,0.288951841359773,NA,0.0181324040826559,0.0181324040826559,NA,NA,NA,NA
2022-01-07,0.256657223796034,NA,0.0148103774808307,0.0148103774808307,NA,NA,NA,NA
2022-01-08,0.220963172804533,NA,0.011138663868287,0.011138663868287,NA,NA,NA,NA
2022-01-09,0.210764872521246,NA,0.0100896028361317,0.0100896028361317,NA,NA,NA,NA
2022-01-10,0.219830028328612,NA,0.0110221015313808,0.0110221015313808,NA,NA,NA,NA
2022-01-11,0.198866855524079,NA,0.0088656982986171,0.0088656982986171,NA,NA,NA,NA
2022-01-12,0.188101983002833,NA,0.00775835609800869,0.00775835609800869,NA,NA,NA,NA
2022-01-13,0.181019830028329,NA,0.00702984149234526,0.00702984149234526,NA,NA,NA,NA
2022-01-14,0.174787535410765,NA,0.00638874863936145,0.00638874863936145,NA,NA,NA,NA
2022-01-15,0.160623229461756,NA,0.0049317194280346,0.0049317194280346,NA,NA,NA,NA
2022-01-16,0.260339943342776,NA,0.0151892050757756,0.0151892050757756,NA,NA,NA,NA
2022-01-17,0.308781869688385,NA,0.0201722449785135,0.0201722449785135,NA,NA,NA,NA
2022-01-18,0.16657223796034,NA,0.00554367169679188,0.00554367169679188,NA,NA,NA,NA
2022-01-19,0.151558073654391,NA,0.00399922073278542,0.00399922073278542,NA,NA,NA,NA
2022-01-20,0.182436260623229,NA,0.00717554441347795,0.00717554441347795,NA,NA,NA,NA
2022-01-21,0.192351274787535,NA,0.00819546486140675,0.00819546486140675,NA,NA,NA,NA
2022-01-22,0.171954674220963,NA,0.00609734279709608,0.00609734279709608,NA,NA,NA,NA
2022-01-23,0.163456090651558,NA,0.00522312527029997,0.00522312527029997,NA,NA,NA,NA
2022-01-24,0.163739376770538,NA,0.00525226585452651,0.00525226585452651,NA,NA,NA,NA
2022-01-25,0.182152974504249,NA,0.00714640382925141,0.00714640382925141,NA,NA,NA,NA
2022-01-26,0.219830028328612,NA,0.0110221015313808,0.0110221015313808,NA,NA,NA,NA
2022-01-27,0.19971671388102,NA,0.00895312005129671,0.00895312005129671,NA,NA,NA,NA
2022-01-28,0.195467422096317,NA,0.00851601128789866,0.00851601128789866,NA,NA,NA,NA
2022-01-29,0.191501416430595,NA,0.00810804310872713,0.00810804310872713,NA,NA,NA,NA
2022-01-30,0.174504249291785,NA,0.00635960805513491,0.00635960805513491,NA,NA,NA,NA
2022-01-31,0.165722379603399,NA,0.00545624994411227,0.00545624994411227,NA,NA,NA,NA
2022-02-01,0.163739376770538,NA,0.00525226585452651,0.00525226585452651,NA,NA,NA,NA
2022-02-02,0.160906515580737,NA,0.00496086001226113,0.00496086001226113,NA,NA,NA,NA
2022-02-03,0.626062322946176,NA,0.0528096993122349,0.0528096993122349,NA,NA,NA,NA
2022-02-04,1.37677053824363,NA,0.130032247512558,0.130032247512558,NA,NA,NA,NA
2022-02-05,0.898016997167139,NA,0.0807846601697105,0.0807846601697105,NA,NA,NA,NA
2022-02-06,0.68271954674221,NA,0.0586378161575423,0.0586378161575423,NA,NA,NA,NA
2022-02-07,0.552407932011332,NA,0.0452331474133353,0.0452331474133353,NA,NA,NA,NA
2022-02-08,0.464589235127479,NA,0.0361995663031088,0.0361995663031088,NA,NA,NA,NA
2022-02-09,0.563739376770538,NA,0.0463987707823968,0.0463987707823968,NA,NA,NA,NA
2022-02-10,0.43342776203966,NA,0.0329941020381898,0.0329941020381898,NA,NA,NA,NA
2022-02-11,0.273371104815864,NA,0.0165296719501963,0.0165296719501963,NA,NA,NA,NA
2022-02-12,0.277903682719547,NA,0.0169959212978209,0.0169959212978209,NA,NA,NA,NA
2022-02-13,0.28328611898017,NA,0.0175495923981251,0.0175495923981251,NA,NA,NA,NA
2022-02-14,0.28328611898017,NA,0.0175495923981251,0.0175495923981251,NA,NA,NA,NA
2022-02-15,0.274220963172805,NA,0.0166170937028759,0.0166170937028759,NA,NA,NA,NA
2022-02-16,0.273371104815864,NA,0.0165296719501963,0.0165296719501963,NA,NA,NA,NA
2022-02-17,0.273371104815864,NA,0.0165296719501963,0.0165296719501963,NA,NA,NA,NA
2022-02-18,0.305949008498584,NA,0.0198808391362481,0.0198808391362481,NA,NA,NA,NA
2022-02-19,0.275920679886686,NA,0.0167919372082352,0.0167919372082352,NA,NA,NA,NA
2022-02-20,0.267705382436261,NA,0.0159468602656656,0.0159468602656656,NA,NA,NA,NA
2022-02-21,0.263456090651558,NA,0.0155097515022675,0.0155097515022675,NA,NA,NA,NA
2022-02-22,0.255524079320113,NA,0.0146938151439245,0.0146938151439245,NA,NA,NA,NA
2022-02-23,0.253824362606232,NA,0.0145189716385653,0.0145189716385653,NA,NA,NA,NA
2022-02-24,0.546742209631728,NA,0.0446503357288046,0.0446503357288046,NA,NA,NA,NA
2022-02-25,0.631728045325779,NA,0.0533925109967657,0.0533925109967657,NA,NA,NA,NA
2022-02-26,0.512747875354108,NA,0.0411534656216201,0.0411534656216201,NA,NA,NA,NA
2022-02-27,0.444759206798867,NA,0.0341597254072512,0.0341597254072512,NA,NA,NA,NA
2022-02-28,0.39943342776204,NA,0.0294972319310053,0.0294972319310053,NA,NA,NA,NA
2022-03-01,0.368271954674221,NA,0.0262917676660862,0.0262917676660862,NA,NA,NA,NA
2022-03-02,0.337110481586402,NA,0.0230863034011672,0.0230863034011672,NA,NA,NA,NA
2022-03-03,0.314447592067989,NA,0.0207550566630442,0.0207550566630442,NA,NA,NA,NA
2022-03-04,0.294617563739377,NA,0.0187152157671866,0.0187152157671866,NA,NA,NA,NA
2022-03-05,0.279036827195467,NA,0.0171124836347271,0.0171124836347271,NA,NA,NA,NA
2022-03-06,0.273371104815864,NA,0.0165296719501963,0.0165296719501963,NA,NA,NA,NA
2022-03-07,0.264589235127479,NA,0.0156263138391737,0.0156263138391737,NA,NA,NA,NA
2022-03-08,0.264022662889518,NA,0.0155680326707206,0.0155680326707206,NA,NA,NA,NA
2022-03-09,0.39943342776204,NA,0.0294972319310053,0.0294972319310053,NA,NA,NA,NA
2022-03-10,0.354107648725212,NA,0.0248347384547594,0.0248347384547594,NA,NA,NA,NA
2022-03-11,0.322946175637394,NA,0.0216292741898403,0.0216292741898403,NA,NA,NA,NA
2022-03-12,0.354107648725212,NA,0.0248347384547594,0.0248347384547594,NA,NA,NA,NA
2022-03-13,0.328611898016997,NA,0.0222120858743711,0.0222120858743711,NA,NA,NA,NA
2022-03-14,0.314447592067989,NA,0.0207550566630442,0.0207550566630442,NA,NA,NA,NA
2022-03-15,0.30028328611898,NA,0.0192980274517174,0.0192980274517174,NA,NA,NA,NA
2022-03-16,0.291784702549575,NA,0.0184238099249213,0.0184238099249213,NA,NA,NA,NA
2022-03-17,0.291784702549575,NA,0.0184238099249213,0.0184238099249213,NA,NA,NA,NA
2022-03-18,0.28271954674221,NA,0.0174913112296721,0.0174913112296721,NA,NA,NA,NA
2022-03-19,0.270254957507082,NA,0.0162091255237044,0.0162091255237044,NA,NA,NA,NA
2022-03-20,0.256373937677054,NA,0.0147812368966041,0.0147812368966041,NA,NA,NA,NA
2022-03-21,0.253824362606232,NA,0.0145189716385653,0.0145189716385653,NA,NA,NA,NA
2022-03-22,0.246742209631728,NA,0.0137904570329019,0.0137904570329019,NA,NA,NA,NA
2022-03-23,0.422096317280453,NA,0.0318284786691283,0.0318284786691283,NA,NA,NA,NA
2022-03-24,0.668555240793201,NA,0.0571807869462155,0.0571807869462155,NA,NA,NA,NA
2022-03-25,0.512747875354108,NA,0.0411534656216201,0.0411534656216201,NA,NA,NA,NA
2022-03-26,0.439093484419263,NA,0.0335769137227205,0.0335769137227205,NA,NA,NA,NA
2022-03-27,0.388101983002833,NA,0.0283316085619438,0.0283316085619438,NA,NA,NA,NA
2022-03-28,0.342776203966006,NA,0.0236691150856979,0.0236691150856979,NA,NA,NA,NA
2022-03-29,0.320113314447592,NA,0.021337868347575,0.021337868347575,NA,NA,NA,NA
2022-03-30,0.305949008498584,NA,0.0198808391362481,0.0198808391362481,NA,NA,NA,NA
2022-03-31,0.305949008498584,NA,0.0198808391362481,0.0198808391362481,NA,NA,NA,NA
2022-04-01,0.28328611898017,NA,0.0175495923981251,0.0175495923981251,NA,NA,NA,NA
2022-04-02,0.268838526912181,NA,0.0160634226025718,0.0160634226025718,NA,NA,NA,NA
2022-04-03,0.258356940509915,NA,0.0149852209861899,0.0149852209861899,NA,NA,NA,NA
2022-04-04,0.244475920679887,NA,0.0135573323590896,0.0135573323590896,NA,NA,NA,NA
2022-04-05,0.331444759206799,NA,0.0225034917166364,0.0225034917166364,NA,NA,NA,NA
2022-04-06,0.946175637393768,NA,0.0857385594882218,0.0857385594882218,NA,NA,NA,NA
2022-04-07,0.963172804532578,NA,0.087486994541814,0.087486994541814,NA,NA,NA,NA
2022-04-08,0.773371104815864,NA,0.0679628031100342,0.0679628031100342,NA,NA,NA,NA
2022-04-09,0.628895184135977,NA,0.0531011051545003,0.0531011051545003,NA,NA,NA,NA
2022-04-10,0.518413597733711,NA,0.0417362773061509,0.0417362773061509,NA,NA,NA,NA
2022-04-11,0.456090651558074,NA,0.0353253487763127,0.0353253487763127,NA,NA,NA,NA
2022-04-12,0.41643059490085,NA,0.0312456669845975,0.0312456669845975,NA,NA,NA,NA
2022-04-13,0.388101983002833,NA,0.0283316085619438,0.0283316085619438,NA,NA,NA,NA
2022-04-14,0.359773371104816,NA,0.0254175501392901,0.0254175501392901,NA,NA,NA,NA
2022-04-15,0.328611898016997,NA,0.0222120858743711,0.0222120858743711,NA,NA,NA,NA
2022-04-16,0.311614730878187,NA,0.0204636508207788,0.0204636508207788,NA,NA,NA,NA
2022-04-17,0.297450424929179,NA,0.019006621609452,0.019006621609452,NA,NA,NA,NA
2022-04-18,0.526912181303116,NA,0.042610494832947,0.042610494832947,NA,NA,NA,NA
2022-04-19,0.504249291784703,NA,0.040279248094824,0.040279248094824,NA,NA,NA,NA
2022-04-20,0.424929178470255,NA,0.0321198845113937,0.0321198845113937,NA,NA,NA,NA
2022-04-21,0.382436260623229,NA,0.0277487968774131,0.0277487968774131,NA,NA,NA,NA
2022-04-22,0.351274787535411,NA,0.024543332612494,0.024543332612494,NA,NA,NA,NA
2022-04-23,0.325779036827196,NA,0.0219206800321057,0.0219206800321057,NA,NA,NA,NA
2022-04-24,0.308781869688385,NA,0.0201722449785135,0.0201722449785135,NA,NA,NA,NA
2022-04-25,0.288951841359773,NA,0.0181324040826559,0.0181324040826559,NA,NA,NA,NA
2022-04-26,0.279603399433428,NA,0.0171707648031802,0.0171707648031802,NA,NA,NA,NA
2022-04-27,0.257507082152975,NA,0.0148977992335103,0.0148977992335103,NA,NA,NA,NA
2022-04-28,0.244192634560907,NA,0.013528191774863,0.013528191774863,NA,NA,NA,NA
2022-04-29,0.244192634560907,NA,0.013528191774863,0.013528191774863,NA,NA,NA,NA
2022-04-30,0.244192634560907,NA,0.013528191774863,0.013528191774863,NA,NA,NA,NA
2022-05-01,0.244192634560907,NA,0.013528191774863,0.013528191774863,NA,NA,NA,NA
2022-05-02,0.236260623229462,NA,0.01271225541652,0.01271225541652,NA,NA,NA,NA
2022-05-03,0.225779036827195,NA,0.0116340538001381,0.0116340538001381,NA,NA,NA,NA
2022-05-04,0.222946175637394,NA,0.0113426479578728,0.0113426479578728,NA,NA,NA,NA
2022-05-05,0.21614730878187,NA,0.0106432739364359,0.0106432739364359,NA,NA,NA,NA
2022-05-06,0.221529745042493,NA,0.0111969450367401,0.0111969450367401,NA,NA,NA,NA
2022-05-07,0.280736543909348,NA,0.0172873271400863,0.0172873271400863,NA,NA,NA,NA
2022-05-08,0.251558073654391,NA,0.014285846964753,0.014285846964753,NA,NA,NA,NA
2022-05-09,0.230594900849858,NA,0.0121294437319893,0.0121294437319893,NA,NA,NA,NA
2022-05-10,0.213597733711048,NA,0.010381008678397,0.010381008678397,NA,NA,NA,NA
2022-05-11,0.208215297450425,NA,0.00982733757809282,0.00982733757809282,NA,NA,NA,NA
2022-05-12,0.204532577903683,NA,0.00944850998314784,0.00944850998314784,NA,NA,NA,NA
2022-05-13,0.19943342776204,NA,0.00892397946707017,0.00892397946707017,NA,NA,NA,NA
2022-05-14,0.19943342776204,NA,0.00892397946707017,0.00892397946707017,NA,NA,NA,NA
2022-05-15,0.19943342776204,NA,0.00892397946707017,0.00892397946707017,NA,NA,NA,NA
2022-05-16,0.195750708215297,NA,0.00854515187212519,0.00854515187212519,NA,NA,NA,NA
2022-05-17,0.187252124645892,NA,0.00767093434532908,0.00767093434532908,NA,NA,NA,NA
2022-05-18,0.180736543909348,NA,0.00700070090811873,0.00700070090811873,NA,NA,NA,NA
2022-05-19,0.172521246458924,NA,0.00615562396554916,0.00615562396554916,NA,NA,NA,NA
2022-05-20,0.165722379603399,NA,0.00545624994411227,0.00545624994411227,NA,NA,NA,NA
2022-05-21,0.160056657223796,NA,0.00487343825958153,0.00487343825958153,NA,NA,NA,NA
2022-05-22,0.160056657223796,NA,0.00487343825958153,0.00487343825958153,NA,NA,NA,NA
2022-05-23,0.230594900849858,NA,0.0121294437319893,0.0121294437319893,NA,NA,NA,NA
2022-05-24,0.793201133144476,NA,0.0700026440058918,0.0700026440058918,NA,NA,NA,NA
2022-05-25,0.507082152974504,NA,0.0405706539370894,0.0405706539370894,NA,NA,NA,NA
2022-05-26,0.41643059490085,NA,0.0312456669845975,0.0312456669845975,NA,NA,NA,NA
2022-05-27,1.12747875354108,NA,0.104388533393205,0.104388533393205,NA,NA,NA,NA
2022-05-28,0.994334277620397,NA,0.0906924588067331,0.0906924588067331,NA,NA,NA,NA
2022-05-29,0.662889518413598,NA,0.0565979752616848,0.0565979752616848,NA,NA,NA,NA
2022-05-30,0.538243626062323,NA,0.0437761182020085,0.0437761182020085,NA,NA,NA,NA
2022-05-31,0.46742209631728,NA,0.0364909721453742,0.0364909721453742,NA,NA,NA,NA
2022-06-01,0.402266288951841,NA,0.0297886377732707,0.0297886377732707,NA,NA,NA,NA
2022-06-02,0.339943342776204,NA,0.0233777092434325,0.0233777092434325,NA,NA,NA,NA
2022-06-03,0.297450424929179,NA,0.019006621609452,0.019006621609452,NA,NA,NA,NA
2022-06-04,0.263172804532578,NA,0.015480610918041,0.015480610918041,NA,NA,NA,NA
2022-06-05,0.238243626062323,NA,0.0129162395061057,0.0129162395061057,NA,NA,NA,NA
2022-06-06,0.223512747875354,NA,0.0114009291263258,0.0114009291263258,NA,NA,NA,NA
2022-06-07,0.215014164305949,NA,0.0105267115995297,0.0105267115995297,NA,NA,NA,NA
2022-06-08,0.30028328611898,NA,0.0192980274517174,0.0192980274517174,NA,NA,NA,NA
2022-06-09,0.265439093484419,NA,0.0157137355918533,0.0157137355918533,NA,NA,NA,NA
2022-06-10,0.225212464589235,NA,0.011575772631685,0.011575772631685,NA,NA,NA,NA
2022-06-11,0.204815864022663,NA,0.00947765056737438,0.00947765056737438,NA,NA,NA,NA
2022-06-12,0.194334277620397,NA,0.00839944895099251,0.00839944895099251,NA,NA,NA,NA
2022-06-13,0.180453257790368,NA,0.00697156032389219,0.00697156032389219,NA,NA,NA,NA
2022-06-14,0.171954674220963,NA,0.00609734279709608,0.00609734279709608,NA,NA,NA,NA
2022-06-15,0.164305949008499,NA,0.00531054702297958,0.00531054702297958,NA,NA,NA,NA
2022-06-16,0.159490084985836,NA,0.00481515709112845,0.00481515709112845,NA,NA,NA,NA
2022-06-17,0.270821529745043,NA,0.0162674066921575,0.0162674066921575,NA,NA,NA,NA
2022-06-18,0.186118980169972,NA,0.00755437200842293,0.00755437200842293,NA,NA,NA,NA
2022-06-19,0.162039660056657,NA,0.00507742234916728,0.00507742234916728,NA,NA,NA,NA
2022-06-20,0.152691218130312,NA,0.00411578306969156,0.00411578306969156,NA,NA,NA,NA
2022-06-21,0.15014164305949,NA,0.00385351781165273,0.00385351781165273,NA,NA,NA,NA
2022-06-22,0.143626062322946,NA,0.00318328437444238,0.00318328437444238,NA,NA,NA,NA
2022-06-23,0.138526912181303,NA,0.00265875385836471,0.00265875385836471,NA,NA,NA,NA
2022-06-24,0.136260623229462,NA,0.00242562918455241,0.00242562918455241,NA,NA,NA,NA
2022-06-25,0.128045325779037,NA,0.00158055224198284,0.00158055224198284,NA,NA,NA,NA
2022-06-26,0.124362606232295,NA,0.00120172464703786,0.00120172464703786,NA,NA,NA,NA
2022-06-27,0.124079320113314,NA,0.00117258406281132,0.00117258406281132,NA,NA,NA,NA
2022-06-28,0.119546742209632,NA,0.000706334715186729,0.000706334715186729,NA,NA,NA,NA
2022-06-29,0.110481586402266,NA,-0.000226163980062456,-0.000226163980062456,NA,NA,NA,NA
2022-06-30,0.107082152974504,NA,-0.000575850990780901,-0.000575850990780901,NA,NA,NA,NA
2022-07-01,0.110764872521246,NA,-0.000197023395835917,-0.000197023395835917,NA,NA,NA,NA
2022-07-02,0.106515580736544,NA,-0.000634132159233976,-0.000634132159233976,NA,NA,NA,NA
2022-07-03,0.106515580736544,NA,-0.000634132159233976,-0.000634132159233976,NA,NA,NA,NA
2022-07-04,0.104815864022663,NA,-0.000808975664593195,-0.000808975664593195,NA,NA,NA,NA
2022-07-05,0.120113314447592,NA,0.000764615883639805,0.000764615883639805,NA,NA,NA,NA
2022-07-06,0.156373937677054,NA,0.00449461066463654,0.00449461066463654,NA,NA,NA,NA
2022-07-07,0.180169971671388,NA,0.00694241973966566,0.00694241973966566,NA,NA,NA,NA
2022-07-08,0.157223796033994,NA,0.00458203241731615,0.00458203241731615,NA,NA,NA,NA
2022-07-09,0.192351274787535,NA,0.00819546486140675,0.00819546486140675,NA,NA,NA,NA
2022-07-10,0.356940509915014,NA,0.0251261442970248,0.0251261442970248,NA,NA,NA,NA
2022-07-11,0.224362606232295,NA,0.0114883508790054,0.0114883508790054,NA,NA,NA,NA
2022-07-12,0.182152974504249,NA,0.00714640382925141,0.00714640382925141,NA,NA,NA,NA
2022-07-13,0.165155807365439,NA,0.00539796877565919,0.00539796877565919,NA,NA,NA,NA
2022-07-14,0.148441926345609,NA,0.00367867430629351,0.00367867430629351,NA,NA,NA,NA
2022-07-15,0.13342776203966,NA,0.00213422334228704,0.00213422334228704,NA,NA,NA,NA
2022-07-16,0.123512747875354,NA,0.00111430289435825,0.00111430289435825,NA,NA,NA,NA
2022-07-17,0.151841359773371,NA,0.00402836131701195,0.00402836131701195,NA,NA,NA,NA
2022-07-18,0.173937677053824,NA,0.00630132688668184,0.00630132688668184,NA,NA,NA,NA
2022-07-19,0.160339943342776,NA,0.00490257884380806,0.00490257884380806,NA,NA,NA,NA
2022-07-20,0.139660056657224,NA,0.00277531619527086,0.00277531619527086,NA,NA,NA,NA
2022-07-21,0.123512747875354,NA,0.00111430289435825,0.00111430289435825,NA,NA,NA,NA
2022-07-22,0.110198300283286,NA,-0.000255304564288992,-0.000255304564288992,NA,NA,NA,NA
2022-07-23,0.103682719546742,NA,-0.000925538001499344,-0.000925538001499344,NA,NA,NA,NA
2022-07-24,0.10056657223796,NA,-0.00124608442799125,-0.00124608442799125,NA,NA,NA,NA
2022-07-25,0.112464589235127,NA,-2.21798904766965e-05,-2.21798904766965e-05,NA,NA,NA,NA
2022-07-26,0.124929178470255,NA,0.00126000581549093,0.00126000581549093,NA,NA,NA,NA
2022-07-27,0.134844192634561,NA,0.00227992626341973,0.00227992626341973,NA,NA,NA,NA
2022-07-28,0.126345609065156,NA,0.00140570873662362,0.00140570873662362,NA,NA,NA,NA
2022-07-29,0.115297450424929,NA,0.000269225951788675,0.000269225951788675,NA,NA,NA,NA
2022-07-30,0.107082152974504,NA,-0.000575850990780901,-0.000575850990780901,NA,NA,NA,NA
2022-07-31,0.123512747875354,NA,0.00111430289435825,0.00111430289435825,NA,NA,NA,NA
2022-08-01,0.171671388101983,NA,0.00606820221286954,0.00606820221286954,NA,NA,NA,NA
2022-08-02,0.137393767705382,NA,0.00254219152145856,0.00254219152145856,NA,NA,NA,NA
2022-08-03,0.128895184135977,NA,0.00166797399466245,0.00166797399466245,NA,NA,NA,NA
2022-08-04,0.138243626062323,NA,0.00262961327413817,0.00262961327413817,NA,NA,NA,NA
2022-08-05,0.594900849858357,NA,0.0496042350473159,0.0496042350473159,NA,NA,NA,NA
2022-08-06,0.838526912181303,NA,0.0746651374821377,0.0746651374821377,NA,NA,NA,NA
2022-08-07,0.54957507082153,NA,0.0449417415710699,0.0449417415710699,NA,NA,NA,NA
2022-08-08,0.410764872521246,NA,0.0306628553000668,0.0306628553000668,NA,NA,NA,NA
2022-08-09,0.342776203966006,NA,0.0236691150856979,0.0236691150856979,NA,NA,NA,NA
2022-08-10,0.269688385269122,NA,0.0161508443552514,0.0161508443552514,NA,NA,NA,NA
2022-08-11,0.218696883852691,NA,0.0109055391944747,0.0109055391944747,NA,NA,NA,NA
2022-08-12,0.184419263456091,NA,0.00737952850306371,0.00737952850306371,NA,NA,NA,NA
2022-08-13,0.162039660056657,NA,0.00507742234916728,0.00507742234916728,NA,NA,NA,NA
2022-08-14,0.152974504249292,NA,0.0041449236539181,0.0041449236539181,NA,NA,NA,NA
2022-08-15,0.30028328611898,NA,0.0192980274517174,0.0192980274517174,NA,NA,NA,NA
2022-08-16,0.257507082152975,NA,0.0148977992335103,0.0148977992335103,NA,NA,NA,NA
2022-08-17,0.211614730878187,NA,0.0101770245888113,0.0101770245888113,NA,NA,NA,NA
2022-08-18,0.188668555240793,NA,0.00781663726646176,0.00781663726646176,NA,NA,NA,NA
2022-08-19,0.169405099150142,NA,0.00583507753905725,0.00583507753905725,NA,NA,NA,NA
2022-08-20,0.154674220963173,NA,0.00431976715927732,0.00431976715927732,NA,NA,NA,NA
2022-08-21,0.16742209631728,NA,0.00563109344947149,0.00563109344947149,NA,NA,NA,NA
2022-08-22,0.178470254957507,NA,0.00676757623430643,0.00676757623430643,NA,NA,NA,NA
2022-08-23,0.152974504249292,NA,0.0041449236539181,0.0041449236539181,NA,NA,NA,NA
2022-08-24,0.140793201133144,NA,0.00289187853217701,0.00289187853217701,NA,NA,NA,NA
2022-08-25,0.263456090651558,NA,0.0155097515022675,0.0155097515022675,NA,NA,NA,NA
2022-08-26,0.376770538243626,NA,0.0271659851928824,0.0271659851928824,NA,NA,NA,NA
2022-08-27,0.273371104815864,NA,0.0165296719501963,0.0165296719501963,NA,NA,NA,NA
2022-08-28,0.214164305949009,NA,0.0104392898468501,0.0104392898468501,NA,NA,NA,NA
2022-08-29,0.179886685552408,NA,0.00691327915543912,0.00691327915543912,NA,NA,NA,NA
2022-08-30,0.162606232294618,NA,0.00513570351762036,0.00513570351762036,NA,NA,NA,NA
2022-08-31,0.154957507082153,NA,0.00434890774350386,0.00434890774350386,NA,NA,NA,NA
2022-09-01,0.142209631728045,NA,0.00303758145330969,0.00303758145330969,NA,NA,NA,NA
2022-09-02,0.1328611898017,NA,0.00207594217383397,0.00207594217383397,NA,NA,NA,NA
2022-09-03,0.122946175637394,NA,0.00105602172590517,0.00105602172590517,NA,NA,NA,NA
2022-09-04,0.123229461756374,NA,0.00108516231013171,0.00108516231013171,NA,NA,NA,NA
2022-09-05,0.365439093484419,NA,0.0260003618238209,0.0260003618238209,NA,NA,NA,NA
2022-09-06,0.475920679886686,NA,0.0373651896721703,0.0373651896721703,NA,NA,NA,NA
2022-09-07,0.305949008498584,NA,0.0198808391362481,0.0198808391362481,NA,NA,NA,NA
2022-09-08,0.24929178470255,NA,0.0140527222909407,0.0140527222909407,NA,NA,NA,NA
2022-09-09,0.214447592067989,NA,0.0104684304310766,0.0104684304310766,NA,NA,NA,NA
2022-09-10,0.24929178470255,NA,0.0140527222909407,0.0140527222909407,NA,NA,NA,NA
2022-09-11,0.390934844192635,NA,0.0286230144042092,0.0286230144042092,NA,NA,NA,NA
2022-09-12,0.342776203966006,NA,0.0236691150856979,0.0236691150856979,NA,NA,NA,NA
2022-09-13,0.291784702549575,NA,0.0184238099249213,0.0184238099249213,NA,NA,NA,NA
2022-09-14,0.250991501416431,NA,0.0142275657962999,0.0142275657962999,NA,NA,NA,NA
2022-09-15,0.228045325779037,NA,0.0118671784739504,0.0118671784739504,NA,NA,NA,NA
2022-09-16,0.210481586402266,NA,0.0100604622519051,0.0100604622519051,NA,NA,NA,NA
2022-09-17,0.196883852691218,NA,0.00866171420903134,0.00866171420903134,NA,NA,NA,NA
2022-09-18,0.187818696883853,NA,0.00772921551378215,0.00772921551378215,NA,NA,NA,NA
2022-09-19,0.179036827195467,NA,0.00682585740275951,0.00682585740275951,NA,NA,NA,NA
2022-09-20,0.172237960339943,NA,0.00612648338132262,0.00612648338132262,NA,NA,NA,NA
2022-09-21,0.164022662889518,NA,0.00528140643875304,0.00528140643875304,NA,NA,NA,NA
2022-09-22,0.159490084985836,NA,0.00481515709112845,0.00481515709112845,NA,NA,NA,NA
2022-09-23,0.15042492917847,NA,0.00388265839587926,0.00388265839587926,NA,NA,NA,NA
2022-09-24,0.145042492917847,NA,0.00332898729557506,0.00332898729557506,NA,NA,NA,NA
2022-09-25,0.138526912181303,NA,0.00265875385836471,0.00265875385836471,NA,NA,NA,NA
2022-09-26,0.138526912181303,NA,0.00265875385836471,0.00265875385836471,NA,NA,NA,NA
2022-09-27,0.138526912181303,NA,0.00265875385836471,0.00265875385836471,NA,NA,NA,NA
2022-09-28,0.138526912181303,NA,0.00265875385836471,0.00265875385836471,NA,NA,NA,NA
2022-09-29,0.137393767705382,NA,0.00254219152145856,0.00254219152145856,NA,NA,NA,NA
2022-09-30,0.146742209631728,NA,0.00350383080093428,0.00350383080093428,NA,NA,NA,NA
2022-10-01,2.22946175637394,NA,0.217745406034435,0.217745406034435,NA,NA,NA,NA
2022-10-02,0.875354107648725,NA,0.0784534134315875,0.0784534134315875,NA,NA,NA,NA
2022-10-03,0.609065155807366,NA,0.0510612642586427,0.0510612642586427,NA,NA,NA,NA
2022-10-04,0.509915014164306,NA,0.0408620597793548,0.0408620597793548,NA,NA,NA,NA
2022-10-05,0.45042492917847,NA,0.034742537091782,0.034742537091782,NA,NA,NA,NA
2022-10-06,0.407932011331445,NA,0.0303714494578014,0.0303714494578014,NA,NA,NA,NA
2022-10-07,0.351274787535411,NA,0.024543332612494,0.024543332612494,NA,NA,NA,NA
2022-10-08,0.303116147308782,NA,0.0195894332939827,0.0195894332939827,NA,NA,NA,NA
2022-10-09,0.276203966005666,NA,0.0168210777924617,0.0168210777924617,NA,NA,NA,NA
2022-10-10,0.258356940509915,NA,0.0149852209861899,0.0149852209861899,NA,NA,NA,NA
2022-10-11,0.244475920679887,NA,0.0135573323590896,0.0135573323590896,NA,NA,NA,NA
2022-10-12,0.236543909348442,NA,0.0127413960007465,0.0127413960007465,NA,NA,NA,NA
2022-10-13,0.247875354107649,NA,0.013907019369808,0.013907019369808,NA,NA,NA,NA
2022-10-14,0.236827195467422,NA,0.0127705365849731,0.0127705365849731,NA,NA,NA,NA
2022-10-15,0.222096317280453,NA,0.0112552262051931,0.0112552262051931,NA,NA,NA,NA
2022-10-16,0.221246458923513,NA,0.0111678044525135,0.0111678044525135,NA,NA,NA,NA
2022-10-17,0.28328611898017,NA,0.0175495923981251,0.0175495923981251,NA,NA,NA,NA
2022-10-18,0.252691218130312,NA,0.0144024093016591,0.0144024093016591,NA,NA,NA,NA
2022-10-19,0.23399433427762,NA,0.0124791307427077,0.0124791307427077,NA,NA,NA,NA
2022-10-20,0.226062322946176,NA,0.0116631943843647,0.0116631943843647,NA,NA,NA,NA
2022-10-21,0.210481586402266,NA,0.0100604622519051,0.0100604622519051,NA,NA,NA,NA
2022-10-22,0.208215297450425,NA,0.00982733757809282,0.00982733757809282,NA,NA,NA,NA
2022-10-23,0.208215297450425,NA,0.00982733757809282,0.00982733757809282,NA,NA,NA,NA
2022-10-24,0.207082152974504,NA,0.00971077524118667,0.00971077524118667,NA,NA,NA,NA
2022-10-25,0.19943342776204,NA,0.00892397946707017,0.00892397946707017,NA,NA,NA,NA
2022-10-26,0.19943342776204,NA,0.00892397946707017,0.00892397946707017,NA,NA,NA,NA
2022-10-27,0.194334277620397,NA,0.00839944895099251,0.00839944895099251,NA,NA,NA,NA
2022-10-28,0.191218130311615,NA,0.0080789025245006,0.0080789025245006,NA,NA,NA,NA
2022-10-29,0.191218130311615,NA,0.0080789025245006,0.0080789025245006,NA,NA,NA,NA
2022-10-30,0.191218130311615,NA,0.0080789025245006,0.0080789025245006,NA,NA,NA,NA
2022-10-31,0.20028328611898,NA,0.00901140121974979,0.00901140121974979,NA,NA,NA,NA
2022-11-01,0.21643059490085,NA,0.0106724145206624,0.0106724145206624,NA,NA,NA,NA
2022-11-02,0.207082152974504,NA,0.00971077524118667,0.00971077524118667,NA,NA,NA,NA
2022-11-03,0.19943342776204,NA,0.00892397946707017,0.00892397946707017,NA,NA,NA,NA
2022-11-04,0.198300283286119,NA,0.00880741713016402,0.00880741713016402,NA,NA,NA,NA
2022-11-05,0.209915014164306,NA,0.010002181083452,0.010002181083452,NA,NA,NA,NA
2022-11-06,0.348441926345609,NA,0.0242519267702287,0.0242519267702287,NA,NA,NA,NA
2022-11-07,0.331444759206799,NA,0.0225034917166364,0.0225034917166364,NA,NA,NA,NA
2022-11-08,0.272237960339943,NA,0.0164131096132902,0.0164131096132902,NA,NA,NA,NA
2022-11-09,0.237110481586402,NA,0.0127996771691996,0.0127996771691996,NA,NA,NA,NA
2022-11-10,0.220396600566572,NA,0.0110803826998339,0.0110803826998339,NA,NA,NA,NA
2022-11-11,4.70254957507082,NA,0.472142706332103,0.472142706332103,NA,NA,NA,NA
2022-11-12,2.01983002832861,NA,0.196181373706797,0.196181373706797,NA,NA,NA,NA
2022-11-13,1,NA,0.0912752704912638,0.0912752704912638,NA,NA,NA,NA
2022-11-14,0.773371104815864,NA,0.0679628031100342,0.0679628031100342,NA,NA,NA,NA
2022-11-15,1.71954674220963,NA,0.165292354426668,0.165292354426668,NA,NA,NA,NA
2022-11-16,1.5042492917847,NA,0.1431455104145,0.1431455104145,NA,NA,NA,NA
2022-11-17,0.94900849858357,NA,0.0860299653304872,0.0860299653304872,NA,NA,NA,NA
2022-11-18,0.787535410764873,NA,0.0694198323213611,0.0694198323213611,NA,NA,NA,NA
2022-11-19,0.69971671388102,NA,0.0603862512111346,0.0603862512111346,NA,NA,NA,NA
2022-11-20,0.631728045325779,NA,0.0533925109967657,0.0533925109967657,NA,NA,NA,NA
2022-11-21,0.58356940509915,NA,0.0484386116782544,0.0484386116782544,NA,NA,NA,NA
2022-11-22,0.512747875354108,NA,0.0411534656216201,0.0411534656216201,NA,NA,NA,NA
2022-11-23,0.464589235127479,NA,0.0361995663031088,0.0361995663031088,NA,NA,NA,NA
2022-11-24,0.427762039660057,NA,0.032411290353659,0.032411290353659,NA,NA,NA,NA
2022-11-25,0.407932011331445,NA,0.0303714494578014,0.0303714494578014,NA,NA,NA,NA
2022-11-26,0.393767705382436,NA,0.0289144202464746,0.0289144202464746,NA,NA,NA,NA
2022-11-27,0.385269121813031,NA,0.0280402027196785,0.0280402027196785,NA,NA,NA,NA
2022-11-28,0.371104815864023,NA,0.0265831735083516,0.0265831735083516,NA,NA,NA,NA
2022-11-29,0.351274787535411,NA,0.024543332612494,0.024543332612494,NA,NA,NA,NA
2022-11-30,0.396600566572238,NA,0.0292058260887399,0.0292058260887399,NA,NA,NA,NA
2022-12-01,0.362606232294618,NA,0.0257089559815555,0.0257089559815555,NA,NA,NA,NA
2022-12-02,0.337110481586402,NA,0.0230863034011672,0.0230863034011672,NA,NA,NA,NA
2022-12-03,0.371104815864023,NA,0.0265831735083516,0.0265831735083516,NA,NA,NA,NA
2022-12-04,0.371104815864023,NA,0.0265831735083516,0.0265831735083516,NA,NA,NA,NA
2022-12-05,0.345609065155807,NA,0.0239605209279633,0.0239605209279633,NA,NA,NA,NA
2022-12-06,0.645892351274788,NA,0.0548495402080925,0.0548495402080925,NA,NA,NA,NA
2022-12-07,0.932011331444759,NA,0.0842815302768949,0.0842815302768949,NA,NA,NA,NA
2022-12-08,0.725212464589235,NA,0.0630089037915229,0.0630089037915229,NA,NA,NA,NA
2022-12-09,0.841359773371105,NA,0.0749565433244031,0.0749565433244031,NA,NA,NA,NA
2022-12-10,0.747875354107649,NA,0.0653401505296459,0.0653401505296459,NA,NA,NA,NA
2022-12-11,0.662889518413598,NA,0.0565979752616848,0.0565979752616848,NA,NA,NA,NA
2022-12-12,0.58356940509915,NA,0.0484386116782544,0.0484386116782544,NA,NA,NA,NA
2022-12-13,0.529745042492918,NA,0.0429019006752124,0.0429019006752124,NA,NA,NA,NA
2022-12-14,0.498583569405099,NA,0.0396964364102933,0.0396964364102933,NA,NA,NA,NA
2022-12-15,1.38526912181303,NA,0.130906465039354,0.130906465039354,NA,NA,NA,NA
2022-12-16,1.06515580736544,NA,0.0979776048633674,0.0979776048633674,NA,NA,NA,NA
2022-12-17,0.861189801699717,NA,0.0769963842202607,0.0769963842202607,NA,NA,NA,NA
2022-12-18,0.742209631728045,NA,0.0647573388451151,0.0647573388451151,NA,NA,NA,NA
2022-12-19,0.643059490084986,NA,0.0545581343658272,0.0545581343658272,NA,NA,NA,NA
2022-12-20,0.577903682719547,NA,0.0478557999937236,0.0478557999937236,NA,NA,NA,NA
2022-12-21,0.53257790368272,NA,0.0431933065174777,0.0431933065174777,NA,NA,NA,NA
2022-12-22,1.3342776203966,NA,0.125661159878578,0.125661159878578,NA,NA,NA,NA
2022-12-23,1.15580736543909,NA,0.107302591815859,0.107302591815859,NA,NA,NA,NA
2022-12-24,0.847025495750708,NA,0.0755393550089338,0.0755393550089338,NA,NA,NA,NA
2022-12-25,0.745042492917847,NA,0.0650487446873805,0.0650487446873805,NA,NA,NA,NA
2022-12-26,0.674220963172805,NA,0.0577635986307462,0.0577635986307462,NA,NA,NA,NA
2022-12-27,0.606232294617564,NA,0.0507698584163774,0.0507698584163774,NA,NA,NA,NA
2022-12-28,0.563739376770538,NA,0.0463987707823968,0.0463987707823968,NA,NA,NA,NA
2022-12-29,0.521246458923513,NA,0.0420276831484162,0.0420276831484162,NA,NA,NA,NA
2022-12-30,0.492917847025496,NA,0.0391136247257625,0.0391136247257625,NA,NA,NA,NA
2022-12-31,0.504249291784703,NA,0.040279248094824,0.040279248094824,NA,NA,NA,NA
2023-01-01,0.504249291784703,NA,0.040279248094824,0.040279248094824,NA,NA,NA,NA
2023-01-02,0.464589235127479,NA,0.0361995663031088,0.0361995663031088,NA,NA,NA,NA
2023-01-03,0.447592067988669,NA,0.0344511312495166,0.0344511312495166,NA,NA,NA,NA
2023-01-04,0.43342776203966,NA,0.0329941020381898,0.0329941020381898,NA,NA,NA,NA
2023-01-05,0.413597733711048,NA,0.0309542611423322,0.0309542611423322,NA,NA,NA,NA
2023-01-06,0.39943342776204,NA,0.0294972319310053,0.0294972319310053,NA,NA,NA,NA
2023-01-07,0.382436260623229,NA,0.0277487968774131,0.0277487968774131,NA,NA,NA,NA
2023-01-08,0.379603399433428,NA,0.0274573910351477,0.0274573910351477,NA,NA,NA,NA
2023-01-09,0.402266288951841,NA,0.0297886377732707,0.0297886377732707,NA,NA,NA,NA
2023-01-10,0.379603399433428,NA,0.0274573910351477,0.0274573910351477,NA,NA,NA,NA
2023-01-11,0.365439093484419,NA,0.0260003618238209,0.0260003618238209,NA,NA,NA,NA
2023-01-12,0.379603399433428,NA,0.0274573910351477,0.0274573910351477,NA,NA,NA,NA
2023-01-13,0.560906515580737,NA,0.0461073649401314,0.0461073649401314,NA,NA,NA,NA
2023-01-14,0.484419263456091,NA,0.0382394071989664,0.0382394071989664,NA,NA,NA,NA
2023-01-15,0.441926345609065,NA,0.0338683195649859,0.0338683195649859,NA,NA,NA,NA
2023-01-16,0.424929178470255,NA,0.0321198845113937,0.0321198845113937,NA,NA,NA,NA
2023-01-17,0.436260623229462,NA,0.0332855078804551,0.0332855078804551,NA,NA,NA,NA
2023-01-18,0.419263456090652,NA,0.0315370728268629,0.0315370728268629,NA,NA,NA,NA
2023-01-19,0.407932011331445,NA,0.0303714494578014,0.0303714494578014,NA,NA,NA,NA
2023-01-20,0.390934844192635,NA,0.0286230144042092,0.0286230144042092,NA,NA,NA,NA
2023-01-21,0.379603399433428,NA,0.0274573910351477,0.0274573910351477,NA,NA,NA,NA
2023-01-22,0.371104815864023,NA,0.0265831735083516,0.0265831735083516,NA,NA,NA,NA
2023-01-23,0.371104815864023,NA,0.0265831735083516,0.0265831735083516,NA,NA,NA,NA
2023-01-24,0.359773371104816,NA,0.0254175501392901,0.0254175501392901,NA,NA,NA,NA
2023-01-25,0.555240793201133,NA,0.0455245532556007,0.0455245532556007,NA,NA,NA,NA
2023-01-26,0.589235127478754,NA,0.0490214233627851,0.0490214233627851,NA,NA,NA,NA
2023-01-27,0.515580736543909,NA,0.0414448714638855,0.0414448714638855,NA,NA,NA,NA
2023-01-28,0.473087818696884,NA,0.0370737838299049,0.0370737838299049,NA,NA,NA,NA
2023-01-29,0.447592067988669,NA,0.0344511312495166,0.0344511312495166,NA,NA,NA,NA
2023-01-30,0.439093484419263,NA,0.0335769137227205,0.0335769137227205,NA,NA,NA,NA
2023-01-31,0.422096317280453,NA,0.0318284786691283,0.0318284786691283,NA,NA,NA,NA
2023-02-01,0.458923512747875,NA,0.0356167546185781,0.0356167546185781,NA,NA,NA,NA
2023-02-02,0.447592067988669,NA,0.0344511312495166,0.0344511312495166,NA,NA,NA,NA
2023-02-03,0.439093484419263,NA,0.0335769137227205,0.0335769137227205,NA,NA,NA,NA
2023-02-04,0.413597733711048,NA,0.0309542611423322,0.0309542611423322,NA,NA,NA,NA
2023-02-05,0.407932011331445,NA,0.0303714494578014,0.0303714494578014,NA,NA,NA,NA
2023-02-06,0.396600566572238,NA,0.0292058260887399,0.0292058260887399,NA,NA,NA,NA
2023-02-07,0.382436260623229,NA,0.0277487968774131,0.0277487968774131,NA,NA,NA,NA
2023-02-08,0.371104815864023,NA,0.0265831735083516,0.0265831735083516,NA,NA,NA,NA
2023-02-09,0.362606232294618,NA,0.0257089559815555,0.0257089559815555,NA,NA,NA,NA
2023-02-10,0.359773371104816,NA,0.0254175501392901,0.0254175501392901,NA,NA,NA,NA
2023-02-11,0.348441926345609,NA,0.0242519267702287,0.0242519267702287,NA,NA,NA,NA
2023-02-12,1.58923512747875,NA,0.151887685682461,0.151887685682461,NA,NA,NA,NA
2023-02-13,1.78753541076487,NA,0.172286094641037,0.172286094641037,NA,NA,NA,NA
2023-02-14,1.01416430594901,NA,0.0927322997025907,0.0927322997025907,NA,NA,NA,NA
2023-02-15,0.838526912181303,NA,0.0746651374821377,0.0746651374821377,NA,NA,NA,NA
2023-02-16,0.75070821529745,NA,0.0656315563719112,0.0656315563719112,NA,NA,NA,NA
2023-02-17,1.21529745042493,NA,0.113422114503432,0.113422114503432,NA,NA,NA,NA
2023-02-18,0.915014164305949,NA,0.0825330952233027,0.0825330952233027,NA,NA,NA,NA
2023-02-19,0.807365439093484,NA,0.0714596732172186,0.0714596732172186,NA,NA,NA,NA
2023-02-20,0.739376770538244,NA,0.0644659330028498,0.0644659330028498,NA,NA,NA,NA
2023-02-21,0.677053824362606,NA,0.0580550044730116,0.0580550044730116,NA,NA,NA,NA
2023-02-22,0.628895184135977,NA,0.0531011051545003,0.0531011051545003,NA,NA,NA,NA
2023-02-23,0.589235127478754,NA,0.0490214233627851,0.0490214233627851,NA,NA,NA,NA
2023-02-24,0.543909348441926,NA,0.0443589298865392,0.0443589298865392,NA,NA,NA,NA
2023-02-25,0.524079320113314,NA,0.0423190889906816,0.0423190889906816,NA,NA,NA,NA
2023-02-26,0.515580736543909,NA,0.0414448714638855,0.0414448714638855,NA,NA,NA,NA
2023-02-27,0.515580736543909,NA,0.0414448714638855,0.0414448714638855,NA,NA,NA,NA
2023-02-28,0.529745042492918,NA,0.0429019006752124,0.0429019006752124,NA,NA,NA,NA
2023-03-01,0.478753541076487,NA,0.0376565955144357,0.0376565955144357,NA,NA,NA,NA
2023-03-02,0.458923512747875,NA,0.0356167546185781,0.0356167546185781,NA,NA,NA,NA
2023-03-03,0.688385269121813,NA,0.0592206278420731,0.0592206278420731,NA,NA,NA,NA
2023-03-04,1.06232294617564,NA,0.097686199021102,0.097686199021102,NA,NA,NA,NA
2023-03-05,0.773371104815864,NA,0.0679628031100342,0.0679628031100342,NA,NA,NA,NA
2023-03-06,0.685552407932011,NA,0.0589292219998077,0.0589292219998077,NA,NA,NA,NA
2023-03-07,0.617563739376771,NA,0.0519354817854388,0.0519354817854388,NA,NA,NA,NA
2023-03-08,0.546742209631728,NA,0.0446503357288046,0.0446503357288046,NA,NA,NA,NA
2023-03-09,0.509915014164306,NA,0.0408620597793548,0.0408620597793548,NA,NA,NA,NA
2023-03-10,0.501416430594901,NA,0.0399878422525587,0.0399878422525587,NA,NA,NA,NA
2023-03-11,0.478753541076487,NA,0.0376565955144357,0.0376565955144357,NA,NA,NA,NA
2023-03-12,0.461756373937677,NA,0.0359081604608435,0.0359081604608435,NA,NA,NA,NA
2023-03-13,0.453257790368272,NA,0.0350339429340474,0.0350339429340474,NA,NA,NA,NA
2023-03-14,0.422096317280453,NA,0.0318284786691283,0.0318284786691283,NA,NA,NA,NA
2023-03-15,0.402266288951841,NA,0.0297886377732707,0.0297886377732707,NA,NA,NA,NA
2023-03-16,0.393767705382436,NA,0.0289144202464746,0.0289144202464746,NA,NA,NA,NA
2023-03-17,0.385269121813031,NA,0.0280402027196785,0.0280402027196785,NA,NA,NA,NA
2023-03-18,0.376770538243626,NA,0.0271659851928824,0.0271659851928824,NA,NA,NA,NA
2023-03-19,0.356940509915014,NA,0.0251261442970248,0.0251261442970248,NA,NA,NA,NA
2023-03-20,0.348441926345609,NA,0.0242519267702287,0.0242519267702287,NA,NA,NA,NA
2023-03-21,0.337110481586402,NA,0.0230863034011672,0.0230863034011672,NA,NA,NA,NA
2023-03-22,0.325779036827196,NA,0.0219206800321057,0.0219206800321057,NA,NA,NA,NA
2023-03-23,0.325779036827196,NA,0.0219206800321057,0.0219206800321057,NA,NA,NA,NA
2023-03-24,0.322946175637394,NA,0.0216292741898403,0.0216292741898403,NA,NA,NA,NA
2023-03-25,0.314447592067989,NA,0.0207550566630442,0.0207550566630442,NA,NA,NA,NA
2023-03-26,0.308781869688385,NA,0.0201722449785135,0.0201722449785135,NA,NA,NA,NA
2023-03-27,0.30028328611898,NA,0.0192980274517174,0.0192980274517174,NA,NA,NA,NA
2023-03-28,0.294617563739377,NA,0.0187152157671866,0.0187152157671866,NA,NA,NA,NA
2023-03-29,0.288951841359773,NA,0.0181324040826559,0.0181324040826559,NA,NA,NA,NA
2023-03-30,0.279886685552408,NA,0.0171999053874067,0.0171999053874067,NA,NA,NA,NA
2023-03-31,0.279603399433428,NA,0.0171707648031802,0.0171707648031802,NA,NA,NA,NA
2023-04-01,0.382436260623229,NA,0.0277487968774131,0.0277487968774131,NA,NA,NA,NA
2023-04-02,0.337110481586402,NA,0.0230863034011672,0.0230863034011672,NA,NA,NA,NA
2023-04-03,0.308781869688385,NA,0.0201722449785135,0.0201722449785135,NA,NA,NA,NA
2023-04-04,0.288951841359773,NA,0.0181324040826559,0.0181324040826559,NA,NA,NA,NA
2023-04-05,0.28243626062323,NA,0.0174621706454455,0.0174621706454455,NA,NA,NA,NA
2023-04-06,0.273371104815864,NA,0.0165296719501963,0.0165296719501963,NA,NA,NA,NA
2023-04-07,0.305949008498584,NA,0.0198808391362481,0.0198808391362481,NA,NA,NA,NA
2023-04-08,0.305949008498584,NA,0.0198808391362481,0.0198808391362481,NA,NA,NA,NA
2023-04-09,0.28271954674221,NA,0.0174913112296721,0.0174913112296721,NA,NA,NA,NA
2023-04-10,0.273371104815864,NA,0.0165296719501963,0.0165296719501963,NA,NA,NA,NA
2023-04-11,0.279886685552408,NA,0.0171999053874067,0.0171999053874067,NA,NA,NA,NA
2023-04-12,0.269688385269122,NA,0.0161508443552514,0.0161508443552514,NA,NA,NA,NA
2023-04-13,0.263456090651558,NA,0.0155097515022675,0.0155097515022675,NA,NA,NA,NA
2023-04-14,0.256090651558074,NA,0.0147520963123776,0.0147520963123776,NA,NA,NA,NA
2023-04-15,0.28271954674221,NA,0.0174913112296721,0.0174913112296721,NA,NA,NA,NA
2023-04-16,0.264589235127479,NA,0.0156263138391737,0.0156263138391737,NA,NA,NA,NA
2023-04-17,0.275354107648725,NA,0.0167336560397821,0.0167336560397821,NA,NA,NA,NA
2023-04-18,0.253824362606232,NA,0.0145189716385653,0.0145189716385653,NA,NA,NA,NA
2023-04-19,0.248441926345609,NA,0.0139653005382611,0.0139653005382611,NA,NA,NA,NA
2023-04-20,0.240226628895184,NA,0.0131202235956915,0.0131202235956915,NA,NA,NA,NA
2023-04-21,0.231161473087819,NA,0.0121877249004423,0.0121877249004423,NA,NA,NA,NA
2023-04-22,0.231444759206799,NA,0.0122168654846689,0.0122168654846689,NA,NA,NA,NA
2023-04-23,0.228611898016997,NA,0.0119254596424035,0.0119254596424035,NA,NA,NA,NA
2023-04-24,0.221813031161473,NA,0.0112260856209666,0.0112260856209666,NA,NA,NA,NA
2023-04-25,0.21671388101983,NA,0.0107015551048889,0.0107015551048889,NA,NA,NA,NA
2023-04-26,0.213881019830028,NA,0.0104101492626236,0.0104101492626236,NA,NA,NA,NA
2023-04-27,0.211331444759207,NA,0.0101478840045847,0.0101478840045847,NA,NA,NA,NA
2023-04-28,2.09915014164306,NA,0.204340737290228,0.204340737290228,NA,NA,NA,NA
2023-04-29,0.985835694050991,NA,0.089818241279937,0.089818241279937,NA,NA,NA,NA
2023-04-30,0.779036827195468,NA,0.0685456147945649,0.0685456147945649,NA,NA,NA,NA
2023-05-01,0.617563739376771,NA,0.0519354817854388,0.0519354817854388,NA,NA,NA,NA
2023-05-02,0.524079320113314,NA,0.0423190889906816,0.0423190889906816,NA,NA,NA,NA
2023-05-03,0.458923512747875,NA,0.0356167546185781,0.0356167546185781,NA,NA,NA,NA
2023-05-04,0.41643059490085,NA,0.0312456669845975,0.0312456669845975,NA,NA,NA,NA
2023-05-05,0.373937677053824,NA,0.026874579350617,0.026874579350617,NA,NA,NA,NA
2023-05-06,0.334277620396601,NA,0.0227948975589018,0.0227948975589018,NA,NA,NA,NA
2023-05-07,0.314447592067989,NA,0.0207550566630442,0.0207550566630442,NA,NA,NA,NA
2023-05-08,0.30028328611898,NA,0.0192980274517174,0.0192980274517174,NA,NA,NA,NA
2023-05-09,0.280453257790368,NA,0.0172581865558598,0.0172581865558598,NA,NA,NA,NA
2023-05-10,0.265722379603399,NA,0.0157428761760798,0.0157428761760798,NA,NA,NA,NA
2023-05-11,0.24957507082153,NA,0.0140818628751672,0.0140818628751672,NA,NA,NA,NA
2023-05-12,0.240793201133145,NA,0.0131785047641446,0.0131785047641446,NA,NA,NA,NA
2023-05-13,0.234844192634561,NA,0.0125665524953873,0.0125665524953873,NA,NA,NA,NA
2023-05-14,0.231444759206799,NA,0.0122168654846689,0.0122168654846689,NA,NA,NA,NA
2023-05-15,0.23371104815864,NA,0.0124499901584812,0.0124499901584812,NA,NA,NA,NA
2023-05-16,0.275637393767705,NA,0.0167627966240086,0.0167627966240086,NA,NA,NA,NA
2023-05-17,0.303116147308782,NA,0.0195894332939827,0.0195894332939827,NA,NA,NA,NA
2023-05-18,0.252691218130312,NA,0.0144024093016591,0.0144024093016591,NA,NA,NA,NA
2023-05-19,0.239093484419263,NA,0.0130036612587854,0.0130036612587854,NA,NA,NA,NA
2023-05-20,0.232011331444759,NA,0.0122751466531219,0.0122751466531219,NA,NA,NA,NA
2023-05-21,0.228328611898017,NA,0.011896319058177,0.011896319058177,NA,NA,NA,NA
2023-05-22,0.213881019830028,NA,0.0104101492626236,0.0104101492626236,NA,NA,NA,NA
2023-05-23,0.208215297450425,NA,0.00982733757809282,0.00982733757809282,NA,NA,NA,NA
2023-05-24,0.208215297450425,NA,0.00982733757809282,0.00982733757809282,NA,NA,NA,NA
2023-05-25,0.208215297450425,NA,0.00982733757809282,0.00982733757809282,NA,NA,NA,NA
2023-05-26,0.203966005665722,NA,0.00939022881469477,0.00939022881469477,NA,NA,NA,NA
2023-05-27,0.196600566572238,NA,0.0086325736248048,0.0086325736248048,NA,NA,NA,NA
2023-05-28,0.20028328611898,NA,0.00901140121974979,0.00901140121974979,NA,NA,NA,NA
2023-05-29,0.276203966005666,NA,0.0168210777924617,0.0168210777924617,NA,NA,NA,NA
2023-05-30,0.337110481586402,NA,0.0230863034011672,0.0230863034011672,NA,NA,NA,NA
2023-05-31,0.322946175637394,NA,0.0216292741898403,0.0216292741898403,NA,NA,NA,NA
2023-06-01,0.264022662889518,NA,0.0155680326707206,0.0155680326707206,NA,NA,NA,NA
2023-06-02,0.236260623229462,NA,0.01271225541652,0.01271225541652,NA,NA,NA,NA
2023-06-03,0.21643059490085,NA,0.0106724145206624,0.0106724145206624,NA,NA,NA,NA
2023-06-04,0.208215297450425,NA,0.00982733757809282,0.00982733757809282,NA,NA,NA,NA
2023-06-05,0.197733711048159,NA,0.00874913596171095,0.00874913596171095,NA,NA,NA,NA
2023-06-06,0.188951841359773,NA,0.0078457778506883,0.0078457778506883,NA,NA,NA,NA
2023-06-07,0.18300283286119,NA,0.00723382558193103,0.00723382558193103,NA,NA,NA,NA
2023-06-08,0.180453257790368,NA,0.00697156032389219,0.00697156032389219,NA,NA,NA,NA
2023-06-09,0.173087818696884,NA,0.00621390513400223,0.00621390513400223,NA,NA,NA,NA
2023-06-10,0.165155807365439,NA,0.00539796877565919,0.00539796877565919,NA,NA,NA,NA
2023-06-11,0.160056657223796,NA,0.00487343825958153,0.00487343825958153,NA,NA,NA,NA
2023-06-12,0.160056657223796,NA,0.00487343825958153,0.00487343825958153,NA,NA,NA,NA
2023-06-13,0.160056657223796,NA,0.00487343825958153,0.00487343825958153,NA,NA,NA,NA
2023-06-14,0.156940509915014,NA,0.00455289183308962,0.00455289183308962,NA,NA,NA,NA
2023-06-15,0.14985835694051,NA,0.00382437722742619,0.00382437722742619,NA,NA,NA,NA
2023-06-16,0.143909348441926,NA,0.00321242495866891,0.00321242495866891,NA,NA,NA,NA
2023-06-17,0.137110481586402,NA,0.00251305093723202,0.00251305093723202,NA,NA,NA,NA
2023-06-18,0.131728045325779,NA,0.00195937983692782,0.00195937983692782,NA,NA,NA,NA
2023-06-19,0.13342776203966,NA,0.00213422334228704,0.00213422334228704,NA,NA,NA,NA
2023-06-20,0.351274787535411,NA,0.024543332612494,0.024543332612494,NA,NA,NA,NA
2023-06-21,0.26600566572238,NA,0.0157720167603064,0.0157720167603064,NA,NA,NA,NA
2023-06-22,0.671388101983003,NA,0.0574721927884809,0.0574721927884809,NA,NA,NA,NA
2023-06-23,0.535410764872521,NA,0.0434847123597431,0.0434847123597431,NA,NA,NA,NA
2023-06-24,0.385269121813031,NA,0.0280402027196785,0.0280402027196785,NA,NA,NA,NA
2023-06-25,0.308781869688385,NA,0.0201722449785135,0.0201722449785135,NA,NA,NA,NA
2023-06-26,0.252124645892351,NA,0.0143441281332061,0.0143441281332061,NA,NA,NA,NA
2023-06-27,0.229745042492918,NA,0.0120420219793096,0.0120420219793096,NA,NA,NA,NA
2023-06-28,0.209631728045326,NA,0.00997304049922551,0.00997304049922551,NA,NA,NA,NA
2023-06-29,0.193201133144476,NA,0.00828288661408636,0.00828288661408636,NA,NA,NA,NA
2023-06-30,0.181586402266289,NA,0.00708812266079834,0.00708812266079834,NA,NA,NA,NA
2023-07-01,0.173937677053824,NA,0.00630132688668184,0.00630132688668184,NA,NA,NA,NA
2023-07-02,0.164589235127479,NA,0.00533968760720612,0.00533968760720612,NA,NA,NA,NA
2023-07-03,0.159490084985836,NA,0.00481515709112845,0.00481515709112845,NA,NA,NA,NA
2023-07-04,0.156940509915014,NA,0.00455289183308962,0.00455289183308962,NA,NA,NA,NA
2023-07-05,0.14985835694051,NA,0.00382437722742619,0.00382437722742619,NA,NA,NA,NA
2023-07-06,0.147592067988669,NA,0.0035912525536139,0.0035912525536139,NA,NA,NA,NA
2023-07-07,0.18413597733711,NA,0.00735038791883717,0.00735038791883717,NA,NA,NA,NA
2023-07-08,0.159206798866856,NA,0.00478601650690191,0.00478601650690191,NA,NA,NA,NA
2023-07-09,0.180453257790368,NA,0.00697156032389219,0.00697156032389219,NA,NA,NA,NA
2023-07-10,0.16600566572238,NA,0.0054853905283388,0.0054853905283388,NA,NA,NA,NA
2023-07-11,0.144192634560907,NA,0.00324156554289545,0.00324156554289545,NA,NA,NA,NA
2023-07-12,0.131728045325779,NA,0.00195937983692782,0.00195937983692782,NA,NA,NA,NA
2023-07-13,0.151558073654391,NA,0.00399922073278542,0.00399922073278542,NA,NA,NA,NA
2023-07-14,0.509915014164306,NA,0.0408620597793548,0.0408620597793548,NA,NA,NA,NA
2023-07-15,0.272237960339943,NA,0.0164131096132902,0.0164131096132902,NA,NA,NA,NA
2023-07-16,0.264589235127479,NA,0.0156263138391737,0.0156263138391737,NA,NA,NA,NA
2023-07-17,0.212181303116147,NA,0.0102353057572643,0.0102353057572643,NA,NA,NA,NA
2023-07-18,0.190368271954674,NA,0.00799148077182099,0.00799148077182099,NA,NA,NA,NA
2023-07-19,0.193767705382436,NA,0.00834116778253943,0.00834116778253943,NA,NA,NA,NA
2023-07-20,0.175354107648725,NA,0.00644702980781453,0.00644702980781453,NA,NA,NA,NA
2023-07-21,0.162322946175637,NA,0.00510656293339382,0.00510656293339382,NA,NA,NA,NA
2023-07-22,0.151274787535411,NA,0.00397008014855888,0.00397008014855888,NA,NA,NA,NA
2023-07-23,0.160056657223796,NA,0.00487343825958153,0.00487343825958153,NA,NA,NA,NA
2023-07-24,0.176487252124646,NA,0.00656359214472067,0.00656359214472067,NA,NA,NA,NA
2023-07-25,0.168838526912181,NA,0.00577679637060417,0.00577679637060417,NA,NA,NA,NA
2023-07-26,0.1671388101983,NA,0.00560195286524495,0.00560195286524495,NA,NA,NA,NA
2023-07-27,0.146742209631728,NA,0.00350383080093428,0.00350383080093428,NA,NA,NA,NA
2023-07-28,0.141643059490085,NA,0.00297930028485662,0.00297930028485662,NA,NA,NA,NA
2023-07-29,0.145325779036827,NA,0.0033581278798016,0.0033581278798016,NA,NA,NA,NA
2023-07-30,0.131728045325779,NA,0.00195937983692782,0.00195937983692782,NA,NA,NA,NA
2023-07-31,0.131728045325779,NA,0.00195937983692782,0.00195937983692782,NA,NA,NA,NA
2023-08-01,0.129745042492918,NA,0.00175539574734206,0.00175539574734206,NA,NA,NA,NA
2023-08-02,0.122946175637394,NA,0.00105602172590517,0.00105602172590517,NA,NA,NA,NA
2023-08-03,0.122946175637394,NA,0.00105602172590517,0.00105602172590517,NA,NA,NA,NA
2023-08-04,0.128045325779037,NA,0.00158055224198284,0.00158055224198284,NA,NA,NA,NA
2023-08-05,0.118696883852691,NA,0.00061891296250712,0.00061891296250712,NA,NA,NA,NA
2023-08-06,0.118696883852691,NA,0.00061891296250712,0.00061891296250712,NA,NA,NA,NA
2023-08-07,0.118696883852691,NA,0.00061891296250712,0.00061891296250712,NA,NA,NA,NA
2023-08-08,0.11699716713881,NA,0.000444069457147896,0.000444069457147896,NA,NA,NA,NA
2023-08-09,0.112464589235127,NA,-2.21798904766965e-05,-2.21798904766965e-05,NA,NA,NA,NA
2023-08-10,0.112464589235127,NA,-2.21798904766965e-05,-2.21798904766965e-05,NA,NA,NA,NA
2023-08-11,0.111331444759207,NA,-0.000138742227382844,-0.000138742227382844,NA,NA,NA,NA
2023-08-12,0.106515580736544,NA,-0.000634132159233976,-0.000634132159233976,NA,NA,NA,NA
2023-08-13,0.104532577903683,NA,-0.000838116248819734,-0.000838116248819734,NA,NA,NA,NA
2023-08-14,0.10056657223796,NA,-0.00124608442799125,-0.00124608442799125,NA,NA,NA,NA
2023-08-15,0.10056657223796,NA,-0.00124608442799125,-0.00124608442799125,NA,NA,NA,NA
2023-08-16,0.0988668555240793,NA,-0.00142092793335047,-0.00142092793335047,NA,NA,NA,NA
2023-08-17,0.0951841359773371,NA,-0.00179975552829546,-0.00179975552829546,NA,NA,NA,NA
2023-08-18,0.0900849858356941,NA,-0.00232428604437312,-0.00232428604437312,NA,NA,NA,NA
2023-08-19,0.0881019830028329,NA,-0.00252827013395888,-0.00252827013395888,NA,NA,NA,NA
2023-08-20,0.0835694050991502,NA,-0.00299451948158347,-0.00299451948158347,NA,NA,NA,NA
2023-08-21,0.0793201133144476,NA,-0.00343162824498153,-0.00343162824498153,NA,NA,NA,NA
2023-08-22,0.0793201133144476,NA,-0.00343162824498153,-0.00343162824498153,NA,NA,NA,NA
2023-08-23,0.0793201133144476,NA,-0.00343162824498153,-0.00343162824498153,NA,NA,NA,NA
2023-08-24,0.0793201133144476,NA,-0.00343162824498153,-0.00343162824498153,NA,NA,NA,NA
2023-08-25,0.0807365439093485,NA,-0.00328592532384884,-0.00328592532384884,NA,NA,NA,NA
2023-08-26,0.0793201133144476,NA,-0.00343162824498153,-0.00343162824498153,NA,NA,NA,NA
2023-08-27,0.0793201133144476,NA,-0.00343162824498153,-0.00343162824498153,NA,NA,NA,NA
2023-08-28,0.102549575070822,NA,-0.00104210033840549,-0.00104210033840549,NA,NA,NA,NA
2023-08-29,0.135127478753541,NA,0.00230906684764627,0.00230906684764627,NA,NA,NA,NA
2023-08-30,0.205949008498584,NA,0.00959421290428052,0.00959421290428052,NA,NA,NA,NA
2023-08-31,0.140793201133144,NA,0.00289187853217701,0.00289187853217701,NA,NA,NA,NA
2023-09-01,0.118980169971671,NA,0.000648053546733656,0.000648053546733656,NA,NA,NA,NA
2023-09-02,0.105382436260623,NA,-0.000750694496140122,-0.000750694496140122,NA,NA,NA,NA
2023-09-03,0.098300283286119,NA,-0.00147920910180355,-0.00147920910180355,NA,NA,NA,NA
2023-09-04,0.088385269121813,NA,-0.00249912954973234,-0.00249912954973234,NA,NA,NA,NA
2023-09-05,0.08328611898017,NA,-0.00302366006581001,-0.00302366006581001,NA,NA,NA,NA
2023-09-06,0.0793201133144476,NA,-0.00343162824498153,-0.00343162824498153,NA,NA,NA,NA
2023-09-07,0.0807365439093485,NA,-0.00328592532384884,-0.00328592532384884,NA,NA,NA,NA
2023-09-08,0.0881019830028329,NA,-0.00252827013395888,-0.00252827013395888,NA,NA,NA,NA
2023-09-09,0.0917847025495751,NA,-0.0021494425390139,-0.0021494425390139,NA,NA,NA,NA
2023-09-10,0.128328611898017,NA,0.00160969282620938,0.00160969282620938,NA,NA,NA,NA
2023-09-11,0.114447592067989,NA,0.000181804199109063,0.000181804199109063,NA,NA,NA,NA
2023-09-12,0.104249291784703,NA,-0.000867256833046271,-0.000867256833046271,NA,NA,NA,NA
2023-09-13,0.0994334277620397,NA,-0.0013626467648974,-0.0013626467648974,NA,NA,NA,NA
2023-09-14,0.0932011331444759,NA,-0.00200373961788122,-0.00200373961788122,NA,NA,NA,NA
2023-09-15,0.0878186968838527,NA,-0.00255741071818542,-0.00255741071818542,NA,NA,NA,NA
2023-09-16,0.0844192634560907,NA,-0.00290709772890386,-0.00290709772890386,NA,NA,NA,NA
2023-09-17,0.0934844192634561,NA,-0.00197459903365468,-0.00197459903365468,NA,NA,NA,NA
2023-09-18,0.098300283286119,NA,-0.00147920910180355,-0.00147920910180355,NA,NA,NA,NA
2023-09-19,0.0920679886685552,NA,-0.00212030195478736,-0.00212030195478736,NA,NA,NA,NA
2023-09-20,0.0844192634560907,NA,-0.00290709772890386,-0.00290709772890386,NA,NA,NA,NA
2023-09-21,0.0824362606232295,NA,-0.00311108181848962,-0.00311108181848962,NA,NA,NA,NA
2023-09-22,0.0793201133144476,NA,-0.00343162824498153,-0.00343162824498153,NA,NA,NA,NA
2023-09-23,0.0977337110481587,NA,-0.00153749027025662,-0.00153749027025662,NA,NA,NA,NA
2023-09-24,0.111331444759207,NA,-0.000138742227382844,-0.000138742227382844,NA,NA,NA,NA
2023-09-25,0.106515580736544,NA,-0.000634132159233976,-0.000634132159233976,NA,NA,NA,NA
2023-09-26,0.10056657223796,NA,-0.00124608442799125,-0.00124608442799125,NA,NA,NA,NA
2023-09-27,0.10056657223796,NA,-0.00124608442799125,-0.00124608442799125,NA,NA,NA,NA
2023-09-28,0.10056657223796,NA,-0.00124608442799125,-0.00124608442799125,NA,NA,NA,NA
2023-09-29,0.0991501416430595,NA,-0.00139178734912394,-0.00139178734912394,NA,NA,NA,NA
2023-09-30,0.0951841359773371,NA,-0.00179975552829546,-0.00179975552829546,NA,NA,NA,NA
2023-10-01,0.0929178470254958,NA,-0.00203288020210775,-0.00203288020210775,NA,NA,NA,NA
2023-10-02,0.0895184135977337,NA,-0.0023825672128262,-0.0023825672128262,NA,NA,NA,NA
2023-10-03,0.0878186968838527,NA,-0.00255741071818542,-0.00255741071818542,NA,NA,NA,NA
2023-10-04,0.0844192634560907,NA,-0.00290709772890386,-0.00290709772890386,NA,NA,NA,NA
2023-10-05,0.0844192634560907,NA,-0.00290709772890386,-0.00290709772890386,NA,NA,NA,NA
2023-10-06,0.084985835694051,NA,-0.00284881656045079,-0.00284881656045079,NA,NA,NA,NA
2023-10-07,0.0929178470254958,NA,-0.00203288020210775,-0.00203288020210775,NA,NA,NA,NA
2023-10-08,0.0906515580736544,NA,-0.00226600487592005,-0.00226600487592005,NA,NA,NA,NA
2023-10-09,0.0895184135977337,NA,-0.0023825672128262,-0.0023825672128262,NA,NA,NA,NA
2023-10-10,0.0934844192634561,NA,-0.00197459903365468,-0.00197459903365468,NA,NA,NA,NA
2023-10-11,0.0858356940509915,NA,-0.00276139480777118,-0.00276139480777118,NA,NA,NA,NA
2023-10-12,0.0827195467422096,NA,-0.00308194123426309,-0.00308194123426309,NA,NA,NA,NA
2023-10-13,0.0779036827195467,NA,-0.00357733116611422,-0.00357733116611422,NA,NA,NA,NA
2023-10-14,0.0801699716713881,NA,-0.00334420649230192,-0.00334420649230192,NA,NA,NA,NA
2023-10-15,0.0830028328611898,NA,-0.00305280065003655,-0.00305280065003655,NA,NA,NA,NA
2023-10-16,0.0804532577903683,NA,-0.00331506590807538,-0.00331506590807538,NA,NA,NA,NA
2023-10-17,0.0779036827195467,NA,-0.00357733116611422,-0.00357733116611422,NA,NA,NA,NA
2023-10-18,0.0753541076487252,NA,-0.00383959642415305,-0.00383959642415305,NA,NA,NA,NA
2023-10-19,0.0702549575070822,NA,-0.00436412694023071,-0.00436412694023071,NA,NA,NA,NA
2023-10-20,0.0753541076487252,NA,-0.00383959642415305,-0.00383959642415305,NA,NA,NA,NA
2023-10-21,0.0813031161473088,NA,-0.00322764415539577,-0.00322764415539577,NA,NA,NA,NA
2023-10-22,0.0813031161473088,NA,-0.00322764415539577,-0.00322764415539577,NA,NA,NA,NA
2023-10-23,0.0773371104815864,NA,-0.00363561233456729,-0.00363561233456729,NA,NA,NA,NA
2023-10-24,0.0705382436260623,NA,-0.00433498635600418,-0.00433498635600418,NA,NA,NA,NA
2023-10-25,0.0694050991501416,NA,-0.00445154869291033,-0.00445154869291033,NA,NA,NA,NA
2023-10-26,0.0668555240793201,NA,-0.00471381395094916,-0.00471381395094916,NA,NA,NA,NA
2023-10-27,0.0648725212464589,NA,-0.00491779804053492,-0.00491779804053492,NA,NA,NA,NA
2023-10-28,0.0668555240793201,NA,-0.00471381395094916,-0.00471381395094916,NA,NA,NA,NA
2023-10-29,0.0739376770538244,NA,-0.00398529934528573,-0.00398529934528573,NA,NA,NA,NA
2023-10-30,0.0793201133144476,NA,-0.00343162824498153,-0.00343162824498153,NA,NA,NA,NA
2023-10-31,0.0793201133144476,NA,-0.00343162824498153,-0.00343162824498153,NA,NA,NA,NA
2023-11-01,0.0793201133144476,NA,-0.00343162824498153,-0.00343162824498153,NA,NA,NA,NA
2023-11-02,0.0793201133144476,NA,-0.00343162824498153,-0.00343162824498153,NA,NA,NA,NA
2023-11-03,0.0793201133144476,NA,-0.00343162824498153,-0.00343162824498153,NA,NA,NA,NA
2023-11-04,0.0793201133144476,NA,-0.00343162824498153,-0.00343162824498153,NA,NA,NA,NA
2023-11-05,0.0804532577903683,NA,-0.00331506590807538,-0.00331506590807538,NA,NA,NA,NA
2023-11-06,0.0798866855524079,NA,-0.00337334707652846,-0.00337334707652846,NA,NA,NA,NA
2023-11-07,0.0793201133144476,NA,-0.00343162824498153,-0.00343162824498153,NA,NA,NA,NA
2023-11-08,0.0926345609065156,NA,-0.00206202078633429,-0.00206202078633429,NA,NA,NA,NA
2023-11-09,0.0730878186968839,NA,-0.00407272109796534,-0.00407272109796534,NA,NA,NA,NA
2023-11-10,0.0776203966005666,NA,-0.00360647175034075,-0.00360647175034075,NA,NA,NA,NA
2023-11-11,0.0793201133144476,NA,-0.00343162824498153,-0.00343162824498153,NA,NA,NA,NA
2023-11-12,0.0793201133144476,NA,-0.00343162824498153,-0.00343162824498153,NA,NA,NA,NA
2023-11-13,0.0793201133144476,NA,-0.00343162824498153,-0.00343162824498153,NA,NA,NA,NA
2023-11-14,0.0767705382436261,NA,-0.00369389350302036,-0.00369389350302036,NA,NA,NA,NA
2023-11-15,0.0742209631728045,NA,-0.0039561587610592,-0.0039561587610592,NA,NA,NA,NA
2023-11-16,0.0742209631728045,NA,-0.0039561587610592,-0.0039561587610592,NA,NA,NA,NA
2023-11-17,0.0742209631728045,NA,-0.0039561587610592,-0.0039561587610592,NA,NA,NA,NA
2023-11-18,0.0742209631728045,NA,-0.0039561587610592,-0.0039561587610592,NA,NA,NA,NA
2023-11-19,0.0742209631728045,NA,-0.0039561587610592,-0.0039561587610592,NA,NA,NA,NA
2023-11-20,0.0722379603399433,NA,-0.00416014285064496,-0.00416014285064496,NA,NA,NA,NA
2023-11-21,0.28328611898017,NA,0.0175495923981251,0.0175495923981251,NA,NA,NA,NA
2023-11-22,0.373937677053824,NA,0.026874579350617,0.026874579350617,NA,NA,NA,NA
2023-11-23,0.203116147308782,NA,0.00930280706201516,0.00930280706201516,NA,NA,NA,NA
2023-11-24,0.158073654390935,NA,0.00466945416999576,0.00466945416999576,NA,NA,NA,NA
2023-11-25,0.128895184135977,NA,0.00166797399466245,0.00166797399466245,NA,NA,NA,NA
2023-11-26,0.112181303116147,NA,-5.13204747032339e-05,-5.13204747032339e-05,NA,NA,NA,NA
2023-11-27,0.101416430594901,NA,-0.00115866267531164,-0.00115866267531164,NA,NA,NA,NA
2023-11-28,0.0909348441926346,NA,-0.00223686429169351,-0.00223686429169351,NA,NA,NA,NA
2023-11-29,0.0872521246458924,NA,-0.00261569188663849,-0.00261569188663849,NA,NA,NA,NA
2023-11-30,0.0844192634560907,NA,-0.00290709772890386,-0.00290709772890386,NA,NA,NA,NA
2023-12-01,0.0844192634560907,NA,-0.00290709772890386,-0.00290709772890386,NA,NA,NA,NA
2023-12-02,0.086685552407932,NA,-0.00267397305509157,-0.00267397305509157,NA,NA,NA,NA
2023-12-03,0.153824362606232,NA,0.00423234540659771,0.00423234540659771,NA,NA,NA,NA
2023-12-04,0.13314447592068,NA,0.00210508275806051,0.00210508275806051,NA,NA,NA,NA
2023-12-05,0.115014164305949,NA,0.000240085367562136,0.000240085367562136,NA,NA,NA,NA
2023-12-06,0.105099150141643,NA,-0.000779835080366661,-0.000779835080366661,NA,NA,NA,NA
2023-12-07,0.0963172804532578,NA,-0.00168319319138931,-0.00168319319138931,NA,NA,NA,NA
2023-12-08,0.0912181303116147,NA,-0.00220772370746697,-0.00220772370746697,NA,NA,NA,NA
2023-12-09,0.0895184135977337,NA,-0.0023825672128262,-0.0023825672128262,NA,NA,NA,NA
2023-12-10,0.373937677053824,NA,0.026874579350617,0.026874579350617,NA,NA,NA,NA
2023-12-11,0.402266288951841,NA,0.0297886377732707,0.0297886377732707,NA,NA,NA,NA
2023-12-12,0.258356940509915,NA,0.0149852209861899,0.0149852209861899,NA,NA,NA,NA
2023-12-13,0.204815864022663,NA,0.00947765056737438,0.00947765056737438,NA,NA,NA,NA
2023-12-14,0.171954674220963,NA,0.00609734279709608,0.00609734279709608,NA,NA,NA,NA
2023-12-15,0.153257790368272,NA,0.00417406423814464,0.00417406423814464,NA,NA,NA,NA
2023-12-16,0.139943342776204,NA,0.0028044567794974,0.0028044567794974,NA,NA,NA,NA
2023-12-17,0.164589235127479,NA,0.00533968760720612,0.00533968760720612,NA,NA,NA,NA
2023-12-18,0.281869688385269,NA,0.0174038894769924,0.0174038894769924,NA,NA,NA,NA
2023-12-19,0.214164305949009,NA,0.0104392898468501,0.0104392898468501,NA,NA,NA,NA
2023-12-20,0.180736543909348,NA,0.00700070090811873,0.00700070090811873,NA,NA,NA,NA
2023-12-21,0.162322946175637,NA,0.00510656293339382,0.00510656293339382,NA,NA,NA,NA
2023-12-22,0.149008498583569,NA,0.00373695547474658,0.00373695547474658,NA,NA,NA,NA
2023-12-23,0.139943342776204,NA,0.0028044567794974,0.0028044567794974,NA,NA,NA,NA
2023-12-24,0.13342776203966,NA,0.00213422334228704,0.00213422334228704,NA,NA,NA,NA
2023-12-25,0.127195467422096,NA,0.00149313048930323,0.00149313048930323,NA,NA,NA,NA
2023-12-26,0.249008498583569,NA,0.0140235817067142,0.0140235817067142,NA,NA,NA,NA
2023-12-27,1.08215297450425,NA,0.0997260399169596,0.0997260399169596,NA,NA,NA,NA
2023-12-28,0.611898016997167,NA,0.0513526701009081,0.0513526701009081,NA,NA,NA,NA
2023-12-29,0.424929178470255,NA,0.0321198845113937,0.0321198845113937,NA,NA,NA,NA
2023-12-30,0.337110481586402,NA,0.0230863034011672,0.0230863034011672,NA,NA,NA,NA
2023-12-31,0.278753541076487,NA,0.0170833430505005,0.0170833430505005,NA,NA,NA,NA
2024-01-01,0.242209631728045,NA,0.0133242076852773,0.0133242076852773,6,"Normal",6,"Normal"
2024-01-02,0.21614730878187,NA,0.0106432739364359,0.0106432739364359,5,"Normal",6,"Normal"
2024-01-03,0.2,NA,0.00898226063552325,0.00898226063552325,5,"Normal",6,"Normal"
2024-01-04,0.186402266288952,NA,0.00758351259264947,0.00758351259264947,5,"Normal",5,"Normal"
2024-01-05,0.170538243626062,NA,0.00595163987596339,0.00595163987596339,4,"Normal",5,"Normal"
2024-01-06,0.265439093484419,NA,0.0157137355918533,0.0157137355918533,6,"Normal",7,"Normal"
2024-01-07,0.303116147308782,NA,0.0195894332939827,0.0195894332939827,7,"Normal",7,"Normal"
2024-01-08,0.251274787535411,NA,0.0142567063805265,0.0142567063805265,6,"Normal",7,"Normal"
2024-01-09,2.25495750708215,NA,0.220368058614823,0.220368058614823,10,"High flow",10,"High flow"
2024-01-10,1.37677053824363,NA,0.130032247512558,0.130032247512558,10,"High flow",10,"High flow"
2024-01-11,0.86685552407932,NA,0.0775791959047914,0.0775791959047914,10,"High flow",10,"High flow"
2024-01-12,0.711048158640227,NA,0.0615518745801961,0.0615518745801961,10,"High flow",10,"High flow"
2024-01-13,0.657223796033994,NA,0.056015163577154,0.056015163577154,10,"High flow",10,"High flow"
2024-01-14,0.572237960339943,NA,0.0472729883091929,0.0472729883091929,10,"High flow",10,"High flow"
2024-01-15,0.524079320113314,NA,0.0423190889906816,0.0423190889906816,9,"Normal",10,"High flow"
2024-01-16,0.473087818696884,NA,0.0370737838299049,0.0370737838299049,9,"Normal",9,"Normal"
2024-01-17,0.413597733711048,NA,0.0309542611423322,0.0309542611423322,9,"Normal",9,"Normal"
2024-01-18,0.376770538243626,NA,0.0271659851928824,0.0271659851928824,8,"Normal",9,"Normal"
2024-01-19,0.362606232294618,NA,0.0257089559815555,0.0257089559815555,8,"Normal",8,"Normal"
2024-01-20,0.334277620396601,NA,0.0227948975589018,0.0227948975589018,8,"Normal",8,"Normal"
2024-01-21,0.305949008498584,NA,0.0198808391362481,0.0198808391362481,7,"Normal",8,"Normal"
2024-01-22,0.288951841359773,NA,0.0181324040826559,0.0181324040826559,7,"Normal",7,"Normal"
2024-01-23,0.28328611898017,NA,0.0175495923981251,0.0175495923981251,7,"Normal",7,"Normal"
2024-01-24,0.28328611898017,NA,0.0175495923981251,0.0175495923981251,7,"Normal",7,"Normal"
2024-01-25,0.28328611898017,NA,0.0175495923981251,0.0175495923981251,7,"Normal",7,"Normal"
2024-01-26,0.286118980169972,NA,0.0178409982403905,0.0178409982403905,7,"Normal",7,"Normal"
2024-01-27,0.305949008498584,NA,0.0198808391362481,0.0198808391362481,7,"Normal",8,"Normal"
2024-01-28,1.64022662889518,NA,0.157132990843238,0.157132990843238,10,"High flow",10,"High flow"
2024-01-29,0.971671388101983,NA,0.0883612120686101,0.0883612120686101,10,"High flow",10,"High flow"
2024-01-30,0.756373937677054,NA,0.066214368056442,0.066214368056442,10,"High flow",10,"High flow"
2024-01-31,0.660056657223796,NA,0.0563065694194194,0.0563065694194194,10,"High flow",10,"High flow"
2024-02-01,0.572237960339943,NA,0.0472729883091929,0.0472729883091929,10,"High flow",10,"High flow"
2024-02-02,0.504249291784703,NA,0.040279248094824,0.040279248094824,9,"Normal",9,"Normal"
2024-02-03,0.453257790368272,NA,0.0350339429340474,0.0350339429340474,9,"Normal",9,"Normal"
2024-02-04,0.422096317280453,NA,0.0318284786691283,0.0318284786691283,9,"Normal",9,"Normal"
2024-02-05,0.396600566572238,NA,0.0292058260887399,0.0292058260887399,9,"Normal",9,"Normal"
2024-02-06,0.371104815864023,NA,0.0265831735083516,0.0265831735083516,8,"Normal",9,"Normal"
2024-02-07,0.351274787535411,NA,0.024543332612494,0.024543332612494,8,"Normal",8,"Normal"
2024-02-08,0.331444759206799,NA,0.0225034917166364,0.0225034917166364,8,"Normal",8,"Normal"
2024-02-09,0.320113314447592,NA,0.021337868347575,0.021337868347575,8,"Normal",8,"Normal"
2024-02-10,0.320113314447592,NA,0.021337868347575,0.021337868347575,8,"Normal",8,"Normal"
2024-02-11,0.41643059490085,NA,0.0312456669845975,0.0312456669845975,9,"Normal",9,"Normal"
2024-02-12,0.410764872521246,NA,0.0306628553000668,0.0306628553000668,9,"Normal",9,"Normal"
2024-02-13,1.54390934844193,NA,0.147225192206215,0.147225192206215,10,"High flow",10,"High flow"
2024-02-14,0.881019830028329,NA,0.0790362251161183,0.0790362251161183,10,"High flow",10,"High flow"
2024-02-15,0.745042492917847,NA,0.0650487446873805,0.0650487446873805,10,"High flow",10,"High flow"
2024-02-16,0.651558073654391,NA,0.0554323518926233,0.0554323518926233,10,"High flow",10,"High flow"
2024-02-17,0.563739376770538,NA,0.0463987707823968,0.0463987707823968,10,"High flow",10,"High flow"
2024-02-18,0.495750708215297,NA,0.0394050305680279,0.0394050305680279,9,"Normal",9,"Normal"
2024-02-19,0.45042492917847,NA,0.034742537091782,0.034742537091782,9,"Normal",9,"Normal"
2024-02-20,0.422096317280453,NA,0.0318284786691283,0.0318284786691283,9,"Normal",9,"Normal"
2024-02-21,0.396600566572238,NA,0.0292058260887399,0.0292058260887399,9,"Normal",9,"Normal"
2024-02-22,0.382436260623229,NA,0.0277487968774131,0.0277487968774131,8,"Normal",9,"Normal"
2024-02-23,0.368271954674221,NA,0.0262917676660862,0.0262917676660862,8,"Normal",8,"Normal"
2024-02-24,0.354107648725212,NA,0.0248347384547594,0.0248347384547594,8,"Normal",8,"Normal"
2024-02-25,0.331444759206799,NA,0.0225034917166364,0.0225034917166364,8,"Normal",8,"Normal"
2024-02-26,0.320113314447592,NA,0.021337868347575,0.021337868347575,8,"Normal",8,"Normal"
2024-02-27,0.314447592067989,NA,0.0207550566630442,0.0207550566630442,7,"Normal",8,"Normal"
2024-02-28,0.339943342776204,NA,0.0233777092434325,0.0233777092434325,8,"Normal",8,"Normal"
2024-02-29,0.342776203966006,NA,0.0236691150856979,0.0236691150856979,8,"Normal",8,"Normal"
2024-03-01,0.320113314447592,NA,0.021337868347575,0.021337868347575,8,"Normal",8,"Normal"
2024-03-02,0.393767705382436,NA,0.0289144202464746,0.0289144202464746,9,"Normal",9,"Normal"
2024-03-03,0.385269121813031,NA,0.0280402027196785,0.0280402027196785,8,"Normal",9,"Normal"
2024-03-04,0.362606232294618,NA,0.0257089559815555,0.0257089559815555,8,"Normal",8,"Normal"
2024-03-05,0.345609065155807,NA,0.0239605209279633,0.0239605209279633,8,"Normal",8,"Normal"
2024-03-06,0.348441926345609,NA,0.0242519267702287,0.0242519267702287,8,"Normal",8,"Normal"
2024-03-07,0.427762039660057,NA,0.032411290353659,0.032411290353659,9,"Normal",9,"Normal"
2024-03-08,0.393767705382436,NA,0.0289144202464746,0.0289144202464746,9,"Normal",9,"Normal"
2024-03-09,0.518413597733711,NA,0.0417362773061509,0.0417362773061509,9,"Normal",9,"Normal"
2024-03-10,0.592067988668555,NA,0.0493128292050505,0.0493128292050505,10,"High flow",10,"High flow"
2024-03-11,0.529745042492918,NA,0.0429019006752124,0.0429019006752124,9,"Normal",10,"High flow"
2024-03-12,0.487252124645892,NA,0.0385308130412318,0.0385308130412318,9,"Normal",9,"Normal"
2024-03-13,0.453257790368272,NA,0.0350339429340474,0.0350339429340474,9,"Normal",9,"Normal"
2024-03-14,0.424929178470255,NA,0.0321198845113937,0.0321198845113937,9,"Normal",9,"Normal"
2024-03-15,0.402266288951841,NA,0.0297886377732707,0.0297886377732707,9,"Normal",9,"Normal"
2024-03-16,0.379603399433428,NA,0.0274573910351477,0.0274573910351477,8,"Normal",9,"Normal"
2024-03-17,0.356940509915014,NA,0.0251261442970248,0.0251261442970248,8,"Normal",8,"Normal"
2024-03-18,0.339943342776204,NA,0.0233777092434325,0.0233777092434325,8,"Normal",8,"Normal"
2024-03-19,0.320113314447592,NA,0.021337868347575,0.021337868347575,8,"Normal",8,"Normal"
2024-03-20,0.311614730878187,NA,0.0204636508207788,0.0204636508207788,7,"Normal",8,"Normal"
2024-03-21,0.30028328611898,NA,0.0192980274517174,0.0192980274517174,7,"Normal",7,"Normal"
2024-03-22,0.294617563739377,NA,0.0187152157671866,0.0187152157671866,7,"Normal",7,"Normal"
2024-03-23,0.439093484419263,NA,0.0335769137227205,0.0335769137227205,9,"Normal",9,"Normal"
2024-03-24,0.371104815864023,NA,0.0265831735083516,0.0265831735083516,8,"Normal",9,"Normal"
2024-03-25,0.342776203966006,NA,0.0236691150856979,0.0236691150856979,8,"Normal",8,"Normal"
2024-03-26,0.325779036827196,NA,0.0219206800321057,0.0219206800321057,8,"Normal",8,"Normal"
2024-03-27,0.325779036827196,NA,0.0219206800321057,0.0219206800321057,8,"Normal",8,"Normal"
2024-03-28,0.31728045325779,NA,0.0210464625053096,0.0210464625053096,7,"Normal",8,"Normal"
2024-03-29,0.297450424929179,NA,0.019006621609452,0.019006621609452,7,"Normal",7,"Normal"
2024-03-30,0.288951841359773,NA,0.0181324040826559,0.0181324040826559,7,"Normal",7,"Normal"
2024-03-31,0.294617563739377,NA,0.0187152157671866,0.0187152157671866,7,"Normal",7,"Normal"
2024-04-01,0.30028328611898,NA,0.0192980274517174,0.0192980274517174,7,"Normal",7,"Normal"
2024-04-02,0.337110481586402,NA,0.0230863034011672,0.0230863034011672,8,"Normal",8,"Normal"
2024-04-03,0.592067988668555,NA,0.0493128292050505,0.0493128292050505,10,"High flow",10,"High flow"
2024-04-04,0.552407932011332,NA,0.0452331474133353,0.0452331474133353,9,"Normal",10,"High flow"
2024-04-05,0.475920679886686,NA,0.0373651896721703,0.0373651896721703,9,"Normal",9,"Normal"
2024-04-06,0.424929178470255,NA,0.0321198845113937,0.0321198845113937,9,"Normal",9,"Normal"
2024-04-07,0.388101983002833,NA,0.0283316085619438,0.0283316085619438,8,"Normal",9,"Normal"
2024-04-08,0.365439093484419,NA,0.0260003618238209,0.0260003618238209,8,"Normal",8,"Normal"
2024-04-09,0.348441926345609,NA,0.0242519267702287,0.0242519267702287,8,"Normal",8,"Normal"
2024-04-10,0.337110481586402,NA,0.0230863034011672,0.0230863034011672,8,"Normal",8,"Normal"
2024-04-11,0.461756373937677,NA,0.0359081604608435,0.0359081604608435,9,"Normal",9,"Normal"
2024-04-12,0.835694050991502,NA,0.0743737316398724,0.0743737316398724,10,"High flow",10,"High flow"
2024-04-13,0.56657223796034,NA,0.0466901766246622,0.0466901766246622,10,"High flow",10,"High flow"
2024-04-14,0.487252124645892,NA,0.0385308130412318,0.0385308130412318,9,"Normal",9,"Normal"
2024-04-15,0.430594900849858,NA,0.0327026961959244,0.0327026961959244,9,"Normal",9,"Normal"
2024-04-16,0.388101983002833,NA,0.0283316085619438,0.0283316085619438,8,"Normal",9,"Normal"
2024-04-17,0.362606232294618,NA,0.0257089559815555,0.0257089559815555,8,"Normal",8,"Normal"
2024-04-18,0.339943342776204,NA,0.0233777092434325,0.0233777092434325,8,"Normal",8,"Normal"
2024-04-19,0.322946175637394,NA,0.0216292741898403,0.0216292741898403,8,"Normal",8,"Normal"
2024-04-20,0.305949008498584,NA,0.0198808391362481,0.0198808391362481,7,"Normal",8,"Normal"
2024-04-21,0.291784702549575,NA,0.0184238099249213,0.0184238099249213,7,"Normal",7,"Normal"
2024-04-22,0.279886685552408,NA,0.0171999053874067,0.0171999053874067,7,"Normal",7,"Normal"
2024-04-23,0.271388101983003,0.0108068954530951,0.0163256878606106,0.0108068954530951,7,"Normal",6,"Normal"
2024-04-24,0.263456090651558,0.0111971618366264,0.0155097515022675,0.0111971618366264,6,"Normal",6,"Normal"
2024-04-25,0.258356940509915,0.00968436869364261,0.0149852209861899,0.00968436869364261,6,"Normal",6,"Normal"
2024-04-26,0.246742209631728,0.00855421325977933,0.0137904570329019,0.00855421325977933,6,"Normal",6,"Normal"
2024-04-27,0.237960339943343,0.00843910002542921,0.0128870989218792,0.00843910002542921,6,"Normal",6,"Normal"
2024-04-28,0.232011331444759,0.00852084391324901,0.0122751466531219,0.00852084391324901,6,"Normal",6,"Normal"
2024-04-29,0.222379603399433,0.00841105119431237,0.0112843667894197,0.00841105119431237,6,"Normal",6,"Normal"
2024-04-30,0.213597733711048,0.00788008706497585,0.010381008678397,0.00788008706497585,5,"Normal",5,"Normal"
2024-05-01,0.206515580736544,0.00829281815941278,0.0096524940727336,0.00829281815941278,5,"Normal",6,"Normal"
2024-05-02,0.198016997167139,0.00765350679807095,0.00877827654593749,0.00765350679807095,5,"Normal",5,"Normal"
2024-05-03,0.189801699716714,0.00722294767615086,0.00793319960336792,0.00722294767615086,5,"Normal",5,"Normal"
2024-05-04,0.191218130311615,0.00637317677143152,0.0080789025245006,0.00637317677143152,5,"Normal",5,"Normal"
2024-05-05,0.207082152974504,0.00748724321125996,0.00971077524118667,0.00748724321125996,5,"Normal",5,"Normal"
2024-05-06,0.356940509915014,0.0325905447473719,0.0251261442970248,0.0325905447473719,8,"Normal",9,"Normal"
2024-05-07,0.274504249291785,0.0324079216191254,0.0166462342871025,0.0324079216191254,7,"Normal",9,"Normal"
2024-05-08,0.215297450424929,0.0179286365917045,0.0105558521837562,0.0179286365917045,5,"Normal",7,"Normal"
2024-05-09,0.193484419263456,0.0134460067710329,0.0083120271983129,0.0134460067710329,5,"Normal",6,"Normal"
2024-05-10,0.179320113314448,0.0112338363684544,0.00685499798698604,0.0112338363684544,5,"Normal",6,"Normal"
2024-05-11,0.171671388101983,0.0079427370190895,0.00606820221286954,0.0079427370190895,4,"Normal",6,"Normal"
2024-05-12,0.165439093484419,0.00707161404863448,0.00542710935988573,0.00707161404863448,4,"Normal",5,"Normal"
2024-05-13,0.158073654390935,0.00571371519714664,0.00466945416999576,0.00571371519714664,4,"Normal",5,"Normal"
2024-05-14,0.160056657223796,0.00693695872763546,0.00487343825958153,0.00693695872763546,4,"Normal",5,"Normal"
2024-05-15,0.203116147308782,0.00986764665738365,0.00930280706201516,0.00986764665738365,5,"Normal",6,"Normal"
2024-05-16,0.325779036827196,0.00814066390685578,0.0219206800321057,0.00814066390685578,8,"Normal",6,"Normal"
2024-05-17,0.223229461756374,0.00659897208380974,0.0113717885420993,0.00659897208380974,6,"Normal",5,"Normal"
2024-05-18,0.441926345609065,0.0308381033469594,0.0338683195649859,0.0308381033469594,9,"Normal",9,"Normal"
2024-05-19,0.294617563739377,0.0248936043805069,0.0187152157671866,0.0248936043805069,7,"Normal",8,"Normal"
2024-05-20,0.240509915014164,0.0178353023747298,0.013149364179918,0.0178353023747298,6,"Normal",7,"Normal"
2024-05-21,0.210481586402266,0.0132545286034612,0.0100604622519051,0.0132545286034612,5,"Normal",6,"Normal"
2024-05-22,0.203399433427762,0.0115184687386667,0.00933194764624169,0.0115184687386667,5,"Normal",6,"Normal"
2024-05-23,0.19915014164306,0.0104037571996069,0.00889483888284364,0.0104037571996069,5,"Normal",6,"Normal"
2024-05-24,0.181019830028329,0.00912652358152698,0.00702984149234526,0.00912652358152698,5,"Normal",6,"Normal"
2024-05-25,0.171671388101983,0.00776723207012454,0.00606820221286954,0.00776723207012454,4,"Normal",5,"Normal"
2024-05-26,0.2,0.0113878003057293,0.00898226063552325,0.0113878003057293,5,"Normal",6,"Normal"
2024-05-27,0.224929178470255,0.0176228913482103,0.0115466320474585,0.0176228913482103,6,"Normal",7,"Normal"
2024-05-28,0.180169971671388,0.011153179550532,0.00694241973966566,0.011153179550532,5,"Normal",6,"Normal"
2024-05-29,0.160906515580737,0.00843386226654509,0.00496086001226113,0.00843386226654509,4,"Normal",6,"Normal"
2024-05-30,0.145325779036827,0.00675797806928918,0.0033581278798016,0.00675797806928918,4,"Normal",5,"Normal"
2024-05-31,0.130311614730878,0.00522227830341634,0.00181367691579514,0.00522227830341634,3,"Normal",5,"Normal"
2024-06-01,0.125212464589235,0.0048035804882066,0.00128914639971747,0.0048035804882066,3,"Normal",4,"Normal"
2024-06-02,0.125212464589235,0.00475946021530512,0.00128914639971747,0.00475946021530512,3,"Normal",4,"Normal"
2024-06-03,0.123229461756374,0.005401517832791,0.00108516231013171,0.005401517832791,3,"Normal",5,"Normal"
2024-06-04,0.118696883852691,0.00884217124095231,0.00061891296250712,0.00884217124095231,3,"Normal",6,"Normal"
2024-06-05,0.221813031161473,0.0128642144287937,0.0112260856209666,0.0128642144287937,6,"Normal",6,"Normal"
2024-06-06,0.294617563739377,0.0141890282143143,0.0187152157671866,0.0141890282143143,7,"Normal",7,"Normal"
2024-06-07,0.210764872521246,0.00900021506283992,0.0100896028361317,0.00900021506283992,5,"Normal",6,"Normal"
2024-06-08,0.168271954674221,0.00605755159824808,0.0057185152021511,0.00605755159824808,4,"Normal",5,"Normal"
2024-06-09,0.147592067988669,0.00556286442822312,0.0035912525536139,0.00556286442822312,4,"Normal",5,"Normal"
2024-06-10,0.13371104815864,0.00469737462250555,0.00216336392651358,0.00469737462250555,3,"Normal",4,"Normal"
2024-06-11,0.125212464589235,0.00403034171997073,0.00128914639971747,0.00403034171997073,3,"Normal",4,"Normal"
2024-06-12,0.122662889518414,0.00372308302460014,0.00102688114167864,0.00372308302460014,3,"Normal",3,"Normal"
2024-06-13,0.11614730878187,0.00378104082154884,0.000356647704468284,0.00378104082154884,3,"Normal",4,"Normal"
2024-06-14,0.112464589235127,0.00365020682134712,-2.21798904766965e-05,0.00365020682134712,2,"Normal",3,"Normal"
2024-06-15,0.108498583569405,0.003464717217669,-0.000430148069648214,0.003464717217669,2,"Normal",3,"Normal"
2024-06-16,0.10056657223796,0.00300516471159094,-0.00124608442799125,0.00300516471159094,2,"Normal",3,"Normal"
2024-06-17,0.0994334277620397,0.00287336121333842,-0.0013626467648974,0.00287336121333842,2,"Normal",3,"Normal"
2024-06-18,0.0971671388101983,0.00278815698527078,-0.0015957714387097,0.00278815698527078,2,"Normal",3,"Normal"
2024-06-19,0.0932011331444759,0.00256231216744574,-0.00200373961788122,0.00256231216744574,2,"Normal",2,"Normal"
2024-06-20,0.0881019830028329,0.00241493990947018,-0.00252827013395888,0.00241493990947018,1,"Low flow",2,"Normal"
2024-06-21,0.0827195467422096,0.0021588054911019,-0.00308194123426309,0.0021588054911019,1,"Low flow",2,"Normal"
2024-06-22,0.0779036827195467,0.00207950355423077,-0.00357733116611422,0.00207950355423077,1,"Low flow",2,"Normal"
2024-06-23,0.0742209631728045,0.00197248084075713,-0.0039561587610592,0.00197248084075713,1,"Low flow",2,"Normal"
2024-06-24,0.0742209631728045,0.00198191730485848,-0.0039561587610592,0.00198191730485848,1,"Low flow",2,"Normal"
2024-06-25,0.0742209631728045,0.00149826333584964,-0.0039561587610592,0.00149826333584964,1,"Low flow",1,"Low flow"
2024-06-26,0.0742209631728045,0.00167315185567232,-0.0039561587610592,0.00167315185567232,1,"Low flow",2,"Normal"
2024-06-27,0.0818696883852691,0.00393474051732428,-0.0031693629869427,0.00393474051732428,1,"Low flow",4,"Normal"
2024-06-28,0.0776203966005666,0.00299827354278136,-0.00360647175034075,0.00299827354278136,1,"Low flow",3,"Normal"
2024-06-29,0.0742209631728045,0.00261248044021149,-0.0039561587610592,0.00261248044021149,1,"Low flow",2,"Normal"
2024-06-30,0.0742209631728045,0.00243893121837326,-0.0039561587610592,0.00243893121837326,1,"Low flow",2,"Normal"
2024-07-01,0.0730878186968839,0.0018506439958368,-0.00407272109796534,0.0018506439958368,1,"Low flow",2,"Normal"
2024-07-02,0.0694050991501416,0.00113205171815467,-0.00445154869291033,0.00113205171815467,1,"Low flow",1,"Low flow"
2024-07-03,0.0694050991501416,0.00101369388007431,-0.00445154869291033,0.00101369388007431,1,"Low flow",1,"Low flow"
2024-07-04,0.103966005665722,0.00341550305646396,-0.000896397417272808,0.00341550305646396,2,"Normal",3,"Normal"
2024-07-05,0.122379603399433,0.00720893381089246,0.000997740557452101,0.00720893381089246,3,"Normal",5,"Normal"
2024-07-06,0.115297450424929,0.00684574958783563,0.000269225951788675,0.00684574958783563,3,"Normal",5,"Normal"
2024-07-07,0.0943342776203966,0.00365288930431216,-0.00188717728097507,0.00365288930431216,2,"Normal",3,"Normal"
2024-07-08,0.0827195467422096,0.00286529541685063,-0.00308194123426309,0.00286529541685063,1,"Low flow",3,"Normal"
2024-07-09,0.0762039660056657,0.0024825026532154,-0.00375217467147344,0.0024825026532154,1,"Low flow",2,"Normal"
2024-07-10,0.0694050991501416,0.00225271810738918,-0.00445154869291033,0.00225271810738918,1,"Low flow",2,"Normal"
2024-07-11,0.06657223796034,0.00177859083169629,-0.0047429545351757,0.00177859083169629,1,"Low flow",2,"Normal"
2024-07-12,0.0634560906515581,0.0013538048473431,-0.0050635009616676,0.0013538048473431,1,"Low flow",1,"Low flow"
2024-07-13,0.0626062322946176,0.0012607928643653,-0.00515092271434722,0.0012607928643653,1,"Low flow",1,"Low flow"
2024-07-14,0.0589235127478754,0.000983199717848453,-0.0055297503092922,0.000983199717848453,1,"Low flow",1,"Low flow"
2024-07-15,0.0552407932011331,0.000600903467459302,-0.00590857790423718,0.000600903467459302,1,"Low flow",1,"Low flow"
2024-07-16,0.0521246458923513,0.000335642688962736,-0.00622912433072909,0.000335642688962736,1,"Low flow",1,"Low flow"
2024-07-17,0.105382436260623,0.000690810708353358,-0.000750694496140122,0.000690810708353358,2,"Normal",1,"Low flow"
2024-07-18,0.0645892351274788,0.0020715816941969,-0.00494693862476146,0.0020715816941969,1,"Low flow",2,"Normal"
2024-07-19,0.0640226628895184,0.00148863866706493,-0.00500521979321453,0.00148863866706493,1,"Low flow",1,"Low flow"
2024-07-20,0.0694050991501416,0.00203313979217648,-0.00445154869291033,0.00203313979217648,1,"Low flow",2,"Normal"
2024-07-21,0.0722379603399433,0.00193072781381185,-0.00416014285064496,0.00193072781381185,1,"Low flow",2,"Normal"
2024-07-22,0.122379603399433,0.00186905295467762,0.000997740557452101,0.00186905295467762,3,"Normal",2,"Normal"
2024-07-23,0.109631728045326,0.00191847415070026,-0.000313585732742067,0.00191847415070026,2,"Normal",2,"Normal"
2024-07-24,0.1,0.00221047973359996,-0.00130436559644433,0.00221047973359996,2,"Normal",2,"Normal"
2024-07-25,0.103399433427762,0.00261751184069269,-0.000954678585725881,0.00261751184069269,2,"Normal",2,"Normal"
2024-07-26,0.0906515580736544,0.00201996698039368,-0.00226600487592005,0.00201996698039368,2,"Normal",2,"Normal"
2024-07-27,0.165155807365439,0.00158411789146736,0.00539796877565919,0.00158411789146736,4,"Normal",1,"Low flow"
2024-07-28,0.111048158640227,0.00128948736294456,-0.000167882811609383,0.00128948736294456,2,"Normal",1,"Low flow"
2024-07-29,0.0985835694050992,0.00116461536348542,-0.00145006851757701,0.00116461536348542,2,"Normal",1,"Low flow"
2024-07-30,0.0909348441926346,0.00115280923937985,-0.00223686429169351,0.00115280923937985,2,"Normal",1,"Low flow"
2024-07-31,0.0810198300283286,0.00102279816771491,-0.00325678473962231,0.00102279816771491,1,"Low flow",1,"Low flow"
2024-08-01,0.0728045325779037,0.000737218009867354,-0.00410186168219188,0.000737218009867354,1,"Low flow",1,"Low flow"
2024-08-02,0.0679886685552408,0.000480055026398223,-0.00459725161404301,0.000480055026398223,1,"Low flow",1,"Low flow"
2024-08-03,0.0668555240793201,0.000678980988606806,-0.00471381395094916,0.000678980988606806,1,"Low flow",1,"Low flow"
2024-08-04,0.0722379603399433,0.000378621164212369,-0.00416014285064496,0.000378621164212369,1,"Low flow",1,"Low flow"
2024-08-05,0.0634560906515581,0.000131734593306041,-0.0050635009616676,0.000131734593306041,1,"Low flow",1,"Low flow"
2024-08-06,0.0606232294617564,4.32486386024798e-05,-0.00535490680393297,4.32486386024798e-05,1,"Low flow",1,"Low flow"
2024-08-07,0.0606232294617564,2.67167893370183e-05,-0.00535490680393297,2.67167893370183e-05,1,"Low flow",1,"Low flow"
2024-08-08,0.258073654390935,0.0133582343372047,0.0149560804019633,0.0133582343372047,6,"Normal",6,"Normal"
2024-08-09,0.770538243626062,0.0234453982315614,0.0676713972677688,0.0234453982315614,10,"High flow",8,"Normal"
2024-08-10,0.371104815864023,0.00562944331284312,0.0265831735083516,0.00562944331284312,8,"Normal",5,"Normal"
2024-08-11,0.286118980169972,0.00314509651384436,0.0178409982403905,0.00314509651384436,7,"Normal",3,"Normal"
2024-08-12,0.21728045325779,0.00218995215665354,0.010759836273342,0.00218995215665354,5,"Normal",2,"Normal"
2024-08-13,0.165155807365439,0.00187362550247254,0.00539796877565919,0.00187362550247254,4,"Normal",2,"Normal"
2024-08-14,0.136260623229462,0.00165099069446969,0.00242562918455241,0.00165099069446969,3,"Normal",2,"Normal"
2024-08-15,0.118413597733711,0.00147385022245823,0.000589772378280579,0.00147385022245823,3,"Normal",1,"Low flow"
2024-08-16,0.109348441926346,0.00149944427340404,-0.000342726316968604,0.00149944427340404,2,"Normal",1,"Low flow"
2024-08-17,0.102832861189802,0.00178470880621104,-0.00101295975417896,0.00178470880621104,2,"Normal",2,"Normal"
2024-08-18,0.0974504249291785,0.00157085955514384,-0.00156663085448316,0.00157085955514384,2,"Normal",1,"Low flow"
2024-08-19,0.0917847025495751,0.00130680759233464,-0.0021494425390139,0.00130680759233464,2,"Normal",1,"Low flow"
2024-08-20,0.0858356940509915,0.000758875232857764,-0.00276139480777118,0.000758875232857764,1,"Low flow",1,"Low flow"
2024-08-21,0.0810198300283286,0.000463288459248045,-0.00325678473962231,0.000463288459248045,1,"Low flow",1,"Low flow"
2024-08-22,0.0762039660056657,0.000406667315830171,-0.00375217467147344,0.000406667315830171,1,"Low flow",1,"Low flow"
2024-08-23,0.0711048158640227,0.000381661550801465,-0.0042767051875511,0.000381661550801465,1,"Low flow",1,"Low flow"
2024-08-24,0.0662889518413598,0.000343049725019588,-0.00477209511940223,0.000343049725019588,1,"Low flow",1,"Low flow"
2024-08-25,0.0637393767705382,0.000256648682331299,-0.00503436037744107,0.000256648682331299,1,"Low flow",1,"Low flow"
2024-08-26,0.0626062322946176,0.000149527202674987,-0.00515092271434722,0.000149527202674987,1,"Low flow",1,"Low flow"
2024-08-27,0.0623229461756374,9.18944645928046e-05,-0.00518006329857375,9.18944645928046e-05,1,"Low flow",1,"Low flow"
2024-08-28,0.0623229461756374,3.85402262238046e-05,-0.00518006329857375,3.85402262238046e-05,1,"Low flow",1,"Low flow"
2024-08-29,0.0620396600566572,2.67023947441245e-05,-0.00520920388280029,2.67023947441245e-05,1,"Low flow",1,"Low flow"
2024-08-30,0.0654390934844193,3.19194972116588e-05,-0.00485951687208184,3.19194972116588e-05,1,"Low flow",1,"Low flow"
2024-08-31,0.0937677053824363,0.00555915239221176,-0.00194545844942814,0.00555915239221176,2,"Normal",5,"Normal"
2024-09-01,0.124362606232295,0.00843588286338821,0.00120172464703786,0.00843588286338821,3,"Normal",6,"Normal"
2024-09-02,0.103116147308782,0.0031579307090923,-0.000983819169952419,0.0031579307090923,2,"Normal",3,"Normal"
2024-09-03,0.0912181303116147,0.00164051633285676,-0.00220772370746697,0.00164051633285676,2,"Normal",1,"Low flow"
2024-09-04,0.08328611898017,0.00119813097923466,-0.00302366006581001,0.00119813097923466,1,"Low flow",1,"Low flow"
2024-09-05,0.0781869688385269,0.00098487338199522,-0.00354819058188768,0.00098487338199522,1,"Low flow",1,"Low flow"
2024-09-06,0.0728045325779037,0.000948781342399995,-0.00410186168219188,0.000948781342399995,1,"Low flow",1,"Low flow"
2024-09-07,0.0679886685552408,0.000956852794860042,-0.00459725161404301,0.000956852794860042,1,"Low flow",1,"Low flow"
2024-09-08,0.0654390934844193,0.000527829999284193,-0.00485951687208184,0.000527829999284193,1,"Low flow",1,"Low flow"
2024-09-09,0.0631728045325779,0.000417720791778757,-0.00509264154589414,0.000417720791778757,1,"Low flow",1,"Low flow"
2024-09-10,0.0609065155807365,0.000399577424166695,-0.00532576621970644,0.000399577424166695,1,"Low flow",1,"Low flow"
2024-09-11,0.0606232294617564,0.000285406407013252,-0.00535490680393297,0.000285406407013252,1,"Low flow",1,"Low flow"
2024-09-12,0.0606232294617564,0.000174398995245181,-0.00535490680393297,0.000174398995245181,1,"Low flow",1,"Low flow"
2024-09-13,0.0606232294617564,0.000137160782712133,-0.00535490680393297,0.000137160782712133,1,"Low flow",1,"Low flow"
2024-09-14,0.0606232294617564,0.000152840810595193,-0.00535490680393297,0.000152840810595193,1,"Low flow",1,"Low flow"
2024-09-15,0.0606232294617564,3.51961696694262e-05,-0.00535490680393297,3.51961696694262e-05,1,"Low flow",1,"Low flow"
2024-09-16,0.0606232294617564,6.67260390395009e-06,-0.00535490680393297,6.67260390395009e-06,1,"Low flow",1,"Low flow"
2024-09-17,0.0847025495750708,0.000757522761864299,-0.00287795714467732,0.000757522761864299,1,"Low flow",1,"Low flow"
2024-09-18,0.174220963172805,0.00219891182240629,0.00633046747090838,0.00219891182240629,4,"Normal",2,"Normal"
2024-09-19,0.177903682719547,0.00253099055119636,0.00670929506585336,0.00253099055119636,4,"Normal",2,"Normal"
2024-09-20,0.154107648725212,0.00215197802274518,0.00426148599082425,0.00215197802274518,4,"Normal",2,"Normal"
2024-09-21,0.11643059490085,0.0017015524059539,0.000385788288694823,0.0017015524059539,3,"Normal",2,"Normal"
2024-09-22,0.103682719546742,0.00139771000072499,-0.000925538001499344,0.00139771000072499,2,"Normal",1,"Low flow"
2024-09-23,0.096600566572238,0.00184392089646801,-0.00165405260716277,0.00184392089646801,2,"Normal",2,"Normal"
2024-09-24,0.207082152974504,0.007047966909468,0.00971077524118667,0.007047966909468,5,"Normal",5,"Normal"
2024-09-25,0.388101983002833,0.0319073378267076,0.0283316085619438,0.0319073378267076,8,"Normal",9,"Normal"
2024-09-26,0.730878186968839,0.0427918509718846,0.0635917154760537,0.0427918509718846,10,"High flow",10,"High flow"
2024-09-27,2.81019830028329,0.216267245996716,0.277483603698836,0.216267245996716,10,"High flow",10,"High flow"
2024-09-28,1.19546742209632,0.0510407870572719,0.111382273607574,0.0510407870572719,10,"High flow",10,"High flow"
2024-09-29,0.674220963172805,0.0202411146508644,0.0577635986307462,0.0202411146508644,10,"High flow",8,"Normal"
2024-09-30,0.60056657223796,0.0161859607737858,0.0501870467318466,0.0161859607737858,10,"High flow",7,"Normal"
2024-10-01,0.504249291784703,0.042278783419765,0.040279248094824,0.042278783419765,9,"Normal",10,"High flow"
2024-10-02,0.43342776203966,0.0546521360876978,0.0329941020381898,0.0546521360876978,9,"Normal",10,"High flow"
2024-10-03,0.382436260623229,0.0273979171069866,0.0277487968774131,0.0273979171069866,8,"Normal",9,"Normal"
2024-10-04,0.354107648725212,0.0183875395143515,0.0248347384547594,0.0183875395143515,8,"Normal",7,"Normal"
2024-10-05,0.322946175637394,0.0139934347968987,0.0216292741898403,0.0139934347968987,8,"Normal",7,"Normal"
2024-10-06,0.294617563739377,0.0110786080654387,0.0187152157671866,0.0110786080654387,7,"Normal",6,"Normal"
2024-10-07,0.270538243626062,0.0100669841440969,0.016238266107931,0.0100669841440969,7,"Normal",6,"Normal"
2024-10-08,0.240793201133145,0.00802534915229851,0.0131785047641446,0.00802534915229851,6,"Normal",6,"Normal"
2024-10-09,0.21728045325779,0.00641556030365335,0.010759836273342,0.00641556030365335,5,"Normal",5,"Normal"
2024-10-10,0.20028328611898,0.00523524832673671,0.00901140121974979,0.00523524832673671,5,"Normal",5,"Normal"
2024-10-11,0.176770538243626,0.00451331038181614,0.00659273272894721,0.00451331038181614,4,"Normal",4,"Normal"
2024-10-12,0.16628895184136,0.00405544581133266,0.00551453111256534,0.00405544581133266,4,"Normal",4,"Normal"
2024-10-13,0.158923512747875,0.0038157332318203,0.00475687592267538,0.0038157332318203,4,"Normal",4,"Normal"
2024-10-14,0.155807365439093,0.00395912941878056,0.00443632949618347,0.00395912941878056,4,"Normal",4,"Normal"
2024-10-15,0.14929178470255,0.00308708271363841,0.00376609605897312,0.00308708271363841,4,"Normal",3,"Normal"
2024-10-16,0.147025495750708,0.00304217478567153,0.00353297138516082,0.00304217478567153,4,"Normal",3,"Normal"
2024-10-17,0.145325779036827,0.00274124953566097,0.0033581278798016,0.00274124953566097,4,"Normal",3,"Normal"
2024-10-18,0.136827195467422,0.002485702379319,0.00248391035300549,0.002485702379319,3,"Normal",2,"Normal"
2024-10-19,0.135694050991501,0.00243124785514091,0.00236734801609934,0.00243124785514091,3,"Normal",2,"Normal"
2024-10-20,0.136827195467422,0.00258417576084578,0.00248391035300549,0.00258417576084578,4,"Normal",2,"Normal"
2024-10-21,0.137677053824363,0.00271987476204661,0.0025713321056851,0.00271987476204661,4,"Normal",3,"Normal"
2024-10-22,0.131444759206799,0.00276230082737267,0.00193023925270129,0.00276230082737267,3,"Normal",3,"Normal"
2024-10-23,0.126345609065156,0.00283068585129013,0.00140570873662362,0.00283068585129013,3,"Normal",3,"Normal"
2024-10-24,0.121813031161473,0.00338298879380249,0.000939459388999024,0.00338298879380249,3,"Normal",3,"Normal"
2024-10-25,0.122379603399433,0.00276854050406026,0.000997740557452101,0.00276854050406026,3,"Normal",3,"Normal"
2024-10-26,0.126062322946176,0.00322730253032768,0.00137656815239708,0.00322730253032768,3,"Normal",3,"Normal"
2024-10-27,0.124929178470255,0.00253645015939884,0.00126000581549093,0.00253645015939884,3,"Normal",2,"Normal"
2024-10-28,0.123512747875354,0.00248201330963698,0.00111430289435825,0.00248201330963698,3,"Normal",2,"Normal"
2024-10-29,0.122379603399433,0.00316406643758311,0.000997740557452101,0.00316406643758311,3,"Normal",3,"Normal"
2024-10-30,0.123512747875354,0.00346756173705596,0.00111430289435825,0.00346756173705596,3,"Normal",3,"Normal"
2024-10-31,0.126912181303116,0.00385037737746886,0.00146398990507669,0.00385037737746886,3,"Normal",4,"Normal"
2024-11-01,0.125495750708215,0.00443715388352723,0.00131828698394401,0.00443715388352723,3,"Normal",4,"Normal"
2024-11-02,0.124362606232295,0.00366234792870667,0.00120172464703786,0.00366234792870667,3,"Normal",3,"Normal"
2024-11-03,0.122946175637394,0.00296313886448112,0.00105602172590517,0.00296313886448112,3,"Normal",3,"Normal"
2024-11-04,0.121813031161473,0.00286789850080419,0.000939459388999024,0.00286789850080419,3,"Normal",3,"Normal"
2024-11-05,0.120396600566572,0.00334506080348779,0.000793756467866341,0.00334506080348779,3,"Normal",3,"Normal"
2024-11-06,0.119263456090652,0.00417892848340886,0.000677194130960193,0.00417892848340886,3,"Normal",4,"Normal"
2024-11-07,0.117847025495751,0.00456737466095676,0.000531491209827508,0.00456737466095676,3,"Normal",4,"Normal"
2024-11-08,0.115297450424929,0.00452589182305745,0.000269225951788675,0.00452589182305745,3,"Normal",4,"Normal"
2024-11-09,0.108498583569405,0.00349067297931886,-0.000430148069648214,0.00349067297931886,2,"Normal",3,"Normal"
2024-11-10,0.107365439093484,0.00325458497845478,-0.000546710406554362,0.00325458497845478,2,"Normal",3,"Normal"
2024-11-11,0.110481586402266,0.00435607626779713,-0.000226163980062456,0.00435607626779713,2,"Normal",4,"Normal"
2024-11-12,0.109631728045326,0.00400390623111024,-0.000313585732742067,0.00400390623111024,2,"Normal",4,"Normal"
2024-11-13,0.102266288951841,0.00299155118593005,-0.00107124092263203,0.00299155118593005,2,"Normal",3,"Normal"
2024-11-14,0.171104815864023,0.0115537839235126,0.00600992104441647,0.0115537839235126,4,"Normal",6,"Normal"
2024-11-15,0.19971671388102,0.0183483959080326,0.00895312005129671,0.0183483959080326,5,"Normal",7,"Normal"
2024-11-16,0.147875354107649,0.008694758755907,0.00362039313784043,0.008694758755907,4,"Normal",6,"Normal"
2024-11-17,0.128895184135977,0.00526757428021752,0.00166797399466245,0.00526757428021752,3,"Normal",5,"Normal"
2024-11-18,0.118980169971671,0.00469492280024699,0.000648053546733656,0.00469492280024699,3,"Normal",4,"Normal"
2024-11-19,0.114730878186969,0.00495382154243064,0.000210944783335599,0.00495382154243064,3,"Normal",4,"Normal"
2024-11-20,0.11671388101983,0.00750128902748422,0.00041492887292136,0.00750128902748422,3,"Normal",5,"Normal"
2024-11-21,0.121246458923513,0.00600775749025164,0.000881178220545953,0.00600775749025164,3,"Normal",5,"Normal"
2024-11-22,0.11728045325779,0.00463770396026894,0.000473210041374432,0.00463770396026894,3,"Normal",4,"Normal"
2024-11-23,0.114730878186969,0.00444525641104381,0.000210944783335599,0.00444525641104381,3,"Normal",4,"Normal"
2024-11-24,0.114730878186969,0.00387814829868397,0.000210944783335599,0.00387814829868397,3,"Normal",4,"Normal"
2024-11-25,0.114730878186969,0.00355785294731222,0.000210944783335599,0.00355785294731222,3,"Normal",3,"Normal"
2024-11-26,0.114730878186969,0.00433476318221892,0.000210944783335599,0.00433476318221892,3,"Normal",4,"Normal"
2024-11-27,0.114730878186969,0.00340908405262626,0.000210944783335599,0.00340908405262626,3,"Normal",3,"Normal"
2024-11-28,0.118130311614731,0.00490944102624529,0.000560631794054044,0.00490944102624529,3,"Normal",4,"Normal"
2024-11-29,0.114730878186969,0.00428812640267082,0.000210944783335599,0.00428812640267082,3,"Normal",4,"Normal"
2024-11-30,0.114730878186969,0.00315612694245643,0.000210944783335599,0.00315612694245643,3,"Normal",3,"Normal"
2024-12-01,0.114730878186969,0.00296054273535037,0.000210944783335599,0.00296054273535037,3,"Normal",3,"Normal"
2024-12-02,0.111898016997167,0.00260017622259163,-8.04610589297695e-05,0.00260017622259163,2,"Normal",2,"Normal"
2024-12-03,0.108215297450425,0.00242706184140204,-0.000459288653874752,0.00242706184140204,2,"Normal",2,"Normal"
2024-12-04,0.108215297450425,0.00218264519014264,-0.000459288653874752,0.00218264519014264,2,"Normal",2,"Normal"
2024-12-05,0.11728045325779,0.00287703586004577,0.000473210041374432,0.00287703586004577,3,"Normal",3,"Normal"
2024-12-06,0.121246458923513,0.00268617938676819,0.000881178220545953,0.00268617938676819,3,"Normal",3,"Normal"
2024-12-07,0.121246458923513,0.00289876815211189,0.000881178220545953,0.00289876815211189,3,"Normal",3,"Normal"
2024-12-08,0.122662889518414,0.00257192510303723,0.00102688114167864,0.00257192510303723,3,"Normal",2,"Normal"
2024-12-09,0.159490084985836,0.00449816378144011,0.00481515709112845,0.00449816378144011,4,"Normal",4,"Normal"
2024-12-10,0.165155807365439,0.00559206460523199,0.00539796877565919,0.00559206460523199,4,"Normal",5,"Normal"
2024-12-11,0.597733711048159,0.0746080687051173,0.0498956408895812,0.0746080687051173,10,"High flow",10,"High flow"
2024-12-12,0.461756373937677,0.042036371109707,0.0359081604608435,0.042036371109707,9,"Normal",10,"High flow"
2024-12-13,0.342776203966006,0.0206094539291321,0.0236691150856979,0.0206094539291321,8,"Normal",8,"Normal"
2024-12-14,0.288951841359773,0.0145615423986524,0.0181324040826559,0.0145615423986524,7,"Normal",7,"Normal"
2024-12-15,0.28328611898017,0.0140030826091768,0.0175495923981251,0.0140030826091768,7,"Normal",7,"Normal"
2024-12-16,0.430594900849858,0.044121915522059,0.0327026961959244,0.044121915522059,9,"Normal",10,"High flow"
2024-12-17,0.382436260623229,0.0419686395494158,0.0277487968774131,0.0419686395494158,8,"Normal",9,"Normal"
2024-12-18,0.339943342776204,0.0305307932391505,0.0233777092434325,0.0305307932391505,8,"Normal",9,"Normal"
2024-12-19,0.305949008498584,0.0246427445600222,0.0198808391362481,0.0246427445600222,7,"Normal",8,"Normal"
2024-12-20,0.286118980169972,0.020889797273745,0.0178409982403905,0.020889797273745,7,"Normal",8,"Normal"
2024-12-21,0.264305949008499,0.0179814855659208,0.0155971732549472,0.0179814855659208,6,"Normal",7,"Normal"
2024-12-22,0.243626062322946,0.0135287574209858,0.0134699106064099,0.0135287574209858,6,"Normal",6,"Normal"
2024-12-23,0.23371104815864,0.0111335144080738,0.0124499901584812,0.0111335144080738,6,"Normal",6,"Normal"
2024-12-24,0.226345609065156,0.0107648000861865,0.0116923349685912,0.0107648000861865,6,"Normal",6,"Normal"
2024-12-25,0.222662889518414,0.0114966813602186,0.0113135073736462,0.0114966813602186,6,"Normal",6,"Normal"
2024-12-26,0.222662889518414,0.010459073211548,0.0113135073736462,0.010459073211548,6,"Normal",6,"Normal"
2024-12-27,0.213881019830028,0.00960749515056572,0.0104101492626236,0.00960749515056572,5,"Normal",6,"Normal"
2024-12-28,0.239376770538244,0.0136477732246773,0.0130328018430119,0.0136477732246773,6,"Normal",6,"Normal"
2024-12-29,0.30028328611898,0.0277489086676403,0.0192980274517174,0.0277489086676403,7,"Normal",9,"Normal"
2024-12-30,0.359773371104816,0.0682953582674062,0.0254175501392901,0.0682953582674062,8,"Normal",10,"High flow"
2024-12-31,0.334277620396601,0.0499594492408844,0.0227948975589018,0.0499594492408844,8,"Normal",10,"High flow"
2025-01-01,0.303116147308782,0.0417611155878986,0.0195894332939827,0.0417611155878986,7,"Normal",9,"Normal"
2025-01-02,0.280169971671388,0.0285542055600691,0.0172290459716332,0.0285542055600691,7,"Normal",9,"Normal"
2025-01-03,0.26600566572238,0.0243198533747071,0.0157720167603064,0.0243198533747071,6,"Normal",8,"Normal"
2025-01-04,0.252974504249292,0.0201057569570208,0.0144315498858857,0.0201057569570208,6,"Normal",8,"Normal"
2025-01-05,0.242492917847026,0.0165674826106296,0.0133533482695038,0.0165674826106296,6,"Normal",7,"Normal"
2025-01-06,0.314447592067989,0.024473759976994,0.0207550566630442,0.024473759976994,7,"Normal",8,"Normal"
2025-01-07,0.30028328611898,0.0267213334130484,0.0192980274517174,0.0267213334130484,7,"Normal",9,"Normal"
2025-01-08,0.271954674220963,0.0184688868469154,0.0163839690290637,0.0184688868469154,7,"Normal",7,"Normal"
2025-01-09,0.254107648725213,0.0180140581894854,0.0145481122227918,0.0180140581894854,6,"Normal",7,"Normal"
2025-01-10,0.232011331444759,0.0187449719305867,0.0122751466531219,0.0187449719305867,6,"Normal",7,"Normal"
2025-01-11,0.231728045325779,0.0184257753789333,0.0122460060688954,0.0184257753789333,6,"Normal",7,"Normal"
2025-01-12,0.219830028328612,0.0151119603952678,0.0110221015313808,0.0151119603952678,6,"Normal",7,"Normal"
2025-01-13,0.213881019830028,0.0145554675613216,0.0104101492626236,0.0145554675613216,5,"Normal",7,"Normal"
2025-01-14,0.213881019830028,0.0194602531576312,0.0104101492626236,0.0194602531576312,5,"Normal",7,"Normal"
2025-01-15,0.207648725212465,0.0215830904692115,0.00976905640963975,0.0215830904692115,5,"Normal",8,"Normal"
2025-01-16,0.205099150141643,0.0218111281832866,0.00950679115160092,0.0218111281832866,5,"Normal",8,"Normal"
2025-01-17,0.207648725212465,0.0195801350338917,0.00976905640963975,0.0195801350338917,5,"Normal",7,"Normal"
2025-01-18,0.230594900849858,0.0226375992034661,0.0121294437319893,0.0226375992034661,6,"Normal",8,"Normal"
2025-01-19,0.314447592067989,0.0398121596618692,0.0207550566630442,0.0398121596618692,7,"Normal",9,"Normal"
2025-01-20,0.342776203966006,0.0467576044605561,0.0236691150856979,0.0467576044605561,8,"Normal",10,"High flow"
2025-01-21,0.291784702549575,0.0605601110482075,0.0184238099249213,0.0605601110482075,7,"Normal",10,"High flow"
2025-01-22,0.263172804532578,0.0552927878389988,0.015480610918041,0.0552927878389988,6,"Normal",10,"High flow"
2025-01-23,0.241076487252125,0.03622838283449,0.0132076453483711,0.03622838283449,6,"Normal",9,"Normal"
2025-01-24,0.241076487252125,0.0218188645707933,0.0132076453483711,0.0218188645707933,6,"Normal",8,"Normal"
2025-01-25,0.234277620396601,0.0195976871090086,0.0125082713269342,0.0195976871090086,6,"Normal",8,"Normal"
2025-01-26,0.231728045325779,0.0173544341439881,0.0122460060688954,0.0173544341439881,6,"Normal",7,"Normal"
2025-01-27,0.23342776203966,0.0163037820654991,0.0124208495742546,0.0163037820654991,6,"Normal",7,"Normal"
2025-01-28,0.23257790368272,0.0163767011296235,0.012333427821575,0.0163767011296235,6,"Normal",7,"Normal"
2025-01-29,0.231728045325779,0.0220395257565971,0.0122460060688954,0.0220395257565971,6,"Normal",8,"Normal"
2025-01-30,0.231728045325779,0.0250049118352887,0.0122460060688954,0.0250049118352887,6,"Normal",8,"Normal"
2025-01-31,0.773371104815864,0.126367899781808,0.0679628031100342,0.126367899781808,10,"High flow",10,"High flow"
2025-02-01,0.957507082152975,0.105859292895856,0.0869041828572833,0.105859292895856,10,"High flow",10,"High flow"
2025-02-02,0.643059490084986,0.0398186738893269,0.0545581343658272,0.0398186738893269,10,"High flow",9,"Normal"
2025-02-03,0.53257790368272,0.027491715660647,0.0431933065174777,0.027491715660647,9,"Normal",9,"Normal"
2025-02-04,0.461756373937677,0.0239552865423105,0.0359081604608435,0.0239552865423105,9,"Normal",8,"Normal"
2025-02-05,0.410764872521246,0.0174882297192916,0.0306628553000668,0.0174882297192916,9,"Normal",7,"Normal"
2025-02-06,0.456090651558074,0.0166974712272863,0.0353253487763127,0.0166974712272863,9,"Normal",7,"Normal"
2025-02-07,0.473087818696884,0.0218654526233748,0.0370737838299049,0.0218654526233748,9,"Normal",8,"Normal"
2025-02-08,0.538243626062323,0.0237097610173567,0.0437761182020085,0.0237097610173567,9,"Normal",8,"Normal"
2025-02-09,0.535410764872521,0.029237031458171,0.0434847123597431,0.029237031458171,9,"Normal",9,"Normal"
2025-02-10,0.473087818696884,NA,0.0370737838299049,0.0370737838299049,9,"Normal",9,"Normal"
2025-02-11,0.481586402266289,NA,0.0379480013567011,0.0379480013567011,9,"Normal",9,"Normal"
2025-02-12,0.643059490084986,NA,0.0545581343658272,0.0545581343658272,10,"High flow",10,"High flow"
2025-02-13,2.01416430594901,NA,0.195598562022266,0.195598562022266,10,"High flow",10,"High flow"
2025-02-14,1.37960339943343,NA,0.130323653354823,0.130323653354823,10,"High flow",10,"High flow"
2025-02-15,9.77337110481587,NA,0.993759163987116,0.993759163987116,10,"High flow",10,"High flow"
2025-02-16,6.40226628895184,NA,0.646986211691325,0.646986211691325,10,"High flow",10,"High flow"
2025-02-17,2.49008498583569,NA,0.244554743522849,0.244554743522849,10,"High flow",10,"High flow"
2025-02-18,1.58640226628895,NA,0.151596279840195,0.151596279840195,10,"High flow",10,"High flow"
2025-02-19,1.26912181303116,NA,0.118958825506474,0.118958825506474,10,"High flow",10,"High flow"
2025-02-20,1.07365439093484,NA,0.0988518223901634,0.0988518223901634,10,"High flow",10,"High flow"
2025-02-21,0.943342776203966,NA,0.0854471536459564,0.0854471536459564,10,"High flow",10,"High flow"
2025-02-22,0.86685552407932,NA,0.0775791959047914,0.0775791959047914,10,"High flow",10,"High flow"
2025-02-23,0.807365439093484,NA,0.0714596732172186,0.0714596732172186,10,"High flow",10,"High flow"
2025-02-24,0.747875354107649,NA,0.0653401505296459,0.0653401505296459,10,"High flow",10,"High flow"
2025-02-25,0.691218130311615,NA,0.0595120336843385,0.0595120336843385,10,"High flow",10,"High flow"
2025-02-26,0.626062322946176,NA,0.0528096993122349,0.0528096993122349,10,"High flow",10,"High flow"
2025-02-27,0.592067988668555,NA,0.0493128292050505,0.0493128292050505,10,"High flow",10,"High flow"
2025-02-28,0.555240793201133,NA,0.0455245532556007,0.0455245532556007,10,"High flow",10,"High flow"
2025-03-01,0.526912181303116,NA,0.042610494832947,0.042610494832947,9,"Normal",10,"High flow"
2025-03-02,0.490084985835694,NA,0.0388222188834972,0.0388222188834972,9,"Normal",9,"Normal"
2025-03-03,0.46742209631728,NA,0.0364909721453742,0.0364909721453742,9,"Normal",9,"Normal"
2025-03-04,0.45042492917847,NA,0.034742537091782,0.034742537091782,9,"Normal",9,"Normal"
2025-03-05,1.12464589235127,NA,0.10409712755094,0.10409712755094,10,"High flow",10,"High flow"
2025-03-06,0.951841359773371,NA,0.0863213711727525,0.0863213711727525,10,"High flow",10,"High flow"
2025-03-07,0.770538243626062,NA,0.0676713972677688,0.0676713972677688,10,"High flow",10,"High flow"
2025-03-08,0.68271954674221,NA,0.0586378161575423,0.0586378161575423,10,"High flow",10,"High flow"
2025-03-09,0.634560906515581,NA,0.0536839168390311,0.0536839168390311,10,"High flow",10,"High flow"
2025-03-10,0.597733711048159,NA,0.0498956408895812,0.0498956408895812,10,"High flow",10,"High flow"
2025-03-11,0.572237960339943,NA,0.0472729883091929,0.0472729883091929,10,"High flow",10,"High flow"
2025-03-12,0.546742209631728,NA,0.0446503357288046,0.0446503357288046,9,"Normal",10,"High flow"
2025-03-13,0.507082152974504,NA,0.0405706539370894,0.0405706539370894,9,"Normal",9,"Normal"
2025-03-14,0.478753541076487,NA,0.0376565955144357,0.0376565955144357,9,"Normal",9,"Normal"
2025-03-15,0.46742209631728,NA,0.0364909721453742,0.0364909721453742,9,"Normal",9,"Normal"
2025-03-16,0.461756373937677,NA,0.0359081604608435,0.0359081604608435,9,"Normal",9,"Normal"
2025-03-17,0.430594900849858,NA,0.0327026961959244,0.0327026961959244,9,"Normal",9,"Normal"
2025-03-18,0.41643059490085,NA,0.0312456669845975,0.0312456669845975,9,"Normal",9,"Normal"
2025-03-19,0.407932011331445,NA,0.0303714494578014,0.0303714494578014,9,"Normal",9,"Normal"
2025-03-20,0.388101983002833,NA,0.0283316085619438,0.0283316085619438,9,"Normal",9,"Normal"
2025-03-21,0.376770538243626,NA,0.0271659851928824,0.0271659851928824,8,"Normal",9,"Normal"
2025-03-22,0.365439093484419,NA,0.0260003618238209,0.0260003618238209,8,"Normal",8,"Normal"
2025-03-23,0.356940509915014,NA,0.0251261442970248,0.0251261442970248,8,"Normal",8,"Normal"
2025-03-24,0.356940509915014,NA,0.0251261442970248,0.0251261442970248,8,"Normal",8,"Normal"
2025-03-25,0.345609065155807,NA,0.0239605209279633,0.0239605209279633,8,"Normal",8,"Normal"
2025-03-26,0.334277620396601,NA,0.0227948975589018,0.0227948975589018,8,"Normal",8,"Normal"
2025-03-27,0.322946175637394,NA,0.0216292741898403,0.0216292741898403,8,"Normal",8,"Normal"
2025-03-28,0.31728045325779,NA,0.0210464625053096,0.0210464625053096,7,"Normal",8,"Normal"
2025-03-29,0.305949008498584,NA,0.0198808391362481,0.0198808391362481,7,"Normal",8,"Normal"
2025-03-30,0.30028328611898,NA,0.0192980274517174,0.0192980274517174,7,"Normal",7,"Normal"
2025-03-31,0.30028328611898,NA,0.0192980274517174,0.0192980274517174,7,"Normal",7,"Normal"
2025-04-01,0.294617563739377,NA,0.0187152157671866,0.0187152157671866,7,"Normal",7,"Normal"
2025-04-02,0.280453257790368,NA,0.0172581865558598,0.0172581865558598,7,"Normal",7,"Normal"
2025-04-03,0.280453257790368,NA,0.0172581865558598,0.0172581865558598,7,"Normal",7,"Normal"
2025-04-04,0.280453257790368,NA,0.0172581865558598,0.0172581865558598,7,"Normal",7,"Normal"
2025-04-05,0.278186968838527,NA,0.0170250618820475,0.0170250618820475,7,"Normal",7,"Normal"
2025-04-06,0.270254957507082,NA,0.0162091255237044,0.0162091255237044,7,"Normal",7,"Normal"
2025-04-07,0.337110481586402,NA,0.0230863034011672,0.0230863034011672,8,"Normal",8,"Normal"
2025-04-08,0.297450424929179,NA,0.019006621609452,0.019006621609452,7,"Normal",7,"Normal"
2025-04-09,0.278470254957507,NA,0.017054202466274,0.017054202466274,7,"Normal",7,"Normal"
2025-04-10,0.270254957507082,NA,0.0162091255237044,0.0162091255237044,7,"Normal",7,"Normal"
2025-04-11,0.297450424929179,NA,0.019006621609452,0.019006621609452,7,"Normal",7,"Normal"
2025-04-12,0.328611898016997,NA,0.0222120858743711,0.0222120858743711,8,"Normal",8,"Normal"
2025-04-13,0.288951841359773,NA,0.0181324040826559,0.0181324040826559,7,"Normal",7,"Normal"
2025-04-14,0.274787535410765,NA,0.016675374871329,0.016675374871329,7,"Normal",7,"Normal"
2025-04-15,0.270254957507082,NA,0.0162091255237044,0.0162091255237044,7,"Normal",7,"Normal"
2025-04-16,0.26657223796034,0.0346460933196721,0.0158302979287595,0.0346460933196721,6,"Normal",9,"Normal"
2025-04-17,0.256373937677054,0.029656501936117,0.0147812368966041,0.029656501936117,6,"Normal",9,"Normal"
2025-04-18,0.247592067988669,0.0278594368894657,0.0138778787855815,0.0278594368894657,6,"Normal",9,"Normal"
2025-04-19,0.238810198300283,0.0267337297918673,0.0129745206745588,0.0267337297918673,6,"Normal",9,"Normal"
2025-04-20,0.231728045325779,0.0253240659375575,0.0122460060688954,0.0253240659375575,6,"Normal",8,"Normal"
2025-04-21,0.227195467422096,0.0244134779966588,0.0117797567212708,0.0244134779966588,6,"Normal",8,"Normal"
2025-04-22,0.222662889518414,0.0229854470161696,0.0113135073736462,0.0229854470161696,6,"Normal",8,"Normal"
2025-04-23,0.218980169971671,0.0197899492443217,0.0109346797787012,0.0197899492443217,6,"Normal",8,"Normal"
2025-04-24,0.210481586402266,0.0183764525297393,0.0100604622519051,0.0183764525297393,5,"Normal",7,"Normal"
2025-04-25,0.205099150141643,0.0178993016406653,0.00950679115160092,0.0178993016406653,5,"Normal",7,"Normal"
2025-04-26,0.205099150141643,0.0195970481330536,0.00950679115160092,0.0195970481330536,5,"Normal",7,"Normal"
2025-04-27,0.201983002832861,0.0147832590990838,0.00918624472510901,0.0147832590990838,5,"Normal",7,"Normal"
2025-04-28,0.196317280453258,0.0127887424934194,0.00860343304057827,0.0127887424934194,5,"Normal",6,"Normal"
2025-04-29,0.195467422096317,0.0139157810181107,0.00851601128789866,0.0139157810181107,5,"Normal",7,"Normal"
2025-04-30,0.188101983002833,0.0149056702758229,0.00775835609800869,0.0149056702758229,5,"Normal",7,"Normal"
2025-05-01,0.186118980169972,0.0142245942147707,0.00755437200842293,0.0142245942147707,5,"Normal",7,"Normal"
2025-05-02,0.179886685552408,0.0148528004750889,0.00691327915543912,0.0148528004750889,5,"Normal",7,"Normal"
2025-05-03,0.213314447592068,0.0142532379309777,0.0103518680941705,0.0142532379309777,5,"Normal",7,"Normal"
2025-05-04,0.407932011331445,0.036445029135978,0.0303714494578014,0.036445029135978,9,"Normal",9,"Normal"
2025-05-05,0.253824362606232,0.0214497055688038,0.0145189716385653,0.0214497055688038,6,"Normal",8,"Normal"
2025-05-06,0.222662889518414,0.0150752301692889,0.0113135073736462,0.0150752301692889,6,"Normal",7,"Normal"
2025-05-07,0.203966005665722,0.0135495692624448,0.00939022881469477,0.0135495692624448,5,"Normal",6,"Normal"
2025-05-08,0.202832861189802,0.0149011941169187,0.00927366647778862,0.0149011941169187,5,"Normal",7,"Normal"
2025-05-09,0.236543909348442,0.0205116370055461,0.0127413960007465,0.0205116370055461,6,"Normal",8,"Normal"
2025-05-10,0.198300283286119,0.0138182470572439,0.00880741713016402,0.0138182470572439,5,"Normal",6,"Normal"
2025-05-11,0.187252124645892,0.0115522518817074,0.00767093434532908,0.0115522518817074,5,"Normal",6,"Normal"
2025-05-12,0.250991501416431,0.0272175847643747,0.0142275657962999,0.0272175847643747,6,"Normal",9,"Normal"
2025-05-13,3.37110481586402,0.898692195817985,0.335181960467379,0.898692195817985,10,"High flow",10,"High flow"
2025-05-14,2.26345609065156,0.359785848233003,0.221242276141619,0.359785848233003,10,"High flow",10,"High flow"
2025-05-15,1.3314447592068,0.153099509819911,0.125369754036312,0.153099509819911,10,"High flow",10,"High flow"
2025-05-16,0.94900849858357,0.0833311488974082,0.0860299653304872,0.0833311488974082,10,"High flow",10,"High flow"
2025-05-17,0.790368271954674,0.0571618017655886,0.0697112381636264,0.0571618017655886,10,"High flow",10,"High flow"
2025-05-18,0.634560906515581,0.0377000064669257,0.0536839168390311,0.0377000064669257,10,"High flow",9,"Normal"
2025-05-19,0.575070821529745,0.0264724687360917,0.0475643941514583,0.0264724687360917,10,"High flow",9,"Normal"
2025-05-20,0.487252124645892,0.01953723882678,0.0385308130412318,0.01953723882678,9,"Normal",7,"Normal"
2025-05-21,0.490084985835694,0.0200632618743699,0.0388222188834972,0.0200632618743699,9,"Normal",8,"Normal"
2025-05-22,0.424929178470255,0.017311329292348,0.0321198845113937,0.017311329292348,9,"Normal",7,"Normal"
2025-05-23,0.385269121813031,0.013887380486109,0.0280402027196785,0.013887380486109,8,"Normal",6,"Normal"
2025-05-24,0.356940509915014,0.011328256597395,0.0251261442970248,0.011328256597395,8,"Normal",6,"Normal"
2025-05-25,0.334277620396601,0.0100638070667294,0.0227948975589018,0.0100638070667294,8,"Normal",6,"Normal"
2025-05-26,0.337110481586402,0.0110294442495969,0.0230863034011672,0.0110294442495969,8,"Normal",6,"Normal"
2025-05-27,0.402266288951841,0.0157520824846029,0.0297886377732707,0.0157520824846029,9,"Normal",7,"Normal"
2025-05-28,0.654390934844193,0.0492697060602213,0.0557237577348887,0.0492697060602213,10,"High flow",10,"High flow"
2025-05-29,0.526912181303116,0.099397798835516,0.042610494832947,0.099397798835516,9,"Normal",10,"High flow"
2025-05-30,0.628895184135977,0.114278846691428,0.0531011051545003,0.114278846691428,10,"High flow",10,"High flow"
2025-05-31,0.631728045325779,0.0860769736435256,0.0533925109967657,0.0860769736435256,10,"High flow",10,"High flow"
2025-06-01,0.512747875354108,0.0392041711295733,0.0411534656216201,0.0392041711295733,9,"Normal",9,"Normal"
2025-06-02,0.453257790368272,0.0213649059053757,0.0350339429340474,0.0213649059053757,9,"Normal",8,"Normal"
2025-06-03,0.410764872521246,0.0151250236320594,0.0306628553000668,0.0151250236320594,9,"Normal",7,"Normal"
2025-06-04,0.382436260623229,0.0132374385487039,0.0277487968774131,0.0132374385487039,8,"Normal",6,"Normal"
2025-06-05,0.356940509915014,0.0117844382149017,0.0251261442970248,0.0117844382149017,8,"Normal",6,"Normal"
2025-06-06,0.334277620396601,0.0104511842864516,0.0227948975589018,0.0104511842864516,8,"Normal",6,"Normal"
2025-06-07,0.31728045325779,0.0095762322557401,0.0210464625053096,0.0095762322557401,7,"Normal",6,"Normal"
2025-06-08,0.303116147308782,0.00894768957779082,0.0195894332939827,0.00894768957779082,7,"Normal",6,"Normal"
2025-06-09,0.28328611898017,0.00765039756140849,0.0175495923981251,0.00765039756140849,7,"Normal",5,"Normal"
2025-06-10,0.26657223796034,0.00651954713651693,0.0158302979287595,0.00651954713651693,6,"Normal",5,"Normal"
2025-06-11,0.256373937677054,0.00541972896360495,0.0147812368966041,0.00541972896360495,6,"Normal",5,"Normal"
2025-06-12,0.244475920679887,0.00575766422179683,0.0135573323590896,0.00575766422179683,6,"Normal",5,"Normal"
2025-06-13,0.230028328611898,0.00553619226757934,0.0120711625635362,0.00553619226757934,6,"Normal",5,"Normal"
2025-06-14,0.252974504249292,0.00620179613987499,0.0144315498858857,0.00620179613987499,6,"Normal",5,"Normal"
2025-06-15,0.291784702549575,0.00890270000593337,0.0184238099249213,0.00890270000593337,7,"Normal",6,"Normal"
2025-06-16,0.311614730878187,0.0209093663231843,0.0204636508207788,0.0209093663231843,7,"Normal",8,"Normal"
2025-06-17,0.314447592067989,0.0127623467448363,0.0207550566630442,0.0127623467448363,7,"Normal",6,"Normal"
2025-06-18,0.265155807365439,0.00907141610257213,0.0156845950076268,0.00907141610257213,6,"Normal",6,"Normal"
2025-06-19,0.240793201133145,0.00748811720413748,0.0131785047641446,0.00748811720413748,6,"Normal",5,"Normal"
2025-06-20,0.226062322946176,0.00624098976025309,0.0116631943843647,0.00624098976025309,6,"Normal",5,"Normal"
2025-06-21,0.211048158640227,0.00543412364591463,0.0101187434203582,0.00543412364591463,5,"Normal",5,"Normal"
2025-06-22,0.201416430594901,0.0051245326726894,0.00912796355665594,0.0051245326726894,5,"Normal",4,"Normal"
2025-06-23,0.193767705382436,0.00471673427237678,0.00834116778253943,0.00471673427237678,5,"Normal",4,"Normal"
2025-06-24,0.186118980169972,0.00455237217091705,0.00755437200842293,0.00455237217091705,5,"Normal",4,"Normal"
2025-06-25,0.184419263456091,0.00416260390808192,0.00737952850306371,0.00416260390808192,5,"Normal",4,"Normal"
2025-06-26,0.218696883852691,0.0041309584055417,0.0109055391944747,0.0041309584055417,6,"Normal",4,"Normal"
2025-06-27,0.314447592067989,0.00415865503650527,0.0207550566630442,0.00415865503650527,7,"Normal",4,"Normal"
2025-06-28,0.320113314447592,0.010878498251438,0.021337868347575,0.010878498251438,8,"Normal",6,"Normal"
2025-06-29,0.274787535410765,0.0531015539603883,0.016675374871329,0.0531015539603883,7,"Normal",10,"High flow"
2025-06-30,0.217563739376771,0.015372351942866,0.0107889768575685,0.015372351942866,6,"Normal",7,"Normal"
2025-07-01,0.238810198300283,0.0253601460840914,0.0129745206745588,0.0253601460840914,6,"Normal",8,"Normal"
2025-07-02,0.278470254957507,0.0431326124768035,0.017054202466274,0.0431326124768035,7,"Normal",10,"High flow"
2025-07-03,0.223796033994334,0.0186650856472416,0.0114300697105524,0.0186650856472416,6,"Normal",7,"Normal"
2025-07-04,0.198583569405099,0.0113036884161142,0.00883655771439056,0.0113036884161142,5,"Normal",6,"Normal"
2025-07-05,0.186402266288952,0.00845668915627374,0.00758351259264947,0.00845668915627374,5,"Normal",6,"Normal"
2025-07-06,0.179886685552408,0.00690265377319817,0.00691327915543912,0.00690265377319817,5,"Normal",5,"Normal"
2025-07-07,0.240226628895184,0.00696921912978406,0.0131202235956915,0.00696921912978406,6,"Normal",5,"Normal"
2025-07-08,0.470254957507082,0.0093289399655708,0.0367823779876396,0.0093289399655708,9,"Normal",6,"Normal"
2025-07-09,0.436260623229462,0.0186230828287487,0.0332855078804551,0.0186230828287487,9,"Normal",7,"Normal"
2025-07-10,0.348441926345609,0.0110466291551713,0.0242519267702287,0.0110466291551713,8,"Normal",6,"Normal"
2025-07-11,0.279886685552408,0.00875362376563829,0.0171999053874067,0.00875362376563829,7,"Normal",6,"Normal"
2025-07-12,0.237677053824363,0.00737851940817195,0.0128579583376527,0.00737851940817195,6,"Normal",5,"Normal"
2025-07-13,0.218696883852691,0.00631665357899803,0.0109055391944747,0.00631665357899803,6,"Normal",5,"Normal"
2025-07-14,0.203399433427762,0.00567328721319889,0.00933194764624169,0.00567328721319889,5,"Normal",5,"Normal"
2025-07-15,0.212747875354108,0.00534718094525585,0.0102935869257174,0.00534718094525585,5,"Normal",5,"Normal"
2025-07-16,0.260623229461756,0.0054073133542382,0.0152183456600022,0.0054073133542382,6,"Normal",5,"Normal"
2025-07-17,0.509915014164306,0.00535553531016893,0.0408620597793548,0.00535553531016893,9,"Normal",5,"Normal"
2025-07-18,0.46742209631728,0.00535404003565232,0.0364909721453742,0.00535404003565232,9,"Normal",5,"Normal"
2025-07-19,1.28895184135977,0.0203278381932145,0.120998666402332,0.0203278381932145,10,"High flow",8,"Normal"
2025-07-20,1.03682719546742,0.0259963985975846,0.0950635464407136,0.0259963985975846,10,"High flow",8,"Normal"
2025-07-21,0.626062322946176,0.0135475417066799,0.0528096993122349,0.0135475417066799,10,"High flow",6,"Normal"
2025-07-22,0.501416430594901,0.00942258931061497,0.0399878422525587,0.00942258931061497,9,"Normal",6,"Normal"
2025-07-23,0.43342776203966,0.00685968025700018,0.0329941020381898,0.00685968025700018,9,"Normal",5,"Normal"
2025-07-24,0.393767705382436,0.00545315292815483,0.0289144202464746,0.00545315292815483,9,"Normal",5,"Normal"
2025-07-25,0.31728045325779,0.00519926708627748,0.0210464625053096,0.00519926708627748,7,"Normal",4,"Normal"
2025-07-26,0.345609065155807,0.00477543815443845,0.0239605209279633,0.00477543815443845,8,"Normal",4,"Normal"
2025-07-27,0.328611898016997,0.00481577342232507,0.0222120858743711,0.00481577342232507,8,"Normal",4,"Normal"
2025-07-28,0.294617563739377,0.0045305558036952,0.0187152157671866,0.0045305558036952,7,"Normal",4,"Normal"
2025-07-29,0.259206798866856,0.00532011220070872,0.0150726427388695,0.00532011220070872,6,"Normal",5,"Normal"
2025-07-30,0.592067988668555,0.0045181941691681,0.0493128292050505,0.0045181941691681,10,"High flow",4,"Normal"
2025-07-31,1.06232294617564,0.00490475752580316,0.097686199021102,0.00490475752580316,10,"High flow",4,"Normal"
2025-08-01,3.25779036827196,0.0105830154648666,0.323525726776764,0.0105830154648666,10,"High flow",6,"Normal"
2025-08-02,1.6742209631728,0.0133535820345142,0.160629860950422,0.0133535820345142,10,"High flow",6,"Normal"
2025-08-03,0.980169971671388,0.00669899350529652,0.0892354295954062,0.00669899350529652,10,"High flow",5,"Normal"
2025-08-04,0.767705382436261,0.00497878385014881,0.0673799914255035,0.00497878385014881,10,"High flow",4,"Normal"
2025-08-05,0.68271954674221,0.00474018116055077,0.0586378161575423,0.00474018116055077,10,"High flow",4,"Normal"
2025-08-06,0.628895184135977,0.00716672027882409,0.0531011051545003,0.00716672027882409,10,"High flow",5,"Normal"
2025-08-07,0.580736543909348,0.00791230921718169,0.048147205835989,0.00791230921718169,10,"High flow",6,"Normal"
2025-08-08,0.529745042492918,0.00628520259131034,0.0429019006752124,0.00628520259131034,9,"Normal",5,"Normal"
2025-08-09,0.458923512747875,0.00509052383614572,0.0356167546185781,0.00509052383614572,9,"Normal",4,"Normal"
2025-08-10,0.410764872521246,0.00434221803857877,0.0306628553000668,0.00434221803857877,9,"Normal",4,"Normal"
2025-08-11,0.385269121813031,0.00391440850194699,0.0280402027196785,0.00391440850194699,8,"Normal",4,"Normal"
2025-08-12,0.359773371104816,0.00416141676263307,0.0254175501392901,0.00416141676263307,8,"Normal",4,"Normal"
2025-08-13,0.342776203966006,0.00412169316493942,0.0236691150856979,0.00412169316493942,8,"Normal",4,"Normal"
2025-08-14,0.328611898016997,0.00401788180555775,0.0222120858743711,0.00401788180555775,8,"Normal",4,"Normal"
2025-08-15,0.314447592067989,0.00380670737965773,0.0207550566630442,0.00380670737965773,7,"Normal",4,"Normal"
2025-08-16,0.291784702549575,0.00329764583659551,0.0184238099249213,0.00329764583659551,7,"Normal",3,"Normal"
2025-08-17,0.277053824362606,0.00311532273664992,0.0169084995451413,0.00311532273664992,7,"Normal",3,"Normal"
2025-08-18,0.264022662889518,0.0027703079525471,0.0155680326707206,0.0027703079525471,6,"Normal",3,"Normal"
2025-08-19,0.258923512747875,0.00242100865819191,0.015043502154643,0.00242100865819191,6,"Normal",2,"Normal"
2025-08-20,0.256090651558074,0.00266045341323361,0.0147520963123776,0.00266045341323361,6,"Normal",3,"Normal"
2025-08-21,0.311614730878187,0.0291342380169006,0.0204636508207788,0.0291342380169006,7,"Normal",9,"Normal"
2025-08-22,0.388101983002833,0.0431554787848923,0.0283316085619438,0.0431554787848923,9,"Normal",10,"High flow"
2025-08-23,0.31728045325779,0.0186312712524443,0.0210464625053096,0.0186312712524443,7,"Normal",7,"Normal"
2025-08-24,0.311614730878187,0.0117335057879166,0.0204636508207788,0.0117335057879166,7,"Normal",6,"Normal"
2025-08-25,0.30028328611898,0.0083061945032087,0.0192980274517174,0.0083061945032087,7,"Normal",6,"Normal"
2025-08-26,0.262889518413598,0.0054132558599463,0.0154514703338145,0.0054132558599463,6,"Normal",5,"Normal"
2025-08-27,0.243909348441926,0.00392766756479308,0.0134990511906365,0.00392766756479308,6,"Normal",4,"Normal"
2025-08-28,0.228611898016997,0.00326506604323967,0.0119254596424035,0.00326506604323967,6,"Normal",3,"Normal"
2025-08-29,0.220113314447592,0.00323293425083375,0.0110512421156074,0.00323293425083375,6,"Normal",3,"Normal"
2025-08-30,0.213881019830028,0.00291231194810709,0.0104101492626236,0.00291231194810709,5,"Normal",3,"Normal"
2025-08-31,0.211331444759207,0.00273223102402039,0.0101478840045847,0.00273223102402039,5,"Normal",3,"Normal"
2025-09-01,0.202832861189802,0.00245561434687915,0.00927366647778862,0.00245561434687915,5,"Normal",2,"Normal"
2025-09-02,0.194334277620397,0.00216528133249171,0.00839944895099251,0.00216528133249171,5,"Normal",2,"Normal"
2025-09-03,0.188101983002833,0.00203622720013529,0.00775835609800869,0.00203622720013529,5,"Normal",2,"Normal"
2025-09-04,0.190084985835694,0.00242938810170596,0.00796234018759445,0.00242938810170596,5,"Normal",2,"Normal"
2025-09-05,0.193484419263456,0.00294376270885083,0.0083120271983129,0.00294376270885083,5,"Normal",3,"Normal"
2025-09-06,0.185552407932011,0.0029437520072092,0.00749609083996986,0.0029437520072092,5,"Normal",3,"Normal"
2025-09-07,0.18300283286119,0.00244594042709451,0.00723382558193103,0.00244594042709451,5,"Normal",2,"Normal"
2025-09-08,0.178186968838527,0.00153898004768775,0.00673843565007989,0.00153898004768775,5,"Normal",1,"Low flow"
2025-09-09,0.171954674220963,0.00124793426612439,0.00609734279709608,0.00124793426612439,4,"Normal",1,"Low flow"
2025-09-10,0.171954674220963,0.00115022297845614,0.00609734279709608,0.00115022297845614,4,"Normal",1,"Low flow"
2025-09-11,0.171954674220963,0.00117579360671827,0.00609734279709608,0.00117579360671827,4,"Normal",1,"Low flow"
2025-09-12,0.169405099150142,0.0011986624002385,0.00583507753905725,0.0011986624002385,4,"Normal",1,"Low flow"
2025-09-13,0.164022662889518,0.00108773776818447,0.00528140643875304,0.00108773776818447,4,"Normal",1,"Low flow"
2025-09-14,0.162039660056657,0.000815993349134512,0.00507742234916728,0.000815993349134512,4,"Normal",1,"Low flow"
2025-09-15,0.156373937677054,NA,0.00449461066463654,0.00449461066463654,4,"Normal",4,"Normal"
2025-09-16,0.156373937677054,NA,0.00449461066463654,0.00449461066463654,4,"Normal",4,"Normal"
2025-09-17,0.156373937677054,NA,0.00449461066463654,0.00449461066463654,4,"Normal",4,"Normal"
2025-09-18,0.156373937677054,NA,0.00449461066463654,0.00449461066463654,4,"Normal",4,"Normal"
2025-09-19,0.156373937677054,NA,0.00449461066463654,0.00449461066463654,4,"Normal",4,"Normal"
2025-09-20,0.156373937677054,NA,0.00449461066463654,0.00449461066463654,4,"Normal",4,"Normal"
2025-09-21,0.156373937677054,NA,0.00449461066463654,0.00449461066463654,4,"Normal",4,"Normal"
2025-09-22,0.153824362606232,NA,0.00423234540659771,0.00423234540659771,4,"Normal",4,"Normal"
2025-09-23,0.149008498583569,NA,0.00373695547474658,0.00373695547474658,4,"Normal",3,"Normal"
2025-09-24,0.151841359773371,NA,0.00402836131701195,0.00402836131701195,4,"Normal",4,"Normal"
2025-09-25,0.201699716713881,NA,0.00915710414088247,0.00915710414088247,5,"Normal",6,"Normal"
2025-09-26,0.186118980169972,NA,0.00755437200842293,0.00755437200842293,5,"Normal",5,"Normal"
2025-09-27,0.20056657223796,NA,0.00904054180397632,0.00904054180397632,5,"Normal",6,"Normal"
2025-09-28,0.192351274787535,NA,0.00819546486140675,0.00819546486140675,5,"Normal",6,"Normal"
2025-09-29,0.179886685552408,NA,0.00691327915543912,0.00691327915543912,5,"Normal",5,"Normal"
2025-09-30,0.179886685552408,NA,0.00691327915543912,0.00691327915543912,5,"Normal",5,"Normal"
2025-10-01,0.179036827195467,NA,0.00682585740275951,0.00682585740275951,5,"Normal",5,"Normal"
2025-10-02,0.171954674220963,NA,0.00609734279709608,0.00609734279709608,4,"Normal",5,"Normal"
2025-10-03,0.168271954674221,NA,0.0057185152021511,0.0057185152021511,4,"Normal",5,"Normal"
2025-10-04,0.164022662889518,NA,0.00528140643875304,0.00528140643875304,4,"Normal",5,"Normal"
2025-10-05,0.160623229461756,NA,0.0049317194280346,0.0049317194280346,4,"Normal",4,"Normal"
2025-10-06,0.154107648725212,NA,0.00426148599082425,0.00426148599082425,4,"Normal",4,"Normal"
2025-10-07,0.154390934844193,NA,0.00429062657505078,0.00429062657505078,4,"Normal",4,"Normal"
2025-10-08,0.165439093484419,NA,0.00542710935988573,0.00542710935988573,4,"Normal",5,"Normal"
2025-10-09,0.160056657223796,NA,0.00487343825958153,0.00487343825958153,4,"Normal",4,"Normal"
2025-10-10,0.147875354107649,NA,0.00362039313784043,0.00362039313784043,4,"Normal",3,"Normal"
2025-10-11,0.146175637393768,NA,0.00344554963248121,0.00344554963248121,4,"Normal",3,"Normal"
2025-10-12,0.144475920679887,NA,0.00327070612712199,0.00327070612712199,4,"Normal",3,"Normal"
2025-10-13,0.143059490084986,NA,0.0031250032059893,0.0031250032059893,4,"Normal",3,"Normal"
2025-10-14,0.141643059490085,0.00255530366762205,0.00297930028485662,0.00255530366762205,4,"Normal",2,"Normal"
2025-10-15,0.139943342776204,0.0020136290535253,0.0028044567794974,0.0020136290535253,4,"Normal",2,"Normal"
2025-10-16,0.135977337110482,0.00172408994359825,0.00239648860032588,0.00172408994359825,3,"Normal",2,"Normal"
2025-10-17,0.130028328611898,0.0010984132414742,0.0017845363315686,0.0010984132414742,3,"Normal",1,"Low flow"
2025-10-18,0.128611898016997,0.00131419684788983,0.00163883341043592,0.00131419684788983,3,"Normal",1,"Low flow"
2025-10-19,0.135127478753541,0.00186952911321383,0.00230906684764627,0.00186952911321383,3,"Normal",2,"Normal"
2025-10-20,0.146175637393768,0.00137578064900113,0.00344554963248121,0.00137578064900113,4,"Normal",1,"Low flow"
2025-10-21,0.147592067988669,0.00163224306157688,0.0035912525536139,0.00163224306157688,4,"Normal",1,"Low flow"
2025-10-22,0.158073654390935,0.0023451291518702,0.00466945416999576,0.0023451291518702,4,"Normal",2,"Normal"
2025-10-23,0.152691218130312,0.00197164341035461,0.00411578306969156,0.00197164341035461,4,"Normal",2,"Normal"
2025-10-24,0.147592067988669,0.00162689501816861,0.0035912525536139,0.00162689501816861,4,"Normal",1,"Low flow"
2025-10-25,0.146175637393768,0.00127865492774597,0.00344554963248121,0.00127865492774597,4,"Normal",1,"Low flow"
2025-10-26,0.144475920679887,0.00147882134600891,0.00327070612712199,0.00147882134600891,4,"Normal",1,"Low flow"
2025-10-27,0.143059490084986,0.00167901910884629,0.0031250032059893,0.00167901910884629,4,"Normal",2,"Normal"
2025-10-28,0.141643059490085,0.00190724452762935,0.00297930028485662,0.00190724452762935,4,"Normal",2,"Normal"
2025-10-29,0.152974504249292,0.00326130553257121,0.0041449236539181,0.00326130553257121,4,"Normal",3,"Normal"
2025-10-30,0.325779036827196,0.01644058946556,0.0219206800321057,0.01644058946556,8,"Normal",7,"Normal"
2025-10-31,0.195750708215297,0.00750979568021943,0.00854515187212519,0.00750979568021943,5,"Normal",5,"Normal"
2025-11-01,0.156657223796034,0.00384475697738193,0.00452375124886308,0.00384475697738193,4,"Normal",4,"Normal"
2025-11-02,0.140509915014164,0.00289201103917374,0.00286273794795047,0.00289201103917374,4,"Normal",3,"Normal"
2025-11-03,0.129745042492918,0.00263551913397156,0.00175539574734206,0.00263551913397156,3,"Normal",3,"Normal"
2025-11-04,0.123229461756374,0.00236456922018101,0.00108516231013171,0.00236456922018101,3,"Normal",2,"Normal"
2025-11-05,0.11614730878187,0.00207807807986546,0.000356647704468284,0.00207807807986546,3,"Normal",2,"Normal"
2025-11-06,0.115014164305949,0.0022872790057558,0.000240085367562136,0.0022872790057558,3,"Normal",2,"Normal"
2025-11-07,0.113597733711048,0.00207101533445809,9.43824464294512e-05,0.00207101533445809,2,"Normal",2,"Normal"
2025-11-08,0.118413597733711,0.00395196060830845,0.000589772378280579,0.00395196060830845,3,"Normal",4,"Normal"
2025-11-09,0.114447592067989,0.00418267790967465,0.000181804199109063,0.00418267790967465,3,"Normal",4,"Normal"
2025-11-10,0.106798866855524,0.00323062914681944,-0.000604991575007437,0.00323062914681944,2,"Normal",3,"Normal"
2025-11-11,0.101983002832861,0.00220666288402641,-0.00110038150685857,0.00220666288402641,2,"Normal",2,"Normal"
2025-11-12,0.10056657223796,0.00243716523342843,-0.00124608442799125,0.00243716523342843,2,"Normal",2,"Normal"
2025-11-13,0.0994334277620397,0.00269672072067077,-0.0013626467648974,0.00269672072067077,2,"Normal",3,"Normal"
2025-11-14,0.0980169971671388,0.00248714406492377,-0.00150834968603009,0.00248714406492377,2,"Normal",2,"Normal"
2025-11-15,0.0968838526912181,0.00319215586480596,-0.00162491202293623,0.00319215586480596,2,"Normal",3,"Normal"
2025-11-16,0.0957507082152975,0.0040815786126085,-0.00174147435984238,0.0040815786126085,2,"Normal",4,"Normal"
2025-11-17,0.0943342776203966,0.00257140437921233,-0.00188717728097507,0.00257140437921233,2,"Normal",2,"Normal"
2025-11-18,0.0932011331444759,0.00218914966613178,-0.00200373961788122,0.00218914966613178,2,"Normal",2,"Normal"
2025-11-19,0.0917847025495751,0.00294191933676914,-0.0021494425390139,0.00294191933676914,2,"Normal",3,"Normal"
2025-11-20,0.0926345609065156,0.00310706164691856,-0.00206202078633429,0.00310706164691856,2,"Normal",3,"Normal"
2025-11-21,0.0963172804532578,0.00336161355719117,-0.00168319319138931,0.00336161355719117,2,"Normal",3,"Normal"
2025-11-22,0.0963172804532578,0.00408566239641022,-0.00168319319138931,0.00408566239641022,2,"Normal",4,"Normal"
2025-11-23,0.0951841359773371,0.0034000216887441,-0.00179975552829546,0.0034000216887441,2,"Normal",3,"Normal"
2025-11-24,0.0903682719546742,0.00245718886466336,-0.00229514546014659,0.00245718886466336,1,"Low flow",2,"Normal"
2025-11-25,0.0903682719546742,0.00239018673874387,-0.00229514546014659,0.00239018673874387,1,"Low flow",2,"Normal"
2025-11-26,0.0903682719546742,0.00316486120432208,-0.00229514546014659,0.00316486120432208,2,"Normal",3,"Normal"
2025-11-27,0.0895184135977337,0.00224458715816242,-0.0023825672128262,0.00224458715816242,1,"Low flow",2,"Normal"
2025-11-28,0.084985835694051,0.00181897181018061,-0.00284881656045079,0.00181897181018061,1,"Low flow",2,"Normal"
2025-11-29,0.084985835694051,0.00132377016676997,-0.00284881656045079,0.00132377016676997,1,"Low flow",1,"Low flow"
2025-11-30,0.084985835694051,0.00162130526885063,-0.00284881656045079,0.00162130526885063,1,"Low flow",1,"Low flow"
2025-12-01,0.084985835694051,0.00164886840411363,-0.00284881656045079,0.00164886840411363,1,"Low flow",1,"Low flow"
2025-12-02,0.104249291784703,0.00556115633452071,-0.000867256833046271,0.00556115633452071,2,"Normal",5,"Normal"
2025-12-03,0.108215297450425,0.00629404123851081,-0.000459288653874752,0.00629404123851081,2,"Normal",5,"Normal"
2025-12-04,0.0937677053824363,0.00407638562858813,-0.00194545844942814,0.00407638562858813,2,"Normal",4,"Normal"
2025-12-05,0.0997167138810198,0.00341015517756783,-0.00133350618067086,0.00341015517756783,2,"Normal",3,"Normal"
2025-12-06,0.102266288951841,0.00360216916203454,-0.00107124092263203,0.00360216916203454,2,"Normal",3,"Normal"
2025-12-07,0.0985835694050992,0.00399474250161622,-0.00145006851757701,0.00399474250161622,2,"Normal",4,"Normal"
2025-12-08,0.105949008498584,0.00499730589650448,-0.000692413327687047,0.00499730589650448,2,"Normal",4,"Normal"
2025-12-09,0.110764872521246,0.00547473370401225,-0.000197023395835917,0.00547473370401225,2,"Normal",5,"Normal"
2025-12-10,0.108215297450425,0.00589797717139363,-0.000459288653874752,0.00589797717139363,2,"Normal",5,"Normal"
2025-12-11,0.114730878186969,0.00970281073477965,0.000210944783335599,0.00970281073477965,3,"Normal",6,"Normal"
2025-12-12,0.114730878186969,0.00716170562370327,0.000210944783335599,0.00716170562370327,3,"Normal",5,"Normal"
2025-12-13,0.108781869688385,0.0051010198945391,-0.000401007485421679,0.0051010198945391,2,"Normal",4,"Normal"
2025-12-14,0.104532577903683,0.00535014123475381,-0.000838116248819734,0.00535014123475381,2,"Normal",5,"Normal"
2025-12-15,0.0951841359773371,0.00498596286883887,-0.00179975552829546,0.00498596286883887,2,"Normal",4,"Normal"
2025-12-16,0.0903682719546742,0.00534633857376436,-0.00229514546014659,0.00534633857376436,2,"Normal",5,"Normal"
2025-12-17,0.0903682719546742,0.0029696391662761,-0.00229514546014659,0.0029696391662761,2,"Normal",3,"Normal"
2025-12-18,0.0934844192634561,0.00360972552238401,-0.00197459903365468,0.00360972552238401,2,"Normal",3,"Normal"
2025-12-19,0.184985835694051,0.012784941656361,0.00743780967151679,0.012784941656361,5,"Normal",6,"Normal"
2025-12-20,0.146175637393768,0.0093534232765068,0.00344554963248121,0.0093534232765068,4,"Normal",6,"Normal"
2025-12-21,0.122662889518414,0.00665522942232202,0.00102688114167864,0.00665522942232202,3,"Normal",5,"Normal"
2025-12-22,0.109915014164306,0.00419732756315671,-0.000284445148515531,0.00419732756315671,2,"Normal",4,"Normal"
2025-12-23,0.106798866855524,0.00469482081884622,-0.000604991575007437,0.00469482081884622,2,"Normal",4,"Normal"
2025-12-24,0.1,0.00552969736433669,-0.00130436559644433,0.00552969736433669,2,"Normal",5,"Normal"
2025-12-25,0.109915014164306,0.00552619731058437,-0.000284445148515531,0.00552619731058437,2,"Normal",5,"Normal"
2025-12-26,0.113597733711048,0.00570071619516024,9.43824464294512e-05,0.00570071619516024,3,"Normal",5,"Normal"
2025-12-27,0.107082152974504,0.00502257119208034,-0.000575850990780901,0.00502257119208034,2,"Normal",4,"Normal"
2025-12-28,0.101699716713881,0.00454345295541772,-0.00112952209108511,0.00454345295541772,2,"Normal",4,"Normal"
2025-12-29,0.0951841359773371,0.0046016193822967,-0.00179975552829546,0.0046016193822967,2,"Normal",4,"Normal"
2025-12-30,0.0903682719546742,0.00318621678100883,-0.00229514546014659,0.00318621678100883,2,"Normal",3,"Normal"
2025-12-31,0.0903682719546742,0.00247831105743078,-0.00229514546014659,0.00247831105743078,2,"Normal",2,"Normal"
2026-01-01,0.0903682719546742,0.00293420540761735,-0.00229514546014659,0.00293420540761735,2,"Normal",3,"Normal"
2026-01-02,0.0903682719546742,0.00260139573709044,-0.00229514546014659,0.00260139573709044,2,"Normal",2,"Normal"
2026-01-03,0.0903682719546742,0.00291636781863211,-0.00229514546014659,0.00291636781863211,2,"Normal",3,"Normal"
2026-01-04,0.0861189801699717,0.00237711784384925,-0.00273225422354464,0.00237711784384925,1,"Low flow",2,"Normal"
2026-01-05,0.084985835694051,0.00228541910217136,-0.00284881656045079,0.00228541910217136,1,"Low flow",2,"Normal"
2026-01-06,0.084985835694051,0.00251378772494574,-0.00284881656045079,0.00251378772494574,1,"Low flow",2,"Normal"
2026-01-07,0.084985835694051,0.0032243820575404,-0.00284881656045079,0.0032243820575404,1,"Low flow",3,"Normal"
2026-01-08,0.084985835694051,0.00274924276852173,-0.00284881656045079,0.00274924276852173,1,"Low flow",3,"Normal"
2026-01-09,0.084985835694051,0.00306779363635282,-0.00284881656045079,0.00306779363635282,1,"Low flow",3,"Normal"
2026-01-10,0.308781869688385,0.0284973978489299,0.0201722449785135,0.0284973978489299,7,"Normal",9,"Normal"
2026-01-11,0.356940509915014,0.0365946864192171,0.0251261442970248,0.0365946864192171,8,"Normal",9,"Normal"
2026-01-12,0.251274787535411,0.0119919648647851,0.0142567063805265,0.0119919648647851,6,"Normal",6,"Normal"
2026-01-13,0.208215297450425,0.00733534791942395,0.00982733757809282,0.00733534791942395,5,"Normal",5,"Normal"
2026-01-14,0.184702549575071,0.00652000479515513,0.00740866908729024,0.00652000479515513,5,"Normal",5,"Normal"
2026-01-15,0.16628895184136,0.00542840391851202,0.00551453111256534,0.00542840391851202,4,"Normal",5,"Normal"
2026-01-16,0.147875354107649,0.00320678570312169,0.00362039313784043,0.00320678570312169,4,"Normal",3,"Normal"
2026-01-17,0.138810198300283,0.00308274929956683,0.00268789444259125,0.00308274929956683,4,"Normal",3,"Normal"
2026-01-18,0.13342776203966,0.0029386318265469,0.00213422334228704,0.0029386318265469,3,"Normal",3,"Normal"
2026-01-19,0.127762039660057,0.00208110609457536,0.0015514116577563,0.00208110609457536,3,"Normal",2,"Normal"
2026-01-20,0.123229461756374,0.00195200522911356,0.00108516231013171,0.00195200522911356,3,"Normal",2,"Normal"
2026-01-21,0.114730878186969,0.00240232724773202,0.000210944783335599,0.00240232724773202,3,"Normal",2,"Normal"
2026-01-22,0.114730878186969,0.00171023918244636,0.000210944783335599,0.00171023918244636,3,"Normal",2,"Normal"
2026-01-23,0.114730878186969,0.00162771501622725,0.000210944783335599,0.00162771501622725,3,"Normal",1,"Low flow"
2026-01-24,0.113881019830028,0.00137949468220924,0.000123523030655987,0.00137949468220924,3,"Normal",1,"Low flow"
2026-01-25,0.165439093484419,0.00147506770667564,0.00542710935988573,0.00147506770667564,4,"Normal",1,"Low flow"
2026-01-26,0.141643059490085,0.0019446332301118,0.00297930028485662,0.0019446332301118,4,"Normal",2,"Normal"
2026-01-27,0.0923512747875354,0.00168117978196617,-0.00209116137056083,0.00168117978196617,2,"Normal",2,"Normal"
2026-01-28,0.0858356940509915,0.00159404413935253,-0.00276139480777118,0.00159404413935253,1,"Low flow",1,"Low flow"
2026-01-29,0.0807365439093485,0.00155655778998877,-0.00328592532384884,0.00155655778998877,1,"Low flow",1,"Low flow"
2026-01-30,0.0759206798866856,0.00159200615815092,-0.00378131525569997,0.00159200615815092,1,"Low flow",1,"Low flow"
2026-01-31,0.0702549575070822,0.00162414058151268,-0.00436412694023071,0.00162414058151268,1,"Low flow",1,"Low flow"
2026-02-01,0.0671388101983003,0.00188911038021862,-0.00468467336672262,0.00188911038021862,NA,NA,NA,NA
2026-02-02,0.06657223796034,0.00146759117607195,-0.0047429545351757,0.00146759117607195,NA,NA,NA,NA
2026-02-03,0.0725212464589235,0.00143437338976083,-0.00413100226641842,0.00143437338976083,NA,NA,NA,NA
2026-02-04,0.0756373937677054,0.00179893860115087,-0.00381045583992651,0.00179893860115087,NA,NA,NA,NA
2026-02-05,0.0773371104815864,0.00367023384151179,-0.00363561233456729,0.00367023384151179,NA,NA,NA,NA
2026-02-06,0.0773371104815864,0.00481653160713387,-0.00363561233456729,0.00481653160713387,NA,NA,NA,NA
2026-02-07,0.0739376770538244,0.00402463255885742,-0.00398529934528573,0.00402463255885742,NA,NA,NA,NA
2026-02-08,0.0705382436260623,0.00239955185250256,-0.00433498635600418,0.00239955185250256,NA,NA,NA,NA
2026-02-09,0.0708215297450425,0.00193124421885353,-0.00430584577177764,0.00193124421885353,NA,NA,NA,NA
2026-02-10,0.0926345609065156,0.00229402086717187,-0.00206202078633429,0.00229402086717187,NA,NA,NA,NA
2026-02-11,0.279886685552408,0.0418554511262441,0.0171999053874067,0.0418554511262441,NA,NA,NA,NA
2026-02-12,0.274504249291785,0.0235936294051162,0.0166462342871025,0.0235936294051162,NA,NA,NA,NA
2026-02-13,0.237393767705382,0.0133908720811582,0.0128288177534261,0.0133908720811582,NA,NA,NA,NA
2026-02-14,0.209915014164306,0.0102785150219795,0.010002181083452,0.0102785150219795,NA,NA,NA,NA
2026-02-15,0.441926345609065,0.0433985603756653,0.0338683195649859,0.0433985603756653,NA,NA,NA,NA
2026-02-16,0.623229461756374,0.071580130243757,0.0525182934699696,0.071580130243757,NA,NA,NA,NA
2026-02-17,0.447592067988669,0.0260974625388393,0.0344511312495166,0.0260974625388393,NA,NA,NA,NA
2026-02-18,0.379603399433428,0.0120234187820482,0.0274573910351477,0.0120234187820482,NA,NA,NA,NA
2026-02-19,0.424929178470255,0.020009117440299,0.0321198845113937,0.020009117440299,NA,NA,NA,NA
2026-02-20,0.728045325779037,0.0520497952597514,0.0633003096337883,0.0520497952597514,NA,NA,NA,NA
2026-02-21,0.575070821529745,0.0307710086547948,0.0475643941514583,0.0307710086547948,NA,NA,NA,NA
2026-02-22,0.507082152974504,0.0175125593977665,0.0405706539370894,0.0175125593977665,NA,NA,NA,NA
2026-02-23,0.427762039660057,0.0101734209944877,0.032411290353659,0.0101734209944877,NA,NA,NA,NA
2026-02-24,0.379603399433428,0.00597159024456563,0.0274573910351477,0.00597159024456563,NA,NA,NA,NA
2026-02-25,0.345609065155807,0.0055626533829019,0.0239605209279633,0.0055626533829019,NA,NA,NA,NA
2026-02-26,0.325779036827196,0.00518048082110713,0.0219206800321057,0.00518048082110713,NA,NA,NA,NA
2026-02-27,0.30028328611898,0.00386376000914607,0.0192980274517174,0.00386376000914607,NA,NA,NA,NA
2026-02-28,0.280169971671388,0.00348116082998498,0.0172290459716332,0.00348116082998498,NA,NA,NA,NA
2026-03-01,0.260056657223796,0.00311328994843142,0.0151600644915491,0.00311328994843142,NA,NA,NA,NA
2026-03-02,0.243626062322946,0.00202857479307347,0.0134699106064099,0.00202857479307347,NA,NA,NA,NA
2026-03-03,0.242492917847026,0.00168170513648212,0.0133533482695038,0.00168170513648212,NA,NA,NA,NA
2026-03-04,0.23257790368272,NA,0.012333427821575,0.012333427821575,NA,NA,NA,NA
2026-03-05,0.220396600566572,NA,0.0110803826998339,0.0110803826998339,NA,NA,NA,NA
2026-03-06,0.214164305949009,NA,0.0104392898468501,0.0104392898468501,NA,NA,NA,NA
2026-03-07,0.214164305949009,NA,0.0104392898468501,0.0104392898468501,NA,NA,NA,NA
2026-03-08,0.211614730878187,NA,0.0101770245888113,0.0101770245888113,NA,NA,NA,NA
2026-03-09,0.205099150141643,NA,0.00950679115160092,0.00950679115160092,NA,NA,NA,NA
2026-03-10,0.2,NA,0.00898226063552325,0.00898226063552325,NA,NA,NA,NA
2026-03-11,0.196317280453258,NA,0.00860343304057827,0.00860343304057827,NA,NA,NA,NA
2026-03-12,0.255524079320113,NA,0.0146938151439245,0.0146938151439245,NA,NA,NA,NA
2026-03-13,0.259490084985836,NA,0.015101783323096,0.015101783323096,NA,NA,NA,NA
2026-03-14,0.232294617563739,NA,0.0123042872373485,0.0123042872373485,NA,NA,NA,NA
2026-03-15,0.218413597733711,NA,0.0108763986102482,0.0108763986102482,NA,NA,NA,NA
2026-03-16,0.427762039660057,NA,0.032411290353659,0.032411290353659,NA,NA,NA,NA
2026-03-17,0.526912181303116,NA,0.042610494832947,0.042610494832947,NA,NA,NA,NA
2026-03-18,0.424929178470255,NA,0.0321198845113937,0.0321198845113937,NA,NA,NA,NA
2026-03-19,0.376770538243626,NA,0.0271659851928824,0.0271659851928824,NA,NA,NA,NA
2026-03-20,0.339943342776204,NA,0.0233777092434325,0.0233777092434325,NA,NA,NA,NA
2026-03-21,0.31728045325779,NA,0.0210464625053096,0.0210464625053096,NA,NA,NA,NA
2026-03-22,0.294617563739377,NA,0.0187152157671866,0.0187152157671866,NA,NA,NA,NA
2026-03-23,0.277620396600567,NA,0.0169667807135944,0.0169667807135944,NA,NA,NA,NA
2026-03-24,0.253824362606232,NA,0.0145189716385653,0.0145189716385653,NA,NA,NA,NA
2026-03-25,0.242492917847026,NA,0.0133533482695038,0.0133533482695038,NA,NA,NA,NA
2026-03-26,0.235694050991501,NA,0.0126539742480669,0.0126539742480669,NA,NA,NA,NA
2026-03-27,0.2328611898017,NA,0.0123625684058015,0.0123625684058015,NA,NA,NA,NA
2026-03-28,0.221246458923513,NA,0.0111678044525135,0.0111678044525135,NA,NA,NA,NA
2026-03-29,0.206232294617564,NA,0.00962335348850706,0.00962335348850706,NA,NA,NA,NA
2026-03-30,0.207932011331445,NA,0.00979819699386628,0.00979819699386628,NA,NA,NA,NA
2026-03-31,0.205949008498584,NA,0.00959421290428052,0.00959421290428052,NA,NA,NA,NA
2026-04-01,0.24929178470255,NA,0.0140527222909407,0.0140527222909407,NA,NA,NA,NA
