"Date","USGS_Q_cms","HPB_Q_cms","HPBinterp_Q_cms","HPB_Q_cms_filled","decile_usgs","flow_class_usgs","decile_hpb","flow_class_hpb"
2020-01-01,0.235410764872521,NA,0.00820141290699429,0.00820141290699429,NA,NA,NA,NA
2020-01-02,0.229178470254958,NA,0.00792757678706367,0.00792757678706367,NA,NA,NA,NA
2020-01-03,0.240226628895184,NA,0.0084143394082043,0.0084143394082043,NA,NA,NA,NA
2020-01-04,0.244192634560907,NA,0.00859054520427622,0.00859054520427622,NA,NA,NA,NA
2020-01-05,0.239376770538244,NA,0.00837668103722535,0.00837668103722535,NA,NA,NA,NA
2020-01-06,0.229461756373938,NA,0.00793998141189474,0.00793998141189474,NA,NA,NA,NA
2020-01-07,0.234277620396601,NA,0.00815147964282792,0.00815147964282792,NA,NA,NA,NA
2020-01-08,0.229745042492918,NA,0.00795239010595466,0.00795239010595466,NA,NA,NA,NA
2020-01-09,0.225779036827195,NA,0.00777904004119545,0.00777904004119545,NA,NA,NA,NA
2020-01-10,0.225779036827195,NA,0.00777904004119545,0.00777904004119545,NA,NA,NA,NA
2020-01-11,0.373937677053824,NA,0.0147317390019346,0.0147317390019346,NA,NA,NA,NA
2020-01-12,1.41643059490085,NA,0.0794899924076416,0.0794899924076416,NA,NA,NA,NA
2020-01-13,0.691218130311615,NA,0.0320593590459877,0.0320593590459877,NA,NA,NA,NA
2020-01-14,0.580736543909348,NA,0.0257172589987735,0.0257172589987735,NA,NA,NA,NA
2020-01-15,0.492917847025496,NA,0.0208979242674275,0.0208979242674275,NA,NA,NA,NA
2020-01-16,0.424929178470255,NA,0.0173189126160963,0.0173189126160963,NA,NA,NA,NA
2020-01-17,0.371104815864023,NA,0.0145906274964095,0.0145906274964095,NA,NA,NA,NA
2020-01-18,0.356940509915014,NA,0.013889390889436,0.013889390889436,NA,NA,NA,NA
2020-01-19,0.348441926345609,NA,0.0134721657426733,0.0134721657426733,NA,NA,NA,NA
2020-01-20,0.314447592067989,NA,0.0118307195227432,0.0118307195227432,NA,NA,NA,NA
2020-01-21,0.288951841359773,NA,0.0106299742079913,0.0106299742079913,NA,NA,NA,NA
2020-01-22,0.277903682719547,NA,0.0101181927272331,0.0101181927272331,NA,NA,NA,NA
2020-01-23,0.273371104815864,NA,0.00990977789751147,0.00990977789751147,NA,NA,NA,NA
2020-01-24,0.719546742209632,NA,0.0337312969903968,0.0337312969903968,NA,NA,NA,NA
2020-01-25,1.45892351274788,NA,0.0825201755246156,0.0825201755246156,NA,NA,NA,NA
2020-01-26,0.824362606232295,NA,0.0400666080503678,0.0400666080503678,NA,NA,NA,NA
2020-01-27,0.651558073654391,NA,0.0297491957485282,0.0297491957485282,NA,NA,NA,NA
2020-01-28,0.538243626062323,NA,0.0233591613346271,0.0233591613346271,NA,NA,NA,NA
2020-01-29,0.473087818696884,NA,0.0198395923168027,0.0198395923168027,NA,NA,NA,NA
2020-01-30,0.422096317280453,NA,0.0171729087414955,0.0171729087414955,NA,NA,NA,NA
2020-01-31,0.390934844192635,NA,0.0155843239691493,0.0155843239691493,NA,NA,NA,NA
2020-02-01,0.373937677053824,NA,0.0147317390019346,0.0147317390019346,NA,NA,NA,NA
2020-02-02,0.351274787535411,NA,0.0136109437219588,0.0136109437219588,NA,NA,NA,NA
2020-02-03,0.337110481586402,NA,0.0129200662416434,0.0129200662416434,NA,NA,NA,NA
2020-02-04,0.322946175637394,NA,0.01223685981173,0.01223685981173,NA,NA,NA,NA
2020-02-05,0.339943342776204,NA,0.0130576356018403,0.0130576356018403,NA,NA,NA,NA
2020-02-06,2.1699716713881,NA,0.136391994130607,0.136391994130607,NA,NA,NA,NA
2020-02-07,3.93767705382436,NA,0.289952288931135,0.289952288931135,NA,NA,NA,NA
2020-02-08,1.43909348441926,NA,0.0811031296711745,0.0811031296711745,NA,NA,NA,NA
2020-02-09,1.06515580736544,NA,0.0554172684234427,0.0554172684234427,NA,NA,NA,NA
2020-02-10,0.974504249291785,NA,0.0495168543308128,0.0495168543308128,NA,NA,NA,NA
2020-02-11,0.991501416430595,NA,0.0506124922766787,0.0506124922766787,NA,NA,NA,NA
2020-02-12,0.926345609065156,NA,0.0464402749119071,0.0464402749119071,NA,NA,NA,NA
2020-02-13,1.18130311614731,NA,0.063173466278413,0.063173466278413,NA,NA,NA,NA
2020-02-14,1.01983002832861,NA,0.0524496392503942,0.0524496392503942,NA,NA,NA,NA
2020-02-15,0.906515580736544,NA,0.0451856259456027,0.0451856259456027,NA,NA,NA,NA
2020-02-16,0.8328611898017,NA,0.0405901169837878,0.0405901169837878,NA,NA,NA,NA
2020-02-17,0.753541076487252,NA,0.0357607885922565,0.0357607885922565,NA,NA,NA,NA
2020-02-18,0.708215297450425,NA,0.0330603831509048,0.0330603831509048,NA,NA,NA,NA
2020-02-19,0.662889518413598,NA,0.0304055309675493,0.0304055309675493,NA,NA,NA,NA
2020-02-20,0.609065155807366,NA,0.0273152104369715,0.0273152104369715,NA,NA,NA,NA
2020-02-21,0.572237960339943,NA,0.025241853302365,0.025241853302365,NA,NA,NA,NA
2020-02-22,0.543909348441926,NA,0.0236708057400143,0.0236708057400143,NA,NA,NA,NA
2020-02-23,0.524079320113314,NA,0.0225838728471477,0.0225838728471477,NA,NA,NA,NA
2020-02-24,0.509915014164306,NA,0.0218141317821799,0.0218141317821799,NA,NA,NA,NA
2020-02-25,0.507082152974504,NA,0.0216608590882054,0.0216608590882054,NA,NA,NA,NA
2020-02-26,0.495750708215297,NA,0.0210500509084003,0.0210500509084003,NA,NA,NA,NA
2020-02-27,0.484419263456091,NA,0.0204429408717393,0.0204429408717393,NA,NA,NA,NA
2020-02-28,0.461756373937677,NA,0.0192400712057212,0.0192400712057212,NA,NA,NA,NA
2020-02-29,0.447592067988669,NA,0.0184961571950843,0.0184961571950843,NA,NA,NA,NA
2020-03-01,0.430594900849858,NA,0.0176116955742749,0.0176116955742749,NA,NA,NA,NA
2020-03-02,0.422096317280453,NA,0.0171729087414955,0.0171729087414955,NA,NA,NA,NA
2020-03-03,0.422096317280453,NA,0.0171729087414955,0.0171729087414955,NA,NA,NA,NA
2020-03-04,0.407932011331445,NA,0.0164468168467745,0.0164468168467745,NA,NA,NA,NA
2020-03-05,0.402266288951841,NA,0.016158237631892,0.016158237631892,NA,NA,NA,NA
2020-03-06,0.396600566572238,NA,0.0158707362439498,0.0158707362439498,NA,NA,NA,NA
2020-03-07,0.379603399433428,NA,0.0150148133309767,0.0150148133309767,NA,NA,NA,NA
2020-03-08,0.365439093484419,NA,0.0143092637640905,0.0143092637640905,NA,NA,NA,NA
2020-03-09,0.359773371104816,NA,0.0140290566007436,0.0140290566007436,NA,NA,NA,NA
2020-03-10,0.356940509915014,NA,0.013889390889436,0.013889390889436,NA,NA,NA,NA
2020-03-11,0.348441926345609,NA,0.0134721657426733,0.0134721657426733,NA,NA,NA,NA
2020-03-12,0.345609065155807,NA,0.0133336871916834,0.0133336871916834,NA,NA,NA,NA
2020-03-13,0.382436260623229,NA,0.0151567730322938,0.0151567730322938,NA,NA,NA,NA
2020-03-14,0.348441926345609,NA,0.0134721657426733,0.0134721657426733,NA,NA,NA,NA
2020-03-15,0.365439093484419,NA,0.0143092637640905,0.0143092637640905,NA,NA,NA,NA
2020-03-16,0.356940509915014,NA,0.013889390889436,0.013889390889436,NA,NA,NA,NA
2020-03-17,0.348441926345609,NA,0.0134721657426733,0.0134721657426733,NA,NA,NA,NA
2020-03-18,0.351274787535411,NA,0.0136109437219588,0.0136109437219588,NA,NA,NA,NA
2020-03-19,0.379603399433428,NA,0.0150148133309767,0.0150148133309767,NA,NA,NA,NA
2020-03-20,0.365439093484419,NA,0.0143092637640905,0.0143092637640905,NA,NA,NA,NA
2020-03-21,0.359773371104816,NA,0.0140290566007436,0.0140290566007436,NA,NA,NA,NA
2020-03-22,0.348441926345609,NA,0.0134721657426733,0.0134721657426733,NA,NA,NA,NA
2020-03-23,0.348441926345609,NA,0.0134721657426733,0.0134721657426733,NA,NA,NA,NA
2020-03-24,0.351274787535411,NA,0.0136109437219588,0.0136109437219588,NA,NA,NA,NA
2020-03-25,0.898016997167139,NA,0.0446501381567384,0.0446501381567384,NA,NA,NA,NA
2020-03-26,0.702549575070822,NA,0.0327259913528779,0.0327259913528779,NA,NA,NA,NA
2020-03-27,0.597733711048159,NA,0.0266736066221616,0.0266736066221616,NA,NA,NA,NA
2020-03-28,0.526912181303116,NA,0.0227384902660936,0.0227384902660936,NA,NA,NA,NA
2020-03-29,0.475920679886686,NA,0.0199900732557523,0.0199900732557523,NA,NA,NA,NA
2020-03-30,0.427762039660057,NA,0.0174651753136267,0.0174651753136267,NA,NA,NA,NA
2020-03-31,0.481586402266289,NA,0.0202917485635793,0.0202917485635793,NA,NA,NA,NA
2020-04-01,0.560906515580737,NA,0.0246108947873832,0.0246108947873832,NA,NA,NA,NA
2020-04-02,0.490084985835694,NA,0.0207460297230523,0.0207460297230523,NA,NA,NA,NA
2020-04-03,0.447592067988669,NA,0.0184961571950843,0.0184961571950843,NA,NA,NA,NA
2020-04-04,0.422096317280453,NA,0.0171729087414955,0.0171729087414955,NA,NA,NA,NA
2020-04-05,0.402266288951841,NA,0.016158237631892,0.016158237631892,NA,NA,NA,NA
2020-04-06,0.385269121813031,NA,0.0152990123768583,0.0152990123768583,NA,NA,NA,NA
2020-04-07,0.371104815864023,NA,0.0145906274964095,0.0145906274964095,NA,NA,NA,NA
2020-04-08,0.373937677053824,NA,0.0147317390019346,0.0147317390019346,NA,NA,NA,NA
2020-04-09,0.365439093484419,NA,0.0143092637640905,0.0143092637640905,NA,NA,NA,NA
2020-04-10,0.348441926345609,NA,0.0134721657426733,0.0134721657426733,NA,NA,NA,NA
2020-04-11,0.342776203966006,NA,0.0131955098693571,0.0131955098693571,NA,NA,NA,NA
2020-04-12,0.359773371104816,NA,0.0140290566007436,0.0140290566007436,NA,NA,NA,NA
2020-04-13,6.51558073654391,NA,0.548460082572763,0.548460082572763,NA,NA,NA,NA
2020-04-14,1.41359773371105,NA,0.0792888297260417,0.0792888297260417,NA,NA,NA,NA
2020-04-15,1.04815864022663,NA,0.0543003955205456,0.0543003955205456,NA,NA,NA,NA
2020-04-16,0.864022662889518,NA,0.0425217286479695,0.0425217286479695,NA,NA,NA,NA
2020-04-17,0.767705382436261,NA,0.0366136804551245,0.0366136804551245,NA,NA,NA,NA
2020-04-18,0.708215297450425,NA,0.0330603831509048,0.0330603831509048,NA,NA,NA,NA
2020-04-19,0.620396600566572,NA,0.0279599935126623,0.0279599935126623,NA,NA,NA,NA
2020-04-20,0.606232294617564,NA,0.027154509727377,0.027154509727377,NA,NA,NA,NA
2020-04-21,0.543909348441926,NA,0.0236708057400143,0.0236708057400143,NA,NA,NA,NA
2020-04-22,0.487252124645892,NA,0.0205943682597061,0.0205943682597061,NA,NA,NA,NA
2020-04-23,0.484419263456091,NA,0.0204429408717393,0.0204429408717393,NA,NA,NA,NA
2020-04-24,0.507082152974504,NA,0.0216608590882054,0.0216608590882054,NA,NA,NA,NA
2020-04-25,0.481586402266289,NA,0.0202917485635793,0.0202917485635793,NA,NA,NA,NA
2020-04-26,0.736543909348442,NA,0.0347429319388115,0.0347429319388115,NA,NA,NA,NA
2020-04-27,0.586402266288952,NA,0.0260352262205337,0.0260352262205337,NA,NA,NA,NA
2020-04-28,0.529745042492918,NA,0.0228933286888019,0.0228933286888019,NA,NA,NA,NA
2020-04-29,0.509915014164306,NA,0.0218141317821799,0.0218141317821799,NA,NA,NA,NA
2020-04-30,3.22946175637394,NA,0.225600355703894,0.225600355703894,NA,NA,NA,NA
2020-05-01,1.25212464589235,NA,0.0680046648678355,0.0680046648678355,NA,NA,NA,NA
2020-05-02,0.980169971671388,NA,0.0498815073511632,0.0498815073511632,NA,NA,NA,NA
2020-05-03,0.847025495750708,NA,0.0414657847318263,0.0414657847318263,NA,NA,NA,NA
2020-05-04,0.776203966005666,NA,0.0371274308949615,0.0371274308949615,NA,NA,NA,NA
2020-05-05,0.71671388101983,NA,0.0335633035450165,0.0335633035450165,NA,NA,NA,NA
2020-05-06,0.654390934844193,NA,0.0299129974069048,0.0299129974069048,NA,NA,NA,NA
2020-05-07,0.575070821529745,NA,0.0254001148605828,0.0254001148605828,NA,NA,NA,NA
2020-05-08,0.535410764872521,NA,0.0232036650795848,0.0232036650795848,NA,NA,NA,NA
2020-05-09,0.509915014164306,NA,0.0218141317821799,0.0218141317821799,NA,NA,NA,NA
2020-05-10,0.484419263456091,NA,0.0204429408717393,0.0204429408717393,NA,NA,NA,NA
2020-05-11,0.461756373937677,NA,0.0192400712057212,0.0192400712057212,NA,NA,NA,NA
2020-05-12,0.439093484419263,NA,0.0180527893510818,0.0180527893510818,NA,NA,NA,NA
2020-05-13,0.427762039660057,NA,0.0174651753136267,0.0174651753136267,NA,NA,NA,NA
2020-05-14,0.41643059490085,NA,0.0168816825738566,0.0168816825738566,NA,NA,NA,NA
2020-05-15,0.405099150141643,NA,0.0163023932055906,0.0163023932055906,NA,NA,NA,NA
2020-05-16,0.390934844192635,NA,0.0155843239691493,0.0155843239691493,NA,NA,NA,NA
2020-05-17,0.379603399433428,NA,0.0150148133309767,0.0150148133309767,NA,NA,NA,NA
2020-05-18,0.368271954674221,NA,0.0144498018793684,0.0144498018793684,NA,NA,NA,NA
2020-05-19,3.37110481586402,NA,0.238196039235377,0.238196039235377,NA,NA,NA,NA
2020-05-20,10.9915014164306,NA,1.06312310824532,1.06312310824532,NA,NA,NA,NA
2020-05-21,19.8016997167139,NA,2.23947533057358,2.23947533057358,NA,NA,NA,NA
2020-05-22,9.29178470254958,NA,0.859494240333753,0.859494240333753,NA,NA,NA,NA
2020-05-23,3.25779036827196,NA,0.228107965841111,0.228107965841111,NA,NA,NA,NA
2020-05-24,2.26628895184136,NA,0.144098995096119,0.144098995096119,NA,NA,NA,NA
2020-05-25,1.80736543909348,NA,0.108214250763375,0.108214250763375,NA,NA,NA,NA
2020-05-26,1.46742209631728,NA,0.0831290531739949,0.0831290531739949,NA,NA,NA,NA
2020-05-27,1.30878186968839,NA,0.0719224555236162,0.0719224555236162,NA,NA,NA,NA
2020-05-28,1.6600566572238,NA,0.0971744411482756,0.0971744411482756,NA,NA,NA,NA
2020-05-29,1.23229461756374,NA,0.0666444211740338,0.0666444211740338,NA,NA,NA,NA
2020-05-30,1.05382436260623,NA,0.0546721558054158,0.0546721558054158,NA,NA,NA,NA
2020-05-31,0.943342776203966,NA,0.0475213882483461,0.0475213882483461,NA,NA,NA,NA
2020-06-01,0.86685552407932,NA,0.0426982594284957,0.0426982594284957,NA,NA,NA,NA
2020-06-02,0.807365439093484,NA,0.0390238967614428,0.0390238967614428,NA,NA,NA,NA
2020-06-03,0.747875354107649,NA,0.0354208182061885,0.0354208182061885,NA,NA,NA,NA
2020-06-04,0.722379603399434,NA,0.0338994662398446,0.0338994662398446,NA,NA,NA,NA
2020-06-05,0.813031161473088,NA,0.0393708253927826,0.0393708253927826,NA,NA,NA,NA
2020-06-06,0.73371104815864,NA,0.0345738911989129,0.0345738911989129,NA,NA,NA,NA
2020-06-07,0.668555240793201,NA,0.0307348212481167,0.0307348212481167,NA,NA,NA,NA
2020-06-08,0.597733711048159,NA,0.0266736066221616,0.0266736066221616,NA,NA,NA,NA
2020-06-09,0.572237960339943,NA,0.025241853302365,0.025241853302365,NA,NA,NA,NA
2020-06-10,0.903682719546742,NA,0.0450069811842293,0.0450069811842293,NA,NA,NA,NA
2020-06-11,0.643059490084986,NA,0.0292589277798876,0.0292589277798876,NA,NA,NA,NA
2020-06-12,0.543909348441926,NA,0.0236708057400143,0.0236708057400143,NA,NA,NA,NA
2020-06-13,0.524079320113314,NA,0.0225838728471477,0.0225838728471477,NA,NA,NA,NA
2020-06-14,0.920679886685552,NA,0.0460810686270381,0.0460810686270381,NA,NA,NA,NA
2020-06-15,1.84702549575071,NA,0.111228433549661,0.111228433549661,NA,NA,NA,NA
2020-06-16,1.44475920679887,NA,0.0815074738162736,0.0815074738162736,NA,NA,NA,NA
2020-06-17,15.3824362606232,NA,1.62678806855876,1.62678806855876,NA,NA,NA,NA
2020-06-18,3.54107648725212,NA,0.253497163897404,0.253497163897404,NA,NA,NA,NA
2020-06-19,2.91784702549575,NA,0.198410529484423,0.198410529484423,NA,NA,NA,NA
2020-06-20,1.94900849858357,NA,0.119057736168399,0.119057736168399,NA,NA,NA,NA
2020-06-21,1.42492917847025,NA,0.0800941213109473,0.0800941213109473,NA,NA,NA,NA
2020-06-22,1.1586402266289,NA,0.0616434514648363,0.0616434514648363,NA,NA,NA,NA
2020-06-23,1.09915014164306,NA,0.0576651947095494,0.0576651947095494,NA,NA,NA,NA
2020-06-24,0.946175637393768,NA,0.04770208002233,0.04770208002233,NA,NA,NA,NA
2020-06-25,0.790368271954674,NA,0.0379870014999096,0.0379870014999096,NA,NA,NA,NA
2020-06-26,0.73371104815864,NA,0.0345738911989129,0.0345738911989129,NA,NA,NA,NA
2020-06-27,0.691218130311615,NA,0.0320593590459877,0.0320593590459877,NA,NA,NA,NA
2020-06-28,0.662889518413598,NA,0.0304055309675493,0.0304055309675493,NA,NA,NA,NA
2020-06-29,0.623229461756374,NA,0.0281216810015214,0.0281216810015214,NA,NA,NA,NA
2020-06-30,0.575070821529745,NA,0.0254001148605828,0.0254001148605828,NA,NA,NA,NA
2020-07-01,0.526912181303116,NA,0.0227384902660936,0.0227384902660936,NA,NA,NA,NA
2020-07-02,0.484419263456091,NA,0.0204429408717393,0.0204429408717393,NA,NA,NA,NA
2020-07-03,0.45042492917847,NA,0.0186444462997154,0.0186444462997154,NA,NA,NA,NA
2020-07-04,0.419263456090652,NA,0.0170271649642874,0.0170271649642874,NA,NA,NA,NA
2020-07-05,0.402266288951841,NA,0.016158237631892,0.016158237631892,NA,NA,NA,NA
2020-07-06,0.388101983002833,NA,0.0154415298532368,0.0154415298532368,NA,NA,NA,NA
2020-07-07,0.368271954674221,NA,0.0144498018793684,0.0144498018793684,NA,NA,NA,NA
2020-07-08,0.356940509915014,NA,0.013889390889436,0.013889390889436,NA,NA,NA,NA
2020-07-09,0.345609065155807,NA,0.0133336871916834,0.0133336871916834,NA,NA,NA,NA
2020-07-10,0.337110481586402,NA,0.0129200662416434,0.0129200662416434,NA,NA,NA,NA
2020-07-11,0.334277620396601,NA,0.0127828036682468,0.0127828036682468,NA,NA,NA,NA
2020-07-12,0.322946175637394,NA,0.01223685981173,0.01223685981173,NA,NA,NA,NA
2020-07-13,0.337110481586402,NA,0.0129200662416434,0.0129200662416434,NA,NA,NA,NA
2020-07-14,0.314447592067989,NA,0.0118307195227432,0.0118307195227432,NA,NA,NA,NA
2020-07-15,0.303116147308782,NA,0.0112937297975607,0.0112937297975607,NA,NA,NA,NA
2020-07-16,0.294617563739377,NA,0.0108944626976302,0.0108944626976302,NA,NA,NA,NA
2020-07-17,0.288951841359773,NA,0.0106299742079913,0.0106299742079913,NA,NA,NA,NA
2020-07-18,0.28328611898017,NA,0.0103668599887087,0.0103668599887087,NA,NA,NA,NA
2020-07-19,0.275637393767705,NA,0.0100138714993319,0.0100138714993319,NA,NA,NA,NA
2020-07-20,0.260056657223796,NA,0.0093028996670333,0.0093028996670333,NA,NA,NA,NA
2020-07-21,0.256940509915014,NA,0.0091620373276127,0.0091620373276127,NA,NA,NA,NA
2020-07-22,0.260056657223796,NA,0.0093028996670333,0.0093028996670333,NA,NA,NA,NA
2020-07-23,0.286118980169972,NA,0.0104982440724815,0.0104982440724815,NA,NA,NA,NA
2020-07-24,0.294617563739377,NA,0.0108944626976302,0.0108944626976302,NA,NA,NA,NA
2020-07-25,0.303116147308782,NA,0.0112937297975607,0.0112937297975607,NA,NA,NA,NA
2020-07-26,0.273937677053824,NA,0.00993577988266063,0.00993577988266063,NA,NA,NA,NA
2020-07-27,0.259773371104816,NA,0.0092900753806454,0.0092900753806454,NA,NA,NA,NA
2020-07-28,0.230311614730878,NA,0.00797721968702838,0.00797721968702838,NA,NA,NA,NA
2020-07-29,0.198016997167139,NA,0.00658880556866564,0.00658880556866564,NA,NA,NA,NA
2020-07-30,0.238243626062323,NA,0.00832652511873762,0.00832652511873762,NA,NA,NA,NA
2020-07-31,0.291784702549575,NA,0.0107620479005747,0.0107620479005747,NA,NA,NA,NA
2020-08-01,0.253824362606232,NA,0.00902162812801444,0.00902162812801444,NA,NA,NA,NA
2020-08-02,0.23314447592068,NA,0.00810161050096093,0.00810161050096093,NA,NA,NA,NA
2020-08-03,0.393767705382436,NA,0.0157273932510882,0.0157273932510882,NA,NA,NA,NA
2020-08-04,0.273087818696884,NA,0.00989678227096724,0.00989678227096724,NA,NA,NA,NA
2020-08-05,0.305949008498584,NA,0.0114274852897839,0.0114274852897839,NA,NA,NA,NA
2020-08-06,0.373937677053824,NA,0.0147317390019346,0.0147317390019346,NA,NA,NA,NA
2020-08-07,0.303116147308782,NA,0.0112937297975607,0.0112937297975607,NA,NA,NA,NA
2020-08-08,0.258640226628895,NA,0.00923881541356433,0.00923881541356433,NA,NA,NA,NA
2020-08-09,0.245609065155807,NA,0.00865366097723195,0.00865366097723195,NA,NA,NA,NA
2020-08-10,0.225495750708215,NA,0.0077666886553181,0.0077666886553181,NA,NA,NA,NA
2020-08-11,0.213314447592068,NA,0.00723952972908573,0.00723952972908573,NA,NA,NA,NA
2020-08-12,0.236827195467422,NA,0.00826391931385199,0.00826391931385199,NA,NA,NA,NA
2020-08-13,0.223512747875354,NA,0.00768034457447441,0.00768034457447441,NA,NA,NA,NA
2020-08-14,0.275920679886686,NA,0.0100268992326904,0.0100268992326904,NA,NA,NA,NA
2020-08-15,0.422096317280453,NA,0.0171729087414955,0.0171729087414955,NA,NA,NA,NA
2020-08-16,0.458923512747875,NA,0.0190907969598366,0.0190907969598366,NA,NA,NA,NA
2020-08-17,0.339943342776204,NA,0.0130576356018403,0.0130576356018403,NA,NA,NA,NA
2020-08-18,0.281869688385269,NA,0.0103012985075892,0.0103012985075892,NA,NA,NA,NA
2020-08-19,0.251841359773371,NA,0.00893251461407821,0.00893251461407821,NA,NA,NA,NA
2020-08-20,0.231161473087819,NA,0.00801449448598217,0.00801449448598217,NA,NA,NA,NA
2020-08-21,0.229178470254958,NA,0.00792757678706367,0.00792757678706367,NA,NA,NA,NA
2020-08-22,0.246742209631728,NA,0.0087042232936531,0.0087042232936531,NA,NA,NA,NA
2020-08-23,0.273371104815864,NA,0.00990977789751147,0.00990977789751147,NA,NA,NA,NA
2020-08-24,0.245609065155807,NA,0.00865366097723195,0.00865366097723195,NA,NA,NA,NA
2020-08-25,0.221246458923513,NA,0.00758191461355075,0.00758191461355075,NA,NA,NA,NA
2020-08-26,0.205382436260623,NA,0.00690051122215593,0.00690051122215593,NA,NA,NA,NA
2020-08-27,0.196600566572238,NA,0.00652921104431579,0.00652921104431579,NA,NA,NA,NA
2020-08-28,0.191218130311615,NA,0.00630379634720867,0.00630379634720867,NA,NA,NA,NA
2020-08-29,0.193484419263456,NA,0.00639850507948367,0.00639850507948367,NA,NA,NA,NA
2020-08-30,0.191218130311615,NA,0.00630379634720867,0.00630379634720867,NA,NA,NA,NA
2020-08-31,0.30028328611898,NA,0.0111603059984556,0.0111603059984556,NA,NA,NA,NA
2020-09-01,0.337110481586402,NA,0.0129200662416434,0.0129200662416434,NA,NA,NA,NA
2020-09-02,0.286118980169972,NA,0.0104982440724815,0.0104982440724815,NA,NA,NA,NA
2020-09-03,0.247308781869688,NA,0.00872952761259786,0.00872952761259786,NA,NA,NA,NA
2020-09-04,0.218413597733711,NA,0.0074592535717718,0.0074592535717718,NA,NA,NA,NA
2020-09-05,0.201699716713881,NA,0.00674428037930572,0.00674428037930572,NA,NA,NA,NA
2020-09-06,0.191218130311615,NA,0.00630379634720867,0.00630379634720867,NA,NA,NA,NA
2020-09-07,0.191218130311615,NA,0.00630379634720867,0.00630379634720867,NA,NA,NA,NA
2020-09-08,0.188385269121813,NA,0.00618582944063997,0.00618582944063997,NA,NA,NA,NA
2020-09-09,0.18300283286119,NA,0.00596299249882391,0.00596299249882391,NA,NA,NA,NA
2020-09-10,0.18300283286119,NA,0.00596299249882391,0.00596299249882391,NA,NA,NA,NA
2020-09-11,0.180736543909348,NA,0.00586968319305691,0.00586968319305691,NA,NA,NA,NA
2020-09-12,0.175070821529745,NA,0.00563777395771638,0.00563777395771638,NA,NA,NA,NA
2020-09-13,0.175070821529745,NA,0.00563777395771638,0.00563777395771638,NA,NA,NA,NA
2020-09-14,0.168838526912181,NA,0.00538496906431299,0.00538496906431299,NA,NA,NA,NA
2020-09-15,0.16742209631728,NA,0.00532785512275269,0.00532785512275269,NA,NA,NA,NA
2020-09-16,0.16742209631728,NA,0.00532785512275269,0.00532785512275269,NA,NA,NA,NA
2020-09-17,0.226062322946176,NA,0.00779139554493712,0.00779139554493712,NA,NA,NA,NA
2020-09-18,0.239660056657224,NA,0.00838922988734968,0.00838922988734968,NA,NA,NA,NA
2020-09-19,0.198866855524079,NA,0.00662461673379624,0.00662461673379624,NA,NA,NA,NA
2020-09-20,0.190084985835694,NA,0.00625655347286173,0.00625655347286173,NA,NA,NA,NA
2020-09-21,0.180736543909348,NA,0.00586968319305691,0.00586968319305691,NA,NA,NA,NA
2020-09-22,0.175070821529745,NA,0.00563777395771638,0.00563777395771638,NA,NA,NA,NA
2020-09-23,0.172804532577904,NA,0.00554556358630359,0.00554556358630359,NA,NA,NA,NA
2020-09-24,0.169405099150142,NA,0.0054078503672804,0.0054078503672804,NA,NA,NA,NA
2020-09-25,0.379603399433428,NA,0.0150148133309767,0.0150148133309767,NA,NA,NA,NA
2020-09-26,0.419263456090652,NA,0.0170271649642874,0.0170271649642874,NA,NA,NA,NA
2020-09-27,0.31728045325779,NA,0.0119657795613456,0.0119657795613456,NA,NA,NA,NA
2020-09-28,0.279603399433428,NA,0.0101965822061402,0.0101965822061402,NA,NA,NA,NA
2020-09-29,0.43342776203966,NA,0.0177584721526165,0.0177584721526165,NA,NA,NA,NA
2020-09-30,0.487252124645892,NA,0.0205943682597061,0.0205943682597061,NA,NA,NA,NA
2020-10-01,0.376770538243626,NA,0.0148731348038832,0.0148731348038832,NA,NA,NA,NA
2020-10-02,0.322946175637394,NA,0.01223685981173,0.01223685981173,NA,NA,NA,NA
2020-10-03,0.294617563739377,NA,0.0108944626976302,0.0108944626976302,NA,NA,NA,NA
2020-10-04,0.275354107648725,NA,0.0100008473226058,0.0100008473226058,NA,NA,NA,NA
2020-10-05,0.263456090651558,NA,0.0094570797870388,0.0094570797870388,NA,NA,NA,NA
2020-10-06,0.263456090651558,NA,0.0094570797870388,0.0094570797870388,NA,NA,NA,NA
2020-10-07,0.259773371104816,NA,0.0092900753806454,0.0092900753806454,NA,NA,NA,NA
2020-10-08,0.254390934844193,NA,0.00904712318606983,0.00904712318606983,NA,NA,NA,NA
2020-10-09,0.253824362606232,NA,0.00902162812801444,0.00902162812801444,NA,NA,NA,NA
2020-10-10,0.286118980169972,NA,0.0104982440724815,0.0104982440724815,NA,NA,NA,NA
2020-10-11,0.563739376770538,NA,0.024768319726346,0.024768319726346,NA,NA,NA,NA
2020-10-12,0.739376770538244,NA,0.0349121454943519,0.0349121454943519,NA,NA,NA,NA
2020-10-13,0.560906515580737,NA,0.0246108947873832,0.0246108947873832,NA,NA,NA,NA
2020-10-14,0.478753541076487,NA,0.0201407923498931,0.0201407923498931,NA,NA,NA,NA
2020-10-15,0.427762039660057,NA,0.0174651753136267,0.0174651753136267,NA,NA,NA,NA
2020-10-16,0.396600566572238,NA,0.0158707362439498,0.0158707362439498,NA,NA,NA,NA
2020-10-17,0.371104815864023,NA,0.0145906274964095,0.0145906274964095,NA,NA,NA,NA
2020-10-18,0.359773371104816,NA,0.0140290566007436,0.0140290566007436,NA,NA,NA,NA
2020-10-19,0.351274787535411,NA,0.0136109437219588,0.0136109437219588,NA,NA,NA,NA
2020-10-20,0.348441926345609,NA,0.0134721657426733,0.0134721657426733,NA,NA,NA,NA
2020-10-21,0.337110481586402,NA,0.0129200662416434,0.0129200662416434,NA,NA,NA,NA
2020-10-22,0.337110481586402,NA,0.0129200662416434,0.0129200662416434,NA,NA,NA,NA
2020-10-23,0.337110481586402,NA,0.0129200662416434,0.0129200662416434,NA,NA,NA,NA
2020-10-24,0.342776203966006,NA,0.0131955098693571,0.0131955098693571,NA,NA,NA,NA
2020-10-25,0.504249291784703,NA,0.0215078137121392,0.0215078137121392,NA,NA,NA,NA
2020-10-26,0.456090651558074,NA,0.0189417673150393,0.0189417673150393,NA,NA,NA,NA
2020-10-27,0.419263456090652,NA,0.0170271649642874,0.0170271649642874,NA,NA,NA,NA
2020-10-28,0.407932011331445,NA,0.0164468168467745,0.0164468168467745,NA,NA,NA,NA
2020-10-29,3.1728045325779,NA,0.220602684581406,0.220602684581406,NA,NA,NA,NA
2020-10-30,1.03116147308782,NA,0.0531883241157822,0.0531883241157822,NA,NA,NA,NA
2020-10-31,0.708215297450425,NA,0.0330603831509048,0.0330603831509048,NA,NA,NA,NA
2020-11-01,0.677053824362606,NA,0.0312301468957189,0.0312301468957189,NA,NA,NA,NA
2020-11-02,0.614730878186969,NA,0.0276372072711181,0.0276372072711181,NA,NA,NA,NA
2020-11-03,0.538243626062323,NA,0.0233591613346271,0.0233591613346271,NA,NA,NA,NA
2020-11-04,0.464589235127479,NA,0.0193895889498299,0.0193895889498299,NA,NA,NA,NA
2020-11-05,0.43342776203966,NA,0.0177584721526165,0.0177584721526165,NA,NA,NA,NA
2020-11-06,0.402266288951841,NA,0.016158237631892,0.016158237631892,NA,NA,NA,NA
2020-11-07,0.385269121813031,NA,0.0152990123768583,0.0152990123768583,NA,NA,NA,NA
2020-11-08,0.371104815864023,NA,0.0145906274964095,0.0145906274964095,NA,NA,NA,NA
2020-11-09,0.354107648725212,NA,0.0137500193543805,0.0137500193543805,NA,NA,NA,NA
2020-11-10,0.348441926345609,NA,0.0134721657426733,0.0134721657426733,NA,NA,NA,NA
2020-11-11,3.71104815864023,NA,0.268994726079782,0.268994726079782,NA,NA,NA,NA
2020-11-12,7.64872521246459,NA,0.671863604587489,0.671863604587489,NA,NA,NA,NA
2020-11-13,1.97167138810198,NA,0.120812618407265,0.120812618407265,NA,NA,NA,NA
2020-11-14,1.22946175637394,NA,0.0664505727632338,0.0664505727632338,NA,NA,NA,NA
2020-11-15,0.991501416430595,NA,0.0506124922766787,0.0506124922766787,NA,NA,NA,NA
2020-11-16,0.855524079320113,NA,0.0419930599939318,0.0419930599939318,NA,NA,NA,NA
2020-11-17,0.779036827195468,NA,0.0372990142116116,0.0372990142116116,NA,NA,NA,NA
2020-11-18,0.711048158640227,NA,0.0332278461099846,0.0332278461099846,NA,NA,NA,NA
2020-11-19,0.671388101983003,NA,0.0308997450090137,0.0308997450090137,NA,NA,NA,NA
2020-11-20,0.609065155807366,NA,0.0273152104369715,0.0273152104369715,NA,NA,NA,NA
2020-11-21,0.558073654390935,NA,0.0244536809350843,0.0244536809350843,NA,NA,NA,NA
2020-11-22,0.524079320113314,NA,0.0225838728471477,0.0225838728471477,NA,NA,NA,NA
2020-11-23,0.490084985835694,NA,0.0207460297230523,0.0207460297230523,NA,NA,NA,NA
2020-11-24,0.461756373937677,NA,0.0192400712057212,0.0192400712057212,NA,NA,NA,NA
2020-11-25,0.444759206798867,NA,0.0183481172237514,0.0183481172237514,NA,NA,NA,NA
2020-11-26,0.427762039660057,NA,0.0174651753136267,0.0174651753136267,NA,NA,NA,NA
2020-11-27,0.410764872521246,NA,0.0165915071871454,0.0165915071871454,NA,NA,NA,NA
2020-11-28,0.393767705382436,NA,0.0157273932510882,0.0157273932510882,NA,NA,NA,NA
2020-11-29,0.385269121813031,NA,0.0152990123768583,0.0152990123768583,NA,NA,NA,NA
2020-11-30,0.818696883852691,NA,0.0397183969124685,0.0397183969124685,NA,NA,NA,NA
2020-12-01,0.651558073654391,NA,0.0297491957485282,0.0297491957485282,NA,NA,NA,NA
2020-12-02,0.560906515580737,NA,0.0246108947873832,0.0246108947873832,NA,NA,NA,NA
2020-12-03,0.509915014164306,NA,0.0218141317821799,0.0218141317821799,NA,NA,NA,NA
2020-12-04,0.643059490084986,NA,0.0292589277798876,0.0292589277798876,NA,NA,NA,NA
2020-12-05,1.60339943342776,NA,0.0929959963038638,0.0929959963038638,NA,NA,NA,NA
2020-12-06,0.915014164305949,NA,0.0457224491287236,0.0457224491287236,NA,NA,NA,NA
2020-12-07,0.798866855524079,NA,0.0385047164815418,0.0385047164815418,NA,NA,NA,NA
2020-12-08,0.694050991501416,NA,0.0322257468754093,0.0322257468754093,NA,NA,NA,NA
2020-12-09,0.617563739376771,NA,0.027798502049224,0.027798502049224,NA,NA,NA,NA
2020-12-10,0.558073654390935,NA,0.0244536809350843,0.0244536809350843,NA,NA,NA,NA
2020-12-11,0.512747875354108,NA,0.0219676308659993,0.0219676308659993,NA,NA,NA,NA
2020-12-12,0.478753541076487,NA,0.0201407923498931,0.0201407923498931,NA,NA,NA,NA
2020-12-13,0.456090651558074,NA,0.0189417673150393,0.0189417673150393,NA,NA,NA,NA
2020-12-14,0.943342776203966,NA,0.0475213882483461,0.0475213882483461,NA,NA,NA,NA
2020-12-15,0.818696883852691,NA,0.0397183969124685,0.0397183969124685,NA,NA,NA,NA
2020-12-16,0.872521246458924,NA,0.0430517806160928,0.0430517806160928,NA,NA,NA,NA
2020-12-17,0.923512747875354,NA,0.0462605985866623,0.0462605985866623,NA,NA,NA,NA
2020-12-18,0.824362606232295,NA,0.0400666080503678,0.0400666080503678,NA,NA,NA,NA
2020-12-19,0.742209631728045,NA,0.035081531379063,0.035081531379063,NA,NA,NA,NA
2020-12-20,0.68271954674221,NA,0.0315612841492627,0.0315612841492627,NA,NA,NA,NA
2020-12-21,0.634560906515581,NA,0.028770378193782,0.028770378193782,NA,NA,NA,NA
2020-12-22,0.594900849858357,NA,0.0265137075702239,0.0265137075702239,NA,NA,NA,NA
2020-12-23,0.56657223796034,NA,0.0249259549725148,0.0249259549725148,NA,NA,NA,NA
2020-12-24,0.654390934844193,NA,0.0299129974069048,0.0299129974069048,NA,NA,NA,NA
2020-12-25,0.985835694050991,NA,0.0502467207887702,0.0502467207887702,NA,NA,NA,NA
2020-12-26,0.767705382436261,NA,0.0366136804551245,0.0366136804551245,NA,NA,NA,NA
2020-12-27,0.685552407932011,NA,0.03172712713408,0.03172712713408,NA,NA,NA,NA
2020-12-28,0.631728045325779,NA,0.0286079130992053,0.0286079130992053,NA,NA,NA,NA
2020-12-29,0.58356940509915,NA,0.0258761400919804,0.0258761400919804,NA,NA,NA,NA
2020-12-30,0.555240793201133,NA,0.0242966789557648,0.0242966789557648,NA,NA,NA,NA
2020-12-31,0.535410764872521,NA,0.0232036650795848,0.0232036650795848,NA,NA,NA,NA
2021-01-01,0.691218130311615,NA,0.0320593590459877,0.0320593590459877,NA,NA,NA,NA
2021-01-02,0.957507082152975,NA,0.0484262818028795,0.0484262818028795,NA,NA,NA,NA
2021-01-03,0.824362606232295,NA,0.0400666080503678,0.0400666080503678,NA,NA,NA,NA
2021-01-04,0.745042492917847,NA,0.0352510891096955,0.0352510891096955,NA,NA,NA,NA
2021-01-05,0.685552407932011,NA,0.03172712713408,0.03172712713408,NA,NA,NA,NA
2021-01-06,0.631728045325779,NA,0.0286079130992053,0.0286079130992053,NA,NA,NA,NA
2021-01-07,0.594900849858357,NA,0.0265137075702239,0.0265137075702239,NA,NA,NA,NA
2021-01-08,0.563739376770538,NA,0.024768319726346,0.024768319726346,NA,NA,NA,NA
2021-01-09,0.53257790368272,NA,0.023048387246788,0.023048387246788,NA,NA,NA,NA
2021-01-10,0.504249291784703,NA,0.0215078137121392,0.0215078137121392,NA,NA,NA,NA
2021-01-11,0.478753541076487,NA,0.0201407923498931,0.0201407923498931,NA,NA,NA,NA
2021-01-12,0.461756373937677,NA,0.0192400712057212,0.0192400712057212,NA,NA,NA,NA
2021-01-13,0.447592067988669,NA,0.0184961571950843,0.0184961571950843,NA,NA,NA,NA
2021-01-14,0.43342776203966,NA,0.0177584721526165,0.0177584721526165,NA,NA,NA,NA
2021-01-15,0.43342776203966,NA,0.0177584721526165,0.0177584721526165,NA,NA,NA,NA
2021-01-16,0.436260623229462,NA,0.0179055038173573,0.0179055038173573,NA,NA,NA,NA
2021-01-17,0.41643059490085,NA,0.0168816825738566,0.0168816825738566,NA,NA,NA,NA
2021-01-18,0.396600566572238,NA,0.0158707362439498,0.0158707362439498,NA,NA,NA,NA
2021-01-19,0.385269121813031,NA,0.0152990123768583,0.0152990123768583,NA,NA,NA,NA
2021-01-20,0.371104815864023,NA,0.0145906274964095,0.0145906274964095,NA,NA,NA,NA
2021-01-21,0.371104815864023,NA,0.0145906274964095,0.0145906274964095,NA,NA,NA,NA
2021-01-22,0.356940509915014,NA,0.013889390889436,0.013889390889436,NA,NA,NA,NA
2021-01-23,0.348441926345609,NA,0.0134721657426733,0.0134721657426733,NA,NA,NA,NA
2021-01-24,0.348441926345609,NA,0.0134721657426733,0.0134721657426733,NA,NA,NA,NA
2021-01-25,0.475920679886686,NA,0.0199900732557523,0.0199900732557523,NA,NA,NA,NA
2021-01-26,2.44475920679887,NA,0.158608999428511,0.158608999428511,NA,NA,NA,NA
2021-01-27,1.01699716713881,NA,0.0522653075482401,0.0522653075482401,NA,NA,NA,NA
2021-01-28,0.892351274787536,NA,0.0442938927541776,0.0442938927541776,NA,NA,NA,NA
2021-01-29,0.767705382436261,NA,0.0366136804551245,0.0366136804551245,NA,NA,NA,NA
2021-01-30,0.708215297450425,NA,0.0330603831509048,0.0330603831509048,NA,NA,NA,NA
2021-01-31,0.68271954674221,NA,0.0315612841492627,0.0315612841492627,NA,NA,NA,NA
2021-02-01,0.626062322946176,NA,0.0282835638610954,0.0282835638610954,NA,NA,NA,NA
2021-02-02,0.577903682719547,NA,0.0255585836748999,0.0255585836748999,NA,NA,NA,NA
2021-02-03,0.538243626062323,NA,0.0233591613346271,0.0233591613346271,NA,NA,NA,NA
2021-02-04,0.507082152974504,NA,0.0216608590882054,0.0216608590882054,NA,NA,NA,NA
2021-02-05,0.543909348441926,NA,0.0236708057400143,0.0236708057400143,NA,NA,NA,NA
2021-02-06,0.54957507082153,NA,0.0239833137961901,0.0239833137961901,NA,NA,NA,NA
2021-02-07,0.620396600566572,NA,0.0279599935126623,0.0279599935126623,NA,NA,NA,NA
2021-02-08,0.628895184135977,NA,0.0284456414418191,0.0284456414418191,NA,NA,NA,NA
2021-02-09,0.586402266288952,NA,0.0260352262205337,0.0260352262205337,NA,NA,NA,NA
2021-02-10,0.569405099150142,NA,0.0250837997531953,0.0250837997531953,NA,NA,NA,NA
2021-02-11,0.60056657223796,NA,0.0268337071302186,0.0268337071302186,NA,NA,NA,NA
2021-02-12,0.747875354107649,NA,0.0354208182061885,0.0354208182061885,NA,NA,NA,NA
2021-02-13,1.09065155807365,NA,0.057101457659944,0.057101457659944,NA,NA,NA,NA
2021-02-14,1.22096317280453,NA,0.0658697400957638,0.0658697400957638,NA,NA,NA,NA
2021-02-15,1.40793201133144,NA,0.0788868257350444,0.0788868257350444,NA,NA,NA,NA
2021-02-16,2.10481586402266,NA,0.131229497797141,0.131229497797141,NA,NA,NA,NA
2021-02-17,1.30311614730878,NA,0.0715286127625907,0.0715286127625907,NA,NA,NA,NA
2021-02-18,1.48725212464589,NA,0.084553406911771,0.084553406911771,NA,NA,NA,NA
2021-02-19,1.6600566572238,NA,0.0971744411482756,0.0971744411482756,NA,NA,NA,NA
2021-02-20,1.40226628895184,NA,0.078485251295348,0.078485251295348,NA,NA,NA,NA
2021-02-21,1.15014164305949,NA,0.0610717343536198,0.0610717343536198,NA,NA,NA,NA
2021-02-22,1.18413597733711,NA,0.0633652701233479,0.0633652701233479,NA,NA,NA,NA
2021-02-23,1.07365439093484,NA,0.0559774877544001,0.0559774877544001,NA,NA,NA,NA
2021-02-24,0.997167138810198,NA,0.0509788194714093,0.0509788194714093,NA,NA,NA,NA
2021-02-25,0.932011331444759,NA,0.0468000653457115,0.0468000653457115,NA,NA,NA,NA
2021-02-26,0.892351274787536,NA,0.0442938927541776,0.0442938927541776,NA,NA,NA,NA
2021-02-27,1.1699716713881,NA,0.0624074746488424,0.0624074746488424,NA,NA,NA,NA
2021-02-28,2.58923512747875,NA,0.170564171113265,0.170564171113265,NA,NA,NA,NA
2021-03-01,1.8328611898017,NA,0.110149945884933,0.110149945884933,NA,NA,NA,NA
2021-03-02,1.35694050991501,NA,0.0752882743868735,0.0752882743868735,NA,NA,NA,NA
2021-03-03,1.15580736543909,NA,0.0614527548877564,0.0614527548877564,NA,NA,NA,NA
2021-03-04,1.01983002832861,NA,0.0524496392503942,0.0524496392503942,NA,NA,NA,NA
2021-03-05,0.915014164305949,NA,0.0457224491287236,0.0457224491287236,NA,NA,NA,NA
2021-03-06,0.841359773371105,NA,0.0411150470529042,0.0411150470529042,NA,NA,NA,NA
2021-03-07,0.790368271954674,NA,0.0379870014999096,0.0379870014999096,NA,NA,NA,NA
2021-03-08,0.728045325779037,NA,0.0342363301282399,0.0342363301282399,NA,NA,NA,NA
2021-03-09,0.677053824362606,NA,0.0312301468957189,0.0312301468957189,NA,NA,NA,NA
2021-03-10,0.637393767705382,NA,0.0289330360910315,0.0289330360910315,NA,NA,NA,NA
2021-03-11,0.60056657223796,NA,0.0268337071302186,0.0268337071302186,NA,NA,NA,NA
2021-03-12,0.577903682719547,NA,0.0255585836748999,0.0255585836748999,NA,NA,NA,NA
2021-03-13,0.560906515580737,NA,0.0246108947873832,0.0246108947873832,NA,NA,NA,NA
2021-03-14,0.541076487252125,NA,0.0235148751671373,0.0235148751671373,NA,NA,NA,NA
2021-03-15,0.524079320113314,NA,0.0225838728471477,0.0225838728471477,NA,NA,NA,NA
2021-03-16,0.512747875354108,NA,0.0219676308659993,0.0219676308659993,NA,NA,NA,NA
2021-03-17,0.495750708215297,NA,0.0210500509084003,0.0210500509084003,NA,NA,NA,NA
2021-03-18,0.512747875354108,NA,0.0219676308659993,0.0219676308659993,NA,NA,NA,NA
2021-03-19,0.552407932011332,NA,0.0241398896426936,0.0241398896426936,NA,NA,NA,NA
2021-03-20,0.495750708215297,NA,0.0210500509084003,0.0210500509084003,NA,NA,NA,NA
2021-03-21,0.475920679886686,NA,0.0199900732557523,0.0199900732557523,NA,NA,NA,NA
2021-03-22,0.456090651558074,NA,0.0189417673150393,0.0189417673150393,NA,NA,NA,NA
2021-03-23,0.444759206798867,NA,0.0183481172237514,0.0183481172237514,NA,NA,NA,NA
2021-03-24,0.444759206798867,NA,0.0183481172237514,0.0183481172237514,NA,NA,NA,NA
2021-03-25,0.456090651558074,NA,0.0189417673150393,0.0189417673150393,NA,NA,NA,NA
2021-03-26,0.620396600566572,NA,0.0279599935126623,0.0279599935126623,NA,NA,NA,NA
2021-03-27,0.575070821529745,NA,0.0254001148605828,0.0254001148605828,NA,NA,NA,NA
2021-03-28,0.804532577903683,NA,0.0388506745616712,0.0388506745616712,NA,NA,NA,NA
2021-03-29,0.762039660056657,NA,0.0362720175934913,0.0362720175934913,NA,NA,NA,NA
2021-03-30,0.660056657223796,NA,0.0302411656111647,0.0302411656111647,NA,NA,NA,NA
2021-03-31,0.756373937677054,NA,0.0359310289373564,0.0359310289373564,NA,NA,NA,NA
2021-04-01,0.711048158640227,NA,0.0332278461099846,0.0332278461099846,NA,NA,NA,NA
2021-04-02,0.628895184135977,NA,0.0284456414418191,0.0284456414418191,NA,NA,NA,NA
2021-04-03,0.577903682719547,NA,0.0255585836748999,0.0255585836748999,NA,NA,NA,NA
2021-04-04,0.546742209631728,NA,0.0238269522237235,0.0238269522237235,NA,NA,NA,NA
2021-04-05,0.518413597733711,NA,0.022275304535283,0.022275304535283,NA,NA,NA,NA
2021-04-06,0.490084985835694,NA,0.0207460297230523,0.0207460297230523,NA,NA,NA,NA
2021-04-07,0.46742209631728,NA,0.0195393491009724,0.0195393491009724,NA,NA,NA,NA
2021-04-08,0.447592067988669,NA,0.0184961571950843,0.0184961571950843,NA,NA,NA,NA
2021-04-09,0.436260623229462,NA,0.0179055038173573,0.0179055038173573,NA,NA,NA,NA
2021-04-10,0.968838526912181,NA,0.0491527641185231,0.0491527641185231,NA,NA,NA,NA
2021-04-11,1.92067988668555,NA,0.11687175070326,0.11687175070326,NA,NA,NA,NA
2021-04-12,0.991501416430595,NA,0.0506124922766787,0.0506124922766787,NA,NA,NA,NA
2021-04-13,0.793201133144476,NA,0.0381594096407415,0.0381594096407415,NA,NA,NA,NA
2021-04-14,0.694050991501416,NA,0.0322257468754093,0.0322257468754093,NA,NA,NA,NA
2021-04-15,0.634560906515581,NA,0.028770378193782,0.028770378193782,NA,NA,NA,NA
2021-04-16,0.569405099150142,NA,0.0250837997531953,0.0250837997531953,NA,NA,NA,NA
2021-04-17,0.526912181303116,NA,0.0227384902660936,0.0227384902660936,NA,NA,NA,NA
2021-04-18,0.495750708215297,NA,0.0210500509084003,0.0210500509084003,NA,NA,NA,NA
2021-04-19,0.481586402266289,NA,0.0202917485635793,0.0202917485635793,NA,NA,NA,NA
2021-04-20,0.45042492917847,NA,0.0186444462997154,0.0186444462997154,NA,NA,NA,NA
2021-04-21,0.43342776203966,NA,0.0177584721526165,0.0177584721526165,NA,NA,NA,NA
2021-04-22,0.419263456090652,NA,0.0170271649642874,0.0170271649642874,NA,NA,NA,NA
2021-04-23,0.407932011331445,NA,0.0164468168467745,0.0164468168467745,NA,NA,NA,NA
2021-04-24,0.436260623229462,NA,0.0179055038173573,0.0179055038173573,NA,NA,NA,NA
2021-04-25,0.473087818696884,NA,0.0198395923168027,0.0198395923168027,NA,NA,NA,NA
2021-04-26,0.410764872521246,NA,0.0165915071871454,0.0165915071871454,NA,NA,NA,NA
2021-04-27,0.396600566572238,NA,0.0158707362439498,0.0158707362439498,NA,NA,NA,NA
2021-04-28,0.388101983002833,NA,0.0154415298532368,0.0154415298532368,NA,NA,NA,NA
2021-04-29,0.371104815864023,NA,0.0145906274964095,0.0145906274964095,NA,NA,NA,NA
2021-04-30,0.348441926345609,NA,0.0134721657426733,0.0134721657426733,NA,NA,NA,NA
2021-05-01,0.334277620396601,NA,0.0127828036682468,0.0127828036682468,NA,NA,NA,NA
2021-05-02,0.325779036827196,NA,0.0123728758814558,0.0123728758814558,NA,NA,NA,NA
2021-05-03,0.331444759206799,NA,0.0126458497887245,0.0126458497887245,NA,NA,NA,NA
2021-05-04,0.325779036827196,NA,0.0123728758814558,0.0123728758814558,NA,NA,NA,NA
2021-05-05,0.311614730878187,NA,0.0116959823569998,0.0116959823569998,NA,NA,NA,NA
2021-05-06,0.305949008498584,NA,0.0114274852897839,0.0114274852897839,NA,NA,NA,NA
2021-05-07,0.30028328611898,NA,0.0111603059984556,0.0111603059984556,NA,NA,NA,NA
2021-05-08,0.291784702549575,NA,0.0107620479005747,0.0107620479005747,NA,NA,NA,NA
2021-05-09,0.28328611898017,NA,0.0103668599887087,0.0103668599887087,NA,NA,NA,NA
2021-05-10,0.279603399433428,NA,0.0101965822061402,0.0101965822061402,NA,NA,NA,NA
2021-05-11,0.270821529745043,NA,0.00979294640406683,0.00979294640406683,NA,NA,NA,NA
2021-05-12,0.263456090651558,NA,0.0094570797870388,0.0094570797870388,NA,NA,NA,NA
2021-05-13,0.259206798866856,NA,0.00926443795544695,0.00926443795544695,NA,NA,NA,NA
2021-05-14,0.25014164305949,NA,0.0088562797789727,0.0088562797789727,NA,NA,NA,NA
2021-05-15,0.240509915014164,NA,0.00842690007210638,0.00842690007210638,NA,NA,NA,NA
2021-05-16,0.234844192634561,NA,0.00817643827384308,0.00817643827384308,NA,NA,NA,NA
2021-05-17,0.234844192634561,NA,0.00817643827384308,0.00817643827384308,NA,NA,NA,NA
2021-05-18,0.234844192634561,NA,0.00817643827384308,0.00817643827384308,NA,NA,NA,NA
2021-05-19,0.231444759206799,NA,0.00802692751830189,0.00802692751830189,NA,NA,NA,NA
2021-05-20,0.222096317280453,NA,0.00761879460910381,0.00761879460910381,NA,NA,NA,NA
2021-05-21,0.213597733711048,NA,0.00725170033995225,0.00725170033995225,NA,NA,NA,NA
2021-05-22,0.208215297450425,NA,0.00702119697359538,0.00702119697359538,NA,NA,NA,NA
2021-05-23,0.205665722379603,NA,0.0069125600060076,0.0069125600060076,NA,NA,NA,NA
2021-05-24,0.19943342776204,NA,0.00664851345235448,0.00664851345235448,NA,NA,NA,NA
2021-05-25,0.19943342776204,NA,0.00664851345235448,0.00664851345235448,NA,NA,NA,NA
2021-05-26,0.196317280453258,NA,0.00651730579516193,0.00651730579516193,NA,NA,NA,NA
2021-05-27,0.188101983002833,NA,0.00617405853386307,0.00617405853386307,NA,NA,NA,NA
2021-05-28,0.18413597733711,NA,0.00600976263951258,0.00600976263951258,NA,NA,NA,NA
2021-05-29,0.196600566572238,NA,0.00652921104431579,0.00652921104431579,NA,NA,NA,NA
2021-05-30,0.227195467422096,NA,0.00784085866287144,0.00784085866287144,NA,NA,NA,NA
2021-05-31,0.201699716713881,NA,0.00674428037930572,0.00674428037930572,NA,NA,NA,NA
2021-06-01,0.190084985835694,NA,0.00625655347286173,0.00625655347286173,NA,NA,NA,NA
2021-06-02,0.187252124645892,NA,0.00613877408635985,0.00613877408635985,NA,NA,NA,NA
2021-06-03,0.18300283286119,NA,0.00596299249882391,0.00596299249882391,NA,NA,NA,NA
2021-06-04,0.181303116147309,NA,0.00589298153757526,0.00589298153757526,NA,NA,NA,NA
2021-06-05,0.173087818696884,NA,0.00555707240623285,0.00555707240623285,NA,NA,NA,NA
2021-06-06,0.16742209631728,NA,0.00532785512275269,0.00532785512275269,NA,NA,NA,NA
2021-06-07,0.1671388101983,NA,0.00531644769630654,0.00531644769630654,NA,NA,NA,NA
2021-06-08,0.160056657223796,NA,0.00503294799425188,0.00503294799425188,NA,NA,NA,NA
2021-06-09,0.174220963172805,NA,0.00560315767853134,0.00560315767853134,NA,NA,NA,NA
2021-06-10,0.209631728045326,NA,0.00708170400628807,0.00708170400628807,NA,NA,NA,NA
2021-06-11,0.229461756373938,NA,0.00793998141189474,0.00793998141189474,NA,NA,NA,NA
2021-06-12,0.291784702549575,NA,0.0107620479005747,0.0107620479005747,NA,NA,NA,NA
2021-06-13,0.379603399433428,NA,0.0150148133309767,0.0150148133309767,NA,NA,NA,NA
2021-06-14,0.345609065155807,NA,0.0133336871916834,0.0133336871916834,NA,NA,NA,NA
2021-06-15,0.235410764872521,NA,0.00820141290699429,0.00820141290699429,NA,NA,NA,NA
2021-06-16,0.195750708215297,NA,0.00649350899113226,0.00649350899113226,NA,NA,NA,NA
2021-06-17,0.170538243626062,NA,0.00545367394262681,0.00545367394262681,NA,NA,NA,NA
2021-06-18,0.160056657223796,NA,0.00503294799425188,0.00503294799425188,NA,NA,NA,NA
2021-06-19,0.160056657223796,NA,0.00503294799425188,0.00503294799425188,NA,NA,NA,NA
2021-06-20,0.154674220963173,NA,0.00481969880576332,0.00481969880576332,NA,NA,NA,NA
2021-06-21,0.141359773371105,NA,0.00430073033779775,0.00430073033779775,NA,NA,NA,NA
2021-06-22,0.137393767705382,NA,0.00414858548719767,0.00414858548719767,NA,NA,NA,NA
2021-06-23,0.131728045325779,NA,0.00393325841125787,0.00393325841125787,NA,NA,NA,NA
2021-06-24,0.131728045325779,NA,0.00393325841125787,0.00393325841125787,NA,NA,NA,NA
2021-06-25,0.129745042492918,NA,0.00385846808243916,0.00385846808243916,NA,NA,NA,NA
2021-06-26,0.123512747875354,NA,0.0036254020149137,0.0036254020149137,NA,NA,NA,NA
2021-06-27,0.167705382436261,NA,0.00533926767828712,0.00533926767828712,NA,NA,NA,NA
2021-06-28,0.179320113314448,NA,0.00581152228416788,0.00581152228416788,NA,NA,NA,NA
2021-06-29,0.141926345609065,NA,0.00432255879345954,0.00432255879345954,NA,NA,NA,NA
2021-06-30,0.128045325779037,NA,0.00379460318143039,0.00379460318143039,NA,NA,NA,NA
2021-07-01,0.130028328611898,NA,0.00386913393863879,0.00386913393863879,NA,NA,NA,NA
2021-07-02,0.165722379603399,NA,0.00525948772444252,0.00525948772444252,NA,NA,NA,NA
2021-07-03,0.138526912181303,NA,0.00419193790119577,0.00419193790119577,NA,NA,NA,NA
2021-07-04,0.122946175637394,NA,0.00360436640614223,0.00360436640614223,NA,NA,NA,NA
2021-07-05,0.118696883852691,NA,0.00344742584284761,0.00344742584284761,NA,NA,NA,NA
2021-07-06,0.11728045325779,NA,0.00339544056839896,0.00339544056839896,NA,NA,NA,NA
2021-07-07,0.112747875354108,NA,0.00323021420661148,0.00323021420661148,NA,NA,NA,NA
2021-07-08,0.147875354107649,NA,0.00455314327354977,0.00455314327354977,NA,NA,NA,NA
2021-07-09,0.137110481586402,NA,0.00413776218717252,0.00413776218717252,NA,NA,NA,NA
2021-07-10,0.153257790368272,NA,0.0047639047576119,0.0047639047576119,NA,NA,NA,NA
2021-07-11,0.172521246458924,NA,0.00553405977765516,0.00553405977765516,NA,NA,NA,NA
2021-07-12,0.140509915014164,NA,0.00426803123350611,0.00426803123350611,NA,NA,NA,NA
2021-07-13,0.120396600566572,NA,0.00351002594204068,0.00351002594204068,NA,NA,NA,NA
2021-07-14,0.112464589235127,NA,0.00321994531417227,0.00321994531417227,NA,NA,NA,NA
2021-07-15,0.112464589235127,NA,0.00321994531417227,0.00321994531417227,NA,NA,NA,NA
2021-07-16,0.110481586402266,NA,0.00314825613248678,0.00314825613248678,NA,NA,NA,NA
2021-07-17,0.109348441926346,NA,0.00310744371938382,0.00310744371938382,NA,NA,NA,NA
2021-07-18,0.119546742209632,NA,0.00347869633485159,0.00347869633485159,NA,NA,NA,NA
2021-07-19,0.104532577903683,NA,0.00293525328383974,0.00293525328383974,NA,NA,NA,NA
2021-07-20,0.10056657223796,NA,0.00279501951681953,0.00279501951681953,NA,NA,NA,NA
2021-07-21,0.0991501416430595,NA,0.00274528810373366,0.00274528810373366,NA,NA,NA,NA
2021-07-22,0.0951841359773371,NA,0.00260704881620411,0.00260704881620411,NA,NA,NA,NA
2021-07-23,0.0934844192634561,NA,0.00254826664671829,0.00254826664671829,NA,NA,NA,NA
2021-07-24,0.0895184135977337,NA,0.00241221650880614,0.00241221650880614,NA,NA,NA,NA
2021-07-25,0.0895184135977337,NA,0.00241221650880614,0.00241221650880614,NA,NA,NA,NA
2021-07-26,0.217563739376771,NA,0.00742253735555799,0.00742253735555799,NA,NA,NA,NA
2021-07-27,0.311614730878187,NA,0.0116959823569998,0.0116959823569998,NA,NA,NA,NA
2021-07-28,0.197733711048159,NA,0.00657687757598236,0.00657687757598236,NA,NA,NA,NA
2021-07-29,0.15042492917847,NA,0.0046527280815591,0.0046527280815591,NA,NA,NA,NA
2021-07-30,0.122946175637394,NA,0.00360436640614223,0.00360436640614223,NA,NA,NA,NA
2021-07-31,0.105665722379603,NA,0.00297558278820909,0.00297558278820909,NA,NA,NA,NA
2021-08-01,0.0943342776203966,NA,0.00257762255843716,0.00257762255843716,NA,NA,NA,NA
2021-08-02,0.0895184135977337,NA,0.00241221650880614,0.00241221650880614,NA,NA,NA,NA
2021-08-03,0.0895184135977337,NA,0.00241221650880614,0.00241221650880614,NA,NA,NA,NA
2021-08-04,0.088385269121813,NA,0.00237363524318869,0.00237363524318869,NA,NA,NA,NA
2021-08-05,0.0838526912181303,NA,0.00222063469680801,0.00222063469680801,NA,NA,NA,NA
2021-08-06,0.0830028328611898,NA,0.00219218743055551,0.00219218743055551,NA,NA,NA,NA
2021-08-07,0.0793201133144476,NA,0.00206981653382239,0.00206981653382239,NA,NA,NA,NA
2021-08-08,0.10056657223796,NA,0.00279501951681953,0.00279501951681953,NA,NA,NA,NA
2021-08-09,0.135127478753541,NA,0.00406216589610884,0.00406216589610884,NA,NA,NA,NA
2021-08-10,0.104532577903683,NA,0.00293525328383974,0.00293525328383974,NA,NA,NA,NA
2021-08-11,0.0943342776203966,NA,0.00257762255843716,0.00257762255843716,NA,NA,NA,NA
2021-08-12,0.0855524079320113,NA,0.00227775876774666,0.00227775876774666,NA,NA,NA,NA
2021-08-13,0.111614730878187,NA,0.00318917990534623,0.00318917990534623,NA,NA,NA,NA
2021-08-14,0.173937677053824,NA,0.00559162887354963,0.00559162887354963,NA,NA,NA,NA
2021-08-15,0.252691218130312,NA,0.00897068338001072,0.00897068338001072,NA,NA,NA,NA
2021-08-16,0.572237960339943,NA,0.025241853302365,0.025241853302365,NA,NA,NA,NA
2021-08-17,0.39943342776204,NA,0.0160143515106734,0.0160143515106734,NA,NA,NA,NA
2021-08-18,0.475920679886686,NA,0.0199900732557523,0.0199900732557523,NA,NA,NA,NA
2021-08-19,0.356940509915014,NA,0.013889390889436,0.013889390889436,NA,NA,NA,NA
2021-08-20,0.311614730878187,NA,0.0116959823569998,0.0116959823569998,NA,NA,NA,NA
2021-08-21,0.272804532577904,NA,0.00988379022540878,0.00988379022540878,NA,NA,NA,NA
2021-08-22,0.222662889518414,NA,0.00764340211881095,0.00764340211881095,NA,NA,NA,NA
2021-08-23,0.192067988668555,NA,0.00633927736880139,0.00633927736880139,NA,NA,NA,NA
2021-08-24,0.170821529745043,NA,0.00546514250218354,0.00546514250218354,NA,NA,NA,NA
2021-08-25,0.155807365439093,NA,0.00486443194088748,0.00486443194088748,NA,NA,NA,NA
2021-08-26,0.143342776203966,NA,0.0043772311214395,0.0043772311214395,NA,NA,NA,NA
2021-08-27,0.136827195467422,NA,0.0041269448264793,0.0041269448264793,NA,NA,NA,NA
2021-08-28,0.129745042492918,NA,0.00385846808243916,0.00385846808243916,NA,NA,NA,NA
2021-08-29,0.123512747875354,NA,0.0036254020149137,0.0036254020149137,NA,NA,NA,NA
2021-08-30,0.123796033994334,NA,0.00363592944387372,0.00363592944387372,NA,NA,NA,NA
2021-08-31,0.122379603399433,NA,0.00358335653526676,0.00358335653526676,NA,NA,NA,NA
2021-09-01,0.23257790368272,NA,0.00807670004728601,0.00807670004728601,NA,NA,NA,NA
2021-09-02,0.182152974504249,NA,0.00592796532319116,0.00592796532319116,NA,NA,NA,NA
2021-09-03,0.150991501416431,NA,0.00467491927168628,0.00467491927168628,NA,NA,NA,NA
2021-09-04,0.137110481586402,NA,0.00413776218717252,0.00413776218717252,NA,NA,NA,NA
2021-09-05,0.126062322946176,NA,0.00372037845085886,0.00372037845085886,NA,NA,NA,NA
2021-09-06,0.118696883852691,NA,0.00344742584284761,0.00344742584284761,NA,NA,NA,NA
2021-09-07,0.112181303116147,NA,0.00320968329131601,0.00320968329131601,NA,NA,NA,NA
2021-09-08,0.105382436260623,NA,0.00296548958936054,0.00296548958936054,NA,NA,NA,NA
2021-09-09,0.100849858356941,NA,0.00280498823390934,0.00280498823390934,NA,NA,NA,NA
2021-09-10,0.0980169971671388,NA,0.00270563852060197,0.00270563852060197,NA,NA,NA,NA
2021-09-11,0.0937677053824363,NA,0.00255804410559447,0.00255804410559447,NA,NA,NA,NA
2021-09-12,0.0912181303116147,NA,0.00247033172033408,0.00247033172033408,NA,NA,NA,NA
2021-09-13,0.0869688385269122,NA,0.00232559329040069,0.00232559329040069,NA,NA,NA,NA
2021-09-14,0.0864022662889518,NA,0.00230643445039854,0.00230643445039854,NA,NA,NA,NA
2021-09-15,0.0855524079320113,NA,0.00227775876774666,0.00227775876774666,NA,NA,NA,NA
2021-09-16,0.084985835694051,NA,0.0022586836004087,0.0022586836004087,NA,NA,NA,NA
2021-09-17,0.0898016997167139,NA,0.00242188217963414,0.00242188217963414,NA,NA,NA,NA
2021-09-18,0.102266288951841,NA,0.00285494314531071,0.00285494314531071,NA,NA,NA,NA
2021-09-19,0.105665722379603,NA,0.00297558278820909,0.00297558278820909,NA,NA,NA,NA
2021-09-20,0.0951841359773371,NA,0.00260704881620411,0.00260704881620411,NA,NA,NA,NA
2021-09-21,0.170254957507082,NA,0.00544221044316789,0.00544221044316789,NA,NA,NA,NA
2021-09-22,2.12181303116147,NA,0.132572197883522,0.132572197883522,NA,NA,NA,NA
2021-09-23,0.813031161473088,NA,0.0393708253927826,0.0393708253927826,NA,NA,NA,NA
2021-09-24,0.524079320113314,NA,0.0225838728471477,0.0225838728471477,NA,NA,NA,NA
2021-09-25,0.419263456090652,NA,0.0170271649642874,0.0170271649642874,NA,NA,NA,NA
2021-09-26,0.342776203966006,NA,0.0131955098693571,0.0131955098693571,NA,NA,NA,NA
2021-09-27,0.275070821529745,NA,0.00998782670519865,0.00998782670519865,NA,NA,NA,NA
2021-09-28,0.237677053824363,NA,0.00830147089691589,0.00830147089691589,NA,NA,NA,NA
2021-09-29,0.21586402266289,NA,0.00734921928295613,0.00734921928295613,NA,NA,NA,NA
2021-09-30,0.2,NA,0.00667242821364039,0.00667242821364039,NA,NA,NA,NA
2021-10-01,0.188101983002833,NA,0.00617405853386307,0.00617405853386307,NA,NA,NA,NA
2021-10-02,0.180453257790368,NA,0.00585804129124025,0.00585804129124025,NA,NA,NA,NA
2021-10-03,0.180736543909348,NA,0.00586968319305691,0.00586968319305691,NA,NA,NA,NA
2021-10-04,0.269121813031162,NA,0.00971522075189346,0.00971522075189346,NA,NA,NA,NA
2021-10-05,0.356940509915014,NA,0.013889390889436,0.013889390889436,NA,NA,NA,NA
2021-10-06,0.356940509915014,NA,0.013889390889436,0.013889390889436,NA,NA,NA,NA
2021-10-07,0.278753541076487,NA,0.0101573715934064,0.0101573715934064,NA,NA,NA,NA
2021-10-08,0.245325779036827,NA,0.00864103006747241,0.00864103006747241,NA,NA,NA,NA
2021-10-09,0.234844192634561,NA,0.00817643827384308,0.00817643827384308,NA,NA,NA,NA
2021-10-10,0.225495750708215,NA,0.0077666886553181,0.0077666886553181,NA,NA,NA,NA
2021-10-11,0.214164305949009,NA,0.00727605442462521,0.00727605442462521,NA,NA,NA,NA
2021-10-12,0.203682719546742,NA,0.00682831137770163,0.00682831137770163,NA,NA,NA,NA
2021-10-13,0.191784702549575,NA,0.00632744571783078,0.00632744571783078,NA,NA,NA,NA
2021-10-14,0.188101983002833,NA,0.00617405853386307,0.00617405853386307,NA,NA,NA,NA
2021-10-15,0.18300283286119,NA,0.00596299249882391,0.00596299249882391,NA,NA,NA,NA
2021-10-16,0.18300283286119,NA,0.00596299249882391,0.00596299249882391,NA,NA,NA,NA
2021-10-17,0.18300283286119,NA,0.00596299249882391,0.00596299249882391,NA,NA,NA,NA
2021-10-18,0.18300283286119,NA,0.00596299249882391,0.00596299249882391,NA,NA,NA,NA
2021-10-19,0.18300283286119,NA,0.00596299249882391,0.00596299249882391,NA,NA,NA,NA
2021-10-20,0.195467422096317,NA,0.00648161744595129,0.00648161744595129,NA,NA,NA,NA
2021-10-21,0.160056657223796,NA,0.00503294799425188,0.00503294799425188,NA,NA,NA,NA
2021-10-22,0.160056657223796,NA,0.00503294799425188,0.00503294799425188,NA,NA,NA,NA
2021-10-23,0.160056657223796,NA,0.00503294799425188,0.00503294799425188,NA,NA,NA,NA
2021-10-24,0.160056657223796,NA,0.00503294799425188,0.00503294799425188,NA,NA,NA,NA
2021-10-25,0.173371104815864,NA,0.0055685862314188,0.0055685862314188,NA,NA,NA,NA
2021-10-26,0.205382436260623,NA,0.00690051122215593,0.00690051122215593,NA,NA,NA,NA
2021-10-27,0.205949008498584,NA,0.00692461319975539,0.00692461319975539,NA,NA,NA,NA
2021-10-28,0.203116147308782,NA,0.00680428024575849,0.00680428024575849,NA,NA,NA,NA
2021-10-29,0.303116147308782,NA,0.0112937297975607,0.0112937297975607,NA,NA,NA,NA
2021-10-30,0.297450424929179,NA,0.0110272161875107,0.0110272161875107,NA,NA,NA,NA
2021-10-31,0.260339943342776,NA,0.00931572766531572,0.00931572766531572,NA,NA,NA,NA
2021-11-01,0.244475920679887,NA,0.00860316059710872,0.00860316059710872,NA,NA,NA,NA
2021-11-02,0.234844192634561,NA,0.00817643827384308,0.00817643827384308,NA,NA,NA,NA
2021-11-03,0.226912181303116,NA,0.00782848672548977,0.00782848672548977,NA,NA,NA,NA
2021-11-04,0.225779036827195,NA,0.00777904004119545,0.00777904004119545,NA,NA,NA,NA
2021-11-05,0.219830028328612,NA,0.00752053159987544,0.00752053159987544,NA,NA,NA,NA
2021-11-06,0.21671388101983,NA,0.00738585922274836,0.00738585922274836,NA,NA,NA,NA
2021-11-07,0.21671388101983,NA,0.00738585922274836,0.00738585922274836,NA,NA,NA,NA
2021-11-08,0.21671388101983,NA,0.00738585922274836,0.00738585922274836,NA,NA,NA,NA
2021-11-09,0.213314447592068,NA,0.00723952972908573,0.00723952972908573,NA,NA,NA,NA
2021-11-10,0.208215297450425,NA,0.00702119697359538,0.00702119697359538,NA,NA,NA,NA
2021-11-11,0.208215297450425,NA,0.00702119697359538,0.00702119697359538,NA,NA,NA,NA
2021-11-12,0.552407932011332,NA,0.0241398896426936,0.0241398896426936,NA,NA,NA,NA
2021-11-13,0.362606232294618,NA,0.0141690147855231,0.0141690147855231,NA,NA,NA,NA
2021-11-14,0.294617563739377,NA,0.0108944626976302,0.0108944626976302,NA,NA,NA,NA
2021-11-15,0.261189801699717,NA,0.00935423390189374,0.00935423390189374,NA,NA,NA,NA
2021-11-16,0.256940509915014,NA,0.0091620373276127,0.0091620373276127,NA,NA,NA,NA
2021-11-17,0.265439093484419,NA,0.00954726301347248,0.00954726301347248,NA,NA,NA,NA
2021-11-18,0.348441926345609,NA,0.0134721657426733,0.0134721657426733,NA,NA,NA,NA
2021-11-19,0.152691218130312,NA,0.00474162539811356,0.00474162539811356,NA,NA,NA,NA
2021-11-20,0.157223796033994,NA,0.00492046996767837,0.00492046996767837,NA,NA,NA,NA
2021-11-21,0.14957507082153,NA,0.00461948292995135,0.00461948292995135,NA,NA,NA,NA
2021-11-22,0.141926345609065,NA,0.00432255879345954,0.00432255879345954,NA,NA,NA,NA
2021-11-23,0.141926345609065,NA,0.00432255879345954,0.00432255879345954,NA,NA,NA,NA
2021-11-24,0.136543909348442,NA,0.00411613341414542,0.00411613341414542,NA,NA,NA,NA
2021-11-25,0.135127478753541,NA,0.00406216589610884,0.00406216589610884,NA,NA,NA,NA
2021-11-26,0.135127478753541,NA,0.00406216589610884,0.00406216589610884,NA,NA,NA,NA
2021-11-27,0.135127478753541,NA,0.00406216589610884,0.00406216589610884,NA,NA,NA,NA
2021-11-28,0.135127478753541,NA,0.00406216589610884,0.00406216589610884,NA,NA,NA,NA
2021-11-29,0.131444759206799,NA,0.00392255565101547,0.00392255565101547,NA,NA,NA,NA
2021-11-30,0.128328611898017,NA,0.0038052317772322,0.0038052317772322,NA,NA,NA,NA
2021-12-01,0.128328611898017,NA,0.0038052317772322,0.0038052317772322,NA,NA,NA,NA
2021-12-02,0.128328611898017,NA,0.0038052317772322,0.0038052317772322,NA,NA,NA,NA
2021-12-03,0.125212464589235,NA,0.00368866240452039,0.00368866240452039,NA,NA,NA,NA
2021-12-04,0.121813031161473,NA,0.00356237248973466,0.00356237248973466,NA,NA,NA,NA
2021-12-05,0.121813031161473,NA,0.00356237248973466,0.00356237248973466,NA,NA,NA,NA
2021-12-06,0.121813031161473,NA,0.00356237248973466,0.00356237248973466,NA,NA,NA,NA
2021-12-07,0.121813031161473,NA,0.00356237248973466,0.00356237248973466,NA,NA,NA,NA
2021-12-08,0.119263456090652,NA,0.00346826625390763,0.00346826625390763,NA,NA,NA,NA
2021-12-09,0.115580736543909,NA,0.00333327819568282,0.00333327819568282,NA,NA,NA,NA
2021-12-10,0.120963172804533,NA,0.00353094503698354,0.00353094503698354,NA,NA,NA,NA
2021-12-11,0.140793201133144,NA,0.00427892511295118,0.00427892511295118,NA,NA,NA,NA
2021-12-12,0.134844192634561,NA,0.00405139036533804,0.00405139036533804,NA,NA,NA,NA
2021-12-13,0.118696883852691,NA,0.00344742584284761,0.00344742584284761,NA,NA,NA,NA
2021-12-14,0.115580736543909,NA,0.00333327819568282,0.00333327819568282,NA,NA,NA,NA
2021-12-15,0.110764872521246,NA,0.00315847666845091,0.00315847666845091,NA,NA,NA,NA
2021-12-16,0.109631728045326,NA,0.00311763633666084,0.00311763633666084,NA,NA,NA,NA
2021-12-17,0.109631728045326,NA,0.00311763633666084,0.00311763633666084,NA,NA,NA,NA
2021-12-18,0.111898016997167,NA,0.0031994281507772,0.0031994281507772,NA,NA,NA,NA
2021-12-19,0.114447592067989,NA,0.00329197111630354,0.00329197111630354,NA,NA,NA,NA
2021-12-20,0.109631728045326,NA,0.00311763633666084,0.00311763633666084,NA,NA,NA,NA
2021-12-21,0.109631728045326,NA,0.00311763633666084,0.00311763633666084,NA,NA,NA,NA
2021-12-22,0.109631728045326,NA,0.00311763633666084,0.00311763633666084,NA,NA,NA,NA
2021-12-23,0.109631728045326,NA,0.00311763633666084,0.00311763633666084,NA,NA,NA,NA
2021-12-24,0.109631728045326,NA,0.00311763633666084,0.00311763633666084,NA,NA,NA,NA
2021-12-25,0.109631728045326,NA,0.00311763633666084,0.00311763633666084,NA,NA,NA,NA
2021-12-26,0.109631728045326,NA,0.00311763633666084,0.00311763633666084,NA,NA,NA,NA
2021-12-27,0.109631728045326,NA,0.00311763633666084,0.00311763633666084,NA,NA,NA,NA
2021-12-28,0.109631728045326,NA,0.00311763633666084,0.00311763633666084,NA,NA,NA,NA
2021-12-29,0.109631728045326,NA,0.00311763633666084,0.00311763633666084,NA,NA,NA,NA
2021-12-30,0.115580736543909,NA,0.00333327819568282,0.00333327819568282,NA,NA,NA,NA
2021-12-31,0.112181303116147,NA,0.00320968329131601,0.00320968329131601,NA,NA,NA,NA
2022-01-01,0.153824362606232,NA,0.00478620600942879,0.00478620600942879,NA,NA,NA,NA
2022-01-02,0.393767705382436,NA,0.0157273932510882,0.0157273932510882,NA,NA,NA,NA
2022-01-03,0.651558073654391,NA,0.0297491957485282,0.0297491957485282,NA,NA,NA,NA
2022-01-04,0.447592067988669,NA,0.0184961571950843,0.0184961571950843,NA,NA,NA,NA
2022-01-05,0.334277620396601,NA,0.0127828036682468,0.0127828036682468,NA,NA,NA,NA
2022-01-06,0.288951841359773,NA,0.0106299742079913,0.0106299742079913,NA,NA,NA,NA
2022-01-07,0.256657223796034,NA,0.00914925406946548,0.00914925406946548,NA,NA,NA,NA
2022-01-08,0.220963172804533,NA,0.00756962963576047,0.00756962963576047,NA,NA,NA,NA
2022-01-09,0.210764872521246,NA,0.00713018793119334,0.00713018793119334,NA,NA,NA,NA
2022-01-10,0.219830028328612,NA,0.00752053159987544,0.00752053159987544,NA,NA,NA,NA
2022-01-11,0.198866855524079,NA,0.00662461673379624,0.00662461673379624,NA,NA,NA,NA
2022-01-12,0.188101983002833,NA,0.00617405853386307,0.00617405853386307,NA,NA,NA,NA
2022-01-13,0.181019830028329,NA,0.00588132994369303,0.00588132994369303,NA,NA,NA,NA
2022-01-14,0.174787535410765,NA,0.00562623022654586,0.00562623022654586,NA,NA,NA,NA
2022-01-15,0.160623229461756,NA,0.00505550743829059,0.00505550743829059,NA,NA,NA,NA
2022-01-16,0.260339943342776,NA,0.00931572766531572,0.00931572766531572,NA,NA,NA,NA
2022-01-17,0.308781869688385,NA,0.0115615702169851,0.0115615702169851,NA,NA,NA,NA
2022-01-18,0.16657223796034,NA,0.00529364825622736,0.00529364825622736,NA,NA,NA,NA
2022-01-19,0.151558073654391,NA,0.00469713259494858,0.00469713259494858,NA,NA,NA,NA
2022-01-20,0.182436260623229,NA,0.00593963623462536,0.00593963623462536,NA,NA,NA,NA
2022-01-21,0.192351274787535,NA,0.00635111365683573,0.00635111365683573,NA,NA,NA,NA
2022-01-22,0.171954674220963,NA,0.00551106721838308,0.00551106721838308,NA,NA,NA,NA
2022-01-23,0.163456090651558,NA,0.00516862082943204,0.00516862082943204,NA,NA,NA,NA
2022-01-24,0.163739376770538,NA,0.00517996099000683,0.00517996099000683,NA,NA,NA,NA
2022-01-25,0.182152974504249,NA,0.00592796532319116,0.00592796532319116,NA,NA,NA,NA
2022-01-26,0.219830028328612,NA,0.00752053159987544,0.00752053159987544,NA,NA,NA,NA
2022-01-27,0.19971671388102,NA,0.00666046858000753,0.00666046858000753,NA,NA,NA,NA
2022-01-28,0.195467422096317,NA,0.00648161744595129,0.00648161744595129,NA,NA,NA,NA
2022-01-29,0.191501416430595,NA,0.00631561870895266,0.00631561870895266,NA,NA,NA,NA
2022-01-30,0.174504249291785,NA,0.00561469146484325,0.00561469146484325,NA,NA,NA,NA
2022-01-31,0.165722379603399,NA,0.00525948772444252,0.00525948772444252,NA,NA,NA,NA
2022-02-01,0.163739376770538,NA,0.00517996099000683,0.00517996099000683,NA,NA,NA,NA
2022-02-02,0.160906515580737,NA,0.00506679509519006,0.00506679509519006,NA,NA,NA,NA
2022-02-03,0.626062322946176,NA,0.0282835638610954,0.0282835638610954,NA,NA,NA,NA
2022-02-04,1.37677053824363,NA,0.0766835163790934,0.0766835163790934,NA,NA,NA,NA
2022-02-05,0.898016997167139,NA,0.0446501381567384,0.0446501381567384,NA,NA,NA,NA
2022-02-06,0.68271954674221,NA,0.0315612841492627,0.0315612841492627,NA,NA,NA,NA
2022-02-07,0.552407932011332,NA,0.0241398896426936,0.0241398896426936,NA,NA,NA,NA
2022-02-08,0.464589235127479,NA,0.0193895889498299,0.0193895889498299,NA,NA,NA,NA
2022-02-09,0.563739376770538,NA,0.024768319726346,0.024768319726346,NA,NA,NA,NA
2022-02-10,0.43342776203966,NA,0.0177584721526165,0.0177584721526165,NA,NA,NA,NA
2022-02-11,0.273371104815864,NA,0.00990977789751147,0.00990977789751147,NA,NA,NA,NA
2022-02-12,0.277903682719547,NA,0.0101181927272331,0.0101181927272331,NA,NA,NA,NA
2022-02-13,0.28328611898017,NA,0.0103668599887087,0.0103668599887087,NA,NA,NA,NA
2022-02-14,0.28328611898017,NA,0.0103668599887087,0.0103668599887087,NA,NA,NA,NA
2022-02-15,0.274220963172805,NA,0.00994878623582946,0.00994878623582946,NA,NA,NA,NA
2022-02-16,0.273371104815864,NA,0.00990977789751147,0.00990977789751147,NA,NA,NA,NA
2022-02-17,0.273371104815864,NA,0.00990977789751147,0.00990977789751147,NA,NA,NA,NA
2022-02-18,0.305949008498584,NA,0.0114274852897839,0.0114274852897839,NA,NA,NA,NA
2022-02-19,0.275920679886686,NA,0.0100268992326904,0.0100268992326904,NA,NA,NA,NA
2022-02-20,0.267705382436261,NA,0.00965054889051164,0.00965054889051164,NA,NA,NA,NA
2022-02-21,0.263456090651558,NA,0.0094570797870388,0.0094570797870388,NA,NA,NA,NA
2022-02-22,0.255524079320113,NA,0.0090981585466536,0.0090981585466536,NA,NA,NA,NA
2022-02-23,0.253824362606232,NA,0.00902162812801444,0.00902162812801444,NA,NA,NA,NA
2022-02-24,0.546742209631728,NA,0.0238269522237235,0.0238269522237235,NA,NA,NA,NA
2022-02-25,0.631728045325779,NA,0.0286079130992053,0.0286079130992053,NA,NA,NA,NA
2022-02-26,0.512747875354108,NA,0.0219676308659993,0.0219676308659993,NA,NA,NA,NA
2022-02-27,0.444759206798867,NA,0.0183481172237514,0.0183481172237514,NA,NA,NA,NA
2022-02-28,0.39943342776204,NA,0.0160143515106734,0.0160143515106734,NA,NA,NA,NA
2022-03-01,0.368271954674221,NA,0.0144498018793684,0.0144498018793684,NA,NA,NA,NA
2022-03-02,0.337110481586402,NA,0.0129200662416434,0.0129200662416434,NA,NA,NA,NA
2022-03-03,0.314447592067989,NA,0.0118307195227432,0.0118307195227432,NA,NA,NA,NA
2022-03-04,0.294617563739377,NA,0.0108944626976302,0.0108944626976302,NA,NA,NA,NA
2022-03-05,0.279036827195467,NA,0.0101704382737637,0.0101704382737637,NA,NA,NA,NA
2022-03-06,0.273371104815864,NA,0.00990977789751147,0.00990977789751147,NA,NA,NA,NA
2022-03-07,0.264589235127479,NA,0.00950859106292986,0.00950859106292986,NA,NA,NA,NA
2022-03-08,0.264022662889518,NA,0.00948282808324674,0.00948282808324674,NA,NA,NA,NA
2022-03-09,0.39943342776204,NA,0.0160143515106734,0.0160143515106734,NA,NA,NA,NA
2022-03-10,0.354107648725212,NA,0.0137500193543805,0.0137500193543805,NA,NA,NA,NA
2022-03-11,0.322946175637394,NA,0.01223685981173,0.01223685981173,NA,NA,NA,NA
2022-03-12,0.354107648725212,NA,0.0137500193543805,0.0137500193543805,NA,NA,NA,NA
2022-03-13,0.328611898016997,NA,0.012509206538389,0.012509206538389,NA,NA,NA,NA
2022-03-14,0.314447592067989,NA,0.0118307195227432,0.0118307195227432,NA,NA,NA,NA
2022-03-15,0.30028328611898,NA,0.0111603059984556,0.0111603059984556,NA,NA,NA,NA
2022-03-16,0.291784702549575,NA,0.0107620479005747,0.0107620479005747,NA,NA,NA,NA
2022-03-17,0.291784702549575,NA,0.0107620479005747,0.0107620479005747,NA,NA,NA,NA
2022-03-18,0.28271954674221,NA,0.0103406249207218,0.0103406249207218,NA,NA,NA,NA
2022-03-19,0.270254957507082,NA,0.00976702341186975,0.00976702341186975,NA,NA,NA,NA
2022-03-20,0.256373937677054,NA,0.00913647455925236,0.00913647455925236,NA,NA,NA,NA
2022-03-21,0.253824362606232,NA,0.00902162812801444,0.00902162812801444,NA,NA,NA,NA
2022-03-22,0.246742209631728,NA,0.0087042232936531,0.0087042232936531,NA,NA,NA,NA
2022-03-23,0.422096317280453,NA,0.0171729087414955,0.0171729087414955,NA,NA,NA,NA
2022-03-24,0.668555240793201,NA,0.0307348212481167,0.0307348212481167,NA,NA,NA,NA
2022-03-25,0.512747875354108,NA,0.0219676308659993,0.0219676308659993,NA,NA,NA,NA
2022-03-26,0.439093484419263,NA,0.0180527893510818,0.0180527893510818,NA,NA,NA,NA
2022-03-27,0.388101983002833,NA,0.0154415298532368,0.0154415298532368,NA,NA,NA,NA
2022-03-28,0.342776203966006,NA,0.0131955098693571,0.0131955098693571,NA,NA,NA,NA
2022-03-29,0.320113314447592,NA,0.0121011603533151,0.0121011603533151,NA,NA,NA,NA
2022-03-30,0.305949008498584,NA,0.0114274852897839,0.0114274852897839,NA,NA,NA,NA
2022-03-31,0.305949008498584,NA,0.0114274852897839,0.0114274852897839,NA,NA,NA,NA
2022-04-01,0.28328611898017,NA,0.0103668599887087,0.0103668599887087,NA,NA,NA,NA
2022-04-02,0.268838526912181,NA,0.00970227912907425,0.00970227912907425,NA,NA,NA,NA
2022-04-03,0.258356940509915,NA,0.00922600973134245,0.00922600973134245,NA,NA,NA,NA
2022-04-04,0.244475920679887,NA,0.00860316059710872,0.00860316059710872,NA,NA,NA,NA
2022-04-05,0.331444759206799,NA,0.0126458497887245,0.0126458497887245,NA,NA,NA,NA
2022-04-06,0.946175637393768,NA,0.04770208002233,0.04770208002233,NA,NA,NA,NA
2022-04-07,0.963172804532578,NA,0.0487892391293276,0.0487892391293276,NA,NA,NA,NA
2022-04-08,0.773371104815864,NA,0.0369560138648081,0.0369560138648081,NA,NA,NA,NA
2022-04-09,0.628895184135977,NA,0.0284456414418191,0.0284456414418191,NA,NA,NA,NA
2022-04-10,0.518413597733711,NA,0.022275304535283,0.022275304535283,NA,NA,NA,NA
2022-04-11,0.456090651558074,NA,0.0189417673150393,0.0189417673150393,NA,NA,NA,NA
2022-04-12,0.41643059490085,NA,0.0168816825738566,0.0168816825738566,NA,NA,NA,NA
2022-04-13,0.388101983002833,NA,0.0154415298532368,0.0154415298532368,NA,NA,NA,NA
2022-04-14,0.359773371104816,NA,0.0140290566007436,0.0140290566007436,NA,NA,NA,NA
2022-04-15,0.328611898016997,NA,0.012509206538389,0.012509206538389,NA,NA,NA,NA
2022-04-16,0.311614730878187,NA,0.0116959823569998,0.0116959823569998,NA,NA,NA,NA
2022-04-17,0.297450424929179,NA,0.0110272161875107,0.0110272161875107,NA,NA,NA,NA
2022-04-18,0.526912181303116,NA,0.0227384902660936,0.0227384902660936,NA,NA,NA,NA
2022-04-19,0.504249291784703,NA,0.0215078137121392,0.0215078137121392,NA,NA,NA,NA
2022-04-20,0.424929178470255,NA,0.0173189126160963,0.0173189126160963,NA,NA,NA,NA
2022-04-21,0.382436260623229,NA,0.0151567730322938,0.0151567730322938,NA,NA,NA,NA
2022-04-22,0.351274787535411,NA,0.0136109437219588,0.0136109437219588,NA,NA,NA,NA
2022-04-23,0.325779036827196,NA,0.0123728758814558,0.0123728758814558,NA,NA,NA,NA
2022-04-24,0.308781869688385,NA,0.0115615702169851,0.0115615702169851,NA,NA,NA,NA
2022-04-25,0.288951841359773,NA,0.0106299742079913,0.0106299742079913,NA,NA,NA,NA
2022-04-26,0.279603399433428,NA,0.0101965822061402,0.0101965822061402,NA,NA,NA,NA
2022-04-27,0.257507082152975,NA,0.00918761507557576,0.00918761507557576,NA,NA,NA,NA
2022-04-28,0.244192634560907,NA,0.00859054520427622,0.00859054520427622,NA,NA,NA,NA
2022-04-29,0.244192634560907,NA,0.00859054520427622,0.00859054520427622,NA,NA,NA,NA
2022-04-30,0.244192634560907,NA,0.00859054520427622,0.00859054520427622,NA,NA,NA,NA
2022-05-01,0.244192634560907,NA,0.00859054520427622,0.00859054520427622,NA,NA,NA,NA
2022-05-02,0.236260623229462,NA,0.00823890479887331,0.00823890479887331,NA,NA,NA,NA
2022-05-03,0.225779036827195,NA,0.00777904004119545,0.00777904004119545,NA,NA,NA,NA
2022-05-04,0.222946175637394,NA,0.00765571211576743,0.00765571211576743,NA,NA,NA,NA
2022-05-05,0.21614730878187,NA,0.00736142834575466,0.00736142834575466,NA,NA,NA,NA
2022-05-06,0.221529745042493,NA,0.00759420377098697,0.00759420377098697,NA,NA,NA,NA
2022-05-07,0.280736543909348,NA,0.0102489122841894,0.0102489122841894,NA,NA,NA,NA
2022-05-08,0.251558073654391,NA,0.00891979928878348,0.00891979928878348,NA,NA,NA,NA
2022-05-09,0.230594900849858,NA,0.00798964056669549,0.00798964056669549,NA,NA,NA,NA
2022-05-10,0.213597733711048,NA,0.00725170033995225,0.00725170033995225,NA,NA,NA,NA
2022-05-11,0.208215297450425,NA,0.00702119697359538,0.00702119697359538,NA,NA,NA,NA
2022-05-12,0.204532577903683,NA,0.00686439137468935,0.00686439137468935,NA,NA,NA,NA
2022-05-13,0.19943342776204,NA,0.00664851345235448,0.00664851345235448,NA,NA,NA,NA
2022-05-14,0.19943342776204,NA,0.00664851345235448,0.00664851345235448,NA,NA,NA,NA
2022-05-15,0.19943342776204,NA,0.00664851345235448,0.00664851345235448,NA,NA,NA,NA
2022-05-16,0.195750708215297,NA,0.00649350899113226,0.00649350899113226,NA,NA,NA,NA
2022-05-17,0.187252124645892,NA,0.00613877408635985,0.00613877408635985,NA,NA,NA,NA
2022-05-18,0.180736543909348,NA,0.00586968319305691,0.00586968319305691,NA,NA,NA,NA
2022-05-19,0.172521246458924,NA,0.00553405977765516,0.00553405977765516,NA,NA,NA,NA
2022-05-20,0.165722379603399,NA,0.00525948772444252,0.00525948772444252,NA,NA,NA,NA
2022-05-21,0.160056657223796,NA,0.00503294799425188,0.00503294799425188,NA,NA,NA,NA
2022-05-22,0.160056657223796,NA,0.00503294799425188,0.00503294799425188,NA,NA,NA,NA
2022-05-23,0.230594900849858,NA,0.00798964056669549,0.00798964056669549,NA,NA,NA,NA
2022-05-24,0.793201133144476,NA,0.0381594096407415,0.0381594096407415,NA,NA,NA,NA
2022-05-25,0.507082152974504,NA,0.0216608590882054,0.0216608590882054,NA,NA,NA,NA
2022-05-26,0.41643059490085,NA,0.0168816825738566,0.0168816825738566,NA,NA,NA,NA
2022-05-27,1.12747875354108,NA,0.0595526536401741,0.0595526536401741,NA,NA,NA,NA
2022-05-28,0.994334277620397,NA,0.0507955865562517,0.0507955865562517,NA,NA,NA,NA
2022-05-29,0.662889518413598,NA,0.0304055309675493,0.0304055309675493,NA,NA,NA,NA
2022-05-30,0.538243626062323,NA,0.0233591613346271,0.0233591613346271,NA,NA,NA,NA
2022-05-31,0.46742209631728,NA,0.0195393491009724,0.0195393491009724,NA,NA,NA,NA
2022-06-01,0.402266288951841,NA,0.016158237631892,0.016158237631892,NA,NA,NA,NA
2022-06-02,0.339943342776204,NA,0.0130576356018403,0.0130576356018403,NA,NA,NA,NA
2022-06-03,0.297450424929179,NA,0.0110272161875107,0.0110272161875107,NA,NA,NA,NA
2022-06-04,0.263172804532578,NA,0.0094442111524789,0.0094442111524789,NA,NA,NA,NA
2022-06-05,0.238243626062323,NA,0.00832652511873762,0.00832652511873762,NA,NA,NA,NA
2022-06-06,0.223512747875354,NA,0.00768034457447441,0.00768034457447441,NA,NA,NA,NA
2022-06-07,0.215014164305949,NA,0.0073126176465426,0.0073126176465426,NA,NA,NA,NA
2022-06-08,0.30028328611898,NA,0.0111603059984556,0.0111603059984556,NA,NA,NA,NA
2022-06-09,0.265439093484419,NA,0.00954726301347248,0.00954726301347248,NA,NA,NA,NA
2022-06-10,0.225212464589235,NA,0.00775434139110329,0.00775434139110329,NA,NA,NA,NA
2022-06-11,0.204815864022663,NA,0.0068764269020149,0.0068764269020149,NA,NA,NA,NA
2022-06-12,0.194334277620397,NA,0.00643409709112945,0.00643409709112945,NA,NA,NA,NA
2022-06-13,0.180453257790368,NA,0.00585804129124025,0.00585804129124025,NA,NA,NA,NA
2022-06-14,0.171954674220963,NA,0.00551106721838308,0.00551106721838308,NA,NA,NA,NA
2022-06-15,0.164305949008499,NA,0.00520265694519285,0.00520265694519285,NA,NA,NA,NA
2022-06-16,0.159490084985836,NA,0.00501040975572275,0.00501040975572275,NA,NA,NA,NA
2022-06-17,0.270821529745043,NA,0.00979294640406683,0.00979294640406683,NA,NA,NA,NA
2022-06-18,0.186118980169972,NA,0.00609179432184557,0.00609179432184557,NA,NA,NA,NA
2022-06-19,0.162039660056657,NA,0.00511199846268596,0.00511199846268596,NA,NA,NA,NA
2022-06-20,0.152691218130312,NA,0.00474162539811356,0.00474162539811356,NA,NA,NA,NA
2022-06-21,0.15014164305949,NA,0.00464164080552629,0.00464164080552629,NA,NA,NA,NA
2022-06-22,0.143626062322946,NA,0.00438818286631522,0.00438818286631522,NA,NA,NA,NA
2022-06-23,0.138526912181303,NA,0.00419193790119577,0.00419193790119577,NA,NA,NA,NA
2022-06-24,0.136260623229462,NA,0.00410532795923075,0.00410532795923075,NA,NA,NA,NA
2022-06-25,0.128045325779037,NA,0.00379460318143039,0.00379460318143039,NA,NA,NA,NA
2022-06-26,0.124362606232295,NA,0.00365700349704578,0.00365700349704578,NA,NA,NA,NA
2022-06-27,0.124079320113314,NA,0.00364646327482993,0.00364646327482993,NA,NA,NA,NA
2022-06-28,0.119546742209632,NA,0.00347869633485159,0.00347869633485159,NA,NA,NA,NA
2022-06-29,0.110481586402266,NA,0.00314825613248678,0.00314825613248678,NA,NA,NA,NA
2022-06-30,0.107082152974504,NA,0.00302615637288476,0.00302615637288476,NA,NA,NA,NA
2022-07-01,0.110764872521246,NA,0.00315847666845091,0.00315847666845091,NA,NA,NA,NA
2022-07-02,0.106515580736544,NA,0.00300590547710282,0.00300590547710282,NA,NA,NA,NA
2022-07-03,0.106515580736544,NA,0.00300590547710282,0.00300590547710282,NA,NA,NA,NA
2022-07-04,0.104815864022663,NA,0.00294532482288518,0.00294532482288518,NA,NA,NA,NA
2022-07-05,0.120113314447592,NA,0.00349957619030103,0.00349957619030103,NA,NA,NA,NA
2022-07-06,0.156373937677054,NA,0.00488683098043364,0.00488683098043364,NA,NA,NA,NA
2022-07-07,0.180169971671388,NA,0.0058464042438316,0.0058464042438316,NA,NA,NA,NA
2022-07-08,0.157223796033994,NA,0.00492046996767837,0.00492046996767837,NA,NA,NA,NA
2022-07-09,0.192351274787535,NA,0.00635111365683573,0.00635111365683573,NA,NA,NA,NA
2022-07-10,0.356940509915014,NA,0.013889390889436,0.013889390889436,NA,NA,NA,NA
2022-07-11,0.224362606232295,NA,0.00771732436654052,0.00771732436654052,NA,NA,NA,NA
2022-07-12,0.182152974504249,NA,0.00592796532319116,0.00592796532319116,NA,NA,NA,NA
2022-07-13,0.165155807365439,NA,0.00523673986415318,0.00523673986415318,NA,NA,NA,NA
2022-07-14,0.148441926345609,NA,0.00457523410156065,0.00457523410156065,NA,NA,NA,NA
2022-07-15,0.13342776203966,NA,0.00399760308490726,0.00399760308490726,NA,NA,NA,NA
2022-07-16,0.123512747875354,NA,0.0036254020149137,0.0036254020149137,NA,NA,NA,NA
2022-07-17,0.151841359773371,NA,0.0047082475374933,0.0047082475374933,NA,NA,NA,NA
2022-07-18,0.173937677053824,NA,0.00559162887354963,0.00559162887354963,NA,NA,NA,NA
2022-07-19,0.160339943342776,NA,0.005044225069025,0.005044225069025,NA,NA,NA,NA
2022-07-20,0.139660056657224,NA,0.00423538463063194,0.00423538463063194,NA,NA,NA,NA
2022-07-21,0.123512747875354,NA,0.0036254020149137,0.0036254020149137,NA,NA,NA,NA
2022-07-22,0.110198300283286,NA,0.00313804255643459,0.00313804255643459,NA,NA,NA,NA
2022-07-23,0.103682719546742,NA,0.0029050822163738,0.0029050822163738,NA,NA,NA,NA
2022-07-24,0.10056657223796,NA,0.00279501951681953,0.00279501951681953,NA,NA,NA,NA
2022-07-25,0.112464589235127,NA,0.00321994531417227,0.00321994531417227,NA,NA,NA,NA
2022-07-26,0.124929178470255,NA,0.00367810307252202,0.00367810307252202,NA,NA,NA,NA
2022-07-27,0.134844192634561,NA,0.00405139036533804,0.00405139036533804,NA,NA,NA,NA
2022-07-28,0.126345609065156,NA,0.00373096311479957,0.00373096311479957,NA,NA,NA,NA
2022-07-29,0.115297450424929,NA,0.00332294129578471,0.00332294129578471,NA,NA,NA,NA
2022-07-30,0.107082152974504,NA,0.00302615637288476,0.00302615637288476,NA,NA,NA,NA
2022-07-31,0.123512747875354,NA,0.0036254020149137,0.0036254020149137,NA,NA,NA,NA
2022-08-01,0.171671388101983,NA,0.00549957847989375,0.00549957847989375,NA,NA,NA,NA
2022-08-02,0.137393767705382,NA,0.00414858548719767,0.00414858548719767,NA,NA,NA,NA
2022-08-03,0.128895184135977,NA,0.00382650766422469,0.00382650766422469,NA,NA,NA,NA
2022-08-04,0.138243626062323,NA,0.00418109093347389,0.00418109093347389,NA,NA,NA,NA
2022-08-05,0.594900849858357,NA,0.0265137075702239,0.0265137075702239,NA,NA,NA,NA
2022-08-06,0.838526912181303,NA,0.0409399131146434,0.0409399131146434,NA,NA,NA,NA
2022-08-07,0.54957507082153,NA,0.0239833137961901,0.0239833137961901,NA,NA,NA,NA
2022-08-08,0.410764872521246,NA,0.0165915071871454,0.0165915071871454,NA,NA,NA,NA
2022-08-09,0.342776203966006,NA,0.0131955098693571,0.0131955098693571,NA,NA,NA,NA
2022-08-10,0.269688385269122,NA,0.00974111485372483,0.00974111485372483,NA,NA,NA,NA
2022-08-11,0.218696883852691,NA,0.0074715007546497,0.0074715007546497,NA,NA,NA,NA
2022-08-12,0.184419263456091,NA,0.00602146714553494,0.00602146714553494,NA,NA,NA,NA
2022-08-13,0.162039660056657,NA,0.00511199846268596,0.00511199846268596,NA,NA,NA,NA
2022-08-14,0.152974504249292,NA,0.00475276233760546,0.00475276233760546,NA,NA,NA,NA
2022-08-15,0.30028328611898,NA,0.0111603059984556,0.0111603059984556,NA,NA,NA,NA
2022-08-16,0.257507082152975,NA,0.00918761507557576,0.00918761507557576,NA,NA,NA,NA
2022-08-17,0.211614730878187,NA,0.0071665963685394,0.0071665963685394,NA,NA,NA,NA
2022-08-18,0.188668555240793,NA,0.00619760505087574,0.00619760505087574,NA,NA,NA,NA
2022-08-19,0.169405099150142,NA,0.0054078503672804,0.0054078503672804,NA,NA,NA,NA
2022-08-20,0.154674220963173,NA,0.00481969880576332,0.00481969880576332,NA,NA,NA,NA
2022-08-21,0.16742209631728,NA,0.00532785512275269,0.00532785512275269,NA,NA,NA,NA
2022-08-22,0.178470254957507,NA,0.00577668421683353,0.00577668421683353,NA,NA,NA,NA
2022-08-23,0.152974504249292,NA,0.00475276233760546,0.00475276233760546,NA,NA,NA,NA
2022-08-24,0.140793201133144,NA,0.00427892511295118,0.00427892511295118,NA,NA,NA,NA
2022-08-25,0.263456090651558,NA,0.0094570797870388,0.0094570797870388,NA,NA,NA,NA
2022-08-26,0.376770538243626,NA,0.0148731348038832,0.0148731348038832,NA,NA,NA,NA
2022-08-27,0.273371104815864,NA,0.00990977789751147,0.00990977789751147,NA,NA,NA,NA
2022-08-28,0.214164305949009,NA,0.00727605442462521,0.00727605442462521,NA,NA,NA,NA
2022-08-29,0.179886685552408,NA,0.00583477205643471,0.00583477205643471,NA,NA,NA,NA
2022-08-30,0.162606232294618,NA,0.00513463169544397,0.00513463169544397,NA,NA,NA,NA
2022-08-31,0.154957507082153,NA,0.00483087395342844,0.00483087395342844,NA,NA,NA,NA
2022-09-01,0.142209631728045,NA,0.00433348171153501,0.00433348171153501,NA,NA,NA,NA
2022-09-02,0.1328611898017,NA,0.00397613052189451,0.00397613052189451,NA,NA,NA,NA
2022-09-03,0.122946175637394,NA,0.00360436640614223,0.00360436640614223,NA,NA,NA,NA
2022-09-04,0.123229461756374,NA,0.00361488099872913,0.00361488099872913,NA,NA,NA,NA
2022-09-05,0.365439093484419,NA,0.0143092637640905,0.0143092637640905,NA,NA,NA,NA
2022-09-06,0.475920679886686,NA,0.0199900732557523,0.0199900732557523,NA,NA,NA,NA
2022-09-07,0.305949008498584,NA,0.0114274852897839,0.0114274852897839,NA,NA,NA,NA
2022-09-08,0.24929178470255,NA,0.00881821388031689,0.00881821388031689,NA,NA,NA,NA
2022-09-09,0.214447592067989,NA,0.00728823789009653,0.00728823789009653,NA,NA,NA,NA
2022-09-10,0.24929178470255,NA,0.00881821388031689,0.00881821388031689,NA,NA,NA,NA
2022-09-11,0.390934844192635,NA,0.0155843239691493,0.0155843239691493,NA,NA,NA,NA
2022-09-12,0.342776203966006,NA,0.0131955098693571,0.0131955098693571,NA,NA,NA,NA
2022-09-13,0.291784702549575,NA,0.0107620479005747,0.0107620479005747,NA,NA,NA,NA
2022-09-14,0.250991501416431,NA,0.00889438005206278,0.00889438005206278,NA,NA,NA,NA
2022-09-15,0.228045325779037,NA,0.00787799905400778,0.00787799905400778,NA,NA,NA,NA
2022-09-16,0.210481586402266,NA,0.0071180604423117,0.0071180604423117,NA,NA,NA,NA
2022-09-17,0.196883852691218,NA,0.00654112085178596,0.00654112085178596,NA,NA,NA,NA
2022-09-18,0.187818696883853,NA,0.00616229233574567,0.00616229233574567,NA,NA,NA,NA
2022-09-19,0.179036827195467,NA,0.00579990471058226,0.00579990471058226,NA,NA,NA,NA
2022-09-20,0.172237960339943,NA,0.00552256098632882,0.00552256098632882,NA,NA,NA,NA
2022-09-21,0.164022662889518,NA,0.00519130636413168,0.00519130636413168,NA,NA,NA,NA
2022-09-22,0.159490084985836,NA,0.00501040975572275,0.00501040975572275,NA,NA,NA,NA
2022-09-23,0.15042492917847,NA,0.0046527280815591,0.0046527280815591,NA,NA,NA,NA
2022-09-24,0.145042492917847,NA,0.0044430275290213,0.0044430275290213,NA,NA,NA,NA
2022-09-25,0.138526912181303,NA,0.00419193790119577,0.00419193790119577,NA,NA,NA,NA
2022-09-26,0.138526912181303,NA,0.00419193790119577,0.00419193790119577,NA,NA,NA,NA
2022-09-27,0.138526912181303,NA,0.00419193790119577,0.00419193790119577,NA,NA,NA,NA
2022-09-28,0.138526912181303,NA,0.00419193790119577,0.00419193790119577,NA,NA,NA,NA
2022-09-29,0.137393767705382,NA,0.00414858548719767,0.00414858548719767,NA,NA,NA,NA
2022-09-30,0.146742209631728,NA,0.00450902910502132,0.00450902910502132,NA,NA,NA,NA
2022-10-01,2.22946175637394,NA,0.141141714709206,0.141141714709206,NA,NA,NA,NA
2022-10-02,0.875354107648725,NA,0.0432287702913883,0.0432287702913883,NA,NA,NA,NA
2022-10-03,0.609065155807366,NA,0.0273152104369715,0.0273152104369715,NA,NA,NA,NA
2022-10-04,0.509915014164306,NA,0.0218141317821799,0.0218141317821799,NA,NA,NA,NA
2022-10-05,0.45042492917847,NA,0.0186444462997154,0.0186444462997154,NA,NA,NA,NA
2022-10-06,0.407932011331445,NA,0.0164468168467745,0.0164468168467745,NA,NA,NA,NA
2022-10-07,0.351274787535411,NA,0.0136109437219588,0.0136109437219588,NA,NA,NA,NA
2022-10-08,0.303116147308782,NA,0.0112937297975607,0.0112937297975607,NA,NA,NA,NA
2022-10-09,0.276203966005666,NA,0.0100399305199995,0.0100399305199995,NA,NA,NA,NA
2022-10-10,0.258356940509915,NA,0.00922600973134245,0.00922600973134245,NA,NA,NA,NA
2022-10-11,0.244475920679887,NA,0.00860316059710872,0.00860316059710872,NA,NA,NA,NA
2022-10-12,0.236543909348442,NA,0.00825141006666133,0.00825141006666133,NA,NA,NA,NA
2022-10-13,0.247875354107649,NA,0.00875484733737207,0.00875484733737207,NA,NA,NA,NA
2022-10-14,0.236827195467422,NA,0.00826391931385199,0.00826391931385199,NA,NA,NA,NA
2022-10-15,0.222096317280453,NA,0.00761879460910381,0.00761879460910381,NA,NA,NA,NA
2022-10-16,0.221246458923513,NA,0.00758191461355075,0.00758191461355075,NA,NA,NA,NA
2022-10-17,0.28328611898017,NA,0.0103668599887087,0.0103668599887087,NA,NA,NA,NA
2022-10-18,0.252691218130312,NA,0.00897068338001072,0.00897068338001072,NA,NA,NA,NA
2022-10-19,0.23399433427762,NA,0.0081390063369945,0.0081390063369945,NA,NA,NA,NA
2022-10-20,0.226062322946176,NA,0.00779139554493712,0.00779139554493712,NA,NA,NA,NA
2022-10-21,0.210481586402266,NA,0.0071180604423117,0.0071180604423117,NA,NA,NA,NA
2022-10-22,0.208215297450425,NA,0.00702119697359538,0.00702119697359538,NA,NA,NA,NA
2022-10-23,0.208215297450425,NA,0.00702119697359538,0.00702119697359538,NA,NA,NA,NA
2022-10-24,0.207082152974504,NA,0.00697286998476299,0.00697286998476299,NA,NA,NA,NA
2022-10-25,0.19943342776204,NA,0.00664851345235448,0.00664851345235448,NA,NA,NA,NA
2022-10-26,0.19943342776204,NA,0.00664851345235448,0.00664851345235448,NA,NA,NA,NA
2022-10-27,0.194334277620397,NA,0.00643409709112945,0.00643409709112945,NA,NA,NA,NA
2022-10-28,0.191218130311615,NA,0.00630379634720867,0.00630379634720867,NA,NA,NA,NA
2022-10-29,0.191218130311615,NA,0.00630379634720867,0.00630379634720867,NA,NA,NA,NA
2022-10-30,0.191218130311615,NA,0.00630379634720867,0.00630379634720867,NA,NA,NA,NA
2022-10-31,0.20028328611898,NA,0.00668439234856535,0.00668439234856535,NA,NA,NA,NA
2022-11-01,0.21643059490085,NA,0.00737364166038121,0.00737364166038121,NA,NA,NA,NA
2022-11-02,0.207082152974504,NA,0.00697286998476299,0.00697286998476299,NA,NA,NA,NA
2022-11-03,0.19943342776204,NA,0.00664851345235448,0.00664851345235448,NA,NA,NA,NA
2022-11-04,0.198300283286119,NA,0.00660073809569884,0.00660073809569884,NA,NA,NA,NA
2022-11-05,0.209915014164306,NA,0.00709381847556405,0.00709381847556405,NA,NA,NA,NA
2022-11-06,0.348441926345609,NA,0.0134721657426733,0.0134721657426733,NA,NA,NA,NA
2022-11-07,0.331444759206799,NA,0.0126458497887245,0.0126458497887245,NA,NA,NA,NA
2022-11-08,0.272237960339943,NA,0.00985781688817521,0.00985781688817521,NA,NA,NA,NA
2022-11-09,0.237110481586402,NA,0.00827643253694927,0.00827643253694927,NA,NA,NA,NA
2022-11-10,0.220396600566572,NA,0.00754507223486352,0.00754507223486352,NA,NA,NA,NA
2022-11-11,4.70254957507082,NA,0.362995454932137,0.362995454932137,NA,NA,NA,NA
2022-11-12,2.01983002832861,NA,0.124559507911227,0.124559507911227,NA,NA,NA,NA
2022-11-13,1,NA,0.0511621907328248,0.0511621907328248,NA,NA,NA,NA
2022-11-14,0.773371104815864,NA,0.0369560138648081,0.0369560138648081,NA,NA,NA,NA
2022-11-15,1.71954674220963,NA,0.101602759523607,0.101602759523607,NA,NA,NA,NA
2022-11-16,1.5042492917847,NA,0.0857783063909135,0.0857783063909135,NA,NA,NA,NA
2022-11-17,0.94900849858357,NA,0.0478829155792651,0.0478829155792651,NA,NA,NA,NA
2022-11-18,0.787535410764873,NA,0.0378147574519801,0.0378147574519801,NA,NA,NA,NA
2022-11-19,0.69971671388102,NA,0.0325590635661325,0.0325590635661325,NA,NA,NA,NA
2022-11-20,0.631728045325779,NA,0.0286079130992053,0.0286079130992053,NA,NA,NA,NA
2022-11-21,0.58356940509915,NA,0.0258761400919804,0.0258761400919804,NA,NA,NA,NA
2022-11-22,0.512747875354108,NA,0.0219676308659993,0.0219676308659993,NA,NA,NA,NA
2022-11-23,0.464589235127479,NA,0.0193895889498299,0.0193895889498299,NA,NA,NA,NA
2022-11-24,0.427762039660057,NA,0.0174651753136267,0.0174651753136267,NA,NA,NA,NA
2022-11-25,0.407932011331445,NA,0.0164468168467745,0.0164468168467745,NA,NA,NA,NA
2022-11-26,0.393767705382436,NA,0.0157273932510882,0.0157273932510882,NA,NA,NA,NA
2022-11-27,0.385269121813031,NA,0.0152990123768583,0.0152990123768583,NA,NA,NA,NA
2022-11-28,0.371104815864023,NA,0.0145906274964095,0.0145906274964095,NA,NA,NA,NA
2022-11-29,0.351274787535411,NA,0.0136109437219588,0.0136109437219588,NA,NA,NA,NA
2022-11-30,0.396600566572238,NA,0.0158707362439498,0.0158707362439498,NA,NA,NA,NA
2022-12-01,0.362606232294618,NA,0.0141690147855231,0.0141690147855231,NA,NA,NA,NA
2022-12-02,0.337110481586402,NA,0.0129200662416434,0.0129200662416434,NA,NA,NA,NA
2022-12-03,0.371104815864023,NA,0.0145906274964095,0.0145906274964095,NA,NA,NA,NA
2022-12-04,0.371104815864023,NA,0.0145906274964095,0.0145906274964095,NA,NA,NA,NA
2022-12-05,0.345609065155807,NA,0.0133336871916834,0.0133336871916834,NA,NA,NA,NA
2022-12-06,0.645892351274788,NA,0.0294221603266921,0.0294221603266921,NA,NA,NA,NA
2022-12-07,0.932011331444759,NA,0.0468000653457115,0.0468000653457115,NA,NA,NA,NA
2022-12-08,0.725212464589235,NA,0.0340678107868258,0.0340678107868258,NA,NA,NA,NA
2022-12-09,0.841359773371105,NA,0.0411150470529042,0.0411150470529042,NA,NA,NA,NA
2022-12-10,0.747875354107649,NA,0.0354208182061885,0.0354208182061885,NA,NA,NA,NA
2022-12-11,0.662889518413598,NA,0.0304055309675493,0.0304055309675493,NA,NA,NA,NA
2022-12-12,0.58356940509915,NA,0.0258761400919804,0.0258761400919804,NA,NA,NA,NA
2022-12-13,0.529745042492918,NA,0.0228933286888019,0.0228933286888019,NA,NA,NA,NA
2022-12-14,0.498583569405099,NA,0.0212024086713031,0.0212024086713031,NA,NA,NA,NA
2022-12-15,1.38526912181303,NA,0.0772831180669302,0.0772831180669302,NA,NA,NA,NA
2022-12-16,1.06515580736544,NA,0.0554172684234427,0.0554172684234427,NA,NA,NA,NA
2022-12-17,0.861189801699717,NA,0.0423453515676055,0.0423453515676055,NA,NA,NA,NA
2022-12-18,0.742209631728045,NA,0.035081531379063,0.035081531379063,NA,NA,NA,NA
2022-12-19,0.643059490084986,NA,0.0292589277798876,0.0292589277798876,NA,NA,NA,NA
2022-12-20,0.577903682719547,NA,0.0255585836748999,0.0255585836748999,NA,NA,NA,NA
2022-12-21,0.53257790368272,NA,0.023048387246788,0.023048387246788,NA,NA,NA,NA
2022-12-22,1.3342776203966,NA,0.0737003358536117,0.0737003358536117,NA,NA,NA,NA
2022-12-23,1.15580736543909,NA,0.0614527548877564,0.0614527548877564,NA,NA,NA,NA
2022-12-24,0.847025495750708,NA,0.0414657847318263,0.0414657847318263,NA,NA,NA,NA
2022-12-25,0.745042492917847,NA,0.0352510891096955,0.0352510891096955,NA,NA,NA,NA
2022-12-26,0.674220963172805,NA,0.0310648537485675,0.0310648537485675,NA,NA,NA,NA
2022-12-27,0.606232294617564,NA,0.027154509727377,0.027154509727377,NA,NA,NA,NA
2022-12-28,0.563739376770538,NA,0.024768319726346,0.024768319726346,NA,NA,NA,NA
2022-12-29,0.521246458923513,NA,0.0224294773085849,0.0224294773085849,NA,NA,NA,NA
2022-12-30,0.492917847025496,NA,0.0208979242674275,0.0208979242674275,NA,NA,NA,NA
2022-12-31,0.504249291784703,NA,0.0215078137121392,0.0215078137121392,NA,NA,NA,NA
2023-01-01,0.504249291784703,NA,0.0215078137121392,0.0215078137121392,NA,NA,NA,NA
2023-01-02,0.464589235127479,NA,0.0193895889498299,0.0193895889498299,NA,NA,NA,NA
2023-01-03,0.447592067988669,NA,0.0184961571950843,0.0184961571950843,NA,NA,NA,NA
2023-01-04,0.43342776203966,NA,0.0177584721526165,0.0177584721526165,NA,NA,NA,NA
2023-01-05,0.413597733711048,NA,0.0167364628747869,0.0167364628747869,NA,NA,NA,NA
2023-01-06,0.39943342776204,NA,0.0160143515106734,0.0160143515106734,NA,NA,NA,NA
2023-01-07,0.382436260623229,NA,0.0151567730322938,0.0151567730322938,NA,NA,NA,NA
2023-01-08,0.379603399433428,NA,0.0150148133309767,0.0150148133309767,NA,NA,NA,NA
2023-01-09,0.402266288951841,NA,0.016158237631892,0.016158237631892,NA,NA,NA,NA
2023-01-10,0.379603399433428,NA,0.0150148133309767,0.0150148133309767,NA,NA,NA,NA
2023-01-11,0.365439093484419,NA,0.0143092637640905,0.0143092637640905,NA,NA,NA,NA
2023-01-12,0.379603399433428,NA,0.0150148133309767,0.0150148133309767,NA,NA,NA,NA
2023-01-13,0.560906515580737,NA,0.0246108947873832,0.0246108947873832,NA,NA,NA,NA
2023-01-14,0.484419263456091,NA,0.0204429408717393,0.0204429408717393,NA,NA,NA,NA
2023-01-15,0.441926345609065,NA,0.0182003275500087,0.0182003275500087,NA,NA,NA,NA
2023-01-16,0.424929178470255,NA,0.0173189126160963,0.0173189126160963,NA,NA,NA,NA
2023-01-17,0.436260623229462,NA,0.0179055038173573,0.0179055038173573,NA,NA,NA,NA
2023-01-18,0.419263456090652,NA,0.0170271649642874,0.0170271649642874,NA,NA,NA,NA
2023-01-19,0.407932011331445,NA,0.0164468168467745,0.0164468168467745,NA,NA,NA,NA
2023-01-20,0.390934844192635,NA,0.0155843239691493,0.0155843239691493,NA,NA,NA,NA
2023-01-21,0.379603399433428,NA,0.0150148133309767,0.0150148133309767,NA,NA,NA,NA
2023-01-22,0.371104815864023,NA,0.0145906274964095,0.0145906274964095,NA,NA,NA,NA
2023-01-23,0.371104815864023,NA,0.0145906274964095,0.0145906274964095,NA,NA,NA,NA
2023-01-24,0.359773371104816,NA,0.0140290566007436,0.0140290566007436,NA,NA,NA,NA
2023-01-25,0.555240793201133,NA,0.0242966789557648,0.0242966789557648,NA,NA,NA,NA
2023-01-26,0.589235127478754,NA,0.0261945166566002,0.0261945166566002,NA,NA,NA,NA
2023-01-27,0.515580736543909,NA,0.0221213554204998,0.0221213554204998,NA,NA,NA,NA
2023-01-28,0.473087818696884,NA,0.0198395923168027,0.0198395923168027,NA,NA,NA,NA
2023-01-29,0.447592067988669,NA,0.0184961571950843,0.0184961571950843,NA,NA,NA,NA
2023-01-30,0.439093484419263,NA,0.0180527893510818,0.0180527893510818,NA,NA,NA,NA
2023-01-31,0.422096317280453,NA,0.0171729087414955,0.0171729087414955,NA,NA,NA,NA
2023-02-01,0.458923512747875,NA,0.0190907969598366,0.0190907969598366,NA,NA,NA,NA
2023-02-02,0.447592067988669,NA,0.0184961571950843,0.0184961571950843,NA,NA,NA,NA
2023-02-03,0.439093484419263,NA,0.0180527893510818,0.0180527893510818,NA,NA,NA,NA
2023-02-04,0.413597733711048,NA,0.0167364628747869,0.0167364628747869,NA,NA,NA,NA
2023-02-05,0.407932011331445,NA,0.0164468168467745,0.0164468168467745,NA,NA,NA,NA
2023-02-06,0.396600566572238,NA,0.0158707362439498,0.0158707362439498,NA,NA,NA,NA
2023-02-07,0.382436260623229,NA,0.0151567730322938,0.0151567730322938,NA,NA,NA,NA
2023-02-08,0.371104815864023,NA,0.0145906274964095,0.0145906274964095,NA,NA,NA,NA
2023-02-09,0.362606232294618,NA,0.0141690147855231,0.0141690147855231,NA,NA,NA,NA
2023-02-10,0.359773371104816,NA,0.0140290566007436,0.0140290566007436,NA,NA,NA,NA
2023-02-11,0.348441926345609,NA,0.0134721657426733,0.0134721657426733,NA,NA,NA,NA
2023-02-12,1.58923512747875,NA,0.091957446783025,0.091957446783025,NA,NA,NA,NA
2023-02-13,1.78753541076487,NA,0.106713712392363,0.106713712392363,NA,NA,NA,NA
2023-02-14,1.01416430594901,NA,0.0520811122062667,0.0520811122062667,NA,NA,NA,NA
2023-02-15,0.838526912181303,NA,0.0409399131146434,0.0409399131146434,NA,NA,NA,NA
2023-02-16,0.75070821529745,NA,0.0355907181916364,0.0355907181916364,NA,NA,NA,NA
2023-02-17,1.21529745042493,NA,0.0654831141428695,0.0654831141428695,NA,NA,NA,NA
2023-02-18,0.915014164305949,NA,0.0457224491287236,0.0457224491287236,NA,NA,NA,NA
2023-02-19,0.807365439093484,NA,0.0390238967614428,0.0390238967614428,NA,NA,NA,NA
2023-02-20,0.739376770538244,NA,0.0349121454943519,0.0349121454943519,NA,NA,NA,NA
2023-02-21,0.677053824362606,NA,0.0312301468957189,0.0312301468957189,NA,NA,NA,NA
2023-02-22,0.628895184135977,NA,0.0284456414418191,0.0284456414418191,NA,NA,NA,NA
2023-02-23,0.589235127478754,NA,0.0261945166566002,0.0261945166566002,NA,NA,NA,NA
2023-02-24,0.543909348441926,NA,0.0236708057400143,0.0236708057400143,NA,NA,NA,NA
2023-02-25,0.524079320113314,NA,0.0225838728471477,0.0225838728471477,NA,NA,NA,NA
2023-02-26,0.515580736543909,NA,0.0221213554204998,0.0221213554204998,NA,NA,NA,NA
2023-02-27,0.515580736543909,NA,0.0221213554204998,0.0221213554204998,NA,NA,NA,NA
2023-02-28,0.529745042492918,NA,0.0228933286888019,0.0228933286888019,NA,NA,NA,NA
2023-03-01,0.478753541076487,NA,0.0201407923498931,0.0201407923498931,NA,NA,NA,NA
2023-03-02,0.458923512747875,NA,0.0190907969598366,0.0190907969598366,NA,NA,NA,NA
2023-03-03,0.688385269121813,NA,0.0318931522832527,0.0318931522832527,NA,NA,NA,NA
2023-03-04,1.06232294617564,NA,0.0552307919146983,0.0552307919146983,NA,NA,NA,NA
2023-03-05,0.773371104815864,NA,0.0369560138648081,0.0369560138648081,NA,NA,NA,NA
2023-03-06,0.685552407932011,NA,0.03172712713408,0.03172712713408,NA,NA,NA,NA
2023-03-07,0.617563739376771,NA,0.027798502049224,0.027798502049224,NA,NA,NA,NA
2023-03-08,0.546742209631728,NA,0.0238269522237235,0.0238269522237235,NA,NA,NA,NA
2023-03-09,0.509915014164306,NA,0.0218141317821799,0.0218141317821799,NA,NA,NA,NA
2023-03-10,0.501416430594901,NA,0.0213549965910802,0.0213549965910802,NA,NA,NA,NA
2023-03-11,0.478753541076487,NA,0.0201407923498931,0.0201407923498931,NA,NA,NA,NA
2023-03-12,0.461756373937677,NA,0.0192400712057212,0.0192400712057212,NA,NA,NA,NA
2023-03-13,0.453257790368272,NA,0.0187929833860631,0.0187929833860631,NA,NA,NA,NA
2023-03-14,0.422096317280453,NA,0.0171729087414955,0.0171729087414955,NA,NA,NA,NA
2023-03-15,0.402266288951841,NA,0.016158237631892,0.016158237631892,NA,NA,NA,NA
2023-03-16,0.393767705382436,NA,0.0157273932510882,0.0157273932510882,NA,NA,NA,NA
2023-03-17,0.385269121813031,NA,0.0152990123768583,0.0152990123768583,NA,NA,NA,NA
2023-03-18,0.376770538243626,NA,0.0148731348038832,0.0148731348038832,NA,NA,NA,NA
2023-03-19,0.356940509915014,NA,0.013889390889436,0.013889390889436,NA,NA,NA,NA
2023-03-20,0.348441926345609,NA,0.0134721657426733,0.0134721657426733,NA,NA,NA,NA
2023-03-21,0.337110481586402,NA,0.0129200662416434,0.0129200662416434,NA,NA,NA,NA
2023-03-22,0.325779036827196,NA,0.0123728758814558,0.0123728758814558,NA,NA,NA,NA
2023-03-23,0.325779036827196,NA,0.0123728758814558,0.0123728758814558,NA,NA,NA,NA
2023-03-24,0.322946175637394,NA,0.01223685981173,0.01223685981173,NA,NA,NA,NA
2023-03-25,0.314447592067989,NA,0.0118307195227432,0.0118307195227432,NA,NA,NA,NA
2023-03-26,0.308781869688385,NA,0.0115615702169851,0.0115615702169851,NA,NA,NA,NA
2023-03-27,0.30028328611898,NA,0.0111603059984556,0.0111603059984556,NA,NA,NA,NA
2023-03-28,0.294617563739377,NA,0.0108944626976302,0.0108944626976302,NA,NA,NA,NA
2023-03-29,0.288951841359773,NA,0.0106299742079913,0.0106299742079913,NA,NA,NA,NA
2023-03-30,0.279886685552408,NA,0.0102096594529131,0.0102096594529131,NA,NA,NA,NA
2023-03-31,0.279603399433428,NA,0.0101965822061402,0.0101965822061402,NA,NA,NA,NA
2023-04-01,0.382436260623229,NA,0.0151567730322938,0.0151567730322938,NA,NA,NA,NA
2023-04-02,0.337110481586402,NA,0.0129200662416434,0.0129200662416434,NA,NA,NA,NA
2023-04-03,0.308781869688385,NA,0.0115615702169851,0.0115615702169851,NA,NA,NA,NA
2023-04-04,0.288951841359773,NA,0.0106299742079913,0.0106299742079913,NA,NA,NA,NA
2023-04-05,0.28243626062323,NA,0.010327512621927,0.010327512621927,NA,NA,NA,NA
2023-04-06,0.273371104815864,NA,0.00990977789751147,0.00990977789751147,NA,NA,NA,NA
2023-04-07,0.305949008498584,NA,0.0114274852897839,0.0114274852897839,NA,NA,NA,NA
2023-04-08,0.305949008498584,NA,0.0114274852897839,0.0114274852897839,NA,NA,NA,NA
2023-04-09,0.28271954674221,NA,0.0103406249207218,0.0103406249207218,NA,NA,NA,NA
2023-04-10,0.273371104815864,NA,0.00990977789751147,0.00990977789751147,NA,NA,NA,NA
2023-04-11,0.279886685552408,NA,0.0102096594529131,0.0102096594529131,NA,NA,NA,NA
2023-04-12,0.269688385269122,NA,0.00974111485372483,0.00974111485372483,NA,NA,NA,NA
2023-04-13,0.263456090651558,NA,0.0094570797870388,0.0094570797870388,NA,NA,NA,NA
2023-04-14,0.256090651558074,NA,0.00912369880001402,0.00912369880001402,NA,NA,NA,NA
2023-04-15,0.28271954674221,NA,0.0103406249207218,0.0103406249207218,NA,NA,NA,NA
2023-04-16,0.264589235127479,NA,0.00950859106292986,0.00950859106292986,NA,NA,NA,NA
2023-04-17,0.275354107648725,NA,0.0100008473226058,0.0100008473226058,NA,NA,NA,NA
2023-04-18,0.253824362606232,NA,0.00902162812801444,0.00902162812801444,NA,NA,NA,NA
2023-04-19,0.248441926345609,NA,0.00878018244210965,0.00878018244210965,NA,NA,NA,NA
2023-04-20,0.240226628895184,NA,0.0084143394082043,0.0084143394082043,NA,NA,NA,NA
2023-04-21,0.231161473087819,NA,0.00801449448598217,0.00801449448598217,NA,NA,NA,NA
2023-04-22,0.231444759206799,NA,0.00802692751830189,0.00802692751830189,NA,NA,NA,NA
2023-04-23,0.228611898016997,NA,0.00790277975986818,0.00790277975986818,NA,NA,NA,NA
2023-04-24,0.221813031161473,NA,0.0076064971041436,0.0076064971041436,NA,NA,NA,NA
2023-04-25,0.21671388101983,NA,0.00738585922274836,0.00738585922274836,NA,NA,NA,NA
2023-04-26,0.213881019830028,NA,0.00726387523985619,0.00726387523985619,NA,NA,NA,NA
2023-04-27,0.211331444759207,NA,0.00715445589857225,0.00715445589857225,NA,NA,NA,NA
2023-04-28,2.09915014164306,NA,0.130782569712209,0.130782569712209,NA,NA,NA,NA
2023-04-29,0.985835694050991,NA,0.0502467207887702,0.0502467207887702,NA,NA,NA,NA
2023-04-30,0.779036827195468,NA,0.0372990142116116,0.0372990142116116,NA,NA,NA,NA
2023-05-01,0.617563739376771,NA,0.027798502049224,0.027798502049224,NA,NA,NA,NA
2023-05-02,0.524079320113314,NA,0.0225838728471477,0.0225838728471477,NA,NA,NA,NA
2023-05-03,0.458923512747875,NA,0.0190907969598366,0.0190907969598366,NA,NA,NA,NA
2023-05-04,0.41643059490085,NA,0.0168816825738566,0.0168816825738566,NA,NA,NA,NA
2023-05-05,0.373937677053824,NA,0.0147317390019346,0.0147317390019346,NA,NA,NA,NA
2023-05-06,0.334277620396601,NA,0.0127828036682468,0.0127828036682468,NA,NA,NA,NA
2023-05-07,0.314447592067989,NA,0.0118307195227432,0.0118307195227432,NA,NA,NA,NA
2023-05-08,0.30028328611898,NA,0.0111603059984556,0.0111603059984556,NA,NA,NA,NA
2023-05-09,0.280453257790368,NA,0.010235824494547,0.010235824494547,NA,NA,NA,NA
2023-05-10,0.265722379603399,NA,0.00956016098042518,0.00956016098042518,NA,NA,NA,NA
2023-05-11,0.24957507082153,NA,0.0088308986885215,0.0088308986885215,NA,NA,NA,NA
2023-05-12,0.240793201133145,NA,0.00843946466711782,0.00843946466711782,NA,NA,NA,NA
2023-05-13,0.234844192634561,NA,0.00817643827384308,0.00817643827384308,NA,NA,NA,NA
2023-05-14,0.231444759206799,NA,0.00802692751830189,0.00802692751830189,NA,NA,NA,NA
2023-05-15,0.23371104815864,NA,0.00812653704235776,0.00812653704235776,NA,NA,NA,NA
2023-05-16,0.275637393767705,NA,0.0100138714993319,0.0100138714993319,NA,NA,NA,NA
2023-05-17,0.303116147308782,NA,0.0112937297975607,0.0112937297975607,NA,NA,NA,NA
2023-05-18,0.252691218130312,NA,0.00897068338001072,0.00897068338001072,NA,NA,NA,NA
2023-05-19,0.239093484419263,NA,0.0083641361318668,0.0083641361318668,NA,NA,NA,NA
2023-05-20,0.232011331444759,NA,0.00805180571010254,0.00805180571010254,NA,NA,NA,NA
2023-05-21,0.228328611898017,NA,0.00789038736491364,0.00789038736491364,NA,NA,NA,NA
2023-05-22,0.213881019830028,NA,0.00726387523985619,0.00726387523985619,NA,NA,NA,NA
2023-05-23,0.208215297450425,NA,0.00702119697359538,0.00702119697359538,NA,NA,NA,NA
2023-05-24,0.208215297450425,NA,0.00702119697359538,0.00702119697359538,NA,NA,NA,NA
2023-05-25,0.208215297450425,NA,0.00702119697359538,0.00702119697359538,NA,NA,NA,NA
2023-05-26,0.203966005665722,NA,0.00684033360801843,0.00684033360801843,NA,NA,NA,NA
2023-05-27,0.196600566572238,NA,0.00652921104431579,0.00652921104431579,NA,NA,NA,NA
2023-05-28,0.20028328611898,NA,0.00668439234856535,0.00668439234856535,NA,NA,NA,NA
2023-05-29,0.276203966005666,NA,0.0100399305199995,0.0100399305199995,NA,NA,NA,NA
2023-05-30,0.337110481586402,NA,0.0129200662416434,0.0129200662416434,NA,NA,NA,NA
2023-05-31,0.322946175637394,NA,0.01223685981173,0.01223685981173,NA,NA,NA,NA
2023-06-01,0.264022662889518,NA,0.00948282808324674,0.00948282808324674,NA,NA,NA,NA
2023-06-02,0.236260623229462,NA,0.00823890479887331,0.00823890479887331,NA,NA,NA,NA
2023-06-03,0.21643059490085,NA,0.00737364166038121,0.00737364166038121,NA,NA,NA,NA
2023-06-04,0.208215297450425,NA,0.00702119697359538,0.00702119697359538,NA,NA,NA,NA
2023-06-05,0.197733711048159,NA,0.00657687757598236,0.00657687757598236,NA,NA,NA,NA
2023-06-06,0.188951841359773,NA,0.00620938535938335,0.00620938535938335,NA,NA,NA,NA
2023-06-07,0.18300283286119,NA,0.00596299249882391,0.00596299249882391,NA,NA,NA,NA
2023-06-08,0.180453257790368,NA,0.00585804129124025,0.00585804129124025,NA,NA,NA,NA
2023-06-09,0.173087818696884,NA,0.00555707240623285,0.00555707240623285,NA,NA,NA,NA
2023-06-10,0.165155807365439,NA,0.00523673986415318,0.00523673986415318,NA,NA,NA,NA
2023-06-11,0.160056657223796,NA,0.00503294799425188,0.00503294799425188,NA,NA,NA,NA
2023-06-12,0.160056657223796,NA,0.00503294799425188,0.00503294799425188,NA,NA,NA,NA
2023-06-13,0.160056657223796,NA,0.00503294799425188,0.00503294799425188,NA,NA,NA,NA
2023-06-14,0.156940509915014,NA,0.00490925159108301,0.00490925159108301,NA,NA,NA,NA
2023-06-15,0.14985835694051,NA,0.00463055908575338,0.00463055908575338,NA,NA,NA,NA
2023-06-16,0.143909348441926,NA,0.00439914035145109,0.00439914035145109,NA,NA,NA,NA
2023-06-17,0.137110481586402,NA,0.00413776218717252,0.00413776218717252,NA,NA,NA,NA
2023-06-18,0.131728045325779,NA,0.00393325841125787,0.00393325841125787,NA,NA,NA,NA
2023-06-19,0.13342776203966,NA,0.00399760308490726,0.00399760308490726,NA,NA,NA,NA
2023-06-20,0.351274787535411,NA,0.0136109437219588,0.0136109437219588,NA,NA,NA,NA
2023-06-21,0.26600566572238,NA,0.00957306260098781,0.00957306260098781,NA,NA,NA,NA
2023-06-22,0.671388101983003,NA,0.0308997450090137,0.0308997450090137,NA,NA,NA,NA
2023-06-23,0.535410764872521,NA,0.0232036650795848,0.0232036650795848,NA,NA,NA,NA
2023-06-24,0.385269121813031,NA,0.0152990123768583,0.0152990123768583,NA,NA,NA,NA
2023-06-25,0.308781869688385,NA,0.0115615702169851,0.0115615702169851,NA,NA,NA,NA
2023-06-26,0.252124645892351,NA,0.00894523373980408,0.00894523373980408,NA,NA,NA,NA
2023-06-27,0.229745042492918,NA,0.00795239010595466,0.00795239010595466,NA,NA,NA,NA
2023-06-28,0.209631728045326,NA,0.00708170400628807,0.00708170400628807,NA,NA,NA,NA
2023-06-29,0.193201133144476,NA,0.00638665029322587,0.00638665029322587,NA,NA,NA,NA
2023-06-30,0.181586402266289,NA,0.00590463796914533,0.00590463796914533,NA,NA,NA,NA
2023-07-01,0.173937677053824,NA,0.00559162887354963,0.00559162887354963,NA,NA,NA,NA
2023-07-02,0.164589235127479,NA,0.0052140127265964,0.0052140127265964,NA,NA,NA,NA
2023-07-03,0.159490084985836,NA,0.00501040975572275,0.00501040975572275,NA,NA,NA,NA
2023-07-04,0.156940509915014,NA,0.00490925159108301,0.00490925159108301,NA,NA,NA,NA
2023-07-05,0.14985835694051,NA,0.00463055908575338,0.00463055908575338,NA,NA,NA,NA
2023-07-06,0.147592067988669,NA,0.00454210628359511,0.00454210628359511,NA,NA,NA,NA
2023-07-07,0.18413597733711,NA,0.00600976263951258,0.00600976263951258,NA,NA,NA,NA
2023-07-08,0.159206798866856,NA,0.00499914860578957,0.00499914860578957,NA,NA,NA,NA
2023-07-09,0.180453257790368,NA,0.00585804129124025,0.00585804129124025,NA,NA,NA,NA
2023-07-10,0.16600566572238,NA,0.00527086940933457,0.00527086940933457,NA,NA,NA,NA
2023-07-11,0.144192634560907,NA,0.0044101035685472,0.0044101035685472,NA,NA,NA,NA
2023-07-12,0.131728045325779,NA,0.00393325841125787,0.00393325841125787,NA,NA,NA,NA
2023-07-13,0.151558073654391,NA,0.00469713259494858,0.00469713259494858,NA,NA,NA,NA
2023-07-14,0.509915014164306,NA,0.0218141317821799,0.0218141317821799,NA,NA,NA,NA
2023-07-15,0.272237960339943,NA,0.00985781688817521,0.00985781688817521,NA,NA,NA,NA
2023-07-16,0.264589235127479,NA,0.00950859106292986,0.00950859106292986,NA,NA,NA,NA
2023-07-17,0.212181303116147,NA,0.00719089025977802,0.00719089025977802,NA,NA,NA,NA
2023-07-18,0.190368271954674,NA,0.00626835719539274,0.00626835719539274,NA,NA,NA,NA
2023-07-19,0.193767705382436,NA,0.00641036447785307,0.00641036447785307,NA,NA,NA,NA
2023-07-20,0.175354107648725,NA,0.00564932265244863,0.00564932265244863,NA,NA,NA,NA
2023-07-21,0.162322946175637,NA,0.00512331245560561,0.00512331245560561,NA,NA,NA,NA
2023-07-22,0.151274787535411,NA,0.00468602317048414,0.00468602317048414,NA,NA,NA,NA
2023-07-23,0.160056657223796,NA,0.00503294799425188,0.00503294799425188,NA,NA,NA,NA
2023-07-24,0.176487252124646,NA,0.00569556694944906,0.00569556694944906,NA,NA,NA,NA
2023-07-25,0.168838526912181,NA,0.00538496906431299,0.00538496906431299,NA,NA,NA,NA
2023-07-26,0.1671388101983,NA,0.00531644769630654,0.00531644769630654,NA,NA,NA,NA
2023-07-27,0.146742209631728,NA,0.00450902910502132,0.00450902910502132,NA,NA,NA,NA
2023-07-28,0.141643059490085,NA,0.00431164166604636,0.00431164166604636,NA,NA,NA,NA
2023-07-29,0.145325779036827,NA,0.00445401359152276,0.00445401359152276,NA,NA,NA,NA
2023-07-30,0.131728045325779,NA,0.00393325841125787,0.00393325841125787,NA,NA,NA,NA
2023-07-31,0.131728045325779,NA,0.00393325841125787,0.00393325841125787,NA,NA,NA,NA
2023-08-01,0.129745042492918,NA,0.00385846808243916,0.00385846808243916,NA,NA,NA,NA
2023-08-02,0.122946175637394,NA,0.00360436640614223,0.00360436640614223,NA,NA,NA,NA
2023-08-03,0.122946175637394,NA,0.00360436640614223,0.00360436640614223,NA,NA,NA,NA
2023-08-04,0.128045325779037,NA,0.00379460318143039,0.00379460318143039,NA,NA,NA,NA
2023-08-05,0.118696883852691,NA,0.00344742584284761,0.00344742584284761,NA,NA,NA,NA
2023-08-06,0.118696883852691,NA,0.00344742584284761,0.00344742584284761,NA,NA,NA,NA
2023-08-07,0.118696883852691,NA,0.00344742584284761,0.00344742584284761,NA,NA,NA,NA
2023-08-08,0.11699716713881,NA,0.00338506345036226,0.00338506345036226,NA,NA,NA,NA
2023-08-09,0.112464589235127,NA,0.00321994531417227,0.00321994531417227,NA,NA,NA,NA
2023-08-10,0.112464589235127,NA,0.00321994531417227,0.00321994531417227,NA,NA,NA,NA
2023-08-11,0.111331444759207,NA,0.00317893856786978,0.00317893856786978,NA,NA,NA,NA
2023-08-12,0.106515580736544,NA,0.00300590547710282,0.00300590547710282,NA,NA,NA,NA
2023-08-13,0.104532577903683,NA,0.00293525328383974,0.00293525328383974,NA,NA,NA,NA
2023-08-14,0.10056657223796,NA,0.00279501951681953,0.00279501951681953,NA,NA,NA,NA
2023-08-15,0.10056657223796,NA,0.00279501951681953,0.00279501951681953,NA,NA,NA,NA
2023-08-16,0.0988668555240793,NA,0.00273536436490675,0.00273536436490675,NA,NA,NA,NA
2023-08-17,0.0951841359773371,NA,0.00260704881620411,0.00260704881620411,NA,NA,NA,NA
2023-08-18,0.0900849858356941,NA,0.00243155595442688,0.00243155595442688,NA,NA,NA,NA
2023-08-19,0.0881019830028329,NA,0.00236401037663577,0.00236401037663577,NA,NA,NA,NA
2023-08-20,0.0835694050991502,NA,0.00221114372410913,0.00221114372410913,NA,NA,NA,NA
2023-08-21,0.0793201133144476,NA,0.00206981653382239,0.00206981653382239,NA,NA,NA,NA
2023-08-22,0.0793201133144476,NA,0.00206981653382239,0.00206981653382239,NA,NA,NA,NA
2023-08-23,0.0793201133144476,NA,0.00206981653382239,0.00206981653382239,NA,NA,NA,NA
2023-08-24,0.0793201133144476,NA,0.00206981653382239,0.00206981653382239,NA,NA,NA,NA
2023-08-25,0.0807365439093485,NA,0.00211670745148988,0.00211670745148988,NA,NA,NA,NA
2023-08-26,0.0793201133144476,NA,0.00206981653382239,0.00206981653382239,NA,NA,NA,NA
2023-08-27,0.0793201133144476,NA,0.00206981653382239,0.00206981653382239,NA,NA,NA,NA
2023-08-28,0.102549575070822,NA,0.00286495628661752,0.00286495628661752,NA,NA,NA,NA
2023-08-29,0.135127478753541,NA,0.00406216589610884,0.00406216589610884,NA,NA,NA,NA
2023-08-30,0.205949008498584,NA,0.00692461319975539,0.00692461319975539,NA,NA,NA,NA
2023-08-31,0.140793201133144,NA,0.00427892511295118,0.00427892511295118,NA,NA,NA,NA
2023-09-01,0.118980169971671,NA,0.00345784275273947,0.00345784275273947,NA,NA,NA,NA
2023-09-02,0.105382436260623,NA,0.00296548958936054,0.00296548958936054,NA,NA,NA,NA
2023-09-03,0.098300283286119,NA,0.00271553955737261,0.00271553955737261,NA,NA,NA,NA
2023-09-04,0.088385269121813,NA,0.00237363524318869,0.00237363524318869,NA,NA,NA,NA
2023-09-05,0.08328611898017,NA,0.00220166129491505,0.00220166129491505,NA,NA,NA,NA
2023-09-06,0.0793201133144476,NA,0.00206981653382239,0.00206981653382239,NA,NA,NA,NA
2023-09-07,0.0807365439093485,NA,0.00211670745148988,0.00211670745148988,NA,NA,NA,NA
2023-09-08,0.0881019830028329,NA,0.00236401037663577,0.00236401037663577,NA,NA,NA,NA
2023-09-09,0.0917847025495751,NA,0.00248976774510884,0.00248976774510884,NA,NA,NA,NA
2023-09-10,0.128328611898017,NA,0.0038052317772322,0.0038052317772322,NA,NA,NA,NA
2023-09-11,0.114447592067989,NA,0.00329197111630354,0.00329197111630354,NA,NA,NA,NA
2023-09-12,0.104249291784703,NA,0.00292518899342186,0.00292518899342186,NA,NA,NA,NA
2023-09-13,0.0994334277620397,NA,0.00275521937810809,0.00275521937810809,NA,NA,NA,NA
2023-09-14,0.0932011331444759,NA,0.00253849705612582,0.00253849705612582,NA,NA,NA,NA
2023-09-15,0.0878186968838527,NA,0.00235439372856609,0.00235439372856609,NA,NA,NA,NA
2023-09-16,0.0844192634560907,NA,0.0022396421880252,0.0022396421880252,NA,NA,NA,NA
2023-09-17,0.0934844192634561,NA,0.00254826664671829,0.00254826664671829,NA,NA,NA,NA
2023-09-18,0.098300283286119,NA,0.00271553955737261,0.00271553955737261,NA,NA,NA,NA
2023-09-19,0.0920679886685552,NA,0.00249949772908997,0.00249949772908997,NA,NA,NA,NA
2023-09-20,0.0844192634560907,NA,0.0022396421880252,0.0022396421880252,NA,NA,NA,NA
2023-09-21,0.0824362606232295,NA,0.00217326548229117,0.00217326548229117,NA,NA,NA,NA
2023-09-22,0.0793201133144476,NA,0.00206981653382239,0.00206981653382239,NA,NA,NA,NA
2023-09-23,0.0977337110481587,NA,0.00269574508325326,0.00269574508325326,NA,NA,NA,NA
2023-09-24,0.111331444759207,NA,0.00317893856786978,0.00317893856786978,NA,NA,NA,NA
2023-09-25,0.106515580736544,NA,0.00300590547710282,0.00300590547710282,NA,NA,NA,NA
2023-09-26,0.10056657223796,NA,0.00279501951681953,0.00279501951681953,NA,NA,NA,NA
2023-09-27,0.10056657223796,NA,0.00279501951681953,0.00279501951681953,NA,NA,NA,NA
2023-09-28,0.10056657223796,NA,0.00279501951681953,0.00279501951681953,NA,NA,NA,NA
2023-09-29,0.0991501416430595,NA,0.00274528810373366,0.00274528810373366,NA,NA,NA,NA
2023-09-30,0.0951841359773371,NA,0.00260704881620411,0.00260704881620411,NA,NA,NA,NA
2023-10-01,0.0929178470254958,NA,0.00252873535137208,0.00252873535137208,NA,NA,NA,NA
2023-10-02,0.0895184135977337,NA,0.00241221650880614,0.00241221650880614,NA,NA,NA,NA
2023-10-03,0.0878186968838527,NA,0.00235439372856609,0.00235439372856609,NA,NA,NA,NA
2023-10-04,0.0844192634560907,NA,0.0022396421880252,0.0022396421880252,NA,NA,NA,NA
2023-10-05,0.0844192634560907,NA,0.0022396421880252,0.0022396421880252,NA,NA,NA,NA
2023-10-06,0.084985835694051,NA,0.0022586836004087,0.0022586836004087,NA,NA,NA,NA
2023-10-07,0.0929178470254958,NA,0.00252873535137208,0.00252873535137208,NA,NA,NA,NA
2023-10-08,0.0906515580736544,NA,0.00245092774112175,0.00245092774112175,NA,NA,NA,NA
2023-10-09,0.0895184135977337,NA,0.00241221650880614,0.00241221650880614,NA,NA,NA,NA
2023-10-10,0.0934844192634561,NA,0.00254826664671829,0.00254826664671829,NA,NA,NA,NA
2023-10-11,0.0858356940509915,NA,0.00228730895810577,0.00228730895810577,NA,NA,NA,NA
2023-10-12,0.0827195467422096,NA,0.00218272215248644,0.00218272215248644,NA,NA,NA,NA
2023-10-13,0.0779036827195467,NA,0.00202314755488365,0.00202314755488365,NA,NA,NA,NA
2023-10-14,0.0801699716713881,NA,0.00209792463718156,0.00209792463718156,NA,NA,NA,NA
2023-10-15,0.0830028328611898,NA,0.00219218743055551,0.00219218743055551,NA,NA,NA,NA
2023-10-16,0.0804532577903683,NA,0.00210731165169926,0.00210731165169926,NA,NA,NA,NA
2023-10-17,0.0779036827195467,NA,0.00202314755488365,0.00202314755488365,NA,NA,NA,NA
2023-10-18,0.0753541076487252,NA,0.00193971217551942,0.00193971217551942,NA,NA,NA,NA
2023-10-19,0.0702549575070822,NA,0.00177510078446273,0.00177510078446273,NA,NA,NA,NA
2023-10-20,0.0753541076487252,NA,0.00193971217551942,0.00193971217551942,NA,NA,NA,NA
2023-10-21,0.0813031161473088,NA,0.0021355253164402,0.0021355253164402,NA,NA,NA,NA
2023-10-22,0.0813031161473088,NA,0.0021355253164402,0.0021355253164402,NA,NA,NA,NA
2023-10-23,0.0773371104815864,NA,0.00200454276524973,0.00200454276524973,NA,NA,NA,NA
2023-10-24,0.0705382436260623,NA,0.00178416487173753,0.00178416487173753,NA,NA,NA,NA
2023-10-25,0.0694050991501416,NA,0.00174796686650735,0.00174796686650735,NA,NA,NA,NA
2023-10-26,0.0668555240793201,NA,0.00166709710088144,0.00166709710088144,NA,NA,NA,NA
2023-10-27,0.0648725212464589,NA,0.00160476091791289,0.00160476091791289,NA,NA,NA,NA
2023-10-28,0.0668555240793201,NA,0.00166709710088144,0.00166709710088144,NA,NA,NA,NA
2023-10-29,0.0739376770538244,NA,0.00189368065847305,0.00189368065847305,NA,NA,NA,NA
2023-10-30,0.0793201133144476,NA,0.00206981653382239,0.00206981653382239,NA,NA,NA,NA
2023-10-31,0.0793201133144476,NA,0.00206981653382239,0.00206981653382239,NA,NA,NA,NA
2023-11-01,0.0793201133144476,NA,0.00206981653382239,0.00206981653382239,NA,NA,NA,NA
2023-11-02,0.0793201133144476,NA,0.00206981653382239,0.00206981653382239,NA,NA,NA,NA
2023-11-03,0.0793201133144476,NA,0.00206981653382239,0.00206981653382239,NA,NA,NA,NA
2023-11-04,0.0793201133144476,NA,0.00206981653382239,0.00206981653382239,NA,NA,NA,NA
2023-11-05,0.0804532577903683,NA,0.00210731165169926,0.00210731165169926,NA,NA,NA,NA
2023-11-06,0.0798866855524079,NA,0.00208854643072224,0.00208854643072224,NA,NA,NA,NA
2023-11-07,0.0793201133144476,NA,0.00206981653382239,0.00206981653382239,NA,NA,NA,NA
2023-11-08,0.0926345609065156,NA,0.00251898155010488,0.00251898155010488,NA,NA,NA,NA
2023-11-09,0.0730878186968839,NA,0.00186617370930293,0.00186617370930293,NA,NA,NA,NA
2023-11-10,0.0776203966005666,NA,0.00201384065026762,0.00201384065026762,NA,NA,NA,NA
2023-11-11,0.0793201133144476,NA,0.00206981653382239,0.00206981653382239,NA,NA,NA,NA
2023-11-12,0.0793201133144476,NA,0.00206981653382239,0.00206981653382239,NA,NA,NA,NA
2023-11-13,0.0793201133144476,NA,0.00206981653382239,0.00206981653382239,NA,NA,NA,NA
2023-11-14,0.0767705382436261,NA,0.00198597415116178,0.00198597415116178,NA,NA,NA,NA
2023-11-15,0.0742209631728045,NA,0.00190286837149251,0.00190286837149251,NA,NA,NA,NA
2023-11-16,0.0742209631728045,NA,0.00190286837149251,0.00190286837149251,NA,NA,NA,NA
2023-11-17,0.0742209631728045,NA,0.00190286837149251,0.00190286837149251,NA,NA,NA,NA
2023-11-18,0.0742209631728045,NA,0.00190286837149251,0.00190286837149251,NA,NA,NA,NA
2023-11-19,0.0742209631728045,NA,0.00190286837149251,0.00190286837149251,NA,NA,NA,NA
2023-11-20,0.0722379603399433,NA,0.00183875160469125,0.00183875160469125,NA,NA,NA,NA
2023-11-21,0.28328611898017,NA,0.0103668599887087,0.0103668599887087,NA,NA,NA,NA
2023-11-22,0.373937677053824,NA,0.0147317390019346,0.0147317390019346,NA,NA,NA,NA
2023-11-23,0.203116147308782,NA,0.00680428024575849,0.00680428024575849,NA,NA,NA,NA
2023-11-24,0.158073654390935,NA,0.00495415729719676,0.00495415729719676,NA,NA,NA,NA
2023-11-25,0.128895184135977,NA,0.00382650766422469,0.00382650766422469,NA,NA,NA,NA
2023-11-26,0.112181303116147,NA,0.00320968329131601,0.00320968329131601,NA,NA,NA,NA
2023-11-27,0.101416430594901,NA,0.00282494797899853,0.00282494797899853,NA,NA,NA,NA
2023-11-28,0.0909348441926346,NA,0.00246062571588514,0.00246062571588514,NA,NA,NA,NA
2023-11-29,0.0872521246458924,NA,0.00233518516582458,0.00233518516582458,NA,NA,NA,NA
2023-11-30,0.0844192634560907,NA,0.0022396421880252,0.0022396421880252,NA,NA,NA,NA
2023-12-01,0.0844192634560907,NA,0.0022396421880252,0.0022396421880252,NA,NA,NA,NA
2023-12-02,0.086685552407932,NA,0.00231600971195792,0.00231600971195792,NA,NA,NA,NA
2023-12-03,0.153824362606232,NA,0.00478620600942879,0.00478620600942879,NA,NA,NA,NA
2023-12-04,0.13314447592068,NA,0.0039868637690312,0.0039868637690312,NA,NA,NA,NA
2023-12-05,0.115014164305949,NA,0.00331261114111603,0.00331261114111603,NA,NA,NA,NA
2023-12-06,0.105099150141643,NA,0.00295540359616681,0.00295540359616681,NA,NA,NA,NA
2023-12-07,0.0963172804532578,NA,0.00264639245662434,0.00264639245662434,NA,NA,NA,NA
2023-12-08,0.0912181303116147,NA,0.00247033172033408,0.00247033172033408,NA,NA,NA,NA
2023-12-09,0.0895184135977337,NA,0.00241221650880614,0.00241221650880614,NA,NA,NA,NA
2023-12-10,0.373937677053824,NA,0.0147317390019346,0.0147317390019346,NA,NA,NA,NA
2023-12-11,0.402266288951841,NA,0.016158237631892,0.016158237631892,NA,NA,NA,NA
2023-12-12,0.258356940509915,NA,0.00922600973134245,0.00922600973134245,NA,NA,NA,NA
2023-12-13,0.204815864022663,NA,0.0068764269020149,0.0068764269020149,NA,NA,NA,NA
2023-12-14,0.171954674220963,NA,0.00551106721838308,0.00551106721838308,NA,NA,NA,NA
2023-12-15,0.153257790368272,NA,0.0047639047576119,0.0047639047576119,NA,NA,NA,NA
2023-12-16,0.139943342776204,NA,0.00424626098367969,0.00424626098367969,NA,NA,NA,NA
2023-12-17,0.164589235127479,NA,0.0052140127265964,0.0052140127265964,NA,NA,NA,NA
2023-12-18,0.281869688385269,NA,0.0103012985075892,0.0103012985075892,NA,NA,NA,NA
2023-12-19,0.214164305949009,NA,0.00727605442462521,0.00727605442462521,NA,NA,NA,NA
2023-12-20,0.180736543909348,NA,0.00586968319305691,0.00586968319305691,NA,NA,NA,NA
2023-12-21,0.162322946175637,NA,0.00512331245560561,0.00512331245560561,NA,NA,NA,NA
2023-12-22,0.149008498583569,NA,0.00459734734123057,0.00459734734123057,NA,NA,NA,NA
2023-12-23,0.139943342776204,NA,0.00424626098367969,0.00424626098367969,NA,NA,NA,NA
2023-12-24,0.13342776203966,NA,0.00399760308490726,0.00399760308490726,NA,NA,NA,NA
2023-12-25,0.127195467422096,NA,0.00376275490644216,0.00376275490644216,NA,NA,NA,NA
2023-12-26,0.249008498583569,NA,0.00880553290104681,0.00880553290104681,NA,NA,NA,NA
2023-12-27,1.08215297450425,NA,0.0565388864360825,0.0565388864360825,NA,NA,NA,NA
2023-12-28,0.611898016997167,NA,0.0274761098435271,0.0274761098435271,NA,NA,NA,NA
2023-12-29,0.424929178470255,NA,0.0173189126160963,0.0173189126160963,NA,NA,NA,NA
2023-12-30,0.337110481586402,NA,0.0129200662416434,0.0129200662416434,NA,NA,NA,NA
2023-12-31,0.278753541076487,NA,0.0101573715934064,0.0101573715934064,NA,NA,NA,NA
2024-01-01,0.242209631728045,NA,0.00850234649017304,0.00850234649017304,6,"Normal",6,"Normal"
2024-01-02,0.21614730878187,NA,0.00736142834575466,0.00736142834575466,5,"Normal",5,"Normal"
2024-01-03,0.2,NA,0.00667242821364039,0.00667242821364039,5,"Normal",5,"Normal"
2024-01-04,0.186402266288952,NA,0.00610353215802761,0.00610353215802761,5,"Normal",5,"Normal"
2024-01-05,0.170538243626062,NA,0.00545367394262681,0.00545367394262681,4,"Normal",5,"Normal"
2024-01-06,0.265439093484419,NA,0.00954726301347248,0.00954726301347248,6,"Normal",6,"Normal"
2024-01-07,0.303116147308782,NA,0.0112937297975607,0.0112937297975607,7,"Normal",7,"Normal"
2024-01-08,0.251274787535411,NA,0.00890708776706219,0.00890708776706219,6,"Normal",6,"Normal"
2024-01-09,2.25495750708215,NA,0.143187692777323,0.143187692777323,10,"High flow",10,"High flow"
2024-01-10,1.37677053824363,NA,0.0766835163790934,0.0766835163790934,10,"High flow",10,"High flow"
2024-01-11,0.86685552407932,NA,0.0426982594284957,0.0426982594284957,10,"High flow",10,"High flow"
2024-01-12,0.711048158640227,NA,0.0332278461099846,0.0332278461099846,10,"High flow",10,"High flow"
2024-01-13,0.657223796033994,NA,0.0300769875601077,0.0300769875601077,10,"High flow",10,"High flow"
2024-01-14,0.572237960339943,NA,0.025241853302365,0.025241853302365,10,"High flow",9,"Normal"
2024-01-15,0.524079320113314,NA,0.0225838728471477,0.0225838728471477,9,"Normal",9,"Normal"
2024-01-16,0.473087818696884,NA,0.0198395923168027,0.0198395923168027,9,"Normal",9,"Normal"
2024-01-17,0.413597733711048,NA,0.0167364628747869,0.0167364628747869,9,"Normal",8,"Normal"
2024-01-18,0.376770538243626,NA,0.0148731348038832,0.0148731348038832,8,"Normal",8,"Normal"
2024-01-19,0.362606232294618,NA,0.0141690147855231,0.0141690147855231,8,"Normal",7,"Normal"
2024-01-20,0.334277620396601,NA,0.0127828036682468,0.0127828036682468,8,"Normal",7,"Normal"
2024-01-21,0.305949008498584,NA,0.0114274852897839,0.0114274852897839,7,"Normal",7,"Normal"
2024-01-22,0.288951841359773,NA,0.0106299742079913,0.0106299742079913,7,"Normal",6,"Normal"
2024-01-23,0.28328611898017,NA,0.0103668599887087,0.0103668599887087,7,"Normal",6,"Normal"
2024-01-24,0.28328611898017,NA,0.0103668599887087,0.0103668599887087,7,"Normal",6,"Normal"
2024-01-25,0.28328611898017,NA,0.0103668599887087,0.0103668599887087,7,"Normal",6,"Normal"
2024-01-26,0.286118980169972,NA,0.0104982440724815,0.0104982440724815,7,"Normal",6,"Normal"
2024-01-27,0.305949008498584,NA,0.0114274852897839,0.0114274852897839,7,"Normal",7,"Normal"
2024-01-28,1.64022662889518,NA,0.0957076063904359,0.0957076063904359,10,"High flow",10,"High flow"
2024-01-29,0.971671388101983,NA,0.0493347387232932,0.0493347387232932,10,"High flow",10,"High flow"
2024-01-30,0.756373937677054,NA,0.0359310289373564,0.0359310289373564,10,"High flow",10,"High flow"
2024-01-31,0.660056657223796,NA,0.0302411656111647,0.0302411656111647,10,"High flow",10,"High flow"
2024-02-01,0.572237960339943,NA,0.025241853302365,0.025241853302365,10,"High flow",9,"Normal"
2024-02-02,0.504249291784703,NA,0.0215078137121392,0.0215078137121392,9,"Normal",9,"Normal"
2024-02-03,0.453257790368272,NA,0.0187929833860631,0.0187929833860631,9,"Normal",8,"Normal"
2024-02-04,0.422096317280453,NA,0.0171729087414955,0.0171729087414955,9,"Normal",8,"Normal"
2024-02-05,0.396600566572238,NA,0.0158707362439498,0.0158707362439498,9,"Normal",8,"Normal"
2024-02-06,0.371104815864023,NA,0.0145906274964095,0.0145906274964095,8,"Normal",8,"Normal"
2024-02-07,0.351274787535411,NA,0.0136109437219588,0.0136109437219588,8,"Normal",7,"Normal"
2024-02-08,0.331444759206799,NA,0.0126458497887245,0.0126458497887245,8,"Normal",7,"Normal"
2024-02-09,0.320113314447592,NA,0.0121011603533151,0.0121011603533151,8,"Normal",7,"Normal"
2024-02-10,0.320113314447592,NA,0.0121011603533151,0.0121011603533151,8,"Normal",7,"Normal"
2024-02-11,0.41643059490085,NA,0.0168816825738566,0.0168816825738566,9,"Normal",8,"Normal"
2024-02-12,0.410764872521246,NA,0.0165915071871454,0.0165915071871454,9,"Normal",8,"Normal"
2024-02-13,1.54390934844193,NA,0.0886506743381829,0.0886506743381829,10,"High flow",10,"High flow"
2024-02-14,0.881019830028329,NA,0.0435832059909271,0.0435832059909271,10,"High flow",10,"High flow"
2024-02-15,0.745042492917847,NA,0.0352510891096955,0.0352510891096955,10,"High flow",10,"High flow"
2024-02-16,0.651558073654391,NA,0.0297491957485282,0.0297491957485282,10,"High flow",10,"High flow"
2024-02-17,0.563739376770538,NA,0.024768319726346,0.024768319726346,10,"High flow",9,"Normal"
2024-02-18,0.495750708215297,NA,0.0210500509084003,0.0210500509084003,9,"Normal",9,"Normal"
2024-02-19,0.45042492917847,NA,0.0186444462997154,0.0186444462997154,9,"Normal",8,"Normal"
2024-02-20,0.422096317280453,NA,0.0171729087414955,0.0171729087414955,9,"Normal",8,"Normal"
2024-02-21,0.396600566572238,NA,0.0158707362439498,0.0158707362439498,9,"Normal",8,"Normal"
2024-02-22,0.382436260623229,NA,0.0151567730322938,0.0151567730322938,8,"Normal",8,"Normal"
2024-02-23,0.368271954674221,NA,0.0144498018793684,0.0144498018793684,8,"Normal",8,"Normal"
2024-02-24,0.354107648725212,NA,0.0137500193543805,0.0137500193543805,8,"Normal",7,"Normal"
2024-02-25,0.331444759206799,NA,0.0126458497887245,0.0126458497887245,8,"Normal",7,"Normal"
2024-02-26,0.320113314447592,NA,0.0121011603533151,0.0121011603533151,8,"Normal",7,"Normal"
2024-02-27,0.314447592067989,NA,0.0118307195227432,0.0118307195227432,7,"Normal",7,"Normal"
2024-02-28,0.339943342776204,NA,0.0130576356018403,0.0130576356018403,8,"Normal",7,"Normal"
2024-02-29,0.342776203966006,NA,0.0131955098693571,0.0131955098693571,8,"Normal",7,"Normal"
2024-03-01,0.320113314447592,NA,0.0121011603533151,0.0121011603533151,8,"Normal",7,"Normal"
2024-03-02,0.393767705382436,NA,0.0157273932510882,0.0157273932510882,9,"Normal",8,"Normal"
2024-03-03,0.385269121813031,NA,0.0152990123768583,0.0152990123768583,8,"Normal",8,"Normal"
2024-03-04,0.362606232294618,NA,0.0141690147855231,0.0141690147855231,8,"Normal",7,"Normal"
2024-03-05,0.345609065155807,NA,0.0133336871916834,0.0133336871916834,8,"Normal",7,"Normal"
2024-03-06,0.348441926345609,NA,0.0134721657426733,0.0134721657426733,8,"Normal",7,"Normal"
2024-03-07,0.427762039660057,NA,0.0174651753136267,0.0174651753136267,9,"Normal",8,"Normal"
2024-03-08,0.393767705382436,NA,0.0157273932510882,0.0157273932510882,9,"Normal",8,"Normal"
2024-03-09,0.518413597733711,NA,0.022275304535283,0.022275304535283,9,"Normal",9,"Normal"
2024-03-10,0.592067988668555,NA,0.0263540106784194,0.0263540106784194,10,"High flow",9,"Normal"
2024-03-11,0.529745042492918,NA,0.0228933286888019,0.0228933286888019,9,"Normal",9,"Normal"
2024-03-12,0.487252124645892,NA,0.0205943682597061,0.0205943682597061,9,"Normal",9,"Normal"
2024-03-13,0.453257790368272,NA,0.0187929833860631,0.0187929833860631,9,"Normal",8,"Normal"
2024-03-14,0.424929178470255,NA,0.0173189126160963,0.0173189126160963,9,"Normal",8,"Normal"
2024-03-15,0.402266288951841,NA,0.016158237631892,0.016158237631892,9,"Normal",8,"Normal"
2024-03-16,0.379603399433428,NA,0.0150148133309767,0.0150148133309767,8,"Normal",8,"Normal"
2024-03-17,0.356940509915014,NA,0.013889390889436,0.013889390889436,8,"Normal",7,"Normal"
2024-03-18,0.339943342776204,NA,0.0130576356018403,0.0130576356018403,8,"Normal",7,"Normal"
2024-03-19,0.320113314447592,NA,0.0121011603533151,0.0121011603533151,8,"Normal",7,"Normal"
2024-03-20,0.311614730878187,NA,0.0116959823569998,0.0116959823569998,7,"Normal",7,"Normal"
2024-03-21,0.30028328611898,NA,0.0111603059984556,0.0111603059984556,7,"Normal",6,"Normal"
2024-03-22,0.294617563739377,NA,0.0108944626976302,0.0108944626976302,7,"Normal",6,"Normal"
2024-03-23,0.439093484419263,NA,0.0180527893510818,0.0180527893510818,9,"Normal",8,"Normal"
2024-03-24,0.371104815864023,NA,0.0145906274964095,0.0145906274964095,8,"Normal",8,"Normal"
2024-03-25,0.342776203966006,NA,0.0131955098693571,0.0131955098693571,8,"Normal",7,"Normal"
2024-03-26,0.325779036827196,NA,0.0123728758814558,0.0123728758814558,8,"Normal",7,"Normal"
2024-03-27,0.325779036827196,NA,0.0123728758814558,0.0123728758814558,8,"Normal",7,"Normal"
2024-03-28,0.31728045325779,NA,0.0119657795613456,0.0119657795613456,7,"Normal",7,"Normal"
2024-03-29,0.297450424929179,NA,0.0110272161875107,0.0110272161875107,7,"Normal",6,"Normal"
2024-03-30,0.288951841359773,NA,0.0106299742079913,0.0106299742079913,7,"Normal",6,"Normal"
2024-03-31,0.294617563739377,NA,0.0108944626976302,0.0108944626976302,7,"Normal",6,"Normal"
2024-04-01,0.30028328611898,NA,0.0111603059984556,0.0111603059984556,7,"Normal",7,"Normal"
2024-04-02,0.337110481586402,NA,0.0129200662416434,0.0129200662416434,8,"Normal",7,"Normal"
2024-04-03,0.592067988668555,NA,0.0263540106784194,0.0263540106784194,10,"High flow",9,"Normal"
2024-04-04,0.552407932011332,NA,0.0241398896426936,0.0241398896426936,9,"Normal",9,"Normal"
2024-04-05,0.475920679886686,NA,0.0199900732557523,0.0199900732557523,9,"Normal",9,"Normal"
2024-04-06,0.424929178470255,NA,0.0173189126160963,0.0173189126160963,9,"Normal",8,"Normal"
2024-04-07,0.388101983002833,NA,0.0154415298532368,0.0154415298532368,8,"Normal",8,"Normal"
2024-04-08,0.365439093484419,NA,0.0143092637640905,0.0143092637640905,8,"Normal",8,"Normal"
2024-04-09,0.348441926345609,NA,0.0134721657426733,0.0134721657426733,8,"Normal",7,"Normal"
2024-04-10,0.337110481586402,NA,0.0129200662416434,0.0129200662416434,8,"Normal",7,"Normal"
2024-04-11,0.461756373937677,NA,0.0192400712057212,0.0192400712057212,9,"Normal",8,"Normal"
2024-04-12,0.835694050991502,NA,0.040764936294627,0.040764936294627,10,"High flow",10,"High flow"
2024-04-13,0.56657223796034,NA,0.0249259549725148,0.0249259549725148,10,"High flow",9,"Normal"
2024-04-14,0.487252124645892,NA,0.0205943682597061,0.0205943682597061,9,"Normal",9,"Normal"
2024-04-15,0.430594900849858,NA,0.0176116955742749,0.0176116955742749,9,"Normal",8,"Normal"
2024-04-16,0.388101983002833,NA,0.0154415298532368,0.0154415298532368,8,"Normal",8,"Normal"
2024-04-17,0.362606232294618,NA,0.0141690147855231,0.0141690147855231,8,"Normal",7,"Normal"
2024-04-18,0.339943342776204,NA,0.0130576356018403,0.0130576356018403,8,"Normal",7,"Normal"
2024-04-19,0.322946175637394,NA,0.01223685981173,0.01223685981173,8,"Normal",7,"Normal"
2024-04-20,0.305949008498584,NA,0.0114274852897839,0.0114274852897839,7,"Normal",7,"Normal"
2024-04-21,0.291784702549575,NA,0.0107620479005747,0.0107620479005747,7,"Normal",6,"Normal"
2024-04-22,0.279886685552408,NA,0.0102096594529131,0.0102096594529131,7,"Normal",6,"Normal"
2024-04-23,0.271388101983003,0.0108068954530951,0.00981888380813549,0.0108068954530951,7,"Normal",6,"Normal"
2024-04-24,0.263456090651558,0.0111971618366264,0.0094570797870388,0.0111971618366264,6,"Normal",7,"Normal"
2024-04-25,0.258356940509915,0.00968436869364261,0.00922600973134245,0.00968436869364261,6,"Normal",6,"Normal"
2024-04-26,0.246742209631728,0.00855421325977933,0.0087042232936531,0.00855421325977933,6,"Normal",6,"Normal"
2024-04-27,0.237960339943343,0.00843910002542921,0.00831399602682935,0.00843910002542921,6,"Normal",6,"Normal"
2024-04-28,0.232011331444759,0.00852084391324901,0.00805180571010254,0.00852084391324901,6,"Normal",6,"Normal"
2024-04-29,0.222379603399433,0.00841105119431237,0.00763109628195944,0.00841105119431237,6,"Normal",6,"Normal"
2024-04-30,0.213597733711048,0.00788008706497585,0.00725170033995225,0.00788008706497585,5,"Normal",6,"Normal"
2024-05-01,0.206515580736544,0.00829281815941278,0.00694873279912916,0.00829281815941278,5,"Normal",6,"Normal"
2024-05-02,0.198016997167139,0.00765350679807095,0.00658880556866564,0.00765350679807095,5,"Normal",6,"Normal"
2024-05-03,0.189801699716714,0.00722294767615086,0.00624475442286849,0.00722294767615086,5,"Normal",5,"Normal"
2024-05-04,0.191218130311615,0.00637317677143152,0.00630379634720867,0.00637317677143152,5,"Normal",5,"Normal"
2024-05-05,0.207082152974504,0.00748724321125996,0.00697286998476299,0.00748724321125996,5,"Normal",5,"Normal"
2024-05-06,0.356940509915014,0.0325905447473719,0.013889390889436,0.0325905447473719,8,"Normal",10,"High flow"
2024-05-07,0.274504249291785,0.0324079216191254,0.00996179615911185,0.0324079216191254,7,"Normal",10,"High flow"
2024-05-08,0.215297450424929,0.0179286365917045,0.00732481392923936,0.0179286365917045,5,"Normal",8,"Normal"
2024-05-09,0.193484419263456,0.0134460067710329,0.00639850507948367,0.0134460067710329,5,"Normal",7,"Normal"
2024-05-10,0.179320113314448,0.0112338363684544,0.00581152228416788,0.0112338363684544,5,"Normal",7,"Normal"
2024-05-11,0.171671388101983,0.0079427370190895,0.00549957847989375,0.0079427370190895,4,"Normal",6,"Normal"
2024-05-12,0.165439093484419,0.00707161404863448,0.00524811120721658,0.00707161404863448,4,"Normal",5,"Normal"
2024-05-13,0.158073654390935,0.00571371519714664,0.00495415729719676,0.00571371519714664,4,"Normal",5,"Normal"
2024-05-14,0.160056657223796,0.00693695872763546,0.00503294799425188,0.00693695872763546,4,"Normal",5,"Normal"
2024-05-15,0.203116147308782,0.00986764665738365,0.00680428024575849,0.00986764665738365,5,"Normal",6,"Normal"
2024-05-16,0.325779036827196,0.00814066390685578,0.0123728758814558,0.00814066390685578,8,"Normal",6,"Normal"
2024-05-17,0.223229461756374,0.00659897208380974,0.00766802626894651,0.00659897208380974,6,"Normal",5,"Normal"
2024-05-18,0.441926345609065,0.0308381033469594,0.0182003275500087,0.0308381033469594,9,"Normal",10,"High flow"
2024-05-19,0.294617563739377,0.0248936043805069,0.0108944626976302,0.0248936043805069,7,"Normal",9,"Normal"
2024-05-20,0.240509915014164,0.0178353023747298,0.00842690007210638,0.0178353023747298,6,"Normal",8,"Normal"
2024-05-21,0.210481586402266,0.0132545286034612,0.0071180604423117,0.0132545286034612,5,"Normal",7,"Normal"
2024-05-22,0.203399433427762,0.0115184687386667,0.0068162935887678,0.0115184687386667,5,"Normal",7,"Normal"
2024-05-23,0.19915014164306,0.0104037571996069,0.00663656283538044,0.0104037571996069,5,"Normal",6,"Normal"
2024-05-24,0.181019830028329,0.00912652358152698,0.00588132994369303,0.00912652358152698,5,"Normal",6,"Normal"
2024-05-25,0.171671388101983,0.00776723207012454,0.00549957847989375,0.00776723207012454,4,"Normal",6,"Normal"
2024-05-26,0.2,0.0113878003057293,0.00667242821364039,0.0113878003057293,5,"Normal",7,"Normal"
2024-05-27,0.224929178470255,0.0176228913482103,0.0077419982523575,0.0176228913482103,6,"Normal",8,"Normal"
2024-05-28,0.180169971671388,0.011153179550532,0.0058464042438316,0.011153179550532,5,"Normal",6,"Normal"
2024-05-29,0.160906515580737,0.00843386226654509,0.00506679509519006,0.00843386226654509,4,"Normal",6,"Normal"
2024-05-30,0.145325779036827,0.00675797806928918,0.00445401359152276,0.00675797806928918,4,"Normal",5,"Normal"
2024-05-31,0.130311614730878,0.00522227830341634,0.003879805970041,0.00522227830341634,3,"Normal",5,"Normal"
2024-06-01,0.125212464589235,0.0048035804882066,0.00368866240452039,0.0048035804882066,3,"Normal",4,"Normal"
2024-06-02,0.125212464589235,0.00475946021530512,0.00368866240452039,0.00475946021530512,3,"Normal",4,"Normal"
2024-06-03,0.123229461756374,0.005401517832791,0.00361488099872913,0.005401517832791,3,"Normal",5,"Normal"
2024-06-04,0.118696883852691,0.00884217124095231,0.00344742584284761,0.00884217124095231,3,"Normal",6,"Normal"
2024-06-05,0.221813031161473,0.0128642144287937,0.0076064971041436,0.0128642144287937,6,"Normal",7,"Normal"
2024-06-06,0.294617563739377,0.0141890282143143,0.0108944626976302,0.0141890282143143,7,"Normal",8,"Normal"
2024-06-07,0.210764872521246,0.00900021506283992,0.00713018793119334,0.00900021506283992,5,"Normal",6,"Normal"
2024-06-08,0.168271954674221,0.00605755159824808,0.00536210815118477,0.00605755159824808,4,"Normal",5,"Normal"
2024-06-09,0.147592067988669,0.00556286442822312,0.00454210628359511,0.00556286442822312,4,"Normal",5,"Normal"
2024-06-10,0.13371104815864,0.00469737462250555,0.0040083484600583,0.00469737462250555,3,"Normal",4,"Normal"
2024-06-11,0.125212464589235,0.00403034171997073,0.00368866240452039,0.00403034171997073,3,"Normal",4,"Normal"
2024-06-12,0.122662889518414,0.00372308302460014,0.00359385824801846,0.00372308302460014,3,"Normal",3,"Normal"
2024-06-13,0.11614730878187,0.00378104082154884,0.00335397218264189,0.00378104082154884,3,"Normal",3,"Normal"
2024-06-14,0.112464589235127,0.00365020682134712,0.00321994531417227,0.00365020682134712,2,"Normal",3,"Normal"
2024-06-15,0.108498583569405,0.003464717217669,0.00307690799790952,0.003464717217669,2,"Normal",3,"Normal"
2024-06-16,0.10056657223796,0.00300516471159094,0.00279501951681953,0.00300516471159094,2,"Normal",3,"Normal"
2024-06-17,0.0994334277620397,0.00287336121333842,0.00275521937810809,0.00287336121333842,2,"Normal",3,"Normal"
2024-06-18,0.0971671388101983,0.00278815698527078,0.00267598107157969,0.00278815698527078,2,"Normal",3,"Normal"
2024-06-19,0.0932011331444759,0.00256231216744574,0.00253849705612582,0.00256231216744574,2,"Normal",2,"Normal"
2024-06-20,0.0881019830028329,0.00241493990947018,0.00236401037663577,0.00241493990947018,1,"Low flow",2,"Normal"
2024-06-21,0.0827195467422096,0.0021588054911019,0.00218272215248644,0.0021588054911019,1,"Low flow",2,"Normal"
2024-06-22,0.0779036827195467,0.00207950355423077,0.00202314755488365,0.00207950355423077,1,"Low flow",2,"Normal"
2024-06-23,0.0742209631728045,0.00197248084075713,0.00190286837149251,0.00197248084075713,1,"Low flow",2,"Normal"
2024-06-24,0.0742209631728045,0.00198191730485848,0.00190286837149251,0.00198191730485848,1,"Low flow",2,"Normal"
2024-06-25,0.0742209631728045,0.00149826333584964,0.00190286837149251,0.00149826333584964,1,"Low flow",1,"Low flow"
2024-06-26,0.0742209631728045,0.00167315185567232,0.00190286837149251,0.00167315185567232,1,"Low flow",1,"Low flow"
2024-06-27,0.0818696883852691,0.00393474051732428,0.00215437805249939,0.00393474051732428,1,"Low flow",4,"Normal"
2024-06-28,0.0776203966005666,0.00299827354278136,0.00201384065026762,0.00299827354278136,1,"Low flow",3,"Normal"
2024-06-29,0.0742209631728045,0.00261248044021149,0.00190286837149251,0.00261248044021149,1,"Low flow",2,"Normal"
2024-06-30,0.0742209631728045,0.00243893121837326,0.00190286837149251,0.00243893121837326,1,"Low flow",2,"Normal"
2024-07-01,0.0730878186968839,0.0018506439958368,0.00186617370930293,0.0018506439958368,1,"Low flow",2,"Normal"
2024-07-02,0.0694050991501416,0.00113205171815467,0.00174796686650735,0.00113205171815467,1,"Low flow",1,"Low flow"
2024-07-03,0.0694050991501416,0.00101369388007431,0.00174796686650735,0.00101369388007431,1,"Low flow",1,"Low flow"
2024-07-04,0.103966005665722,0.00341550305646396,0.00291513196609071,0.00341550305646396,2,"Normal",3,"Normal"
2024-07-05,0.122379603399433,0.00720893381089246,0.00358335653526676,0.00720893381089246,3,"Normal",5,"Normal"
2024-07-06,0.115297450424929,0.00684574958783563,0.00332294129578471,0.00684574958783563,3,"Normal",5,"Normal"
2024-07-07,0.0943342776203966,0.00365288930431216,0.00257762255843716,0.00365288930431216,2,"Normal",3,"Normal"
2024-07-08,0.0827195467422096,0.00286529541685063,0.00218272215248644,0.00286529541685063,1,"Low flow",3,"Normal"
2024-07-09,0.0762039660056657,0.0024825026532154,0.00196744190848142,0.0024825026532154,1,"Low flow",2,"Normal"
2024-07-10,0.0694050991501416,0.00225271810738918,0.00174796686650735,0.00225271810738918,1,"Low flow",2,"Normal"
2024-07-11,0.06657223796034,0.00177859083169629,0.00165816148401042,0.00177859083169629,1,"Low flow",2,"Normal"
2024-07-12,0.0634560906515581,0.0013538048473431,0.00156054312764404,0.0013538048473431,1,"Low flow",1,"Low flow"
2024-07-13,0.0626062322946176,0.0012607928643653,0.00153413767839357,0.0012607928643653,1,"Low flow",1,"Low flow"
2024-07-14,0.0589235127478754,0.000983199717848453,0.00142082501227772,0.000983199717848453,1,"Low flow",1,"Low flow"
2024-07-15,0.0552407932011331,0.000600903467459302,0.00130937934253964,0.000600903467459302,1,"Low flow",1,"Low flow"
2024-07-16,0.0521246458923513,NA,0.00121660432945317,0.00121660432945317,1,"Low flow",1,"Low flow"
2024-07-17,0.105382436260623,0.000690810708353358,0.00296548958936054,0.000690810708353358,2,"Normal",1,"Low flow"
2024-07-18,0.0645892351274788,0.0020715816941969,0.00159589664720444,0.0020715816941969,1,"Low flow",2,"Normal"
2024-07-19,0.0640226628895184,0.00148863866706493,0.00157819910763599,0.00148863866706493,1,"Low flow",1,"Low flow"
2024-07-20,0.0694050991501416,0.00203313979217648,0.00174796686650735,0.00203313979217648,1,"Low flow",2,"Normal"
2024-07-21,0.0722379603399433,0.00193072781381185,0.00183875160469125,0.00193072781381185,1,"Low flow",2,"Normal"
2024-07-22,0.122379603399433,0.00186905295467762,0.00358335653526676,0.00186905295467762,3,"Normal",2,"Normal"
2024-07-23,0.109631728045326,0.00191847415070026,0.00311763633666084,0.00191847415070026,2,"Normal",2,"Normal"
2024-07-24,0.1,0.00221047973359996,0.00277510447049247,0.00221047973359996,2,"Normal",2,"Normal"
2024-07-25,0.103399433427762,0.00261751184069269,0.00289503975886741,0.00261751184069269,2,"Normal",2,"Normal"
2024-07-26,0.0906515580736544,0.00201996698039368,0.00245092774112175,0.00201996698039368,2,"Normal",2,"Normal"
2024-07-27,0.165155807365439,0.00158411789146736,0.00523673986415318,0.00158411789146736,4,"Normal",1,"Low flow"
2024-07-28,0.111048158640227,0.00128948736294456,0.0031687041512512,0.00128948736294456,2,"Normal",1,"Low flow"
2024-07-29,0.0985835694050992,0.00116461536348542,0.0027254481774769,0.00116461536348542,2,"Normal",1,"Low flow"
2024-07-30,0.0909348441926346,0.00115280923937985,0.00246062571588514,0.00115280923937985,2,"Normal",1,"Low flow"
2024-07-31,0.0810198300283286,0.00102279816771491,0.00212611201390664,0.00102279816771491,1,"Low flow",1,"Low flow"
2024-08-01,0.0728045325779037,0.000737218009867354,0.00185702354475564,0.000737218009867354,1,"Low flow",1,"Low flow"
2024-08-02,0.0679886685552408,NA,0.0017029399043551,0.0017029399043551,1,"Low flow",2,"Normal"
2024-08-03,0.0668555240793201,0.000678980988606806,0.00166709710088144,0.000678980988606806,1,"Low flow",1,"Low flow"
2024-08-04,0.0722379603399433,NA,0.00183875160469125,0.00183875160469125,1,"Low flow",2,"Normal"
2024-08-05,0.0634560906515581,NA,0.00156054312764404,0.00156054312764404,1,"Low flow",1,"Low flow"
2024-08-06,0.0606232294617564,NA,0.00147289629820577,0.00147289629820577,1,"Low flow",1,"Low flow"
2024-08-07,0.0606232294617564,NA,0.00147289629820577,0.00147289629820577,1,"Low flow",1,"Low flow"
2024-08-08,0.258073654390935,0.0133582343372047,0.00921320777893206,0.0133582343372047,6,"Normal",7,"Normal"
2024-08-09,0.770538243626062,0.0234453982315614,0.0367847635682224,0.0234453982315614,10,"High flow",9,"Normal"
2024-08-10,0.371104815864023,0.00562944331284312,0.0145906274964095,0.00562944331284312,8,"Normal",5,"Normal"
2024-08-11,0.286118980169972,0.00314509651384436,0.0104982440724815,0.00314509651384436,7,"Normal",3,"Normal"
2024-08-12,0.21728045325779,0.00218995215665354,0.00741030707440107,0.00218995215665354,5,"Normal",2,"Normal"
2024-08-13,0.165155807365439,0.00187362550247254,0.00523673986415318,0.00187362550247254,4,"Normal",2,"Normal"
2024-08-14,0.136260623229462,0.00165099069446969,0.00410532795923075,0.00165099069446969,3,"Normal",1,"Low flow"
2024-08-15,0.118413597733711,0.00147385022245823,0.00343701553578014,0.00147385022245823,3,"Normal",1,"Low flow"
2024-08-16,0.109348441926346,0.00149944427340404,0.00310744371938382,0.00149944427340404,2,"Normal",1,"Low flow"
2024-08-17,0.102832861189802,0.00178470880621104,0.0028749767792186,0.00178470880621104,2,"Normal",2,"Normal"
2024-08-18,0.0974504249291785,0.00157085955514384,0.00268585926149562,0.00157085955514384,2,"Normal",1,"Low flow"
2024-08-19,0.0917847025495751,0.00130680759233464,0.00248976774510884,0.00130680759233464,2,"Normal",1,"Low flow"
2024-08-20,0.0858356940509915,0.000758875232857764,0.00228730895810577,0.000758875232857764,1,"Low flow",1,"Low flow"
2024-08-21,0.0810198300283286,NA,0.00212611201390664,0.00212611201390664,1,"Low flow",2,"Normal"
2024-08-22,0.0762039660056657,NA,0.00196744190848142,0.00196744190848142,1,"Low flow",2,"Normal"
2024-08-23,0.0711048158640227,NA,0.00180232204610217,0.00180232204610217,1,"Low flow",2,"Normal"
2024-08-24,0.0662889518413598,NA,0.00164923596326002,0.00164923596326002,1,"Low flow",1,"Low flow"
2024-08-25,0.0637393767705382,NA,0.00156936590578064,0.00156936590578064,1,"Low flow",1,"Low flow"
2024-08-26,0.0626062322946176,NA,0.00153413767839357,0.00153413767839357,1,"Low flow",1,"Low flow"
2024-08-27,0.0623229461756374,NA,0.00152535693931917,0.00152535693931917,1,"Low flow",1,"Low flow"
2024-08-28,0.0623229461756374,NA,0.00152535693931917,0.00152535693931917,1,"Low flow",1,"Low flow"
2024-08-29,0.0620396600566572,NA,0.00151658679740912,0.00151658679740912,1,"Low flow",1,"Low flow"
2024-08-30,0.0654390934844193,NA,0.00162252029556804,0.00162252029556804,1,"Low flow",1,"Low flow"
2024-08-31,0.0937677053824363,0.00555915239221176,0.00255804410559447,0.00555915239221176,2,"Normal",5,"Normal"
2024-09-01,0.124362606232295,0.00843588286338821,0.00365700349704578,0.00843588286338821,3,"Normal",6,"Normal"
2024-09-02,0.103116147308782,0.0031579307090923,0.00288500460823719,0.0031579307090923,2,"Normal",3,"Normal"
2024-09-03,0.0912181303116147,0.00164051633285676,0.00247033172033408,0.00164051633285676,2,"Normal",1,"Low flow"
2024-09-04,0.08328611898017,0.00119813097923466,0.00220166129491505,0.00119813097923466,1,"Low flow",1,"Low flow"
2024-09-05,0.0781869688385269,0.00098487338199522,0.00203246345500112,0.00098487338199522,1,"Low flow",1,"Low flow"
2024-09-06,0.0728045325779037,0.000948781342399995,0.00185702354475564,0.000948781342399995,1,"Low flow",1,"Low flow"
2024-09-07,0.0679886685552408,0.000956852794860042,0.0017029399043551,0.000956852794860042,1,"Low flow",1,"Low flow"
2024-09-08,0.0654390934844193,0.000527829999284193,0.00162252029556804,0.000527829999284193,1,"Low flow",1,"Low flow"
2024-09-09,0.0631728045325779,NA,0.00155173080737783,0.00155173080737783,1,"Low flow",1,"Low flow"
2024-09-10,0.0609065155807365,NA,0.00148161291591152,0.00148161291591152,1,"Low flow",1,"Low flow"
2024-09-11,0.0606232294617564,NA,0.00147289629820577,0.00147289629820577,1,"Low flow",1,"Low flow"
2024-09-12,0.0606232294617564,NA,0.00147289629820577,0.00147289629820577,1,"Low flow",1,"Low flow"
2024-09-13,0.0606232294617564,NA,0.00147289629820577,0.00147289629820577,1,"Low flow",1,"Low flow"
2024-09-14,0.0606232294617564,NA,0.00147289629820577,0.00147289629820577,1,"Low flow",1,"Low flow"
2024-09-15,0.0606232294617564,NA,0.00147289629820577,0.00147289629820577,1,"Low flow",1,"Low flow"
2024-09-16,0.0606232294617564,NA,0.00147289629820577,0.00147289629820577,1,"Low flow",1,"Low flow"
2024-09-17,0.0847025495750708,0.000757522761864299,0.0022491586645046,0.000757522761864299,1,"Low flow",1,"Low flow"
2024-09-18,0.174220963172805,0.00219891182240629,0.00560315767853134,0.00219891182240629,4,"Normal",2,"Normal"
2024-09-19,0.177903682719547,0.00253099055119636,0.00575348329893268,0.00253099055119636,4,"Normal",2,"Normal"
2024-09-20,0.154107648725212,0.00215197802274518,0.00479736482642885,0.00215197802274518,4,"Normal",2,"Normal"
2024-09-21,0.11643059490085,0.0017015524059539,0.00336432924556857,0.0017015524059539,3,"Normal",1,"Low flow"
2024-09-22,0.103682719546742,0.00139771000072499,0.0029050822163738,0.00139771000072499,2,"Normal",1,"Low flow"
2024-09-23,0.096600566572238,0.00184392089646801,0.00265624765268676,0.00184392089646801,2,"Normal",2,"Normal"
2024-09-24,0.207082152974504,0.007047966909468,0.00697286998476299,0.007047966909468,5,"Normal",5,"Normal"
2024-09-25,0.388101983002833,0.0319073378267076,0.0154415298532368,0.0319073378267076,8,"Normal",10,"High flow"
2024-09-26,0.730878186968839,0.0427918509718846,0.0344050237643832,0.0427918509718846,10,"High flow",10,"High flow"
2024-09-27,2.81019830028329,0.216267245996716,0.189191646726231,0.216267245996716,10,"High flow",10,"High flow"
2024-09-28,1.19546742209632,0.0510407870572719,0.0641337028128789,0.0510407870572719,10,"High flow",10,"High flow"
2024-09-29,0.674220963172805,0.0202411146508644,0.0310648537485675,0.0202411146508644,10,"High flow",9,"Normal"
2024-09-30,0.60056657223796,0.0161859607737858,0.0268337071302186,0.0161859607737858,10,"High flow",8,"Normal"
2024-10-01,0.504249291784703,0.042278783419765,0.0215078137121392,0.042278783419765,9,"Normal",10,"High flow"
2024-10-02,0.43342776203966,0.0546521360876978,0.0177584721526165,0.0546521360876978,9,"Normal",10,"High flow"
2024-10-03,0.382436260623229,0.0273979171069866,0.0151567730322938,0.0273979171069866,8,"Normal",9,"Normal"
2024-10-04,0.354107648725212,0.0183875395143515,0.0137500193543805,0.0183875395143515,8,"Normal",8,"Normal"
2024-10-05,0.322946175637394,0.0139934347968987,0.01223685981173,0.0139934347968987,8,"Normal",7,"Normal"
2024-10-06,0.294617563739377,0.0110786080654387,0.0108944626976302,0.0110786080654387,7,"Normal",6,"Normal"
2024-10-07,0.270538243626062,0.0100669841440969,0.00977998310509995,0.0100669841440969,7,"Normal",6,"Normal"
2024-10-08,0.240793201133145,0.00802534915229851,0.00843946466711782,0.00802534915229851,6,"Normal",6,"Normal"
2024-10-09,0.21728045325779,0.00641556030365335,0.00741030707440107,0.00641556030365335,5,"Normal",5,"Normal"
2024-10-10,0.20028328611898,0.00523524832673671,0.00668439234856535,0.00523524832673671,5,"Normal",5,"Normal"
2024-10-11,0.176770538243626,0.00451331038181614,0.00570714037397402,0.00451331038181614,4,"Normal",4,"Normal"
2024-10-12,0.16628895184136,0.00405544581133266,0.00528225625541554,0.00405544581133266,4,"Normal",4,"Normal"
2024-10-13,0.158923512747875,0.0038157332318203,0.00498789277799473,0.0038157332318203,4,"Normal",3,"Normal"
2024-10-14,0.155807365439093,0.00395912941878056,0.00486443194088748,0.00395912941878056,4,"Normal",4,"Normal"
2024-10-15,0.14929178470255,0.00308708271363841,0.00460841234585649,0.00308708271363841,4,"Normal",3,"Normal"
2024-10-16,0.147025495750708,0.00304217478567153,0.00452004919137392,0.00304217478567153,4,"Normal",3,"Normal"
2024-10-17,0.145325779036827,0.00274124953566097,0.00445401359152276,0.00274124953566097,4,"Normal",3,"Normal"
2024-10-18,0.136827195467422,0.002485702379319,0.0041269448264793,0.002485702379319,3,"Normal",2,"Normal"
2024-10-19,0.135694050991501,0.00243124785514091,0.00408373495806208,0.00243124785514091,3,"Normal",2,"Normal"
2024-10-20,0.136827195467422,0.00258417576084578,0.0041269448264793,0.00258417576084578,4,"Normal",2,"Normal"
2024-10-21,0.137677053824363,0.00271987476204661,0.00415941471755963,0.00271987476204661,4,"Normal",3,"Normal"
2024-10-22,0.131444759206799,0.00276230082737267,0.00392255565101547,0.00276230082737267,3,"Normal",3,"Normal"
2024-10-23,0.126345609065156,0.00283068585129013,0.00373096311479957,0.00283068585129013,3,"Normal",3,"Normal"
2024-10-24,0.121813031161473,0.00338298879380249,0.00356237248973466,0.00338298879380249,3,"Normal",3,"Normal"
2024-10-25,0.122379603399433,0.00276854050406026,0.00358335653526676,0.00276854050406026,3,"Normal",3,"Normal"
2024-10-26,0.126062322946176,0.00322730253032768,0.00372037845085886,0.00322730253032768,3,"Normal",3,"Normal"
2024-10-27,0.124929178470255,0.00253645015939884,0.00367810307252202,0.00253645015939884,3,"Normal",2,"Normal"
2024-10-28,0.123512747875354,0.00248201330963698,0.0036254020149137,0.00248201330963698,3,"Normal",2,"Normal"
2024-10-29,0.122379603399433,0.00316406643758311,0.00358335653526676,0.00316406643758311,3,"Normal",3,"Normal"
2024-10-30,0.123512747875354,0.00346756173705596,0.0036254020149137,0.00346756173705596,3,"Normal",3,"Normal"
2024-10-31,0.126912181303116,0.00385037737746886,0.00375215135293516,0.00385037737746886,3,"Normal",3,"Normal"
2024-11-01,0.125495750708215,0.00443715388352723,0.00369922808525382,0.00443715388352723,3,"Normal",4,"Normal"
2024-11-02,0.124362606232295,0.00366234792870667,0.00365700349704578,0.00366234792870667,3,"Normal",3,"Normal"
2024-11-03,0.122946175637394,0.00296313886448112,0.00360436640614223,0.00296313886448112,3,"Normal",3,"Normal"
2024-11-04,0.121813031161473,0.00286789850080419,0.00356237248973466,0.00286789850080419,3,"Normal",3,"Normal"
2024-11-05,0.120396600566572,0.00334506080348779,0.00351002594204068,0.00334506080348779,3,"Normal",3,"Normal"
2024-11-06,0.119263456090652,0.00417892848340886,0.00346826625390763,0.00417892848340886,3,"Normal",4,"Normal"
2024-11-07,0.117847025495751,0.00456737466095676,0.00341621477655052,0.00456737466095676,3,"Normal",4,"Normal"
2024-11-08,0.115297450424929,0.00452589182305745,0.00332294129578471,0.00452589182305745,3,"Normal",4,"Normal"
2024-11-09,0.108498583569405,0.00349067297931886,0.00307690799790952,0.00349067297931886,2,"Normal",3,"Normal"
2024-11-10,0.107365439093484,0.00325458497845478,0.00303629250993952,0.00325458497845478,2,"Normal",3,"Normal"
2024-11-11,0.110481586402266,0.00435607626779713,0.00314825613248678,0.00435607626779713,2,"Normal",4,"Normal"
2024-11-12,0.109631728045326,0.00400390623111024,0.00311763633666084,0.00400390623111024,2,"Normal",4,"Normal"
2024-11-13,0.102266288951841,0.00299155118593005,0.00285494314531071,0.00299155118593005,2,"Normal",3,"Normal"
2024-11-14,0.171104815864023,0.0115537839235126,0.00547661611567455,0.0115537839235126,4,"Normal",7,"Normal"
2024-11-15,0.19971671388102,0.0183483959080326,0.00666046858000753,0.0183483959080326,5,"Normal",8,"Normal"
2024-11-16,0.147875354107649,0.008694758755907,0.00455314327354977,0.008694758755907,4,"Normal",6,"Normal"
2024-11-17,0.128895184135977,0.00526757428021752,0.00382650766422469,0.00526757428021752,3,"Normal",5,"Normal"
2024-11-18,0.118980169971671,0.00469492280024699,0.00345784275273947,0.00469492280024699,3,"Normal",4,"Normal"
2024-11-19,0.114730878186969,0.00495382154243064,0.00330228774387287,0.00495382154243064,3,"Normal",4,"Normal"
2024-11-20,0.11671388101983,0.00750128902748422,0.00337469300545543,0.00750128902748422,3,"Normal",5,"Normal"
2024-11-21,0.121246458923513,0.00600775749025164,0.00354141435769826,0.00600775749025164,3,"Normal",5,"Normal"
2024-11-22,0.11728045325779,0.00463770396026894,0.00339544056839896,0.00463770396026894,3,"Normal",4,"Normal"
2024-11-23,0.114730878186969,0.00444525641104381,0.00330228774387287,0.00444525641104381,3,"Normal",4,"Normal"
2024-11-24,0.114730878186969,0.00387814829868397,0.00330228774387287,0.00387814829868397,3,"Normal",4,"Normal"
2024-11-25,0.114730878186969,0.00355785294731222,0.00330228774387287,0.00355785294731222,3,"Normal",3,"Normal"
2024-11-26,0.114730878186969,0.00433476318221892,0.00330228774387287,0.00433476318221892,3,"Normal",4,"Normal"
2024-11-27,0.114730878186969,0.00340908405262626,0.00330228774387287,0.00340908405262626,3,"Normal",3,"Normal"
2024-11-28,0.118130311614731,0.00490944102624529,0.00342661184313304,0.00490944102624529,3,"Normal",4,"Normal"
2024-11-29,0.114730878186969,0.00428812640267082,0.00330228774387287,0.00428812640267082,3,"Normal",4,"Normal"
2024-11-30,0.114730878186969,0.00315612694245643,0.00330228774387287,0.00315612694245643,3,"Normal",3,"Normal"
2024-12-01,0.114730878186969,0.00296054273535037,0.00330228774387287,0.00296054273535037,3,"Normal",3,"Normal"
2024-12-02,0.111898016997167,0.00260017622259163,0.0031994281507772,0.00260017622259163,2,"Normal",2,"Normal"
2024-12-03,0.108215297450425,0.00242706184140204,0.00306674351230964,0.00242706184140204,2,"Normal",2,"Normal"
2024-12-04,0.108215297450425,0.00218264519014264,0.00306674351230964,0.00218264519014264,2,"Normal",2,"Normal"
2024-12-05,0.11728045325779,0.00287703586004577,0.00339544056839896,0.00287703586004577,3,"Normal",3,"Normal"
2024-12-06,0.121246458923513,0.00268617938676819,0.00354141435769826,0.00268617938676819,3,"Normal",3,"Normal"
2024-12-07,0.121246458923513,0.00289876815211189,0.00354141435769826,0.00289876815211189,3,"Normal",3,"Normal"
2024-12-08,0.122662889518414,0.00257192510303723,0.00359385824801846,0.00257192510303723,3,"Normal",2,"Normal"
2024-12-09,0.159490084985836,0.00449816378144011,0.00501040975572275,0.00449816378144011,4,"Normal",4,"Normal"
2024-12-10,0.165155807365439,0.00559206460523199,0.00523673986415318,0.00559206460523199,4,"Normal",5,"Normal"
2024-12-11,0.597733711048159,0.0746080687051173,0.0266736066221616,0.0746080687051173,10,"High flow",10,"High flow"
2024-12-12,0.461756373937677,0.042036371109707,0.0192400712057212,0.042036371109707,9,"Normal",10,"High flow"
2024-12-13,0.342776203966006,0.0206094539291321,0.0131955098693571,0.0206094539291321,8,"Normal",9,"Normal"
2024-12-14,0.288951841359773,0.0145615423986524,0.0106299742079913,0.0145615423986524,7,"Normal",8,"Normal"
2024-12-15,0.28328611898017,0.0140030826091768,0.0103668599887087,0.0140030826091768,7,"Normal",7,"Normal"
2024-12-16,0.430594900849858,0.044121915522059,0.0176116955742749,0.044121915522059,9,"Normal",10,"High flow"
2024-12-17,0.382436260623229,0.0419686395494158,0.0151567730322938,0.0419686395494158,8,"Normal",10,"High flow"
2024-12-18,0.339943342776204,0.0305307932391505,0.0130576356018403,0.0305307932391505,8,"Normal",10,"High flow"
2024-12-19,0.305949008498584,0.0246427445600222,0.0114274852897839,0.0246427445600222,7,"Normal",9,"Normal"
2024-12-20,0.286118980169972,0.020889797273745,0.0104982440724815,0.020889797273745,7,"Normal",9,"Normal"
2024-12-21,0.264305949008499,0.0179814855659208,0.00949570773909939,0.0179814855659208,6,"Normal",8,"Normal"
2024-12-22,0.243626062322946,0.0135287574209858,0.00856532608438475,0.0135287574209858,6,"Normal",7,"Normal"
2024-12-23,0.23371104815864,0.0111335144080738,0.00812653704235776,0.0111335144080738,6,"Normal",6,"Normal"
2024-12-24,0.226345609065156,0.0107648000861865,0.00780375516275318,0.0107648000861865,6,"Normal",6,"Normal"
2024-12-25,0.222662889518414,0.0114966813602186,0.00764340211881095,0.0114966813602186,6,"Normal",7,"Normal"
2024-12-26,0.222662889518414,0.010459073211548,0.00764340211881095,0.010459073211548,6,"Normal",6,"Normal"
2024-12-27,0.213881019830028,0.00960749515056572,0.00726387523985619,0.00960749515056572,5,"Normal",6,"Normal"
2024-12-28,0.239376770538244,0.0136477732246773,0.00837668103722535,0.0136477732246773,6,"Normal",7,"Normal"
2024-12-29,0.30028328611898,0.0277489086676403,0.0111603059984556,0.0277489086676403,7,"Normal",9,"Normal"
2024-12-30,0.359773371104816,0.0682953582674062,0.0140290566007436,0.0682953582674062,8,"Normal",10,"High flow"
2024-12-31,0.334277620396601,0.0499594492408844,0.0127828036682468,0.0499594492408844,8,"Normal",10,"High flow"
2025-01-01,0.303116147308782,0.0417611155878986,0.0112937297975607,0.0417611155878986,7,"Normal",10,"High flow"
2025-01-02,0.280169971671388,0.0285542055600691,0.0102227402165859,0.0285542055600691,7,"Normal",9,"Normal"
2025-01-03,0.26600566572238,0.0243198533747071,0.00957306260098781,0.0243198533747071,6,"Normal",9,"Normal"
2025-01-04,0.252974504249292,0.0201057569570208,0.00898341388823745,0.0201057569570208,6,"Normal",9,"Normal"
2025-01-05,0.242492917847026,0.0165674826106296,0.00851493460075168,0.0165674826106296,6,"Normal",8,"Normal"
2025-01-06,0.314447592067989,0.024473759976994,0.0118307195227432,0.024473759976994,7,"Normal",9,"Normal"
2025-01-07,0.30028328611898,0.0267213334130484,0.0111603059984556,0.0267213334130484,7,"Normal",9,"Normal"
2025-01-08,0.271954674220963,0.0184688868469154,0.00984483560197546,0.0184688868469154,7,"Normal",8,"Normal"
2025-01-09,0.254107648725213,0.0180140581894854,0.00903437376928628,0.0180140581894854,6,"Normal",8,"Normal"
2025-01-10,0.232011331444759,0.0187449719305867,0.00805180571010254,0.0187449719305867,6,"Normal",8,"Normal"
2025-01-11,0.231728045325779,0.0184257753789333,0.00803936459421887,0.0184257753789333,6,"Normal",8,"Normal"
2025-01-12,0.219830028328612,0.0151119603952678,0.00752053159987544,0.0151119603952678,6,"Normal",8,"Normal"
2025-01-13,0.213881019830028,0.0145554675613216,0.00726387523985619,0.0145554675613216,5,"Normal",8,"Normal"
2025-01-14,0.213881019830028,0.0194602531576312,0.00726387523985619,0.0194602531576312,5,"Normal",8,"Normal"
2025-01-15,0.207648725212465,0.0215830904692115,0.00699702472131119,0.0215830904692115,5,"Normal",9,"Normal"
2025-01-16,0.205099150141643,0.0218111281832866,0.00688846685266618,0.0218111281832866,5,"Normal",9,"Normal"
2025-01-17,0.207648725212465,0.0195801350338917,0.00699702472131119,0.0195801350338917,5,"Normal",9,"Normal"
2025-01-18,0.230594900849858,0.0226375992034661,0.00798964056669549,0.0226375992034661,6,"Normal",9,"Normal"
2025-01-19,0.314447592067989,0.0398121596618692,0.0118307195227432,0.0398121596618692,7,"Normal",10,"High flow"
2025-01-20,0.342776203966006,0.0467576044605561,0.0131955098693571,0.0467576044605561,8,"Normal",10,"High flow"
2025-01-21,0.291784702549575,0.0605601110482075,0.0107620479005747,0.0605601110482075,7,"Normal",10,"High flow"
2025-01-22,0.263172804532578,0.0552927878389988,0.0094442111524789,0.0552927878389988,6,"Normal",10,"High flow"
2025-01-23,0.241076487252125,0.03622838283449,0.00845203318984192,0.03622838283449,6,"Normal",10,"High flow"
2025-01-24,0.241076487252125,0.0218188645707933,0.00845203318984192,0.0218188645707933,6,"Normal",9,"Normal"
2025-01-25,0.234277620396601,0.0195976871090086,0.00815147964282792,0.0195976871090086,6,"Normal",9,"Normal"
2025-01-26,0.231728045325779,0.0173544341439881,0.00803936459421887,0.0173544341439881,6,"Normal",8,"Normal"
2025-01-27,0.23342776203966,0.0163037820654991,0.00811407176248747,0.0163037820654991,6,"Normal",8,"Normal"
2025-01-28,0.23257790368272,0.0163767011296235,0.00807670004728601,0.0163767011296235,6,"Normal",8,"Normal"
2025-01-29,0.231728045325779,0.0220395257565971,0.00803936459421887,0.0220395257565971,6,"Normal",9,"Normal"
2025-01-30,0.231728045325779,0.0250049118352887,0.00803936459421887,0.0250049118352887,6,"Normal",9,"Normal"
2025-01-31,0.773371104815864,0.126367899781808,0.0369560138648081,0.126367899781808,10,"High flow",10,"High flow"
2025-02-01,0.957507082152975,0.105859292895856,0.0484262818028795,0.105859292895856,10,"High flow",10,"High flow"
2025-02-02,0.643059490084986,0.0398186738893269,0.0292589277798876,0.0398186738893269,10,"High flow",10,"High flow"
2025-02-03,0.53257790368272,0.027491715660647,0.023048387246788,0.027491715660647,9,"Normal",9,"Normal"
2025-02-04,0.461756373937677,0.0239552865423105,0.0192400712057212,0.0239552865423105,9,"Normal",9,"Normal"
2025-02-05,0.410764872521246,0.0174882297192916,0.0165915071871454,0.0174882297192916,9,"Normal",8,"Normal"
2025-02-06,0.456090651558074,0.0166974712272863,0.0189417673150393,0.0166974712272863,9,"Normal",8,"Normal"
2025-02-07,0.473087818696884,0.0218654526233748,0.0198395923168027,0.0218654526233748,9,"Normal",9,"Normal"
2025-02-08,0.538243626062323,0.0237097610173567,0.0233591613346271,0.0237097610173567,9,"Normal",9,"Normal"
2025-02-09,0.535410764872521,0.029237031458171,0.0232036650795848,0.029237031458171,9,"Normal",10,"High flow"
2025-02-10,0.473087818696884,NA,0.0198395923168027,0.0198395923168027,9,"Normal",9,"Normal"
2025-02-11,0.481586402266289,NA,0.0202917485635793,0.0202917485635793,9,"Normal",9,"Normal"
2025-02-12,0.643059490084986,NA,0.0292589277798876,0.0292589277798876,10,"High flow",10,"High flow"
2025-02-13,2.01416430594901,NA,0.124117453424993,0.124117453424993,10,"High flow",10,"High flow"
2025-02-14,1.37960339943343,NA,0.076883274660491,0.076883274660491,10,"High flow",10,"High flow"
2025-02-15,9.77337110481587,NA,0.916259335405356,0.916259335405356,10,"High flow",10,"High flow"
2025-02-16,6.40226628895184,NA,0.536415581162731,0.536415581162731,10,"High flow",10,"High flow"
2025-02-17,2.49008498583569,NA,0.162339961820455,0.162339961820455,10,"High flow",10,"High flow"
2025-02-18,1.58640226628895,NA,0.0917500311105623,0.0917500311105623,10,"High flow",10,"High flow"
2025-02-19,1.26912181303116,NA,0.0691751554647702,0.0691751554647702,10,"High flow",10,"High flow"
2025-02-20,1.07365439093484,NA,0.0559774877544001,0.0559774877544001,10,"High flow",10,"High flow"
2025-02-21,0.943342776203966,NA,0.0475213882483461,0.0475213882483461,10,"High flow",10,"High flow"
2025-02-22,0.86685552407932,NA,0.0426982594284957,0.0426982594284957,10,"High flow",10,"High flow"
2025-02-23,0.807365439093484,NA,0.0390238967614428,0.0390238967614428,10,"High flow",10,"High flow"
2025-02-24,0.747875354107649,NA,0.0354208182061885,0.0354208182061885,10,"High flow",10,"High flow"
2025-02-25,0.691218130311615,NA,0.0320593590459877,0.0320593590459877,10,"High flow",10,"High flow"
2025-02-26,0.626062322946176,NA,0.0282835638610954,0.0282835638610954,10,"High flow",9,"Normal"
2025-02-27,0.592067988668555,NA,0.0263540106784194,0.0263540106784194,10,"High flow",9,"Normal"
2025-02-28,0.555240793201133,NA,0.0242966789557648,0.0242966789557648,10,"High flow",9,"Normal"
2025-03-01,0.526912181303116,NA,0.0227384902660936,0.0227384902660936,9,"Normal",9,"Normal"
2025-03-02,0.490084985835694,NA,0.0207460297230523,0.0207460297230523,9,"Normal",9,"Normal"
2025-03-03,0.46742209631728,NA,0.0195393491009724,0.0195393491009724,9,"Normal",9,"Normal"
2025-03-04,0.45042492917847,NA,0.0186444462997154,0.0186444462997154,9,"Normal",8,"Normal"
2025-03-05,1.12464589235127,NA,0.0593633349895878,0.0593633349895878,10,"High flow",10,"High flow"
2025-03-06,0.951841359773371,NA,0.0480638946038488,0.0480638946038488,10,"High flow",10,"High flow"
2025-03-07,0.770538243626062,NA,0.0367847635682224,0.0367847635682224,10,"High flow",10,"High flow"
2025-03-08,0.68271954674221,NA,0.0315612841492627,0.0315612841492627,10,"High flow",10,"High flow"
2025-03-09,0.634560906515581,NA,0.028770378193782,0.028770378193782,10,"High flow",9,"Normal"
2025-03-10,0.597733711048159,NA,0.0266736066221616,0.0266736066221616,10,"High flow",9,"Normal"
2025-03-11,0.572237960339943,NA,0.025241853302365,0.025241853302365,10,"High flow",9,"Normal"
2025-03-12,0.546742209631728,NA,0.0238269522237235,0.0238269522237235,9,"Normal",9,"Normal"
2025-03-13,0.507082152974504,NA,0.0216608590882054,0.0216608590882054,9,"Normal",9,"Normal"
2025-03-14,0.478753541076487,NA,0.0201407923498931,0.0201407923498931,9,"Normal",9,"Normal"
2025-03-15,0.46742209631728,NA,0.0195393491009724,0.0195393491009724,9,"Normal",9,"Normal"
2025-03-16,0.461756373937677,NA,0.0192400712057212,0.0192400712057212,9,"Normal",8,"Normal"
2025-03-17,0.430594900849858,NA,0.0176116955742749,0.0176116955742749,9,"Normal",8,"Normal"
2025-03-18,0.41643059490085,NA,0.0168816825738566,0.0168816825738566,9,"Normal",8,"Normal"
2025-03-19,0.407932011331445,NA,0.0164468168467745,0.0164468168467745,9,"Normal",8,"Normal"
2025-03-20,0.388101983002833,NA,0.0154415298532368,0.0154415298532368,9,"Normal",8,"Normal"
2025-03-21,0.376770538243626,NA,0.0148731348038832,0.0148731348038832,8,"Normal",8,"Normal"
2025-03-22,0.365439093484419,NA,0.0143092637640905,0.0143092637640905,8,"Normal",8,"Normal"
2025-03-23,0.356940509915014,NA,0.013889390889436,0.013889390889436,8,"Normal",7,"Normal"
2025-03-24,0.356940509915014,NA,0.013889390889436,0.013889390889436,8,"Normal",7,"Normal"
2025-03-25,0.345609065155807,NA,0.0133336871916834,0.0133336871916834,8,"Normal",7,"Normal"
2025-03-26,0.334277620396601,NA,0.0127828036682468,0.0127828036682468,8,"Normal",7,"Normal"
2025-03-27,0.322946175637394,NA,0.01223685981173,0.01223685981173,8,"Normal",7,"Normal"
2025-03-28,0.31728045325779,NA,0.0119657795613456,0.0119657795613456,7,"Normal",7,"Normal"
2025-03-29,0.305949008498584,NA,0.0114274852897839,0.0114274852897839,7,"Normal",7,"Normal"
2025-03-30,0.30028328611898,NA,0.0111603059984556,0.0111603059984556,7,"Normal",7,"Normal"
2025-03-31,0.30028328611898,NA,0.0111603059984556,0.0111603059984556,7,"Normal",7,"Normal"
2025-04-01,0.294617563739377,NA,0.0108944626976302,0.0108944626976302,7,"Normal",6,"Normal"
2025-04-02,0.280453257790368,NA,0.010235824494547,0.010235824494547,7,"Normal",6,"Normal"
2025-04-03,0.280453257790368,NA,0.010235824494547,0.010235824494547,7,"Normal",6,"Normal"
2025-04-04,0.280453257790368,NA,0.010235824494547,0.010235824494547,7,"Normal",6,"Normal"
2025-04-05,0.278186968838527,NA,0.010131248817504,0.010131248817504,7,"Normal",6,"Normal"
2025-04-06,0.270254957507082,NA,0.00976702341186975,0.00976702341186975,7,"Normal",6,"Normal"
2025-04-07,0.337110481586402,NA,0.0129200662416434,0.0129200662416434,8,"Normal",7,"Normal"
2025-04-08,0.297450424929179,NA,0.0110272161875107,0.0110272161875107,7,"Normal",6,"Normal"
2025-04-09,0.278470254957507,NA,0.0101443084404416,0.0101443084404416,7,"Normal",6,"Normal"
2025-04-10,0.270254957507082,NA,0.00976702341186975,0.00976702341186975,7,"Normal",6,"Normal"
2025-04-11,0.297450424929179,NA,0.0110272161875107,0.0110272161875107,7,"Normal",6,"Normal"
2025-04-12,0.328611898016997,NA,0.012509206538389,0.012509206538389,8,"Normal",7,"Normal"
2025-04-13,0.288951841359773,NA,0.0106299742079913,0.0106299742079913,7,"Normal",6,"Normal"
2025-04-14,0.274787535410765,NA,0.00997480964980194,0.00997480964980194,7,"Normal",6,"Normal"
2025-04-15,0.270254957507082,NA,0.00976702341186975,0.00976702341186975,7,"Normal",6,"Normal"
2025-04-16,0.26657223796034,0.0346460933196721,0.0095988767915175,0.0346460933196721,6,"Normal",10,"High flow"
2025-04-17,0.256373937677054,0.029656501936117,0.00913647455925236,0.029656501936117,6,"Normal",10,"High flow"
2025-04-18,0.247592067988669,0.0278594368894657,0.00874218555087532,0.0278594368894657,6,"Normal",9,"Normal"
2025-04-19,0.238810198300283,0.0267337297918673,0.00835159517470568,0.0267337297918673,6,"Normal",9,"Normal"
2025-04-20,0.231728045325779,0.0253240659375575,0.00803936459421887,0.0253240659375575,6,"Normal",9,"Normal"
2025-04-21,0.227195467422096,0.0244134779966588,0.00784085866287144,0.0244134779966588,6,"Normal",9,"Normal"
2025-04-22,0.222662889518414,0.0229854470161696,0.00764340211881095,0.0229854470161696,6,"Normal",9,"Normal"
2025-04-23,0.218980169971671,0.0197899492443217,0.00748375215289971,0.0197899492443217,6,"Normal",9,"Normal"
2025-04-24,0.210481586402266,0.0183764525297393,0.0071180604423117,0.0183764525297393,5,"Normal",8,"Normal"
2025-04-25,0.205099150141643,0.0178993016406653,0.00688846685266618,0.0178993016406653,5,"Normal",8,"Normal"
2025-04-26,0.205099150141643,0.0195970481330536,0.00688846685266618,0.0195970481330536,5,"Normal",9,"Normal"
2025-04-27,0.201983002832861,0.0147832590990838,0.00675627142418308,0.0147832590990838,5,"Normal",8,"Normal"
2025-04-28,0.196317280453258,0.0127887424934194,0.00651730579516193,0.0127887424934194,5,"Normal",7,"Normal"
2025-04-29,0.195467422096317,0.0139157810181107,0.00648161744595129,0.0139157810181107,5,"Normal",7,"Normal"
2025-04-30,0.188101983002833,0.0149056702758229,0.00617405853386307,0.0149056702758229,5,"Normal",8,"Normal"
2025-05-01,0.186118980169972,0.0142245942147707,0.00609179432184557,0.0142245942147707,5,"Normal",8,"Normal"
2025-05-02,0.179886685552408,0.0148528004750889,0.00583477205643471,0.0148528004750889,5,"Normal",8,"Normal"
2025-05-03,0.213314447592068,0.0142532379309777,0.00723952972908573,0.0142532379309777,5,"Normal",8,"Normal"
2025-05-04,0.407932011331445,0.036445029135978,0.0164468168467745,0.036445029135978,9,"Normal",10,"High flow"
2025-05-05,0.253824362606232,0.0214497055688038,0.00902162812801444,0.0214497055688038,6,"Normal",9,"Normal"
2025-05-06,0.222662889518414,0.0150752301692889,0.00764340211881095,0.0150752301692889,6,"Normal",8,"Normal"
2025-05-07,0.203966005665722,0.0135495692624448,0.00684033360801843,0.0135495692624448,5,"Normal",7,"Normal"
2025-05-08,0.202832861189802,0.0149011941169187,0.00679227135322626,0.0149011941169187,5,"Normal",8,"Normal"
2025-05-09,0.236543909348442,0.0205116370055461,0.00825141006666133,0.0205116370055461,6,"Normal",9,"Normal"
2025-05-10,0.198300283286119,0.0138182470572439,0.00660073809569884,0.0138182470572439,5,"Normal",7,"Normal"
2025-05-11,0.187252124645892,0.0115522518817074,0.00613877408635985,0.0115522518817074,5,"Normal",7,"Normal"
2025-05-12,0.250991501416431,0.0272175847643747,0.00889438005206278,0.0272175847643747,6,"Normal",9,"Normal"
2025-05-13,3.37110481586402,0.898692195817985,0.238196039235377,0.898692195817985,10,"High flow",10,"High flow"
2025-05-14,2.26345609065156,0.359785848233003,0.143871055779818,0.359785848233003,10,"High flow",10,"High flow"
2025-05-15,1.3314447592068,0.153099509819911,0.0735023444147188,0.153099509819911,10,"High flow",10,"High flow"
2025-05-16,0.94900849858357,0.0833311488974082,0.0478829155792651,0.0833311488974082,10,"High flow",10,"High flow"
2025-05-17,0.790368271954674,0.0571618017655886,0.0379870014999096,0.0571618017655886,10,"High flow",10,"High flow"
2025-05-18,0.634560906515581,0.0377000064669257,0.028770378193782,0.0377000064669257,10,"High flow",10,"High flow"
2025-05-19,0.575070821529745,0.0264724687360917,0.0254001148605828,0.0264724687360917,10,"High flow",9,"Normal"
2025-05-20,0.487252124645892,0.01953723882678,0.0205943682597061,0.01953723882678,9,"Normal",9,"Normal"
2025-05-21,0.490084985835694,0.0200632618743699,0.0207460297230523,0.0200632618743699,9,"Normal",9,"Normal"
2025-05-22,0.424929178470255,0.017311329292348,0.0173189126160963,0.017311329292348,9,"Normal",8,"Normal"
2025-05-23,0.385269121813031,0.013887380486109,0.0152990123768583,0.013887380486109,8,"Normal",7,"Normal"
2025-05-24,0.356940509915014,0.011328256597395,0.013889390889436,0.011328256597395,8,"Normal",7,"Normal"
2025-05-25,0.334277620396601,0.0100638070667294,0.0127828036682468,0.0100638070667294,8,"Normal",6,"Normal"
2025-05-26,0.337110481586402,0.0110294442495969,0.0129200662416434,0.0110294442495969,8,"Normal",6,"Normal"
2025-05-27,0.402266288951841,0.0157520824846029,0.016158237631892,0.0157520824846029,9,"Normal",8,"Normal"
2025-05-28,0.654390934844193,0.0492697060602213,0.0299129974069048,0.0492697060602213,10,"High flow",10,"High flow"
2025-05-29,0.526912181303116,0.099397798835516,0.0227384902660936,0.099397798835516,9,"Normal",10,"High flow"
2025-05-30,0.628895184135977,0.114278846691428,0.0284456414418191,0.114278846691428,10,"High flow",10,"High flow"
2025-05-31,0.631728045325779,0.0860769736435256,0.0286079130992053,0.0860769736435256,10,"High flow",10,"High flow"
2025-06-01,0.512747875354108,0.0392041711295733,0.0219676308659993,0.0392041711295733,9,"Normal",10,"High flow"
2025-06-02,0.453257790368272,0.0213649059053757,0.0187929833860631,0.0213649059053757,9,"Normal",9,"Normal"
2025-06-03,0.410764872521246,0.0151250236320594,0.0165915071871454,0.0151250236320594,9,"Normal",8,"Normal"
2025-06-04,0.382436260623229,0.0132374385487039,0.0151567730322938,0.0132374385487039,8,"Normal",7,"Normal"
2025-06-05,0.356940509915014,0.0117844382149017,0.013889390889436,0.0117844382149017,8,"Normal",7,"Normal"
2025-06-06,0.334277620396601,0.0104511842864516,0.0127828036682468,0.0104511842864516,8,"Normal",6,"Normal"
2025-06-07,0.31728045325779,0.0095762322557401,0.0119657795613456,0.0095762322557401,7,"Normal",6,"Normal"
2025-06-08,0.303116147308782,0.00894768957779082,0.0112937297975607,0.00894768957779082,7,"Normal",6,"Normal"
2025-06-09,0.28328611898017,0.00765039756140849,0.0103668599887087,0.00765039756140849,7,"Normal",6,"Normal"
2025-06-10,0.26657223796034,0.00651954713651693,0.0095988767915175,0.00651954713651693,6,"Normal",5,"Normal"
2025-06-11,0.256373937677054,0.00541972896360495,0.00913647455925236,0.00541972896360495,6,"Normal",5,"Normal"
2025-06-12,0.244475920679887,0.00575766422179683,0.00860316059710872,0.00575766422179683,6,"Normal",5,"Normal"
2025-06-13,0.230028328611898,0.00553619226757934,0.0079648028655583,0.00553619226757934,6,"Normal",5,"Normal"
2025-06-14,0.252974504249292,0.00620179613987499,0.00898341388823745,0.00620179613987499,6,"Normal",5,"Normal"
2025-06-15,0.291784702549575,0.00890270000593337,0.0107620479005747,0.00890270000593337,7,"Normal",6,"Normal"
2025-06-16,0.311614730878187,0.0209093663231843,0.0116959823569998,0.0209093663231843,7,"Normal",9,"Normal"
2025-06-17,0.314447592067989,0.0127623467448363,0.0118307195227432,0.0127623467448363,7,"Normal",7,"Normal"
2025-06-18,0.265155807365439,0.00907141610257213,0.00953436870299264,0.00907141610257213,6,"Normal",6,"Normal"
2025-06-19,0.240793201133145,0.00748811720413748,0.00843946466711782,0.00748811720413748,6,"Normal",5,"Normal"
2025-06-20,0.226062322946176,0.00624098976025309,0.00779139554493712,0.00624098976025309,6,"Normal",5,"Normal"
2025-06-21,0.211048158640227,0.00543412364591463,0.0071423197513702,0.00543412364591463,5,"Normal",5,"Normal"
2025-06-22,0.201416430594901,0.0051245326726894,0.00673229380783438,0.0051245326726894,5,"Normal",4,"Normal"
2025-06-23,0.193767705382436,0.00471673427237678,0.00641036447785307,0.00471673427237678,5,"Normal",4,"Normal"
2025-06-24,0.186118980169972,0.00455237217091705,0.00609179432184557,0.00455237217091705,5,"Normal",4,"Normal"
2025-06-25,0.184419263456091,0.00416260390808192,0.00602146714553494,0.00416260390808192,5,"Normal",4,"Normal"
2025-06-26,0.218696883852691,0.0041309584055417,0.0074715007546497,0.0041309584055417,6,"Normal",4,"Normal"
2025-06-27,0.314447592067989,0.00415865503650527,0.0118307195227432,0.00415865503650527,7,"Normal",4,"Normal"
2025-06-28,0.320113314447592,0.010878498251438,0.0121011603533151,0.010878498251438,8,"Normal",6,"Normal"
2025-06-29,0.274787535410765,0.0531015539603883,0.00997480964980194,0.0531015539603883,7,"Normal",10,"High flow"
2025-06-30,0.217563739376771,0.015372351942866,0.00742253735555799,0.015372351942866,6,"Normal",8,"Normal"
2025-07-01,0.238810198300283,0.0253601460840914,0.00835159517470568,0.0253601460840914,6,"Normal",9,"Normal"
2025-07-02,0.278470254957507,0.0431326124768035,0.0101443084404416,0.0431326124768035,7,"Normal",10,"High flow"
2025-07-03,0.223796033994334,0.0186650856472416,0.00769266702848584,0.0186650856472416,6,"Normal",8,"Normal"
2025-07-04,0.198583569405099,0.0113036884161142,0.00661267515232433,0.0113036884161142,5,"Normal",7,"Normal"
2025-07-05,0.186402266288952,0.00845668915627374,0.00610353215802761,0.00845668915627374,5,"Normal",6,"Normal"
2025-07-06,0.179886685552408,0.00690265377319817,0.00583477205643471,0.00690265377319817,5,"Normal",5,"Normal"
2025-07-07,0.240226628895184,0.00696921912978406,0.0084143394082043,0.00696921912978406,6,"Normal",5,"Normal"
2025-07-08,0.470254957507082,0.0093289399655708,0.0196893505794372,0.0093289399655708,9,"Normal",6,"Normal"
2025-07-09,0.436260623229462,0.0186230828287487,0.0179055038173573,0.0186230828287487,9,"Normal",8,"Normal"
2025-07-10,0.348441926345609,0.0110466291551713,0.0134721657426733,0.0110466291551713,8,"Normal",6,"Normal"
2025-07-11,0.279886685552408,0.00875362376563829,0.0102096594529131,0.00875362376563829,7,"Normal",6,"Normal"
2025-07-12,0.237677053824363,0.00737851940817195,0.00830147089691589,0.00737851940817195,6,"Normal",5,"Normal"
2025-07-13,0.218696883852691,0.00631665357899803,0.0074715007546497,0.00631665357899803,6,"Normal",5,"Normal"
2025-07-14,0.203399433427762,0.00567328721319889,0.0068162935887678,0.00567328721319889,5,"Normal",5,"Normal"
2025-07-15,0.212747875354108,0.00534718094525585,0.00721520139120247,0.00534718094525585,5,"Normal",5,"Normal"
2025-07-16,0.260623229461756,0.0054073133542382,0.00932855937252623,0.0054073133542382,6,"Normal",5,"Normal"
2025-07-17,0.509915014164306,0.00535553531016893,0.0218141317821799,0.00535553531016893,9,"Normal",5,"Normal"
2025-07-18,0.46742209631728,0.00535404003565232,0.0195393491009724,0.00535404003565232,9,"Normal",5,"Normal"
2025-07-19,1.28895184135977,0.0203278381932145,0.0705459981918943,0.0203278381932145,10,"High flow",9,"Normal"
2025-07-20,1.03682719546742,0.0259963985975846,0.0535584775380647,0.0259963985975846,10,"High flow",9,"Normal"
2025-07-21,0.626062322946176,0.0135475417066799,0.0282835638610954,0.0135475417066799,10,"High flow",7,"Normal"
2025-07-22,0.501416430594901,0.00942258931061497,0.0213549965910802,0.00942258931061497,9,"Normal",6,"Normal"
2025-07-23,0.43342776203966,0.00685968025700018,0.0177584721526165,0.00685968025700018,9,"Normal",5,"Normal"
2025-07-24,0.393767705382436,0.00545315292815483,0.0157273932510882,0.00545315292815483,9,"Normal",5,"Normal"
2025-07-25,0.31728045325779,0.00519926708627748,0.0119657795613456,0.00519926708627748,7,"Normal",5,"Normal"
2025-07-26,0.345609065155807,0.00477543815443845,0.0133336871916834,0.00477543815443845,8,"Normal",4,"Normal"
2025-07-27,0.328611898016997,0.00481577342232507,0.012509206538389,0.00481577342232507,8,"Normal",4,"Normal"
2025-07-28,0.294617563739377,0.0045305558036952,0.0108944626976302,0.0045305558036952,7,"Normal",4,"Normal"
2025-07-29,0.259206798866856,0.00532011220070872,0.00926443795544695,0.00532011220070872,6,"Normal",5,"Normal"
2025-07-30,0.592067988668555,0.0045181941691681,0.0263540106784194,0.0045181941691681,10,"High flow",4,"Normal"
2025-07-31,1.06232294617564,0.00490475752580316,0.0552307919146983,0.00490475752580316,10,"High flow",4,"Normal"
2025-08-01,3.25779036827196,0.0105830154648666,0.228107965841111,0.0105830154648666,10,"High flow",6,"Normal"
2025-08-02,1.6742209631728,0.0133535820345142,0.098225037250132,0.0133535820345142,10,"High flow",7,"Normal"
2025-08-03,0.980169971671388,0.00669899350529652,0.0498815073511632,0.00669899350529652,10,"High flow",5,"Normal"
2025-08-04,0.767705382436261,0.00497878385014881,0.0366136804551245,0.00497878385014881,10,"High flow",4,"Normal"
2025-08-05,0.68271954674221,0.00474018116055077,0.0315612841492627,0.00474018116055077,10,"High flow",4,"Normal"
2025-08-06,0.628895184135977,0.00716672027882409,0.0284456414418191,0.00716672027882409,10,"High flow",5,"Normal"
2025-08-07,0.580736543909348,0.00791230921718169,0.0257172589987735,0.00791230921718169,10,"High flow",6,"Normal"
2025-08-08,0.529745042492918,0.00628520259131034,0.0228933286888019,0.00628520259131034,9,"Normal",5,"Normal"
2025-08-09,0.458923512747875,0.00509052383614572,0.0190907969598366,0.00509052383614572,9,"Normal",4,"Normal"
2025-08-10,0.410764872521246,0.00434221803857877,0.0165915071871454,0.00434221803857877,9,"Normal",4,"Normal"
2025-08-11,0.385269121813031,0.00391440850194699,0.0152990123768583,0.00391440850194699,8,"Normal",4,"Normal"
2025-08-12,0.359773371104816,0.00416141676263307,0.0140290566007436,0.00416141676263307,8,"Normal",4,"Normal"
2025-08-13,0.342776203966006,0.00412169316493942,0.0131955098693571,0.00412169316493942,8,"Normal",4,"Normal"
2025-08-14,0.328611898016997,0.00401788180555775,0.012509206538389,0.00401788180555775,8,"Normal",4,"Normal"
2025-08-15,0.314447592067989,0.00380670737965773,0.0118307195227432,0.00380670737965773,7,"Normal",3,"Normal"
2025-08-16,0.291784702549575,0.00329764583659551,0.0107620479005747,0.00329764583659551,7,"Normal",3,"Normal"
2025-08-17,0.277053824362606,0.00311532273664992,0.0100790456788834,0.00311532273664992,7,"Normal",3,"Normal"
2025-08-18,0.264022662889518,0.0027703079525471,0.00948282808324674,0.0027703079525471,6,"Normal",3,"Normal"
2025-08-19,0.258923512747875,0.00242100865819191,0.00925162482259738,0.00242100865819191,6,"Normal",2,"Normal"
2025-08-20,0.256090651558074,0.00266045341323361,0.00912369880001402,0.00266045341323361,6,"Normal",3,"Normal"
2025-08-21,0.311614730878187,0.0291342380169006,0.0116959823569998,0.0291342380169006,7,"Normal",9,"Normal"
2025-08-22,0.388101983002833,0.0431554787848923,0.0154415298532368,0.0431554787848923,9,"Normal",10,"High flow"
2025-08-23,0.31728045325779,0.0186312712524443,0.0119657795613456,0.0186312712524443,7,"Normal",8,"Normal"
2025-08-24,0.311614730878187,0.0117335057879166,0.0116959823569998,0.0117335057879166,7,"Normal",7,"Normal"
2025-08-25,0.30028328611898,0.0083061945032087,0.0111603059984556,0.0083061945032087,7,"Normal",6,"Normal"
2025-08-26,0.262889518413598,0.0054132558599463,0.00943134619748766,0.0054132558599463,6,"Normal",5,"Normal"
2025-08-27,0.243909348441926,0.00392766756479308,0.00857793369892988,0.00392766756479308,6,"Normal",4,"Normal"
2025-08-28,0.228611898016997,0.00326506604323967,0.00790277975986818,0.00326506604323967,6,"Normal",3,"Normal"
2025-08-29,0.220113314447592,0.00323293425083375,0.00753279981965166,0.00323293425083375,6,"Normal",3,"Normal"
2025-08-30,0.213881019830028,0.00291231194810709,0.00726387523985619,0.00291231194810709,5,"Normal",3,"Normal"
2025-08-31,0.211331444759207,0.00273223102402039,0.00715445589857225,0.00273223102402039,5,"Normal",3,"Normal"
2025-09-01,0.202832861189802,0.00245561434687915,0.00679227135322626,0.00245561434687915,5,"Normal",2,"Normal"
2025-09-02,0.194334277620397,0.00216528133249171,0.00643409709112945,0.00216528133249171,5,"Normal",2,"Normal"
2025-09-03,0.188101983002833,0.00203622720013529,0.00617405853386307,0.00203622720013529,5,"Normal",2,"Normal"
2025-09-04,0.190084985835694,0.00242938810170596,0.00625655347286173,0.00242938810170596,5,"Normal",2,"Normal"
2025-09-05,0.193484419263456,0.00294376270885083,0.00639850507948367,0.00294376270885083,5,"Normal",3,"Normal"
2025-09-06,0.185552407932011,0.0029437520072092,0.00606833289113578,0.0029437520072092,5,"Normal",3,"Normal"
2025-09-07,0.18300283286119,0.00244594042709451,0.00596299249882391,0.00244594042709451,5,"Normal",2,"Normal"
2025-09-08,0.178186968838527,0.00153898004768775,0.00576508130804794,0.00153898004768775,5,"Normal",1,"Low flow"
2025-09-09,0.171954674220963,0.00124793426612439,0.00551106721838308,0.00124793426612439,4,"Normal",1,"Low flow"
2025-09-10,0.171954674220963,0.00115022297845614,0.00551106721838308,0.00115022297845614,4,"Normal",1,"Low flow"
2025-09-11,0.171954674220963,0.00117579360671827,0.00551106721838308,0.00117579360671827,4,"Normal",1,"Low flow"
2025-09-12,0.169405099150142,0.0011986624002385,0.0054078503672804,0.0011986624002385,4,"Normal",1,"Low flow"
2025-09-13,0.164022662889518,0.00108773776818447,0.00519130636413168,0.00108773776818447,4,"Normal",1,"Low flow"
2025-09-14,0.162039660056657,0.000815993349134512,0.00511199846268596,0.000815993349134512,4,"Normal",1,"Low flow"
2025-09-15,0.156373937677054,NA,0.00488683098043364,0.00488683098043364,4,"Normal",4,"Normal"
2025-09-16,0.156373937677054,NA,0.00488683098043364,0.00488683098043364,4,"Normal",4,"Normal"
2025-09-17,0.156373937677054,NA,0.00488683098043364,0.00488683098043364,4,"Normal",4,"Normal"
2025-09-18,0.156373937677054,NA,0.00488683098043364,0.00488683098043364,4,"Normal",4,"Normal"
2025-09-19,0.156373937677054,NA,0.00488683098043364,0.00488683098043364,4,"Normal",4,"Normal"
2025-09-20,0.156373937677054,NA,0.00488683098043364,0.00488683098043364,4,"Normal",4,"Normal"
2025-09-21,0.156373937677054,NA,0.00488683098043364,0.00488683098043364,4,"Normal",4,"Normal"
2025-09-22,0.153824362606232,NA,0.00478620600942879,0.00478620600942879,4,"Normal",4,"Normal"
2025-09-23,0.149008498583569,NA,0.00459734734123057,0.00459734734123057,4,"Normal",4,"Normal"
2025-09-24,0.151841359773371,NA,0.0047082475374933,0.0047082475374933,4,"Normal",4,"Normal"
2025-09-25,0.201699716713881,NA,0.00674428037930572,0.00674428037930572,5,"Normal",5,"Normal"
2025-09-26,0.186118980169972,NA,0.00609179432184557,0.00609179432184557,5,"Normal",5,"Normal"
2025-09-27,0.20056657223796,NA,0.00669636098010625,0.00669636098010625,5,"Normal",5,"Normal"
2025-09-28,0.192351274787535,NA,0.00635111365683573,0.00635111365683573,5,"Normal",5,"Normal"
2025-09-29,0.179886685552408,NA,0.00583477205643471,0.00583477205643471,5,"Normal",5,"Normal"
2025-09-30,0.179886685552408,NA,0.00583477205643471,0.00583477205643471,5,"Normal",5,"Normal"
2025-10-01,0.179036827195467,NA,0.00579990471058226,0.00579990471058226,5,"Normal",5,"Normal"
2025-10-02,0.171954674220963,NA,0.00551106721838308,0.00551106721838308,4,"Normal",5,"Normal"
2025-10-03,0.168271954674221,NA,0.00536210815118477,0.00536210815118477,4,"Normal",5,"Normal"
2025-10-04,0.164022662889518,NA,0.00519130636413168,0.00519130636413168,4,"Normal",4,"Normal"
2025-10-05,0.160623229461756,NA,0.00505550743829059,0.00505550743829059,4,"Normal",4,"Normal"
2025-10-06,0.154107648725212,NA,0.00479736482642885,0.00479736482642885,4,"Normal",4,"Normal"
2025-10-07,0.154390934844193,NA,0.00480852909432247,0.00480852909432247,4,"Normal",4,"Normal"
2025-10-08,0.165439093484419,NA,0.00524811120721658,0.00524811120721658,4,"Normal",5,"Normal"
2025-10-09,0.160056657223796,NA,0.00503294799425188,0.00503294799425188,4,"Normal",4,"Normal"
2025-10-10,0.147875354107649,NA,0.00455314327354977,0.00455314327354977,4,"Normal",4,"Normal"
2025-10-11,0.146175637393768,NA,0.00448700589181677,0.00448700589181677,4,"Normal",4,"Normal"
2025-10-12,0.144475920679887,NA,0.00442107250933193,0.00442107250933193,4,"Normal",4,"Normal"
2025-10-13,0.143059490084986,NA,0.00436628512515228,0.00436628512515228,4,"Normal",4,"Normal"
2025-10-14,0.141643059490085,0.00255530366762205,0.00431164166604636,0.00255530366762205,4,"Normal",2,"Normal"
2025-10-15,0.139943342776204,0.0020136290535253,0.00424626098367969,0.0020136290535253,4,"Normal",2,"Normal"
2025-10-16,0.135977337110482,0.00172408994359825,0.00409452847082785,0.00172408994359825,3,"Normal",2,"Normal"
2025-10-17,0.130028328611898,0.0010984132414742,0.00386913393863879,0.0010984132414742,3,"Normal",1,"Low flow"
2025-10-18,0.128611898016997,0.00131419684788983,0.00381586660819301,0.00131419684788983,3,"Normal",1,"Low flow"
2025-10-19,0.135127478753541,0.00186952911321383,0.00406216589610884,0.00186952911321383,3,"Normal",2,"Normal"
2025-10-20,0.146175637393768,0.00137578064900113,0.00448700589181677,0.00137578064900113,4,"Normal",1,"Low flow"
2025-10-21,0.147592067988669,0.00163224306157688,0.00454210628359511,0.00163224306157688,4,"Normal",1,"Low flow"
2025-10-22,0.158073654390935,0.0023451291518702,0.00495415729719676,0.0023451291518702,4,"Normal",2,"Normal"
2025-10-23,0.152691218130312,0.00197164341035461,0.00474162539811356,0.00197164341035461,4,"Normal",2,"Normal"
2025-10-24,0.147592067988669,0.00162689501816861,0.00454210628359511,0.00162689501816861,4,"Normal",1,"Low flow"
2025-10-25,0.146175637393768,0.00127865492774597,0.00448700589181677,0.00127865492774597,4,"Normal",1,"Low flow"
2025-10-26,0.144475920679887,0.00147882134600891,0.00442107250933193,0.00147882134600891,4,"Normal",1,"Low flow"
2025-10-27,0.143059490084986,0.00167901910884629,0.00436628512515228,0.00167901910884629,4,"Normal",1,"Low flow"
2025-10-28,0.141643059490085,0.00190724452762935,0.00431164166604636,0.00190724452762935,4,"Normal",2,"Normal"
2025-10-29,0.152974504249292,0.00326130553257121,0.00475276233760546,0.00326130553257121,4,"Normal",3,"Normal"
2025-10-30,0.325779036827196,0.01644058946556,0.0123728758814558,0.01644058946556,8,"Normal",8,"Normal"
2025-10-31,0.195750708215297,0.00750979568021943,0.00649350899113226,0.00750979568021943,5,"Normal",6,"Normal"
2025-11-01,0.156657223796034,0.00384475697738193,0.00489803859295465,0.00384475697738193,4,"Normal",3,"Normal"
2025-11-02,0.140509915014164,0.00289201103917374,0.00426803123350611,0.00289201103917374,4,"Normal",3,"Normal"
2025-11-03,0.129745042492918,0.00263551913397156,0.00385846808243916,0.00263551913397156,3,"Normal",3,"Normal"
2025-11-04,0.123229461756374,0.00236456922018101,0.00361488099872913,0.00236456922018101,3,"Normal",2,"Normal"
2025-11-05,0.11614730878187,0.00207807807986546,0.00335397218264189,0.00207807807986546,3,"Normal",2,"Normal"
2025-11-06,0.115014164305949,0.0022872790057558,0.00331261114111603,0.0022872790057558,3,"Normal",2,"Normal"
2025-11-07,0.113597733711048,0.00207101533445809,0.00326106197491222,0.00207101533445809,2,"Normal",2,"Normal"
2025-11-08,0.118413597733711,0.00395196060830845,0.00343701553578014,0.00395196060830845,3,"Normal",4,"Normal"
2025-11-09,0.114447592067989,0.00418267790967465,0.00329197111630354,0.00418267790967465,3,"Normal",4,"Normal"
2025-11-10,0.106798866855524,0.00323062914681944,0.00301602735731701,0.00323062914681944,2,"Normal",3,"Normal"
2025-11-11,0.101983002832861,0.00220666288402641,0.00284493737024638,0.00220666288402641,2,"Normal",2,"Normal"
2025-11-12,0.10056657223796,0.00243716523342843,0.00279501951681953,0.00243716523342843,2,"Normal",2,"Normal"
2025-11-13,0.0994334277620397,0.00269672072067077,0.00275521937810809,0.00269672072067077,2,"Normal",3,"Normal"
2025-11-14,0.0980169971671388,0.00248714406492377,0.00270563852060197,0.00248714406492377,2,"Normal",2,"Normal"
2025-11-15,0.0968838526912181,0.00319215586480596,0.00266611052983821,0.00319215586480596,2,"Normal",3,"Normal"
2025-11-16,0.0957507082152975,0.0040815786126085,0.00262670517418398,0.0040815786126085,2,"Normal",4,"Normal"
2025-11-17,0.0943342776203966,0.00257140437921233,0.00257762255843716,0.00257140437921233,2,"Normal",2,"Normal"
2025-11-18,0.0932011331444759,0.00218914966613178,0.00253849705612582,0.00218914966613178,2,"Normal",2,"Normal"
2025-11-19,0.0917847025495751,0.00294191933676914,0.00248976774510884,0.00294191933676914,2,"Normal",3,"Normal"
2025-11-20,0.0926345609065156,0.00310706164691856,0.00251898155010488,0.00310706164691856,2,"Normal",3,"Normal"
2025-11-21,0.0963172804532578,0.00336161355719117,0.00264639245662434,0.00336161355719117,2,"Normal",3,"Normal"
2025-11-22,0.0963172804532578,0.00408566239641022,0.00264639245662434,0.00408566239641022,2,"Normal",4,"Normal"
2025-11-23,0.0951841359773371,0.0034000216887441,0.00260704881620411,0.0034000216887441,2,"Normal",3,"Normal"
2025-11-24,0.0903682719546742,0.00245718886466336,0.0024412378144627,0.00245718886466336,1,"Low flow",2,"Normal"
2025-11-25,0.0903682719546742,0.00239018673874387,0.0024412378144627,0.00239018673874387,1,"Low flow",2,"Normal"
2025-11-26,0.0903682719546742,0.00316486120432208,0.0024412378144627,0.00316486120432208,2,"Normal",3,"Normal"
2025-11-27,0.0895184135977337,0.00224458715816242,0.00241221650880614,0.00224458715816242,1,"Low flow",2,"Normal"
2025-11-28,0.084985835694051,0.00181897181018061,0.0022586836004087,0.00181897181018061,1,"Low flow",2,"Normal"
2025-11-29,0.084985835694051,0.00132377016676997,0.0022586836004087,0.00132377016676997,1,"Low flow",1,"Low flow"
2025-11-30,0.084985835694051,0.00162130526885063,0.0022586836004087,0.00162130526885063,1,"Low flow",1,"Low flow"
2025-12-01,0.084985835694051,0.00164886840411363,0.0022586836004087,0.00164886840411363,1,"Low flow",1,"Low flow"
2025-12-02,0.104249291784703,0.00556115633452071,0.00292518899342186,0.00556115633452071,2,"Normal",5,"Normal"
2025-12-03,0.108215297450425,0.00629404123851081,0.00306674351230964,0.00629404123851081,2,"Normal",5,"Normal"
2025-12-04,0.0937677053824363,0.00407638562858813,0.00255804410559447,0.00407638562858813,2,"Normal",4,"Normal"
2025-12-05,0.0997167138810198,0.00341015517756783,0.00276515817225885,0.00341015517756783,2,"Normal",3,"Normal"
2025-12-06,0.102266288951841,0.00360216916203454,0.00285494314531071,0.00360216916203454,2,"Normal",3,"Normal"
2025-12-07,0.0985835694050992,0.00399474250161622,0.0027254481774769,0.00399474250161622,2,"Normal",4,"Normal"
2025-12-08,0.105949008498584,0.00499730589650448,0.00298568317852152,0.00499730589650448,2,"Normal",4,"Normal"
2025-12-09,0.110764872521246,0.00547473370401225,0.00315847666845091,0.00547473370401225,2,"Normal",5,"Normal"
2025-12-10,0.108215297450425,0.00589797717139363,0.00306674351230964,0.00589797717139363,2,"Normal",5,"Normal"
2025-12-11,0.114730878186969,0.00970281073477965,0.00330228774387287,0.00970281073477965,3,"Normal",6,"Normal"
2025-12-12,0.114730878186969,0.00716170562370327,0.00330228774387287,0.00716170562370327,3,"Normal",5,"Normal"
2025-12-13,0.108781869688385,0.0051010198945391,0.00308707953660669,0.0051010198945391,2,"Normal",4,"Normal"
2025-12-14,0.104532577903683,0.00535014123475381,0.00293525328383974,0.00535014123475381,2,"Normal",5,"Normal"
2025-12-15,0.0951841359773371,0.00498596286883887,0.00260704881620411,0.00498596286883887,2,"Normal",4,"Normal"
2025-12-16,0.0903682719546742,0.00534633857376436,0.0024412378144627,0.00534633857376436,2,"Normal",5,"Normal"
2025-12-17,0.0903682719546742,0.0029696391662761,0.0024412378144627,0.0029696391662761,2,"Normal",3,"Normal"
2025-12-18,0.0934844192634561,0.00360972552238401,0.00254826664671829,0.00360972552238401,2,"Normal",3,"Normal"
2025-12-19,0.184985835694051,0.012784941656361,0.00604489048477545,0.012784941656361,5,"Normal",7,"Normal"
2025-12-20,0.146175637393768,0.0093534232765068,0.00448700589181677,0.0093534232765068,4,"Normal",6,"Normal"
2025-12-21,0.122662889518414,0.00665522942232202,0.00359385824801846,0.00665522942232202,3,"Normal",5,"Normal"
2025-12-22,0.109915014164306,0.00419732756315671,0.00312783595342837,0.00419732756315671,2,"Normal",4,"Normal"
2025-12-23,0.106798866855524,0.00469482081884622,0.00301602735731701,0.00469482081884622,2,"Normal",4,"Normal"
2025-12-24,0.1,0.00552969736433669,0.00277510447049247,0.00552969736433669,2,"Normal",5,"Normal"
2025-12-25,0.109915014164306,0.00552619731058437,0.00312783595342837,0.00552619731058437,2,"Normal",5,"Normal"
2025-12-26,0.113597733711048,0.00570071619516024,0.00326106197491222,0.00570071619516024,3,"Normal",5,"Normal"
2025-12-27,0.107082152974504,0.00502257119208034,0.00302615637288476,0.00502257119208034,2,"Normal",4,"Normal"
2025-12-28,0.101699716713881,0.00454345295541772,0.00283493897644474,0.00454345295541772,2,"Normal",4,"Normal"
2025-12-29,0.0951841359773371,0.0046016193822967,0.00260704881620411,0.0046016193822967,2,"Normal",4,"Normal"
2025-12-30,0.0903682719546742,0.00318621678100883,0.0024412378144627,0.00318621678100883,2,"Normal",3,"Normal"
2025-12-31,0.0903682719546742,0.00247831105743078,0.0024412378144627,0.00247831105743078,2,"Normal",2,"Normal"
2026-01-01,0.0903682719546742,0.00293420540761735,0.0024412378144627,0.00293420540761735,2,"Normal",3,"Normal"
2026-01-02,0.0903682719546742,0.00260139573709044,0.0024412378144627,0.00260139573709044,2,"Normal",2,"Normal"
2026-01-03,0.0903682719546742,0.00291636781863211,0.0024412378144627,0.00291636781863211,2,"Normal",3,"Normal"
2026-01-04,0.0861189801699717,0.00237711784384925,0.00229686752573797,0.00237711784384925,1,"Low flow",2,"Normal"
2026-01-05,0.084985835694051,0.00228541910217136,0.0022586836004087,0.00228541910217136,1,"Low flow",2,"Normal"
2026-01-06,0.084985835694051,0.00251378772494574,0.0022586836004087,0.00251378772494574,1,"Low flow",2,"Normal"
2026-01-07,0.084985835694051,0.0032243820575404,0.0022586836004087,0.0032243820575404,1,"Low flow",3,"Normal"
2026-01-08,0.084985835694051,0.00274924276852173,0.0022586836004087,0.00274924276852173,1,"Low flow",3,"Normal"
2026-01-09,0.084985835694051,0.00306779363635282,0.0022586836004087,0.00306779363635282,1,"Low flow",3,"Normal"
2026-01-10,0.308781869688385,0.0284973978489299,0.0115615702169851,0.0284973978489299,7,"Normal",9,"Normal"
2026-01-11,0.356940509915014,0.0365946864192171,0.013889390889436,0.0365946864192171,8,"Normal",10,"High flow"
2026-01-12,0.251274787535411,0.0119919648647851,0.00890708776706219,0.0119919648647851,6,"Normal",7,"Normal"
2026-01-13,0.208215297450425,0.00733534791942395,0.00702119697359538,0.00733534791942395,5,"Normal",5,"Normal"
2026-01-14,0.184702549575071,0.00652000479515513,0.0060331764290832,0.00652000479515513,5,"Normal",5,"Normal"
2026-01-15,0.16628895184136,0.00542840391851202,0.00528225625541554,0.00542840391851202,4,"Normal",5,"Normal"
2026-01-16,0.147875354107649,0.00320678570312169,0.00455314327354977,0.00320678570312169,4,"Normal",3,"Normal"
2026-01-17,0.138810198300283,0.00308274929956683,0.00420279076359329,0.00308274929956683,4,"Normal",3,"Normal"
2026-01-18,0.13342776203966,0.0029386318265469,0.00399760308490726,0.0029386318265469,3,"Normal",3,"Normal"
2026-01-19,0.127762039660057,0.00208110609457536,0.00378398083091441,0.00208110609457536,3,"Normal",2,"Normal"
2026-01-20,0.123229461756374,0.00195200522911356,0.00361488099872913,0.00195200522911356,3,"Normal",2,"Normal"
2026-01-21,0.114730878186969,0.00240232724773202,0.00330228774387287,0.00240232724773202,3,"Normal",2,"Normal"
2026-01-22,0.114730878186969,0.00171023918244636,0.00330228774387287,0.00171023918244636,3,"Normal",2,"Normal"
2026-01-23,0.114730878186969,0.00162771501622725,0.00330228774387287,0.00162771501622725,3,"Normal",1,"Low flow"
2026-01-24,0.113881019830028,0.00137949468220924,0.00327135821944279,0.00137949468220924,3,"Normal",1,"Low flow"
2026-01-25,0.165439093484419,0.00147506770667564,0.00524811120721658,0.00147506770667564,4,"Normal",1,"Low flow"
2026-01-26,0.141643059490085,0.0019446332301118,0.00431164166604636,0.0019446332301118,4,"Normal",2,"Normal"
2026-01-27,0.0923512747875354,0.00168117978196617,0.00250923567006561,0.00168117978196617,2,"Normal",1,"Low flow"
2026-01-28,0.0858356940509915,0.00159404413935253,0.00228730895810577,0.00159404413935253,1,"Low flow",1,"Low flow"
2026-01-29,0.0807365439093485,0.00155655778998877,0.00211670745148988,0.00155655778998877,1,"Low flow",1,"Low flow"
2026-01-30,0.0759206798866856,0.00159200615815092,0.00195818948831437,0.00159200615815092,1,"Low flow",1,"Low flow"
2026-01-31,0.0702549575070822,0.00162414058151268,0.00177510078446273,0.00162414058151268,1,"Low flow",1,"Low flow"
2026-02-01,0.0671388101983003,0.00188911038021862,0.00167604278244042,0.00188911038021862,NA,NA,NA,NA
2026-02-02,0.06657223796034,0.00146759117607195,0.00165816148401042,0.00146759117607195,NA,NA,NA,NA
2026-02-03,0.0725212464589235,0.00143437338976083,0.00184788283418356,0.00143437338976083,NA,NA,NA,NA
2026-02-04,0.0756373937677054,0.00179893860115087,0.00194894623559343,0.00179893860115087,NA,NA,NA,NA
2026-02-05,0.0773371104815864,0.00367023384151179,0.00200454276524973,0.00367023384151179,NA,NA,NA,NA
2026-02-06,0.0773371104815864,0.00481653160713387,0.00200454276524973,0.00481653160713387,NA,NA,NA,NA
2026-02-07,0.0739376770538244,0.00402463255885742,0.00189368065847305,0.00402463255885742,NA,NA,NA,NA
2026-02-08,0.0705382436260623,0.00239955185250256,0.00178416487173753,0.00239955185250256,NA,NA,NA,NA
2026-02-09,0.0708215297450425,0.00193124421885353,0.00179323863509635,0.00193124421885353,NA,NA,NA,NA
2026-02-10,0.0926345609065156,0.00229402086717187,0.00251898155010488,0.00229402086717187,NA,NA,NA,NA
2026-02-11,0.279886685552408,0.0418554511262441,0.0102096594529131,0.0418554511262441,NA,NA,NA,NA
2026-02-12,0.274504249291785,0.0235936294051162,0.00996179615911185,0.0235936294051162,NA,NA,NA,NA
2026-02-13,0.237393767705382,0.0133908720811582,0.00828894973246442,0.0133908720811582,NA,NA,NA,NA
2026-02-14,0.209915014164306,0.0102785150219795,0.00709381847556405,0.0102785150219795,NA,NA,NA,NA
2026-02-15,0.441926345609065,0.0433985603756653,0.0182003275500087,0.0433985603756653,NA,NA,NA,NA
2026-02-16,0.623229461756374,0.071580130243757,0.0281216810015214,0.071580130243757,NA,NA,NA,NA
2026-02-17,0.447592067988669,0.0260974625388393,0.0184961571950843,0.0260974625388393,NA,NA,NA,NA
2026-02-18,0.379603399433428,0.0120234187820482,0.0150148133309767,0.0120234187820482,NA,NA,NA,NA
2026-02-19,0.424929178470255,0.020009117440299,0.0173189126160963,0.020009117440299,NA,NA,NA,NA
2026-02-20,0.728045325779037,0.0520497952597514,0.0342363301282399,0.0520497952597514,NA,NA,NA,NA
2026-02-21,0.575070821529745,0.0307710086547948,0.0254001148605828,0.0307710086547948,NA,NA,NA,NA
2026-02-22,0.507082152974504,0.0175125593977665,0.0216608590882054,0.0175125593977665,NA,NA,NA,NA
2026-02-23,0.427762039660057,0.0101734209944877,0.0174651753136267,0.0101734209944877,NA,NA,NA,NA
2026-02-24,0.379603399433428,0.00597159024456563,0.0150148133309767,0.00597159024456563,NA,NA,NA,NA
2026-02-25,0.345609065155807,0.0055626533829019,0.0133336871916834,0.0055626533829019,NA,NA,NA,NA
2026-02-26,0.325779036827196,0.00518048082110713,0.0123728758814558,0.00518048082110713,NA,NA,NA,NA
2026-02-27,0.30028328611898,0.00386376000914607,0.0111603059984556,0.00386376000914607,NA,NA,NA,NA
2026-02-28,0.280169971671388,0.00348116082998498,0.0102227402165859,0.00348116082998498,NA,NA,NA,NA
2026-03-01,0.260056657223796,0.00311328994843142,0.0093028996670333,0.00311328994843142,NA,NA,NA,NA
2026-03-02,0.243626062322946,0.00202857479307347,0.00856532608438475,0.00202857479307347,NA,NA,NA,NA
2026-03-03,0.242492917847026,0.00168170513648212,0.00851493460075168,0.00168170513648212,NA,NA,NA,NA
2026-03-04,0.23257790368272,NA,0.00807670004728601,0.00807670004728601,NA,NA,NA,NA
2026-03-05,0.220396600566572,NA,0.00754507223486352,0.00754507223486352,NA,NA,NA,NA
2026-03-06,0.214164305949009,NA,0.00727605442462521,0.00727605442462521,NA,NA,NA,NA
2026-03-07,0.214164305949009,NA,0.00727605442462521,0.00727605442462521,NA,NA,NA,NA
2026-03-08,0.211614730878187,NA,0.0071665963685394,0.0071665963685394,NA,NA,NA,NA
2026-03-09,0.205099150141643,NA,0.00688846685266618,0.00688846685266618,NA,NA,NA,NA
2026-03-10,0.2,NA,0.00667242821364039,0.00667242821364039,NA,NA,NA,NA
2026-03-11,0.196317280453258,NA,0.00651730579516193,0.00651730579516193,NA,NA,NA,NA
2026-03-12,0.255524079320113,NA,0.0090981585466536,0.0090981585466536,NA,NA,NA,NA
2026-03-13,0.259490084985836,NA,0.00927725480912406,0.00927725480912406,NA,NA,NA,NA
2026-03-14,0.232294617563739,NA,0.00806425086233,0.00806425086233,NA,NA,NA,NA
2026-03-15,0.218413597733711,NA,0.0074592535717718,0.0074592535717718,NA,NA,NA,NA
2026-03-16,0.427762039660057,NA,0.0174651753136267,0.0174651753136267,NA,NA,NA,NA
2026-03-17,0.526912181303116,NA,0.0227384902660936,0.0227384902660936,NA,NA,NA,NA
2026-03-18,0.424929178470255,NA,0.0173189126160963,0.0173189126160963,NA,NA,NA,NA
2026-03-19,0.376770538243626,NA,0.0148731348038832,0.0148731348038832,NA,NA,NA,NA
2026-03-20,0.339943342776204,NA,0.0130576356018403,0.0130576356018403,NA,NA,NA,NA
2026-03-21,0.31728045325779,NA,0.0119657795613456,0.0119657795613456,NA,NA,NA,NA
2026-03-22,0.294617563739377,NA,0.0108944626976302,0.0108944626976302,NA,NA,NA,NA
2026-03-23,0.277620396600567,NA,0.0101051401722727,0.0101051401722727,NA,NA,NA,NA
2026-03-24,0.253824362606232,NA,0.00902162812801444,0.00902162812801444,NA,NA,NA,NA
2026-03-25,0.242492917847026,NA,0.00851493460075168,0.00851493460075168,NA,NA,NA,NA
2026-03-26,0.235694050991501,NA,0.00821390621552556,0.00821390621552556,NA,NA,NA,NA
2026-03-27,0.2328611898017,NA,0.00808915326136299,0.00808915326136299,NA,NA,NA,NA
2026-03-28,0.221246458923513,NA,0.00758191461355075,0.00758191461355075,NA,NA,NA,NA
2026-03-29,0.206232294617564,NA,0.00693667079894409,0.00693667079894409,NA,NA,NA,NA
2026-03-30,0.207932011331445,NA,0.00700910866017843,0.00700910866017843,NA,NA,NA,NA
2026-03-31,0.205949008498584,NA,0.00692461319975539,0.00692461319975539,NA,NA,NA,NA
2026-04-01,0.24929178470255,NA,0.00881821388031689,0.00881821388031689,NA,NA,NA,NA
